customer_id,city,age,gender,recency_days,frequency,monetary,avg_order_value,R_score,F_score,M_score,RFM_score,kmeans_cluster,segment
CUST10000,Bengaluru,49,Male,60,13,11599.20438,1183.4,3,4,4,11,0,Champions
CUST10001,Kochi,37,Male,29,19,25132.84,1322.78,4,5,5,14,0,Champions
CUST10002,Delhi,27,Male,94,14,5034.03,359.57,3,5,2,10,1,Lost
CUST10003,Mumbai,39,Other,225,3,4587.25,1529.08,2,2,2,6,3,At-Risk
CUST10004,Chennai,29,Male,161,9,10718.88,1190.99,2,4,4,10,3,At-Risk
CUST10005,Chennai,26,Female,39,10,15884.35,1588.44,4,4,4,12,0,Champions
CUST10006,Chennai,21,Male,57,16,6385.21,399.08,3,5,3,11,0,Champions
CUST10007,Pune,18,Male,8,12,27522.95093,1320.87,5,4,5,14,0,Champions
CUST10008,Mumbai,30,Male,19,16,12841.33,802.58,5,5,4,14,0,Champions
CUST10009,Delhi,36,Female,8,19,53123.38,2795.97,5,5,5,15,0,Champions
CUST10010,Chennai,33,Male,304,1,3331.88,3331.88,1,1,2,4,3,At-Risk
CUST10011,Kochi,29,Female,264,2,1468.29,734.14,1,1,1,3,1,Lost
CUST10012,Hyderabad,24,Male,23,17,26803.32,1576.67,5,5,5,15,0,Champions
CUST10013,Coimbatore,41,Male,21,11,36309.82,3300.89,5,4,5,14,0,Champions
CUST10014,Coimbatore,20,Female,54,12,10584.73,882.06,4,4,4,12,0,Champions
CUST10015,Coimbatore,43,Male,68,8,7072.53,884.07,3,3,3,9,3,At-Risk
CUST10016,Madurai,23,Female,56,12,14015.68669,1193.1,4,4,4,12,0,Champions
CUST10017,Mumbai,26,Female,1,11,15715.07,1428.64,5,4,4,13,0,Champions
CUST10018,Bengaluru,18,Male,44,12,10247.69,853.97,4,4,4,12,0,Champions
CUST10019,Madurai,28,Female,238,1,909.26,909.26,1,1,1,3,1,Lost
CUST10020,Mumbai,45,Male,126,6,9914.55,1652.42,2,3,3,8,3,At-Risk
CUST10021,Chennai,40,Male,175,1,7552.19,7552.19,2,1,3,6,3,At-Risk
CUST10022,Madurai,45,Male,45,8,14882.44,1860.3,4,3,4,11,0,Champions
CUST10023,Bengaluru,40,Female,327,1,1912.1,1912.1,1,1,1,3,2,Loyal Customers
CUST10024,Bengaluru,22,Male,233,1,2182.26,2182.26,1,1,1,3,2,Loyal Customers
CUST10025,Hyderabad,30,Female,15,19,18094.71,952.35,5,5,5,15,0,Champions
CUST10026,Coimbatore,25,Female,59,10,2859.66,285.97,3,4,2,9,1,Lost
CUST10027,Mumbai,49,Female,93,6,9623.53,1603.92,3,3,3,9,3,At-Risk
CUST10028,Mumbai,21,Female,18,11,35971.11,3270.1,5,4,5,14,0,Champions
CUST10029,Chennai,44,Male,85,8,6717.61,839.7,3,3,3,9,3,At-Risk
CUST10030,Mumbai,44,Male,155,7,5554.45,793.49,2,3,2,7,3,At-Risk
CUST10031,Chennai,54,Male,234,5,6747.91,1349.58,1,2,3,6,3,At-Risk
CUST10032,Chennai,29,Female,37,4,17169.64,4292.41,4,2,5,11,3,At-Risk
CUST10033,Kochi,42,Other,209,6,7164.242664,874.37,2,3,3,8,3,At-Risk
CUST10034,Kochi,59,Female,253,2,3065.62,1532.81,1,1,2,4,3,At-Risk
CUST10035,Hyderabad,27,Female,28,13,11105.32,854.26,4,4,4,12,0,Champions
CUST10036,Madurai,18,Female,154,6,2774.08,462.35,2,3,2,7,1,Lost
CUST10037,Chennai,18,Male,17,19,49246.32306,2255.83,5,5,5,15,0,Champions
CUST10038,Delhi,42,Female,7,25,27517.75,1100.71,5,5,5,15,0,Champions
CUST10039,Bengaluru,18,Female,148,3,9009.69,3003.23,2,2,3,7,3,At-Risk
CUST10040,Chennai,30,Male,23,17,19912.95,1171.35,5,5,5,15,0,Champions
CUST10041,Bengaluru,39,Female,14,12,13686.24982,2240.8,5,4,4,13,0,Champions
CUST10042,Chennai,36,Male,14,17,10185.91,599.17,5,5,4,14,0,Champions
CUST10043,Pune,39,Female,63,3,7329.25,2443.08,3,2,3,8,3,At-Risk
CUST10044,Coimbatore,36,Female,143,4,6045.18,1511.3,2,2,3,7,3,At-Risk
CUST10045,Delhi,48,Female,22,5,4551.15,910.23,5,2,2,9,2,Loyal Customers
CUST10046,Madurai,24,Male,132,7,5993.83,856.26,2,3,3,8,3,At-Risk
CUST10047,Mumbai,27,Female,49,10,9204.54,920.45,4,4,3,11,0,Champions
CUST10048,Mumbai,26,Female,110,3,2234.46,744.82,3,2,1,6,1,Lost
CUST10049,Coimbatore,43,Male,55,11,8306.4,755.13,4,4,3,11,0,Champions
CUST10050,Kochi,44,Female,85,6,3556.31,592.72,3,3,2,8,1,Lost
CUST10051,Hyderabad,39,Female,284,3,831.28,277.09,1,2,1,4,1,Lost
CUST10052,Kochi,47,Female,362,1,2285.49,2285.49,1,1,1,3,3,At-Risk
CUST10053,Pune,21,Male,18,14,27696.91,1978.35,5,5,5,15,0,Champions
CUST10054,Mumbai,52,Male,253,1,658.417562,470.98,1,1,1,3,1,Lost
CUST10055,Kochi,51,Female,18,21,34567.74,1646.08,5,5,5,15,0,Champions
CUST10056,Chennai,42,Male,312,1,2436.36,2436.36,1,1,1,3,3,At-Risk
CUST10057,Coimbatore,54,Male,34,11,11336.15,1030.56,4,4,4,12,0,Champions
CUST10058,Chennai,18,Female,61,9,10517.0,1168.56,3,4,4,11,3,At-Risk
CUST10059,Madurai,28,Male,1,17,24512.61617,1630.23,5,5,5,15,0,Champions
CUST10060,Bengaluru,26,Female,28,27,25726.88,952.85,4,5,5,14,0,Champions
CUST10061,Coimbatore,42,Male,148,6,6840.38,1140.06,2,3,3,8,3,At-Risk
CUST10062,Hyderabad,22,Male,262,2,1892.5,946.25,1,1,1,3,1,Lost
CUST10063,Bengaluru,42,Male,81,8,4677.22,584.65,3,3,2,8,1,Lost
CUST10064,Madurai,49,Male,205,5,5455.72,1091.14,2,2,2,6,3,At-Risk
CUST10065,Mumbai,42,Female,365,1,2509.123598,3936.68,1,1,1,3,3,At-Risk
CUST10066,Chennai,37,Female,54,11,12715.73,1155.98,4,4,4,12,0,Champions
CUST10067,Hyderabad,23,Male,16,24,32220.54,1342.52,5,5,5,15,0,Champions
CUST10068,Chennai,25,Male,8,17,54620.69626,1931.31,5,5,5,15,0,Champions
CUST10069,Trichy,48,Male,46,11,11722.14,1065.65,4,4,4,12,0,Champions
CUST10070,Hyderabad,43,Male,27,12,17438.96,1453.25,4,4,5,13,0,Champions
CUST10071,Coimbatore,34,Male,19,22,14720.76,669.13,5,5,4,14,0,Champions
CUST10072,Chennai,29,Female,17,16,28710.58,1794.41,5,5,5,15,0,Champions
CUST10073,Hyderabad,18,Female,23,18,47487.88,2638.22,5,5,5,15,0,Champions
CUST10074,Delhi,22,Female,277,4,454.0,113.5,1,2,1,4,1,Lost
CUST10075,Delhi,55,Male,20,16,17319.87,1082.49,5,5,5,15,0,Champions
CUST10076,Hyderabad,20,Female,125,1,5738.36,5738.36,2,1,2,5,3,At-Risk
CUST10077,Chennai,36,Female,71,6,4293.83,715.64,3,3,2,8,1,Lost
CUST10078,Bengaluru,45,Female,99,9,3580.2,397.8,3,4,2,9,1,Lost
CUST10079,Chennai,20,Male,22,22,27316.65,1241.67,5,5,5,15,0,Champions
CUST10080,Pune,36,Female,65,15,19829.75866,913.21,3,5,5,13,0,Champions
CUST10081,Mumbai,44,Female,29,25,43533.97,1741.36,4,5,5,14,0,Champions
CUST10082,Madurai,34,Female,1,11,13830.69,1257.34,5,4,4,13,0,Champions
CUST10083,Chennai,66,Male,50,10,16660.63,1666.06,4,4,4,12,0,Champions
CUST10084,Madurai,18,Male,103,6,2542.478761,328.18,3,3,2,8,1,Lost
CUST10085,Madurai,46,Male,216,3,5633.7,1877.9,2,2,2,6,3,At-Risk
CUST10086,Delhi,32,Male,85,3,7546.52,2515.51,3,2,3,8,3,At-Risk
CUST10087,Delhi,42,Female,46,7,10444.92,1492.13,4,3,4,11,2,Loyal Customers
CUST10088,Pune,39,Male,57,11,8104.235938,632.04,3,4,3,10,2,Loyal Customers
CUST10089,Bengaluru,26,Male,298,2,3370.61,1685.3,1,1,2,4,3,At-Risk
CUST10090,Chennai,37,Male,55,12,16827.88,1402.32,4,4,4,12,0,Champions
CUST10091,Delhi,18,Male,115,3,1890.91,630.3,3,2,1,6,1,Lost
CUST10092,Hyderabad,41,Male,98,9,5939.88,659.99,3,4,3,10,3,At-Risk
CUST10093,Mumbai,37,Female,53,9,12543.37,1393.71,4,4,4,12,3,At-Risk
CUST10094,Hyderabad,41,Female,43,12,12557.4,1046.45,4,4,4,12,0,Champions
CUST10095,Bengaluru,46,Male,46,9,9466.68,1051.85,4,4,3,11,0,Champions
CUST10096,Mumbai,38,Male,24,22,36833.4,1674.25,5,5,5,15,0,Champions
CUST10097,Bengaluru,36,Male,13,23,23892.83,1038.82,5,5,5,15,0,Champions
CUST10098,Chennai,24,Male,4,23,29649.08,1289.09,5,5,5,15,0,Champions
CUST10099,Chennai,26,Female,17,12,9532.58,794.38,5,4,3,12,0,Champions
CUST10100,Chennai,47,Female,140,4,6702.86,1675.72,2,2,3,7,3,At-Risk
CUST10101,Delhi,50,Female,262,2,296.17,148.08,1,1,1,3,1,Lost
CUST10102,Madurai,31,Female,33,13,15386.89,1183.61,4,4,4,12,0,Champions
CUST10103,Mumbai,35,Male,360,1,672.79,672.79,1,1,1,3,1,Lost
CUST10104,Pune,24,Female,219,1,561.7373693,322.91,2,1,1,4,1,Lost
CUST10105,Coimbatore,47,Female,178,1,2250.35,2250.35,2,1,1,4,3,At-Risk
CUST10106,Bengaluru,41,Female,365,1,826.3,826.3,1,1,1,3,1,Lost
CUST10107,Hyderabad,55,Male,46,13,15938.62,1226.05,4,4,4,12,0,Champions
CUST10108,Coimbatore,24,Female,32,21,27983.11,1332.53,4,5,5,14,0,Champions
CUST10109,Chennai,30,Female,99,4,3526.05,881.51,3,2,2,7,3,At-Risk
CUST10110,Madurai,37,Female,74,5,9555.35,1911.07,3,2,3,8,3,At-Risk
CUST10111,Chennai,41,Male,260,1,651.67,651.67,1,1,1,3,1,Lost
CUST10112,Kochi,32,Female,359,1,2202.77,2202.77,1,1,1,3,3,At-Risk
CUST10113,Hyderabad,24,Female,112,4,5035.71,1258.93,3,2,2,7,3,At-Risk
CUST10114,Delhi,44,Female,30,10,15135.29,1513.53,4,4,4,12,2,Loyal Customers
CUST10115,Pune,42,Female,62,7,15171.85,2167.41,3,3,4,10,3,At-Risk
CUST10116,Hyderabad,24,Female,13,12,22015.43,1834.62,5,4,5,14,0,Champions
CUST10117,Coimbatore,49,Male,108,8,5746.85,718.36,3,3,2,8,3,At-Risk
CUST10118,Pune,47,Female,93,3,6315.283418,1865.61,3,2,3,8,3,At-Risk
CUST10119,Mumbai,35,Male,365,2,4607.067177,1225.89,1,1,2,4,3,At-Risk
CUST10120,Hyderabad,35,Female,98,7,1573.06,224.72,3,3,1,7,1,Lost
CUST10121,Pune,40,Male,337,3,2039.85,679.95,1,2,1,4,1,Lost
CUST10122,Madurai,25,Male,167,5,8521.88,1704.38,2,2,3,7,3,At-Risk
CUST10123,Chennai,34,Female,268,2,1837.78,918.89,1,1,1,3,1,Lost
CUST10124,Coimbatore,18,Female,10,27,27405.98,1015.04,5,5,5,15,0,Champions
CUST10125,Bengaluru,44,Female,297,4,3828.91,957.23,1,2,2,5,3,At-Risk
CUST10126,Hyderabad,18,Female,107,7,3611.2,515.89,3,3,2,8,1,Lost
CUST10127,Pune,51,Female,1,27,25760.27,954.08,5,5,5,15,0,Champions
CUST10128,Chennai,30,Male,32,8,14276.12,1784.52,4,3,4,11,0,Champions
CUST10129,Mumbai,32,Male,204,1,2145.84,2145.84,2,1,1,4,3,At-Risk
CUST10130,Bengaluru,27,Male,18,17,28901.99,1700.12,5,5,5,15,0,Champions
CUST10131,Coimbatore,31,Male,25,12,11495.99579,1043.84,5,4,4,13,0,Champions
CUST10132,Chennai,50,Female,47,17,11298.48,664.62,4,5,4,13,0,Champions
CUST10133,Madurai,18,Female,75,8,5408.7,676.09,3,3,2,8,3,At-Risk
CUST10134,Kochi,48,Female,365,2,2805.69,1402.84,1,1,2,4,3,At-Risk
CUST10135,Madurai,38,Male,60,9,16841.3,1871.26,3,4,4,11,3,At-Risk
CUST10136,Mumbai,21,Male,63,11,10505.12,955.01,3,4,4,11,0,Champions
CUST10137,Delhi,22,Female,229,2,2142.92,1071.46,1,1,1,3,3,At-Risk
CUST10138,Bengaluru,52,Female,265,1,902.12,902.12,1,1,1,3,1,Lost
CUST10139,Trichy,24,Male,286,1,2549.89,2549.89,1,1,2,4,3,At-Risk
CUST10140,Kochi,21,Female,59,8,13479.92,1684.99,3,3,4,10,3,At-Risk
CUST10141,Coimbatore,47,Female,3,7,8783.95,1254.85,5,3,3,11,0,Champions
CUST10142,Bengaluru,38,Male,69,8,9362.8,1170.35,3,3,3,9,2,Loyal Customers
CUST10143,Madurai,24,Female,102,5,7494.15,1498.83,3,2,3,8,3,At-Risk
CUST10144,Madurai,36,Male,16,16,22012.93,1375.81,5,5,5,15,0,Champions
CUST10145,Chennai,23,Female,76,4,11055.38,2763.84,3,2,4,9,3,At-Risk
CUST10146,Mumbai,46,Male,1,21,17787.05,847.0,5,5,5,15,0,Champions
CUST10147,Mumbai,46,Male,35,14,8784.25,627.45,4,5,3,12,0,Champions
CUST10148,Chennai,40,Female,171,2,2468.811798,672.1,2,1,1,4,1,Lost
CUST10149,Coimbatore,38,Male,20,21,27669.75,1317.61,5,5,5,15,0,Champions
CUST10150,Pune,53,Female,122,4,9652.26,2413.06,2,2,3,7,3,At-Risk
CUST10151,Coimbatore,34,Male,241,2,1909.01,954.5,1,1,1,3,1,Lost
CUST10152,Chennai,21,Male,50,3,15191.41,5063.8,4,2,4,10,3,At-Risk
CUST10153,Bengaluru,39,Male,67,5,3300.17,660.03,3,2,2,7,1,Lost
CUST10154,Trichy,57,Male,364,2,2305.4,1152.7,1,1,1,3,3,At-Risk
CUST10155,Coimbatore,23,Female,337,1,200.0,200.0,1,1,1,3,1,Lost
CUST10156,Delhi,30,Male,36,9,11781.93148,734.21,4,4,4,12,0,Champions
CUST10157,Hyderabad,39,Female,10,17,41720.95,2454.17,5,5,5,15,0,Champions
CUST10158,Coimbatore,33,Female,42,12,28657.62,2388.13,4,4,5,13,0,Champions
CUST10159,Delhi,23,Female,185,5,4883.79,976.76,2,2,2,6,3,At-Risk
CUST10160,Bengaluru,46,Male,155,2,9456.05,4728.02,2,1,3,6,3,At-Risk
CUST10161,Delhi,60,Female,177,8,7159.28,894.91,2,3,3,8,2,Loyal Customers
CUST10162,Delhi,36,Male,6,6,12396.92,2066.15,5,3,4,12,0,Champions
CUST10163,Mumbai,24,Male,9,20,25347.25,1267.36,5,5,5,15,0,Champions
CUST10164,Chennai,18,Male,136,5,7677.93,1535.59,2,2,3,7,3,At-Risk
CUST10165,Hyderabad,37,Male,36,3,3372.17,1124.06,4,2,2,8,3,At-Risk
CUST10166,Madurai,46,Male,181,1,5051.98,5051.98,2,1,2,5,3,At-Risk
CUST10167,Coimbatore,39,Female,30,7,12530.03,1790.0,4,3,4,11,0,Champions
CUST10168,Chennai,34,Male,34,14,4756.8,339.77,4,5,2,11,2,Loyal Customers
CUST10169,Mumbai,28,Male,38,11,10235.9,930.54,4,4,4,12,0,Champions
CUST10170,Delhi,22,Female,26,7,13022.8,1860.4,5,3,4,12,0,Champions
CUST10171,Chennai,43,Male,30,8,13714.91,1714.36,4,3,4,11,0,Champions
CUST10172,Mumbai,44,Male,11,21,34032.69,1620.6,5,5,5,15,0,Champions
CUST10173,Coimbatore,18,Male,45,8,11182.77,1397.85,4,3,4,11,0,Champions
CUST10174,Delhi,51,Female,6,22,26733.44,1215.16,5,5,5,15,0,Champions
CUST10175,Chennai,40,Male,15,10,26853.14076,1470.76,5,4,5,14,0,Champions
CUST10176,Delhi,49,Male,85,1,5580.41,5580.41,3,1,2,6,3,At-Risk
CUST10177,Bengaluru,19,Male,83,11,11958.58533,1051.16,3,4,4,11,0,Champions
CUST10178,Kochi,19,Female,89,7,3855.26,550.75,3,3,2,8,1,Lost
CUST10179,Chennai,32,Female,126,4,1813.58,453.4,2,2,1,5,1,Lost
CUST10180,Madurai,40,Female,175,4,4723.75,1180.94,2,2,2,6,3,At-Risk
CUST10181,Chennai,54,Male,299,1,390.5,390.5,1,1,1,3,1,Lost
CUST10182,Kochi,42,Male,23,20,28024.20748,2147.21,5,5,5,15,2,Loyal Customers
CUST10183,Pune,31,Male,162,6,9385.72,1564.29,2,3,3,8,3,At-Risk
CUST10184,Coimbatore,23,Male,156,2,2907.405644,1454.73,2,1,2,5,3,At-Risk
CUST10185,Delhi,48,Male,344,2,1336.25,668.12,1,1,1,3,1,Lost
CUST10186,Hyderabad,23,Male,17,17,51766.21253,1645.22,5,5,5,15,0,Champions
CUST10187,Mumbai,52,Female,59,16,12054.61,753.41,3,5,4,12,0,Champions
CUST10188,Mumbai,31,Female,8,23,33603.98,1461.04,5,5,5,15,0,Champions
CUST10189,Coimbatore,51,Male,156,4,6147.93,1536.98,2,2,3,7,3,At-Risk
CUST10190,Chennai,41,Female,108,6,9435.73,1572.62,3,3,3,9,3,At-Risk
CUST10191,Pune,32,Male,93,4,13006.62,3251.66,3,2,4,9,3,At-Risk
CUST10192,Pune,28,Male,107,5,6447.55,1289.51,3,2,3,8,3,At-Risk
CUST10193,Delhi,30,Female,134,5,4088.23,817.65,2,2,2,6,3,At-Risk
CUST10194,Madurai,39,Male,68,10,15708.0,1570.8,3,4,4,11,0,Champions
CUST10195,Madurai,35,Male,252,2,1383.68,691.84,1,1,1,3,1,Lost
CUST10196,Delhi,27,Male,365,2,2166.44,1083.22,1,1,1,3,1,Lost
CUST10197,Pune,32,Female,22,18,21963.16,1220.18,5,5,5,15,0,Champions
CUST10198,Pune,35,Female,115,2,9194.05,4597.02,3,1,3,7,3,At-Risk
CUST10199,Hyderabad,18,Male,50,9,9297.13,1033.01,4,4,3,11,0,Champions
CUST10200,Delhi,39,Female,156,3,6530.82,2176.94,2,2,3,7,3,At-Risk
CUST10201,Chennai,23,Female,287,1,1614.33,1614.33,1,1,1,3,3,At-Risk
CUST10202,Chennai,21,Female,354,2,2417.59,1208.8,1,1,1,3,1,Lost
CUST10203,Pune,18,Female,33,13,10052.71,773.29,4,4,3,11,0,Champions
CUST10204,Mumbai,18,Male,51,11,9324.41,847.67,4,4,3,11,0,Champions
CUST10205,Chennai,19,Male,52,12,10671.21,889.27,4,4,4,12,0,Champions
CUST10206,Chennai,26,Male,214,6,12947.93016,1400.77,2,3,4,9,3,At-Risk
CUST10207,Delhi,55,Female,1,16,32024.71,2001.54,5,5,5,15,0,Champions
CUST10208,Chennai,28,Female,144,4,3329.18,832.3,2,2,2,6,1,Lost
CUST10209,Chennai,36,Female,21,17,30200.75,1776.51,5,5,5,15,0,Champions
CUST10210,Mumbai,38,Female,35,11,17704.94,1609.54,4,4,5,13,0,Champions
CUST10211,Delhi,35,Female,61,7,14290.9,2041.56,3,3,4,10,3,At-Risk
CUST10212,Delhi,33,Female,273,1,1948.88,1948.88,1,1,1,3,3,At-Risk
CUST10213,Coimbatore,21,Female,29,7,12394.65482,1228.13,4,3,4,11,0,Champions
CUST10214,Delhi,50,Female,17,14,7475.64,533.97,5,5,3,13,0,Champions
CUST10215,Coimbatore,54,Male,33,9,27547.95,3060.88,4,4,5,13,0,Champions
CUST10216,Madurai,18,Male,125,10,8672.22,867.22,2,4,3,9,2,Loyal Customers
CUST10217,Delhi,23,Male,77,12,7476.373615,799.85,3,4,3,10,0,Champions
CUST10218,Delhi,31,Female,116,6,6724.42,1120.74,2,3,3,8,3,At-Risk
CUST10219,Hyderabad,23,Male,284,4,2198.6,549.65,1,2,1,4,1,Lost
CUST10220,Delhi,40,Female,127,8,3982.69,497.84,2,3,2,7,1,Lost
CUST10221,Mumbai,26,Male,90,6,5884.98,980.83,3,3,2,8,3,At-Risk
CUST10222,Chennai,58,Male,67,4,7528.23,1882.06,3,2,3,8,3,At-Risk
CUST10223,Bengaluru,47,Female,365,1,1680.608951,1298.14,1,1,1,3,1,Lost
CUST10224,Coimbatore,36,Male,365,2,2193.59,1096.8,1,1,1,3,1,Lost
CUST10225,Coimbatore,45,Male,139,5,6586.43,1317.29,2,2,3,7,3,At-Risk
CUST10226,Trichy,46,Male,56,13,13491.07,1037.77,4,4,4,12,0,Champions
CUST10227,Bengaluru,28,Male,39,14,8373.97,598.14,4,5,3,12,0,Champions
CUST10228,Pune,25,Female,41,11,9098.64,827.15,4,4,3,11,0,Champions
CUST10229,Delhi,35,Male,106,9,7502.71,833.63,3,4,3,10,3,At-Risk
CUST10230,Hyderabad,43,Female,143,4,8530.61,2132.65,2,2,3,7,3,At-Risk
CUST10231,Mumbai,36,Male,21,17,23985.94,1410.94,5,5,5,15,0,Champions
CUST10232,Mumbai,18,Female,42,14,17379.84,1241.42,4,5,5,14,0,Champions
CUST10233,Bengaluru,25,Male,28,11,9546.5,867.86,4,4,3,11,2,Loyal Customers
CUST10234,Coimbatore,33,Female,365,1,3105.09,3105.09,1,1,2,4,3,At-Risk
CUST10235,Delhi,33,Female,93,3,4378.88,1459.63,3,2,2,7,3,At-Risk
CUST10236,Madurai,56,Male,177,3,3112.31,1037.44,2,2,2,6,1,Lost
CUST10237,Chennai,19,Female,68,9,15818.67,1757.63,3,4,4,11,3,At-Risk
CUST10238,Delhi,40,Female,160,5,5906.15,1181.23,2,2,2,6,3,At-Risk
CUST10239,Chennai,50,Male,25,10,17021.29,1702.13,5,4,4,13,0,Champions
CUST10240,Kochi,59,Male,245,3,5731.009969,1725.21,1,2,2,5,3,At-Risk
CUST10241,Kochi,30,Female,21,21,22895.76,1090.27,5,5,5,15,0,Champions
CUST10242,Pune,39,Female,111,8,7964.62,995.58,3,3,3,9,3,At-Risk
CUST10243,Bengaluru,40,Male,59,10,16090.94367,906.62,3,4,4,11,0,Champions
CUST10244,Chennai,36,Male,53,8,8440.15,1055.02,4,3,3,10,3,At-Risk
CUST10245,Kochi,33,Female,333,1,1432.25,1432.25,1,1,1,3,1,Lost
CUST10246,Bengaluru,39,Female,26,15,10895.47,726.36,5,5,4,14,0,Champions
CUST10247,Kochi,18,Female,46,11,7645.49,695.04,4,4,3,11,0,Champions
CUST10248,Kochi,42,Male,154,5,3313.75,662.75,2,2,2,6,1,Lost
CUST10249,Pune,35,Female,315,2,2915.32,1457.66,1,1,2,4,3,At-Risk
CUST10250,Madurai,32,Male,27,10,12484.14,1248.41,4,4,4,12,0,Champions
CUST10251,Bengaluru,57,Male,83,7,15018.48488,1221.56,3,3,4,10,3,At-Risk
CUST10252,Pune,27,Female,246,2,3812.685836,974.22,1,1,2,4,3,At-Risk
CUST10253,Madurai,30,Other,97,11,10627.10464,1016.13,3,4,4,11,0,Champions
CUST10254,Chennai,56,Male,22,19,13442.32,707.49,5,5,4,14,0,Champions
CUST10255,Mumbai,25,Male,32,7,17587.77,2512.54,4,3,5,12,0,Champions
CUST10256,Kochi,28,Female,298,2,2734.48,1367.24,1,1,2,4,3,At-Risk
CUST10257,Delhi,32,Female,24,20,30258.82,1512.94,5,5,5,15,0,Champions
CUST10258,Mumbai,43,Female,21,7,15269.94,2181.42,5,3,4,12,0,Champions
CUST10259,Chennai,36,Female,130,4,9384.03,2346.01,2,2,3,7,3,At-Risk
CUST10260,Mumbai,20,Male,162,3,6000.76,2000.25,2,2,3,7,3,At-Risk
CUST10261,Trichy,28,Other,18,6,13956.96,2326.16,5,3,4,12,0,Champions
CUST10262,Chennai,27,Female,177,2,6151.84,3075.92,2,1,3,6,3,At-Risk
CUST10263,Mumbai,33,Female,77,9,4135.81,459.53,3,4,2,9,1,Lost
CUST10264,Pune,39,Female,56,11,13773.5,1252.14,4,4,4,12,0,Champions
CUST10265,Delhi,39,Female,70,3,4081.13,1360.38,3,2,2,7,3,At-Risk
CUST10266,Delhi,18,Male,323,2,3701.691838,1064.38,1,1,2,4,3,At-Risk
CUST10267,Delhi,46,Male,48,9,18890.51,2098.95,4,4,5,13,0,Champions
CUST10268,Bengaluru,37,Female,303,1,1966.59,1966.59,1,1,1,3,3,At-Risk
CUST10269,Madurai,49,Male,78,6,4643.35,773.89,3,3,2,8,3,At-Risk
CUST10270,Hyderabad,39,Male,16,26,65039.126,1270.44,5,5,5,15,0,Champions
CUST10271,Hyderabad,46,Female,89,6,4979.16,829.86,3,3,2,8,3,At-Risk
CUST10272,Pune,39,Female,27,17,26982.7,1587.22,4,5,5,14,0,Champions
CUST10273,Pune,49,Male,306,2,2349.73,1174.86,1,1,1,3,3,At-Risk
CUST10274,Mumbai,40,Female,162,4,3213.6,803.4,2,2,2,6,2,Loyal Customers
CUST10275,Mumbai,33,Female,32,8,200.0,25.0,4,3,1,8,1,Lost
CUST10276,Hyderabad,59,Female,63,10,14757.53,1475.75,3,4,4,11,0,Champions
CUST10277,Delhi,44,Female,29,8,11362.57,1420.32,4,3,4,11,0,Champions
CUST10278,Delhi,40,Male,61,11,8600.82,781.89,3,4,3,10,0,Champions
CUST10279,Hyderabad,20,Male,28,13,15204.51,1169.58,4,4,4,12,0,Champions
CUST10280,Pune,20,Male,32,12,18838.82,1569.9,4,4,5,13,0,Champions
CUST10281,Madurai,37,Male,60,6,9607.35,1601.22,3,3,3,9,3,At-Risk
CUST10282,Bengaluru,36,Female,19,20,30298.14,1514.91,5,5,5,15,0,Champions
CUST10283,Chennai,27,Female,282,1,2236.1,2236.1,1,1,1,3,3,At-Risk
CUST10284,Mumbai,36,Female,305,2,2478.53,1239.27,1,1,1,3,3,At-Risk
CUST10285,Chennai,51,Female,60,13,15100.92,1161.61,3,4,4,11,0,Champions
CUST10286,Bengaluru,42,Female,275,2,1631.52,815.76,1,1,1,3,1,Lost
CUST10287,Mumbai,21,Male,62,13,10515.23,808.86,3,4,4,11,0,Champions
CUST10288,Madurai,33,Male,24,22,27696.68,1258.94,5,5,5,15,0,Champions
CUST10289,Mumbai,25,Female,117,2,5820.32,2910.16,2,1,2,5,3,At-Risk
CUST10290,Chennai,30,Male,57,11,8226.12,747.83,3,4,3,10,0,Champions
CUST10291,Chennai,29,Male,144,5,2694.57,538.91,2,2,2,6,1,Lost
CUST10292,Hyderabad,29,Female,301,3,3570.89,1190.3,1,2,2,5,3,At-Risk
CUST10293,Bengaluru,20,Male,199,3,2640.34,880.11,2,2,2,6,1,Lost
CUST10294,Chennai,33,Female,119,3,6638.39,2212.8,2,2,3,7,3,At-Risk
CUST10295,Mumbai,28,Male,233,2,2077.71,1038.86,1,1,1,3,2,Loyal Customers
CUST10296,Hyderabad,18,Male,6,30,28788.21,959.61,5,5,5,15,0,Champions
CUST10297,Coimbatore,57,Male,23,19,26396.44,1389.29,5,5,5,15,0,Champions
CUST10298,Mumbai,46,Female,99,6,8065.73,1344.29,3,3,3,9,3,At-Risk
CUST10299,Chennai,30,Male,24,10,12578.51,1257.85,5,4,4,13,0,Champions
CUST10300,Chennai,34,Female,36,8,15492.68,1936.58,4,3,4,11,0,Champions
CUST10301,Mumbai,21,Female,48,9,10451.79,1161.31,4,4,4,12,0,Champions
CUST10302,Mumbai,53,Female,165,6,5936.47,989.41,2,3,3,8,3,At-Risk
CUST10303,Delhi,55,Male,28,8,10838.47,1354.81,4,3,4,11,0,Champions
CUST10304,Delhi,36,Male,241,3,6856.279308,3224.34,1,2,3,6,3,At-Risk
CUST10305,Trichy,45,Female,5,13,28143.78,2164.91,5,4,5,14,0,Champions
CUST10306,Mumbai,36,Female,11,22,49584.32,2253.83,5,5,5,15,0,Champions
CUST10307,Madurai,19,Other,72,12,23288.0,1940.67,3,4,5,12,0,Champions
CUST10308,Hyderabad,29,Male,1,11,16314.61,1483.15,5,4,4,13,0,Champions
CUST10309,Coimbatore,35,Female,342,2,1877.35,938.68,1,1,1,3,1,Lost
CUST10310,Bengaluru,29,Male,1,27,30493.07,1129.37,5,5,5,15,0,Champions
CUST10311,Chennai,32,Male,19,16,33162.38,2072.65,5,5,5,15,0,Champions
CUST10312,Chennai,33,Male,210,7,12869.84775,1134.82,2,3,4,9,2,Loyal Customers
CUST10313,Kochi,33,Male,129,10,5938.572617,337.72,2,4,3,9,1,Lost
CUST10314,Hyderabad,35,Male,9,22,31504.19,1432.01,5,5,5,15,0,Champions
CUST10315,Delhi,22,Male,26,24,25897.47,1079.06,5,5,5,15,0,Champions
CUST10316,Bengaluru,26,Female,280,2,2977.91,1488.96,1,1,2,4,3,At-Risk
CUST10317,Chennai,20,Male,115,7,4621.42,660.2,3,3,2,8,1,Lost
CUST10318,Chennai,45,Female,29,12,16600.51,1383.38,4,4,4,12,0,Champions
CUST10319,Coimbatore,18,Male,35,7,6158.86,879.84,4,3,3,10,3,At-Risk
CUST10320,Mumbai,47,Male,1,14,9171.25,655.09,5,5,3,13,0,Champions
CUST10321,Delhi,49,Male,17,9,12298.73,1366.53,5,4,4,13,0,Champions
CUST10322,Delhi,31,Male,202,5,6565.57,1313.11,2,2,3,7,3,At-Risk
CUST10323,Coimbatore,18,Female,300,1,1393.8,1393.8,1,1,1,3,1,Lost
CUST10324,Kochi,30,Male,58,7,7995.45,1142.21,3,3,3,9,3,At-Risk
CUST10325,Delhi,33,Male,247,2,217.12,108.56,1,1,1,3,1,Lost
CUST10326,Mumbai,23,Male,37,23,49469.28631,1667.47,4,5,5,14,0,Champions
CUST10327,Mumbai,28,Female,34,9,10409.78156,2044.62,4,4,4,12,0,Champions
CUST10328,Bengaluru,51,Female,26,19,25670.69,1351.09,5,5,5,15,0,Champions
CUST10329,Coimbatore,41,Male,4,15,36440.44,2429.36,5,5,5,15,0,Champions
CUST10330,Bengaluru,24,Male,281,1,2072.4,2072.4,1,1,1,3,3,At-Risk
CUST10331,Hyderabad,18,Male,147,17,10542.27419,1037.72,2,5,4,11,0,Champions
CUST10332,Chennai,30,Female,25,18,25326.34,1407.02,5,5,5,15,0,Champions
CUST10333,Chennai,32,Male,142,1,3190.0,3190.0,2,1,2,5,3,At-Risk
CUST10334,Chennai,39,Female,331,3,3591.31,1197.1,1,2,2,5,3,At-Risk
CUST10335,Chennai,28,Male,102,4,1834.53,458.63,3,2,1,6,1,Lost
CUST10336,Pune,40,Female,365,2,1892.71,946.36,1,1,1,3,1,Lost
CUST10337,Delhi,55,Female,76,9,9865.82,1096.2,3,4,3,10,2,Loyal Customers
CUST10338,Bengaluru,43,Female,216,3,2043.59,681.2,2,2,1,5,1,Lost
CUST10339,Chennai,33,Male,200,5,6840.89,1368.18,2,2,3,7,3,At-Risk
CUST10340,Bengaluru,32,Female,224,3,2519.53,839.84,2,2,1,5,1,Lost
CUST10341,Bengaluru,30,Female,306,2,1735.65,867.82,1,1,1,3,1,Lost
CUST10342,Chennai,47,Male,54,9,19135.67,2126.19,4,4,5,13,0,Champions
CUST10343,Bengaluru,27,Female,365,2,2516.41,1258.2,1,1,1,3,1,Lost
CUST10344,Bengaluru,34,Male,51,9,11982.99,1331.44,4,4,4,12,0,Champions
CUST10345,Mumbai,35,Female,46,10,22357.56,2235.76,4,4,5,13,0,Champions
CUST10346,Delhi,28,Female,22,20,34773.42507,1016.01,5,5,5,15,0,Champions
CUST10347,Chennai,19,Male,280,2,1914.6,957.3,1,1,1,3,1,Lost
CUST10348,Bengaluru,38,Female,1,8,12578.74,1572.34,5,3,4,12,2,Loyal Customers
CUST10349,Mumbai,33,Male,81,3,1596.04,532.01,3,2,1,6,1,Lost
CUST10350,Mumbai,40,Male,17,10,14304.77,1430.48,5,4,4,13,0,Champions
CUST10351,Pune,28,Male,206,1,3011.37,3011.37,2,1,2,5,3,At-Risk
CUST10352,Delhi,47,Female,47,13,17599.61,1353.82,4,4,5,13,0,Champions
CUST10353,Chennai,24,Male,222,1,5201.165786,2722.98,2,1,2,5,3,At-Risk
CUST10354,Chennai,53,Male,218,3,2810.23,936.74,2,2,2,6,2,Loyal Customers
CUST10355,Delhi,18,Female,108,11,26102.36851,1555.5,3,4,5,12,0,Champions
CUST10356,Chennai,39,Male,51,7,14042.93,2006.13,4,3,4,11,3,At-Risk
CUST10357,Mumbai,39,Male,141,6,8558.58,1426.43,2,3,3,8,3,At-Risk
CUST10358,Kochi,25,Male,240,2,1794.68,897.34,1,1,1,3,2,Loyal Customers
CUST10359,Mumbai,39,Male,57,3,11766.835,2756.06,3,2,4,9,2,Loyal Customers
CUST10360,Bengaluru,48,Male,27,9,11435.44,1270.6,4,4,4,12,0,Champions
CUST10361,Delhi,18,Male,262,4,3925.93,981.48,1,2,2,5,3,At-Risk
CUST10362,Bengaluru,40,Other,64,8,14056.53,1757.07,3,3,4,10,3,At-Risk
CUST10363,Mumbai,18,Female,165,1,7261.95,7261.95,2,1,3,6,3,At-Risk
CUST10364,Kochi,23,Male,224,3,2483.91,827.97,2,2,1,5,1,Lost
CUST10365,Bengaluru,52,Male,75,10,8735.26,873.53,3,4,3,10,3,At-Risk
CUST10366,Kochi,28,Male,233,1,2247.29,2247.29,1,1,1,3,3,At-Risk
CUST10367,Pune,21,Female,101,5,4310.3,862.06,3,2,2,7,3,At-Risk
CUST10368,Coimbatore,32,Male,284,3,1239.06,413.02,1,2,1,4,1,Lost
CUST10369,Chennai,57,Male,23,23,30923.17,1344.49,5,5,5,15,0,Champions
CUST10370,Chennai,18,Female,64,14,12608.53,900.61,3,5,4,12,0,Champions
CUST10371,Chennai,22,Male,365,2,3567.413916,951.46,1,1,2,4,3,At-Risk
CUST10372,Chennai,50,Male,23,20,19162.65,958.13,5,5,5,15,0,Champions
CUST10373,Delhi,54,Female,17,16,32285.12,2017.82,5,5,5,15,0,Champions
CUST10374,Chennai,33,Female,195,3,2114.38,704.79,2,2,1,5,1,Lost
CUST10375,Madurai,20,Male,65,10,7562.77,756.28,3,4,3,10,0,Champions
CUST10376,Hyderabad,57,Female,365,2,990.5796453,606.16,1,1,1,3,1,Lost
CUST10377,Chennai,52,Male,34,10,4876.47,487.65,4,4,2,10,1,Lost
CUST10378,Hyderabad,41,Female,67,15,12201.71,813.45,3,5,4,12,0,Champions
CUST10379,Madurai,25,Male,132,5,6425.51,1285.1,2,2,3,7,3,At-Risk
CUST10380,Chennai,33,Female,94,4,4716.56,1179.14,3,2,2,7,3,At-Risk
CUST10381,Delhi,32,Female,157,2,3422.96,1711.48,2,1,2,5,3,At-Risk
CUST10382,Mumbai,38,Female,94,6,5153.14,858.86,3,3,2,8,3,At-Risk
CUST10383,Pune,50,Female,365,1,970.8019375,1707.68,1,1,1,3,1,Lost
CUST10384,Delhi,44,Male,48,13,17049.11,1311.47,4,4,4,12,0,Champions
CUST10385,Hyderabad,22,Male,55,12,15703.22,1308.6,4,4,4,12,0,Champions
CUST10386,Madurai,49,Male,9,21,32632.49282,878.42,5,5,5,15,0,Champions
CUST10387,Chennai,37,Female,187,3,7745.66,2581.89,2,2,3,7,3,At-Risk
CUST10388,Hyderabad,42,Female,52,16,11672.35,729.52,4,5,4,13,0,Champions
CUST10389,Hyderabad,50,Male,43,11,18987.96,1726.18,4,4,5,13,2,Loyal Customers
CUST10390,Trichy,22,Female,28,4,9723.75,2430.94,4,2,3,9,3,At-Risk
CUST10391,Bengaluru,34,Female,23,22,25447.94,1156.72,5,5,5,15,0,Champions
CUST10392,Bengaluru,28,Other,1,20,16546.16,827.31,5,5,4,14,0,Champions
CUST10393,Hyderabad,18,Female,150,5,10807.26905,1221.91,2,2,4,8,3,At-Risk
CUST10394,Madurai,38,Male,43,12,4328.67,360.72,4,4,2,10,1,Lost
CUST10395,Kochi,62,Male,323,1,1834.2,1834.2,1,1,1,3,3,At-Risk
CUST10396,Pune,18,Male,66,9,9626.77,1069.64,3,4,3,10,3,At-Risk
CUST10397,Bengaluru,34,Male,11,14,50593.34,3613.81,5,5,5,15,0,Champions
CUST10398,Hyderabad,41,Female,158,6,7914.45,1319.08,2,3,3,8,3,At-Risk
CUST10399,Hyderabad,35,Female,1,17,14768.32,868.72,5,5,4,14,0,Champions
CUST10400,Chennai,33,Female,327,1,2055.92,2055.92,1,1,1,3,3,At-Risk
CUST10401,Pune,20,Female,252,1,200.0,237.29,1,1,1,3,1,Lost
CUST10402,Mumbai,37,Male,96,2,7646.73,3823.36,3,1,3,7,3,At-Risk
CUST10403,Hyderabad,26,Male,120,2,1977.68,988.84,2,1,1,4,1,Lost
CUST10404,Madurai,18,Male,65,5,3271.59,654.32,3,2,2,7,1,Lost
CUST10405,Pune,47,Male,36,11,7275.24,661.39,4,4,3,11,0,Champions
CUST10406,Bengaluru,45,Male,317,1,1864.73,1864.73,1,1,1,3,3,At-Risk
CUST10407,Chennai,35,Male,8,23,28078.51,1220.8,5,5,5,15,0,Champions
CUST10408,Pune,37,Male,63,5,15266.5,3053.3,3,2,4,9,3,At-Risk
CUST10409,Chennai,46,Male,60,9,9460.79,1051.2,3,4,3,10,0,Champions
CUST10410,Madurai,36,Female,107,5,5287.1,1057.42,3,2,2,7,2,Loyal Customers
CUST10411,Kochi,44,Male,36,9,19254.57799,1538.2,4,4,5,13,0,Champions
CUST10412,Kochi,31,Male,230,3,1622.65,540.88,1,2,1,4,1,Lost
CUST10413,Mumbai,48,Male,21,11,37146.43,3376.95,5,4,5,14,0,Champions
CUST10414,Delhi,38,Female,73,8,18585.13,2323.14,3,3,5,11,3,At-Risk
CUST10415,Bengaluru,36,Male,67,2,3339.07,1669.54,3,1,2,6,3,At-Risk
CUST10416,Madurai,20,Male,38,9,7599.61,844.4,4,4,3,11,0,Champions
CUST10417,Madurai,37,Female,117,1,5542.49,5542.49,2,1,2,5,3,At-Risk
CUST10418,Delhi,25,Female,20,8,36291.09,4536.39,5,3,5,13,0,Champions
CUST10419,Hyderabad,27,Female,16,26,34810.74,1338.87,5,5,5,15,0,Champions
CUST10420,Hyderabad,25,Male,17,21,25462.17,1212.48,5,5,5,15,0,Champions
CUST10421,Hyderabad,22,Male,359,4,1979.12,494.78,1,2,1,4,2,Loyal Customers
CUST10422,Chennai,57,Male,171,6,4266.81,711.14,2,3,2,7,1,Lost
CUST10423,Bengaluru,49,Female,232,1,3035.28,3035.28,1,1,2,4,3,At-Risk
CUST10424,Chennai,55,Male,75,13,13914.0,1070.31,3,4,4,11,0,Champions
CUST10425,Mumbai,21,Male,160,6,5055.99,842.66,2,3,2,7,3,At-Risk
CUST10426,Bengaluru,35,Female,129,6,8652.91,1442.15,2,3,3,8,3,At-Risk
CUST10427,Pune,20,Female,301,3,4052.4,1350.8,1,2,2,5,3,At-Risk
CUST10428,Bengaluru,26,Male,164,6,7188.12,1198.02,2,3,3,8,3,At-Risk
CUST10429,Chennai,24,Female,78,5,8517.79,1703.56,3,2,3,8,3,At-Risk
CUST10430,Chennai,48,Female,1,21,38808.71,1848.03,5,5,5,15,0,Champions
CUST10431,Hyderabad,30,Male,107,4,1998.29,499.57,3,2,1,6,1,Lost
CUST10432,Mumbai,46,Male,54,8,14155.85,1769.48,4,3,4,11,3,At-Risk
CUST10433,Chennai,41,Female,269,2,2678.38,1339.19,1,1,2,4,3,At-Risk
CUST10434,Chennai,59,Female,89,12,15541.52167,713.09,3,4,4,11,0,Champions
CUST10435,Delhi,18,Male,27,7,17416.84,2488.12,4,3,5,12,0,Champions
CUST10436,Chennai,48,Male,43,9,10849.17,1205.46,4,4,4,12,2,Loyal Customers
CUST10437,Hyderabad,47,Female,41,11,10464.99,951.36,4,4,4,12,0,Champions
CUST10438,Delhi,23,Female,11,13,35307.13,2715.93,5,4,5,14,0,Champions
CUST10439,Chennai,45,Female,219,2,765.58,382.79,2,1,1,4,1,Lost
CUST10440,Chennai,38,Male,136,6,6144.94,1024.16,2,3,3,8,3,At-Risk
CUST10441,Trichy,31,Male,365,1,2566.164391,1654.59,1,1,2,4,3,At-Risk
CUST10442,Bengaluru,25,Female,243,3,2595.96,865.32,1,2,2,5,1,Lost
CUST10443,Bengaluru,26,Male,20,7,20446.45,2920.92,5,3,5,13,2,Loyal Customers
CUST10444,Hyderabad,57,Other,115,8,8416.76,1052.1,3,3,3,9,3,At-Risk
CUST10445,Kochi,34,Female,8,22,29698.4,1349.93,5,5,5,15,0,Champions
CUST10446,Trichy,43,Male,178,1,2483.29,2483.29,2,1,1,4,3,At-Risk
CUST10447,Hyderabad,25,Female,41,6,14091.07,2348.51,4,3,4,11,3,At-Risk
CUST10448,Bengaluru,25,Male,29,11,15701.16,1427.38,4,4,4,12,0,Champions
CUST10449,Chennai,46,Female,57,13,17419.57,1339.97,3,4,5,12,0,Champions
CUST10450,Hyderabad,19,Male,71,10,9398.1,939.81,3,4,3,10,0,Champions
CUST10451,Mumbai,29,Male,20,9,16999.28,1888.81,5,4,4,13,0,Champions
CUST10452,Bengaluru,34,Female,79,10,9992.42,999.24,3,4,3,10,3,At-Risk
CUST10453,Pune,35,Female,168,2,3326.999776,1493.66,2,1,2,5,3,At-Risk
CUST10454,Chennai,32,Male,227,2,1902.65,951.32,2,1,1,4,1,Lost
CUST10455,Bengaluru,38,Female,42,10,9821.51,982.15,4,4,3,11,0,Champions
CUST10456,Chennai,42,Male,25,11,10912.0,992.0,5,4,4,13,0,Champions
CUST10457,Bengaluru,42,Male,363,2,1636.5,818.25,1,1,1,3,1,Lost
CUST10458,Chennai,23,Male,8,19,29924.65,1574.98,5,5,5,15,0,Champions
CUST10459,Chennai,31,Male,355,1,3752.42,3752.42,1,1,2,4,3,At-Risk
CUST10460,Chennai,47,Male,60,2,9511.74,4755.87,3,1,3,7,3,At-Risk
CUST10461,Delhi,44,Male,110,4,9765.74,2441.44,3,2,3,8,3,At-Risk
CUST10462,Delhi,19,Male,72,3,2129.78,709.93,3,2,1,6,1,Lost
CUST10463,Mumbai,38,Male,37,3,5121.29,1707.1,4,2,2,8,3,At-Risk
CUST10464,Kochi,18,Male,237,3,2058.67,686.22,1,2,1,4,1,Lost
CUST10465,Bengaluru,35,Female,21,10,25568.62,2556.86,5,4,5,14,2,Loyal Customers
CUST10466,Madurai,55,Male,36,7,15288.63,2184.09,4,3,4,11,3,At-Risk
CUST10467,Pune,24,Female,153,3,8585.57,2861.86,2,2,3,7,3,At-Risk
CUST10468,Coimbatore,25,Female,258,2,983.33,491.66,1,1,1,3,1,Lost
CUST10469,Kochi,42,Female,43,7,13068.84,1866.98,4,3,4,11,3,At-Risk
CUST10470,Chennai,18,Female,252,2,3475.13,1737.56,1,1,2,4,2,Loyal Customers
CUST10471,Kochi,27,Female,57,10,16535.66746,1003.51,3,4,4,11,2,Loyal Customers
CUST10472,Chennai,41,Male,38,11,22440.27874,1336.18,4,4,5,13,0,Champions
CUST10473,Pune,27,Male,130,5,5519.3,1103.86,2,2,2,6,3,At-Risk
CUST10474,Mumbai,31,Female,6,25,20722.78,828.91,5,5,5,15,0,Champions
CUST10475,Trichy,42,Female,156,1,3723.96,3723.96,2,1,2,5,3,At-Risk
CUST10476,Chennai,39,Female,9,19,37897.21,1994.59,5,5,5,15,0,Champions
CUST10477,Mumbai,37,Male,59,12,10899.27,908.27,3,4,4,11,0,Champions
CUST10478,Kochi,30,Female,103,6,2125.0,354.17,3,3,1,7,1,Lost
CUST10479,Mumbai,38,Female,91,6,3628.25,604.71,3,3,2,8,1,Lost
CUST10480,Mumbai,33,Male,39,11,10687.72,971.61,4,4,4,12,0,Champions
CUST10481,Delhi,39,Male,16,6,12194.74,2032.46,5,3,4,12,0,Champions
CUST10482,Bengaluru,29,Female,56,14,13853.84,989.56,4,5,4,13,0,Champions
CUST10483,Mumbai,32,Female,21,14,13559.39,968.53,5,5,4,14,0,Champions
CUST10484,Mumbai,23,Male,200,3,503.9,167.97,2,2,1,5,1,Lost
CUST10485,Pune,34,Female,323,2,200.0,100.0,1,1,1,3,1,Lost
CUST10486,Chennai,25,Male,1,16,38497.66,2406.1,5,5,5,15,2,Loyal Customers
CUST10487,Madurai,22,Male,12,16,20927.13,1307.95,5,5,5,15,0,Champions
CUST10488,Kochi,37,Male,365,3,2981.384768,923.13,1,2,2,5,1,Lost
CUST10489,Pune,36,Male,81,1,2483.620436,1777.75,3,1,1,5,3,At-Risk
CUST10490,Bengaluru,43,Male,154,3,6146.15,2048.72,2,2,3,7,3,At-Risk
CUST10491,Mumbai,29,Male,310,2,2910.7,1455.35,1,1,2,4,3,At-Risk
CUST10492,Coimbatore,38,Female,22,6,10547.0,1757.83,5,3,4,12,0,Champions
CUST10493,Coimbatore,40,Female,166,5,14235.4276,1648.16,2,2,4,8,3,At-Risk
CUST10494,Bengaluru,39,Male,296,2,2414.01,1207.01,1,1,1,3,3,At-Risk
CUST10495,Bengaluru,25,Male,152,5,2847.56,569.51,2,2,2,6,2,Loyal Customers
CUST10496,Mumbai,36,Male,4,8,26769.72,3346.22,5,3,5,13,0,Champions
CUST10497,Chennai,38,Female,11,21,47917.12448,1278.7,5,5,5,15,0,Champions
CUST10498,Trichy,34,Male,69,11,15388.44,1398.95,3,4,4,11,2,Loyal Customers
CUST10499,Trichy,18,Male,200,3,697.54,232.51,2,2,1,5,1,Lost
CUST10500,Delhi,36,Female,21,8,11110.42,1388.8,5,3,4,12,0,Champions
CUST10501,Mumbai,58,Female,5,19,27738.75,1459.93,5,5,5,15,0,Champions
CUST10502,Madurai,30,Male,286,2,1941.13,970.56,1,1,1,3,1,Lost
CUST10503,Hyderabad,26,Male,16,17,28514.36,1677.32,5,5,5,15,0,Champions
CUST10504,Delhi,38,Male,14,24,35574.89,1482.29,5,5,5,15,0,Champions
CUST10505,Chennai,37,Female,1,10,9380.06,938.01,5,4,3,12,0,Champions
CUST10506,Pune,47,Male,29,13,8054.500919,471.38,4,4,3,11,0,Champions
CUST10507,Hyderabad,20,Male,39,16,15932.71,995.79,4,5,4,13,0,Champions
CUST10508,Kochi,42,Female,85,1,2507.62599,1721.83,3,1,1,5,3,At-Risk
CUST10509,Delhi,40,Male,331,2,1462.71,731.36,1,1,1,3,1,Lost
CUST10510,Mumbai,32,Male,41,12,12049.56,1004.13,4,4,4,12,0,Champions
CUST10511,Bengaluru,38,Male,39,11,12843.49,1167.59,4,4,4,12,0,Champions
CUST10512,Kochi,45,Male,80,6,6644.32,1107.39,3,3,3,9,3,At-Risk
CUST10513,Pune,44,Male,50,9,16183.21,1798.13,4,4,4,12,0,Champions
CUST10514,Chennai,21,Male,32,11,22022.26,2002.02,4,4,5,13,0,Champions
CUST10515,Chennai,43,Male,160,3,5551.288656,1137.36,2,2,2,6,3,At-Risk
CUST10516,Bengaluru,33,Male,30,11,10090.38,917.31,4,4,3,11,2,Loyal Customers
CUST10517,Hyderabad,35,Female,75,14,6502.4,464.46,3,5,3,11,0,Champions
CUST10518,Trichy,35,Male,15,10,12279.12,1227.91,5,4,4,13,0,Champions
CUST10519,Chennai,32,Male,114,5,8113.18,1622.64,3,2,3,8,3,At-Risk
CUST10520,Mumbai,47,Female,20,15,21229.22,1415.28,5,5,5,15,0,Champions
CUST10521,Bengaluru,33,Female,1,14,37892.96,2706.64,5,5,5,15,0,Champions
CUST10522,Kochi,22,Female,54,7,13231.85,1890.26,4,3,4,11,3,At-Risk
CUST10523,Hyderabad,30,Male,117,8,5993.23,749.15,2,3,3,8,3,At-Risk
CUST10524,Hyderabad,36,Male,74,5,21070.89045,2189.72,3,2,5,10,3,At-Risk
CUST10525,Bengaluru,48,Female,41,12,23225.40554,1491.25,4,4,5,13,0,Champions
CUST10526,Bengaluru,41,Female,169,4,1973.26,493.32,2,2,1,5,1,Lost
CUST10527,Coimbatore,25,Male,199,2,953.33,476.66,2,1,1,4,1,Lost
CUST10528,Chennai,61,Female,25,11,2055.33,186.85,5,4,1,10,1,Lost
CUST10529,Pune,37,Male,2,17,24298.84,1429.34,5,5,5,15,0,Champions
CUST10530,Hyderabad,48,Other,128,3,6965.53,2321.84,2,2,3,7,3,At-Risk
CUST10531,Trichy,32,Female,190,3,5863.38,1954.46,2,2,2,6,3,At-Risk
CUST10532,Trichy,40,Female,29,18,9880.224423,994.21,4,5,3,12,0,Champions
CUST10533,Mumbai,43,Female,70,8,23819.97821,2060.03,3,3,5,11,0,Champions
CUST10534,Hyderabad,47,Female,5,20,22469.77322,1205.95,5,5,5,15,0,Champions
CUST10535,Kochi,46,Male,1,16,39212.55468,1584.97,5,5,5,15,0,Champions
CUST10536,Hyderabad,44,Male,66,6,5608.74,934.79,3,3,2,8,3,At-Risk
CUST10537,Coimbatore,31,Male,25,13,15164.61,1166.51,5,4,4,13,0,Champions
CUST10538,Bengaluru,28,Male,365,2,2316.1,1158.05,1,1,1,3,1,Lost
CUST10539,Chennai,38,Female,125,5,4632.91,926.58,2,2,2,6,3,At-Risk
CUST10540,Kochi,44,Male,33,9,13827.08,1536.34,4,4,4,12,0,Champions
CUST10541,Mumbai,32,Male,63,10,200.0,20.0,3,4,1,8,1,Lost
CUST10542,Coimbatore,46,Female,127,6,6216.97,1036.16,2,3,3,8,3,At-Risk
CUST10543,Delhi,50,Female,28,14,40439.7,2888.55,4,5,5,14,0,Champions
CUST10544,Mumbai,24,Male,172,2,3194.05,1597.02,2,1,2,5,3,At-Risk
CUST10545,Bengaluru,25,Male,312,3,2381.44,793.81,1,2,1,4,1,Lost
CUST10546,Chennai,32,Male,46,10,17135.56,1713.56,4,4,4,12,0,Champions
CUST10547,Delhi,37,Female,22,26,35398.61,1361.48,5,5,5,15,0,Champions
CUST10548,Mumbai,28,Male,20,30,37180.16,1239.34,5,5,5,15,0,Champions
CUST10549,Hyderabad,49,Female,145,6,7274.54,1212.42,2,3,3,8,3,At-Risk
CUST10550,Mumbai,39,Male,114,1,6649.967434,11976.62,3,1,3,7,3,At-Risk
CUST10551,Pune,34,Male,313,2,3241.12,1620.56,1,1,2,4,3,At-Risk
CUST10552,Mumbai,18,Female,187,3,6280.83,2093.61,2,2,3,7,3,At-Risk
CUST10553,Mumbai,20,Male,9,9,7894.26,877.14,5,4,3,12,0,Champions
CUST10554,Pune,37,Male,121,3,9777.85,3259.28,2,2,3,7,3,At-Risk
CUST10555,Bengaluru,18,Male,152,3,8928.17037,2298.13,2,2,3,7,3,At-Risk
CUST10556,Chennai,45,Male,119,4,5751.18,1437.8,2,2,2,6,3,At-Risk
CUST10557,Chennai,32,Male,80,11,9969.23,906.29,3,4,3,10,0,Champions
CUST10558,Hyderabad,70,Male,107,7,6371.37,910.2,3,3,3,9,3,At-Risk
CUST10559,Mumbai,59,Male,365,7,5779.386698,420.81,1,3,2,6,1,Lost
CUST10560,Delhi,32,Male,162,4,6764.65,1691.16,2,2,3,7,3,At-Risk
CUST10561,Coimbatore,33,Female,122,4,1019.84,254.96,2,2,1,5,1,Lost
CUST10562,Chennai,45,Female,192,4,2143.278838,960.83,2,2,1,5,1,Lost
CUST10563,Chennai,53,Female,158,5,6274.61,1254.92,2,2,3,7,3,At-Risk
CUST10564,Bengaluru,18,Female,160,5,8984.96,1796.99,2,2,3,7,3,At-Risk
CUST10565,Mumbai,18,Male,4,7,9576.56,1368.08,5,3,3,11,0,Champions
CUST10566,Bengaluru,27,Male,34,13,11317.63,870.59,4,4,4,12,0,Champions
CUST10567,Bengaluru,40,Male,37,7,13629.67,1947.1,4,3,4,11,3,At-Risk
CUST10568,Pune,39,Male,9,19,34559.79,1818.94,5,5,5,15,0,Champions
CUST10569,Madurai,46,Male,146,7,5408.63,772.66,2,3,2,7,3,At-Risk
CUST10570,Mumbai,21,Male,109,1,9885.484879,6389.29,3,1,3,7,3,At-Risk
CUST10571,Hyderabad,18,Female,206,2,2563.71,1281.86,2,1,2,5,3,At-Risk
CUST10572,Bengaluru,43,Female,50,11,14557.71,1323.43,4,4,4,12,0,Champions
CUST10573,Mumbai,25,Male,58,11,15571.36,1415.58,3,4,4,11,0,Champions
CUST10574,Pune,18,Female,84,10,15263.41,1526.34,3,4,4,11,2,Loyal Customers
CUST10575,Kochi,36,Female,10,14,30761.11358,2540.71,5,5,5,15,0,Champions
CUST10576,Chennai,43,Female,278,3,2429.35,809.78,1,2,1,4,1,Lost
CUST10577,Kochi,33,Male,12,13,13011.71,1000.9,5,4,4,13,0,Champions
CUST10578,Bengaluru,29,Male,54,5,6900.42219,1692.18,4,2,3,9,3,At-Risk
CUST10579,Coimbatore,32,Male,280,8,1462.206174,334.53,1,3,1,5,1,Lost
CUST10580,Bengaluru,30,Male,62,10,13663.69,1366.37,3,4,4,11,0,Champions
CUST10581,Trichy,19,Female,182,1,2366.83,2366.83,2,1,1,4,3,At-Risk
CUST10582,Bengaluru,26,Male,60,11,7636.99,694.27,3,4,3,10,2,Loyal Customers
CUST10583,Madurai,40,Male,42,12,8995.89,749.66,4,4,3,11,0,Champions
CUST10584,Delhi,38,Female,109,3,2613.44,871.15,3,2,2,7,1,Lost
CUST10585,Coimbatore,36,Female,216,3,1614.46,538.15,2,2,1,5,1,Lost
CUST10586,Chennai,23,Male,8,25,22495.34,899.81,5,5,5,15,0,Champions
CUST10587,Chennai,32,Female,17,11,26411.18,2401.02,5,4,5,14,0,Champions
CUST10588,Chennai,18,Male,6,16,20080.68,1255.04,5,5,5,15,0,Champions
CUST10589,Chennai,36,Male,61,8,15581.84,1947.73,3,3,4,10,3,At-Risk
CUST10590,Chennai,50,Male,243,3,698.13,232.71,1,2,1,4,1,Lost
CUST10591,Delhi,18,Female,210,4,7011.87,1752.97,2,2,3,7,3,At-Risk
CUST10592,Coimbatore,28,Female,64,11,15348.84,1395.35,3,4,4,11,0,Champions
CUST10593,Madurai,38,Male,319,1,2954.04,2954.04,1,1,2,4,3,At-Risk
CUST10594,Pune,48,Male,17,9,14895.2,1655.02,5,4,4,13,2,Loyal Customers
CUST10595,Bengaluru,29,Male,80,10,9942.33,994.23,3,4,3,10,0,Champions
CUST10596,Delhi,26,Male,284,2,3161.74,1580.87,1,1,2,4,3,At-Risk
CUST10597,Chennai,18,Male,286,2,2251.98,1125.99,1,1,1,3,3,At-Risk
CUST10598,Coimbatore,35,Male,219,2,1451.62,725.81,2,1,1,4,1,Lost
CUST10599,Chennai,56,Female,142,7,3930.27,561.47,2,3,2,7,2,Loyal Customers
CUST10600,Chennai,37,Female,248,2,442.28,221.14,1,1,1,3,1,Lost
CUST10601,Coimbatore,34,Male,30,15,26316.1,1754.41,4,5,5,14,0,Champions
CUST10602,Chennai,38,Male,164,4,5570.44,1392.61,2,2,2,6,3,At-Risk
CUST10603,Chennai,34,Male,262,3,1618.278728,695.27,1,2,1,4,1,Lost
CUST10604,Chennai,25,Male,14,9,15641.97,1738.0,5,4,4,13,0,Champions
CUST10605,Bengaluru,43,Female,207,2,651.05,325.52,2,1,1,4,1,Lost
CUST10606,Coimbatore,36,Female,192,5,4852.44,970.49,2,2,2,6,3,At-Risk
CUST10607,Bengaluru,34,Male,1,12,33472.84,2789.4,5,4,5,14,0,Champions
CUST10608,Mumbai,23,Male,169,2,261.6500089,255.5,2,1,1,4,1,Lost
CUST10609,Delhi,48,Female,27,17,29076.67,1710.39,4,5,5,14,0,Champions
CUST10610,Chennai,41,Male,87,3,7088.4,2362.8,3,2,3,8,3,At-Risk
CUST10611,Hyderabad,28,Female,15,14,38491.85,2749.42,5,5,5,15,0,Champions
CUST10612,Mumbai,45,Male,284,2,1979.27,989.64,1,1,1,3,1,Lost
CUST10613,Chennai,29,Female,22,11,7355.02,668.64,5,4,3,12,0,Champions
CUST10614,Pune,25,Female,40,10,16309.44,1630.94,4,4,4,12,0,Champions
CUST10615,Kochi,26,Female,10,18,34497.04572,1048.26,5,5,5,15,0,Champions
CUST10616,Chennai,18,Female,246,3,1236.23,412.08,1,2,1,4,1,Lost
CUST10617,Coimbatore,39,Male,46,3,7375.76,2458.59,4,2,3,9,3,At-Risk
CUST10618,Hyderabad,18,Female,146,6,8227.7,1371.28,2,3,3,8,3,At-Risk
CUST10619,Delhi,20,Female,110,7,6870.5,981.5,3,3,3,9,3,At-Risk
CUST10620,Coimbatore,18,Male,83,11,10956.52,996.05,3,4,4,11,3,At-Risk
CUST10621,Coimbatore,33,Male,17,18,32001.91,1777.88,5,5,5,15,0,Champions
CUST10622,Bengaluru,32,Male,65,5,6429.13,1285.83,3,2,3,8,3,At-Risk
CUST10623,Bengaluru,30,Male,39,10,18736.68,1873.67,4,4,5,13,0,Champions
CUST10624,Mumbai,23,Male,261,2,2345.31,1172.66,1,1,1,3,3,At-Risk
CUST10625,Bengaluru,21,Female,322,1,1840.7,1840.7,1,1,1,3,3,At-Risk
CUST10626,Bengaluru,39,Male,44,5,5914.23,1182.85,4,2,2,8,3,At-Risk
CUST10627,Delhi,28,Female,22,15,18013.58,1200.91,5,5,5,15,0,Champions
CUST10628,Chennai,37,Male,250,1,1393.37,1393.37,1,1,1,3,3,At-Risk
CUST10629,Coimbatore,24,Male,43,16,31317.02793,1797.09,4,5,5,14,2,Loyal Customers
CUST10630,Delhi,36,Male,74,10,19053.62,1905.36,3,4,5,12,0,Champions
CUST10631,Pune,48,Male,75,10,16322.95902,1055.41,3,4,4,11,0,Champions
CUST10632,Mumbai,40,Male,117,3,10635.06,3545.02,2,2,4,8,3,At-Risk
CUST10633,Mumbai,29,Male,200,2,295.08,147.54,2,1,1,4,1,Lost
CUST10634,Chennai,37,Male,21,11,10482.08,952.92,5,4,4,13,0,Champions
CUST10635,Bengaluru,31,Female,18,17,33922.67,1995.45,5,5,5,15,2,Loyal Customers
CUST10636,Mumbai,34,Female,37,8,12779.36,1597.42,4,3,4,11,2,Loyal Customers
CUST10637,Coimbatore,30,Male,149,5,2189.1,437.82,2,2,1,5,1,Lost
CUST10638,Coimbatore,32,Female,72,6,9211.68,1535.28,3,3,3,9,3,At-Risk
CUST10639,Bengaluru,36,Female,46,12,11710.68,975.89,4,4,4,12,0,Champions
CUST10640,Chennai,23,Male,314,1,1147.11,1147.11,1,1,1,3,1,Lost
CUST10641,Madurai,23,Female,296,3,1183.86,394.62,1,2,1,4,1,Lost
CUST10642,Coimbatore,19,Female,300,1,774.69,774.69,1,1,1,3,1,Lost
CUST10643,Madurai,18,Male,313,1,945.9646876,1670.96,1,1,1,3,1,Lost
CUST10644,Chennai,21,Male,84,9,9049.49,1005.5,3,4,3,10,3,At-Risk
CUST10645,Pune,36,Male,60,11,9195.75,835.98,3,4,3,10,0,Champions
CUST10646,Mumbai,24,Male,32,9,13947.54,1549.73,4,4,4,12,2,Loyal Customers
CUST10647,Delhi,40,Female,46,10,8393.74,839.37,4,4,3,11,0,Champions
CUST10648,Hyderabad,34,Male,365,1,1581.038944,852.75,1,1,1,3,1,Lost
CUST10649,Bengaluru,18,Female,282,2,1836.26,918.13,1,1,1,3,1,Lost
CUST10650,Chennai,41,Female,114,8,10239.02,1279.88,3,3,4,10,3,At-Risk
CUST10651,Mumbai,43,Female,28,9,8927.22,991.91,4,4,3,11,0,Champions
CUST10652,Mumbai,23,Female,365,3,2240.41,746.8,1,2,1,4,1,Lost
CUST10653,Delhi,39,Male,203,2,1173.83,586.92,2,1,1,4,1,Lost
CUST10654,Bengaluru,25,Male,6,22,26283.98,1194.73,5,5,5,15,0,Champions
CUST10655,Chennai,35,Female,245,1,2425.41,2425.41,1,1,1,3,3,At-Risk
CUST10656,Madurai,20,Male,32,7,6508.84,929.83,4,3,3,10,3,At-Risk
CUST10657,Bengaluru,18,Male,16,17,32409.01,1906.41,5,5,5,15,0,Champions
CUST10658,Delhi,30,Female,89,8,5275.45,659.43,3,3,2,8,2,Loyal Customers
CUST10659,Mumbai,33,Female,111,4,7427.23,1856.81,3,2,3,8,3,At-Risk
CUST10660,Bengaluru,30,Male,33,22,20322.14,923.73,4,5,5,14,0,Champions
CUST10661,Trichy,21,Female,135,11,9984.28,907.66,2,4,3,9,3,At-Risk
CUST10662,Mumbai,30,Female,365,1,542.1083355,638.64,1,1,1,3,1,Lost
CUST10663,Coimbatore,37,Male,90,2,6343.442668,2592.93,3,1,3,7,3,At-Risk
CUST10664,Chennai,34,Male,43,7,4243.65,606.24,4,3,2,9,1,Lost
CUST10665,Chennai,36,Female,65,8,17246.41,2155.8,3,3,5,11,2,Loyal Customers
CUST10666,Coimbatore,27,Male,28,21,14690.48,699.55,4,5,4,13,0,Champions
CUST10667,Chennai,47,Male,62,10,8616.27,861.63,3,4,3,10,0,Champions
CUST10668,Coimbatore,21,Male,33,11,9073.47,824.86,4,4,3,11,0,Champions
CUST10669,Madurai,39,Female,76,8,12775.69,1596.96,3,3,4,10,3,At-Risk
CUST10670,Chennai,47,Male,67,6,10516.81,1752.8,3,3,4,10,3,At-Risk
CUST10671,Pune,39,Male,114,4,7211.44,1802.86,3,2,3,8,3,At-Risk
CUST10672,Chennai,32,Male,83,17,20912.62,1230.15,3,5,5,13,0,Champions
CUST10673,Mumbai,28,Other,289,2,887.82,443.91,1,1,1,3,1,Lost
CUST10674,Bengaluru,45,Male,82,8,11349.89,1418.74,3,3,4,10,3,At-Risk
CUST10675,Trichy,18,Female,15,12,13340.87,1111.74,5,4,4,13,0,Champions
CUST10676,Chennai,23,Female,24,21,32456.24,1545.54,5,5,5,15,0,Champions
CUST10677,Bengaluru,30,Male,66,7,8605.32,1229.33,3,3,3,9,3,At-Risk
CUST10678,Kochi,48,Other,23,25,41952.08,1678.08,5,5,5,15,0,Champions
CUST10679,Pune,38,Female,325,1,1886.78,1886.78,1,1,1,3,3,At-Risk
CUST10680,Hyderabad,23,Female,290,2,2687.04,1343.52,1,1,2,4,3,At-Risk
CUST10681,Coimbatore,31,Male,146,6,7182.52,1197.09,2,3,3,8,3,At-Risk
CUST10682,Chennai,27,Female,27,12,30610.51974,1669.3,4,4,5,13,0,Champions
CUST10683,Delhi,26,Female,58,3,4644.71,1548.24,3,2,2,7,3,At-Risk
CUST10684,Kochi,45,Other,161,5,15028.38,3005.68,2,2,4,8,3,At-Risk
CUST10685,Mumbai,19,Male,23,16,15775.08,985.94,5,5,4,14,0,Champions
CUST10686,Mumbai,52,Female,111,8,14899.3313,1124.55,3,3,4,10,3,At-Risk
CUST10687,Coimbatore,43,Male,362,4,2867.4,716.85,1,2,2,5,1,Lost
CUST10688,Hyderabad,46,Male,220,2,3612.39,1806.2,2,1,2,5,3,At-Risk
CUST10689,Coimbatore,29,Male,361,1,1623.41,1623.41,1,1,1,3,3,At-Risk
CUST10690,Madurai,32,Female,350,1,1872.5,1872.5,1,1,1,3,3,At-Risk
CUST10691,Bengaluru,18,Male,207,1,967.32,967.32,2,1,1,4,1,Lost
CUST10692,Mumbai,28,Female,25,12,15698.31,1308.19,5,4,4,13,0,Champions
CUST10693,Coimbatore,39,Other,98,5,8333.36,1666.67,3,2,3,8,2,Loyal Customers
CUST10694,Chennai,48,Male,318,4,746.23,186.56,1,2,1,4,1,Lost
CUST10695,Mumbai,22,Female,132,3,5117.59,1705.86,2,2,2,6,3,At-Risk
CUST10696,Madurai,30,Male,277,4,2228.57,557.14,1,2,1,4,1,Lost
CUST10697,Mumbai,32,Male,27,16,37777.55,2361.1,4,5,5,14,0,Champions
CUST10698,Chennai,19,Female,26,9,12933.15,1437.02,5,4,4,13,0,Champions
CUST10699,Bengaluru,41,Female,55,10,11545.62058,1135.55,4,4,4,12,0,Champions
CUST10700,Mumbai,26,Female,34,8,20096.11,2512.01,4,3,5,12,0,Champions
CUST10701,Chennai,32,Female,86,13,11600.96,892.38,3,4,4,11,0,Champions
CUST10702,Madurai,29,Male,85,2,4437.09,2218.54,3,1,2,6,3,At-Risk
CUST10703,Chennai,25,Male,16,27,56029.39245,1049.9,5,5,5,15,0,Champions
CUST10704,Chennai,34,Male,131,3,5300.4,1766.8,2,2,2,6,3,At-Risk
CUST10705,Trichy,32,Male,70,4,9894.389249,2175.88,3,2,3,8,2,Loyal Customers
CUST10706,Madurai,30,Male,83,12,10233.24,852.77,3,4,4,11,0,Champions
CUST10707,Hyderabad,26,Male,45,8,9416.6,1177.08,4,3,3,10,3,At-Risk
CUST10708,Coimbatore,38,Male,98,7,3523.49,503.36,3,3,2,8,1,Lost
CUST10709,Delhi,52,Male,244,3,1224.13,408.04,1,2,1,4,1,Lost
CUST10710,Hyderabad,36,Male,167,2,3232.38,1616.19,2,1,2,5,3,At-Risk
CUST10711,Mumbai,45,Female,219,3,537.61,179.2,2,2,1,5,1,Lost
CUST10712,Bengaluru,19,Female,322,1,2486.35,2486.35,1,1,1,3,3,At-Risk
CUST10713,Bengaluru,36,Female,136,3,3329.49,1109.83,2,2,2,6,2,Loyal Customers
CUST10714,Madurai,22,Male,329,3,994.26,331.42,1,2,1,4,1,Lost
CUST10715,Kochi,18,Female,267,3,1179.55,393.18,1,2,1,4,1,Lost
CUST10716,Hyderabad,26,Female,329,2,2539.11,1269.56,1,1,2,4,3,At-Risk
CUST10717,Kochi,47,Male,1,17,22147.40858,1018.5,5,5,5,15,2,Loyal Customers
CUST10718,Chennai,44,Male,337,3,1324.12,441.37,1,2,1,4,1,Lost
CUST10719,Delhi,37,Female,84,7,5092.79,727.54,3,3,2,8,1,Lost
CUST10720,Kochi,18,Female,289,2,1484.22,742.11,1,1,1,3,1,Lost
CUST10721,Coimbatore,32,Female,16,4,18947.96,4736.99,5,2,5,12,3,At-Risk
CUST10722,Chennai,37,Female,75,6,15286.46,2547.74,3,3,4,10,3,At-Risk
CUST10723,Delhi,36,Female,36,13,2607.73,200.59,4,4,2,10,1,Lost
CUST10724,Mumbai,18,Other,5,10,11977.11,1197.71,5,4,4,13,0,Champions
CUST10725,Hyderabad,24,Female,7,17,28126.28,1654.49,5,5,5,15,0,Champions
CUST10726,Chennai,33,Male,237,1,1187.84,1187.84,1,1,1,3,1,Lost
CUST10727,Hyderabad,40,Female,7,19,28012.56585,1303.38,5,5,5,15,0,Champions
CUST10728,Coimbatore,18,Male,35,11,19775.41281,1016.41,4,4,5,13,0,Champions
CUST10729,Chennai,32,Female,8,5,17496.7,3499.34,5,2,5,12,0,Champions
CUST10730,Chennai,36,Female,73,8,10667.41963,918.61,3,3,4,10,3,At-Risk
CUST10731,Hyderabad,43,Female,32,8,20959.86,2619.98,4,3,5,12,0,Champions
CUST10732,Delhi,42,Female,49,6,4673.4,778.9,4,3,2,9,3,At-Risk
CUST10733,Mumbai,40,Male,69,2,6797.99,3399.0,3,1,3,7,3,At-Risk
CUST10734,Bengaluru,25,Male,130,10,4074.22,407.42,2,4,2,8,1,Lost
CUST10735,Pune,18,Male,40,25,14447.69,577.91,4,5,4,13,0,Champions
CUST10736,Bengaluru,30,Female,16,14,21226.25,1516.16,5,5,5,15,0,Champions
CUST10737,Hyderabad,45,Female,47,13,8395.59,645.81,4,4,3,11,0,Champions
CUST10738,Bengaluru,49,Female,306,3,3785.03,1261.68,1,2,2,5,3,At-Risk
CUST10739,Bengaluru,42,Male,46,10,11455.61,1145.56,4,4,4,12,0,Champions
CUST10740,Bengaluru,39,Male,119,8,3271.99,409.0,2,3,2,7,1,Lost
CUST10741,Madurai,38,Female,55,13,11209.88,862.3,4,4,4,12,0,Champions
CUST10742,Delhi,28,Male,127,5,9594.74,1918.95,2,2,3,7,3,At-Risk
CUST10743,Mumbai,33,Female,30,20,22812.53123,1477.52,4,5,5,14,0,Champions
CUST10744,Coimbatore,52,Female,3,17,27948.79,1644.05,5,5,5,15,0,Champions
CUST10745,Pune,24,Female,21,9,9801.82,1089.09,5,4,3,12,0,Champions
CUST10746,Bengaluru,52,Male,53,9,11676.05,1297.34,4,4,4,12,0,Champions
CUST10747,Mumbai,30,Female,1,12,23990.1,1999.18,5,4,5,14,0,Champions
CUST10748,Pune,49,Male,133,2,6892.51,3446.26,2,1,3,6,3,At-Risk
CUST10749,Mumbai,19,Other,290,2,821.3927341,691.26,1,1,1,3,1,Lost
CUST10750,Chennai,40,Male,36,12,6961.75,580.15,4,4,3,11,0,Champions
CUST10751,Kochi,26,Male,122,5,2591.16,518.23,2,2,2,6,1,Lost
CUST10752,Mumbai,18,Female,320,3,2051.55,683.85,1,2,1,4,1,Lost
CUST10753,Madurai,36,Male,332,4,1798.09,449.52,1,2,1,4,1,Lost
CUST10754,Chennai,45,Female,49,12,13428.77,1119.06,4,4,4,12,0,Champions
CUST10755,Hyderabad,25,Female,179,4,5308.556875,691.48,2,2,2,6,1,Lost
CUST10756,Mumbai,18,Female,7,13,29615.1,2278.08,5,4,5,14,0,Champions
CUST10757,Mumbai,33,Other,124,2,5096.22,2548.11,2,1,2,5,3,At-Risk
CUST10758,Pune,33,Male,113,12,4722.378592,226.17,3,4,2,9,1,Lost
CUST10759,Hyderabad,40,Female,29,13,36320.21,2793.86,4,4,5,13,0,Champions
CUST10760,Chennai,44,Male,21,9,11896.92,1321.88,5,4,4,13,0,Champions
CUST10761,Madurai,33,Male,18,23,31153.01,1354.48,5,5,5,15,0,Champions
CUST10762,Coimbatore,54,Female,40,6,7832.1,1305.35,4,3,3,10,3,At-Risk
CUST10763,Delhi,36,Male,39,12,9598.57,799.88,4,4,3,11,0,Champions
CUST10764,Chennai,30,Female,50,3,7487.52,2495.84,4,2,3,9,3,At-Risk
CUST10765,Mumbai,18,Male,21,17,27029.53,1589.97,5,5,5,15,0,Champions
CUST10766,Hyderabad,31,Female,22,15,35424.58,2361.64,5,5,5,15,2,Loyal Customers
CUST10767,Pune,30,Other,157,4,11430.98455,2207.3,2,2,4,8,3,At-Risk
CUST10768,Madurai,45,Male,198,1,2221.42,2221.42,2,1,1,4,3,At-Risk
CUST10769,Hyderabad,39,Female,9,13,20321.2,1563.17,5,4,5,14,0,Champions
CUST10770,Chennai,21,Female,52,13,18517.31629,1235.78,4,4,5,13,0,Champions
CUST10771,Hyderabad,36,Male,249,2,1385.26,692.63,1,1,1,3,1,Lost
CUST10772,Chennai,41,Male,29,24,26200.64,1091.69,4,5,5,14,0,Champions
CUST10773,Bengaluru,51,Female,166,4,1799.18,449.8,2,2,1,5,1,Lost
CUST10774,Hyderabad,44,Male,120,5,2274.13,454.83,2,2,1,5,1,Lost
CUST10775,Chennai,42,Male,35,10,19021.24,1902.12,4,4,5,13,0,Champions
CUST10776,Coimbatore,35,Female,63,8,10675.79,1334.47,3,3,4,10,3,At-Risk
CUST10777,Delhi,38,Female,31,14,17562.9,1254.49,4,5,5,14,2,Loyal Customers
CUST10778,Delhi,48,Female,34,8,10735.53,1341.94,4,3,4,11,0,Champions
CUST10779,Delhi,19,Female,325,3,2393.95,797.98,1,2,1,4,1,Lost
CUST10780,Delhi,30,Female,158,4,6559.62,1639.9,2,2,3,7,3,At-Risk
CUST10781,Mumbai,26,Male,106,9,9564.78,1062.75,3,4,3,10,3,At-Risk
CUST10782,Coimbatore,38,Male,267,1,1136.99,1136.99,1,1,1,3,1,Lost
CUST10783,Madurai,48,Male,31,12,8135.49,677.96,4,4,3,11,0,Champions
CUST10784,Coimbatore,27,Female,118,4,9332.0,2333.0,2,2,3,7,3,At-Risk
CUST10785,Pune,18,Male,67,10,18983.61,1898.36,3,4,5,12,2,Loyal Customers
CUST10786,Mumbai,29,Male,306,1,3089.32,3089.32,1,1,2,4,3,At-Risk
CUST10787,Bengaluru,44,Male,35,4,14083.11,3520.78,4,2,4,10,3,At-Risk
CUST10788,Bengaluru,40,Male,102,6,6897.27,1149.54,3,3,3,9,3,At-Risk
CUST10789,Kochi,39,Male,191,1,3185.48,3185.48,2,1,2,5,3,At-Risk
CUST10790,Chennai,31,Female,29,13,12843.27384,924.44,4,4,4,12,0,Champions
CUST10791,Mumbai,20,Male,9,25,26391.3,1055.65,5,5,5,15,0,Champions
CUST10792,Mumbai,40,Male,219,5,11870.05,2374.01,2,2,4,8,3,At-Risk
CUST10793,Mumbai,25,Male,85,2,14748.71,7374.36,3,1,4,8,3,At-Risk
CUST10794,Chennai,58,Female,130,6,7523.21,1253.87,2,3,3,8,3,At-Risk
CUST10795,Pune,40,Female,365,1,4001.383583,2606.49,1,1,2,4,3,At-Risk
CUST10796,Kochi,28,Male,99,6,8606.87,1434.48,3,3,3,9,3,At-Risk
CUST10797,Mumbai,27,Female,44,4,13096.86,3274.22,4,2,4,10,3,At-Risk
CUST10798,Delhi,33,Male,59,7,4992.852809,873.02,3,3,2,8,3,At-Risk
CUST10799,Kochi,31,Female,29,24,18104.37,754.35,4,5,5,14,0,Champions
CUST10800,Delhi,46,Male,67,12,11723.12,976.93,3,4,4,11,0,Champions
CUST10801,Chennai,36,Female,208,2,2069.88,1034.94,2,1,1,4,1,Lost
CUST10802,Mumbai,26,Female,199,6,4047.56,674.59,2,3,2,7,1,Lost
CUST10803,Mumbai,55,Female,19,20,24641.01,1232.05,5,5,5,15,0,Champions
CUST10804,Bengaluru,35,Male,78,12,6694.26,557.86,3,4,3,10,0,Champions
CUST10805,Delhi,42,Male,113,5,3811.98,762.4,3,2,2,7,3,At-Risk
CUST10806,Kochi,27,Female,326,2,200.0,100.0,1,1,1,3,1,Lost
CUST10807,Kochi,38,Male,287,2,2424.29,1212.14,1,1,1,3,3,At-Risk
CUST10808,Bengaluru,37,Female,66,8,10917.85,1364.73,3,3,4,10,3,At-Risk
CUST10809,Chennai,18,Female,269,1,1608.67,1608.67,1,1,1,3,3,At-Risk
CUST10810,Trichy,56,Female,150,5,6454.04,1290.81,2,2,3,7,3,At-Risk
CUST10811,Hyderabad,48,Male,154,5,5471.24,1094.25,2,2,2,6,3,At-Risk
CUST10812,Chennai,30,Female,192,3,2496.718543,526.18,2,2,1,5,1,Lost
CUST10813,Kochi,22,Female,1,19,11400.32,600.02,5,5,4,14,0,Champions
CUST10814,Pune,38,Female,264,2,1753.73,876.86,1,1,1,3,1,Lost
CUST10815,Mumbai,35,Male,8,12,43297.42,3608.12,5,4,5,14,0,Champions
CUST10816,Mumbai,38,Male,45,10,14493.02,1449.3,4,4,4,12,0,Champions
CUST10817,Bengaluru,36,Male,242,1,200.0,200.0,1,1,1,3,1,Lost
CUST10818,Chennai,40,Male,147,5,3435.52,687.1,2,2,2,6,1,Lost
CUST10819,Madurai,50,Female,358,2,2493.59,1246.8,1,1,1,3,3,At-Risk
CUST10820,Hyderabad,40,Female,96,5,5203.99,1040.8,3,2,2,7,3,At-Risk
CUST10821,Chennai,22,Male,35,2,22948.99687,5754.46,4,1,5,10,3,At-Risk
CUST10822,Madurai,49,Female,281,3,551.42,183.81,1,2,1,4,1,Lost
CUST10823,Bengaluru,52,Male,1,17,20500.69,1205.92,5,5,5,15,0,Champions
CUST10824,Mumbai,69,Male,204,1,2118.42,2118.42,2,1,1,4,3,At-Risk
CUST10825,Pune,22,Male,19,12,15609.3,1300.77,5,4,4,13,0,Champions
CUST10826,Madurai,37,Male,343,2,4384.477053,1452.33,1,1,2,4,3,At-Risk
CUST10827,Madurai,18,Female,27,15,40688.91,2712.59,4,5,5,14,0,Champions
CUST10828,Delhi,40,Male,80,6,7818.2,1303.03,3,3,3,9,3,At-Risk
CUST10829,Bengaluru,28,Female,288,1,1530.67,1530.67,1,1,1,3,3,At-Risk
CUST10830,Coimbatore,55,Male,29,11,13534.62,1230.42,4,4,4,12,0,Champions
CUST10831,Bengaluru,25,Female,167,5,5959.82,1191.96,2,2,3,7,3,At-Risk
CUST10832,Chennai,18,Male,334,3,3216.05,1072.02,1,2,2,5,3,At-Risk
CUST10833,Chennai,29,Male,114,5,5819.84,1163.97,3,2,2,7,3,At-Risk
CUST10834,Bengaluru,18,Male,244,2,1253.01,626.5,1,1,1,3,1,Lost
CUST10835,Bengaluru,42,Male,33,10,8487.45,848.75,4,4,3,11,0,Champions
CUST10836,Pune,18,Male,15,9,28304.68,3144.96,5,4,5,14,0,Champions
CUST10837,Bengaluru,34,Female,1,23,32518.91,1413.87,5,5,5,15,0,Champions
CUST10838,Mumbai,18,Female,90,10,6723.31,672.33,3,4,3,10,3,At-Risk
CUST10839,Delhi,30,Female,19,15,24089.6,1605.97,5,5,5,15,0,Champions
CUST10840,Chennai,52,Female,141,5,3532.72,706.54,2,2,2,6,1,Lost
CUST10841,Delhi,38,Male,15,11,21672.27968,1033.75,5,4,5,14,0,Champions
CUST10842,Chennai,25,Male,10,24,29663.44,1235.98,5,5,5,15,0,Champions
CUST10843,Kochi,34,Other,1,22,33203.92,1509.27,5,5,5,15,0,Champions
CUST10844,Chennai,34,Female,248,2,2600.43,1300.21,1,1,2,4,3,At-Risk
CUST10845,Bengaluru,39,Female,136,4,6057.92,1514.48,2,2,3,7,3,At-Risk
CUST10846,Chennai,19,Female,28,10,9903.09,990.31,4,4,3,11,0,Champions
CUST10847,Trichy,41,Male,281,2,695.21,347.6,1,1,1,3,1,Lost
CUST10848,Mumbai,18,Male,32,21,33316.42,1586.5,4,5,5,14,0,Champions
CUST10849,Mumbai,27,Male,332,3,3031.13,1010.38,1,2,2,5,3,At-Risk
CUST10850,Chennai,29,Male,146,6,9297.75,1549.62,2,3,3,8,3,At-Risk
CUST10851,Delhi,41,Male,31,4,17859.47884,3336.32,4,2,5,11,3,At-Risk
CUST10852,Coimbatore,34,Male,58,5,6388.94,1277.79,3,2,3,8,3,At-Risk
CUST10853,Pune,19,Female,198,2,2875.99,1438.0,2,1,2,5,3,At-Risk
CUST10854,Coimbatore,23,Female,56,17,9127.45,536.91,4,5,3,12,0,Champions
CUST10855,Coimbatore,36,Female,310,1,2468.36,2468.36,1,1,1,3,2,Loyal Customers
CUST10856,Chennai,33,Female,16,21,34198.19,1628.49,5,5,5,15,0,Champions
CUST10857,Bengaluru,28,Male,48,14,9538.43,681.32,4,5,3,12,0,Champions
CUST10858,Mumbai,29,Male,12,15,25053.34,1670.22,5,5,5,15,0,Champions
CUST10859,Chennai,42,Female,67,6,16212.28,2702.05,3,3,4,10,3,At-Risk
CUST10860,Hyderabad,28,Male,58,9,12592.81,1399.2,3,4,4,11,0,Champions
CUST10861,Bengaluru,33,Male,252,2,1606.72,803.36,1,1,1,3,1,Lost
CUST10862,Mumbai,58,Male,11,27,24157.12,894.71,5,5,5,15,0,Champions
CUST10863,Bengaluru,18,Male,17,9,9189.09,1021.01,5,4,3,12,0,Champions
CUST10864,Bengaluru,18,Male,170,5,1394.512669,446.34,2,2,1,5,1,Lost
CUST10865,Mumbai,43,Male,261,2,598.0,299.0,1,1,1,3,1,Lost
CUST10866,Chennai,27,Male,365,2,1609.36,804.68,1,1,1,3,1,Lost
CUST10867,Coimbatore,30,Female,107,7,2871.19,410.17,3,3,2,8,1,Lost
CUST10868,Pune,25,Male,268,2,3110.31,1555.16,1,1,2,4,3,At-Risk
CUST10869,Kochi,31,Male,325,1,2129.96,2129.96,1,1,1,3,3,At-Risk
CUST10870,Bengaluru,52,Male,323,2,446.96,223.48,1,1,1,3,1,Lost
CUST10871,Coimbatore,43,Male,87,4,7471.97,1867.99,3,2,3,8,3,At-Risk
CUST10872,Delhi,43,Female,1,18,15246.59,847.03,5,5,4,14,0,Champions
CUST10873,Bengaluru,18,Female,29,13,12070.57,928.51,4,4,4,12,0,Champions
CUST10874,Chennai,21,Female,139,6,10674.17938,906.54,2,3,4,9,3,At-Risk
CUST10875,Chennai,18,Male,72,4,17515.64,4378.91,3,2,5,10,3,At-Risk
CUST10876,Delhi,25,Female,41,9,13175.15,1463.91,4,4,4,12,0,Champions
CUST10877,Delhi,45,Female,167,5,5813.55,1162.71,2,2,2,6,3,At-Risk
CUST10878,Chennai,40,Male,209,2,875.27,437.64,2,1,1,4,1,Lost
CUST10879,Coimbatore,32,Female,2,20,32185.75,1609.29,5,5,5,15,0,Champions
CUST10880,Coimbatore,34,Male,169,3,3253.15,1084.38,2,2,2,6,3,At-Risk
CUST10881,Delhi,26,Female,174,9,4468.16,496.46,2,4,2,8,1,Lost
CUST10882,Chennai,36,Female,329,2,2487.91,1243.96,1,1,1,3,3,At-Risk
CUST10883,Chennai,42,Male,215,1,766.0,766.0,2,1,1,4,1,Lost
CUST10884,Hyderabad,18,Female,180,2,234.17,117.08,2,1,1,4,1,Lost
CUST10885,Chennai,37,Male,106,5,7258.53,1451.71,3,2,3,8,3,At-Risk
CUST10886,Delhi,44,Male,69,5,14371.8,2874.36,3,2,4,9,3,At-Risk
CUST10887,Coimbatore,29,Other,132,6,5247.71,874.62,2,3,2,7,3,At-Risk
CUST10888,Chennai,42,Female,201,1,1657.818487,1374.96,2,1,1,4,3,At-Risk
CUST10889,Coimbatore,65,Male,219,2,200.0,100.0,2,1,1,4,1,Lost
CUST10890,Delhi,33,Male,257,1,3570.882681,1844.17,1,1,2,4,3,At-Risk
CUST10891,Pune,38,Male,42,9,8991.06,999.01,4,4,3,11,0,Champions
CUST10892,Hyderabad,26,Male,138,5,5533.47,1106.69,2,2,2,6,3,At-Risk
CUST10893,Bengaluru,36,Female,26,9,16105.68,1789.52,5,4,4,13,0,Champions
CUST10894,Delhi,39,Female,28,15,36659.03,2443.94,4,5,5,14,0,Champions
CUST10895,Coimbatore,36,Female,39,10,21272.41,2127.24,4,4,5,13,0,Champions
CUST10896,Madurai,23,Male,10,13,40927.85,3148.3,5,4,5,14,0,Champions
CUST10897,Pune,36,Female,365,1,4451.63,4451.63,1,1,2,4,3,At-Risk
CUST10898,Chennai,50,Male,26,8,8834.13,1104.27,5,3,3,11,2,Loyal Customers
CUST10899,Chennai,39,Female,34,8,7272.42,909.05,4,3,3,10,0,Champions
CUST10900,Coimbatore,45,Female,180,2,403.04,201.52,2,1,1,4,1,Lost
CUST10901,Chennai,31,Female,49,12,12702.17,1058.51,4,4,4,12,2,Loyal Customers
CUST10902,Coimbatore,42,Male,15,20,30441.38,1522.07,5,5,5,15,0,Champions
CUST10903,Mumbai,37,Male,55,11,15502.02,1409.27,4,4,4,12,2,Loyal Customers
CUST10904,Bengaluru,24,Male,1,19,21868.16,1150.96,5,5,5,15,0,Champions
CUST10905,Pune,38,Female,2,14,14423.23,1030.23,5,5,4,14,0,Champions
CUST10906,Hyderabad,23,Male,21,11,36333.33,3303.03,5,4,5,14,0,Champions
CUST10907,Madurai,27,Male,145,2,3871.94,1935.97,2,1,2,5,3,At-Risk
CUST10908,Coimbatore,36,Male,23,12,22340.3251,969.54,5,4,5,14,0,Champions
CUST10909,Bengaluru,37,Female,47,9,4291.189961,865.24,4,4,2,10,3,At-Risk
CUST10910,Mumbai,21,Male,205,4,1813.97,453.49,2,2,1,5,1,Lost
CUST10911,Coimbatore,46,Female,33,8,11565.66,1445.71,4,3,4,11,2,Loyal Customers
CUST10912,Mumbai,40,Female,252,1,3311.93,3311.93,1,1,2,4,3,At-Risk
CUST10913,Bengaluru,26,Female,85,4,8304.23,2076.06,3,2,3,8,3,At-Risk
CUST10914,Mumbai,18,Male,32,10,14392.37,1439.24,4,4,4,12,0,Champions
CUST10915,Bengaluru,32,Male,193,7,5447.17,778.17,2,3,2,7,3,At-Risk
CUST10916,Madurai,29,Male,19,12,13629.79,1135.82,5,4,4,13,0,Champions
CUST10917,Kochi,35,Male,33,24,25275.17,1053.13,4,5,5,14,0,Champions
CUST10918,Hyderabad,30,Male,157,4,7519.7,1879.92,2,2,3,7,3,At-Risk
CUST10919,Chennai,18,Female,300,1,2591.757776,3016.02,1,1,2,4,3,At-Risk
CUST10920,Pune,30,Male,268,2,1834.146053,1374.54,1,1,1,3,3,At-Risk
CUST10921,Bengaluru,31,Female,226,3,1851.26,617.09,2,2,1,5,1,Lost
CUST10922,Pune,41,Male,48,12,10371.87,864.32,4,4,4,12,0,Champions
CUST10923,Hyderabad,26,Female,168,5,10334.71,2066.94,2,2,4,8,3,At-Risk
CUST10924,Bengaluru,52,Female,141,3,9193.44,3064.48,2,2,3,7,3,At-Risk
CUST10925,Chennai,18,Female,210,3,1853.65,617.88,2,2,1,5,1,Lost
CUST10926,Coimbatore,48,Female,365,3,1355.684733,281.36,1,2,1,4,1,Lost
CUST10927,Mumbai,32,Female,296,3,1732.34,577.45,1,2,1,4,1,Lost
CUST10928,Delhi,43,Female,34,3,14429.02,4809.67,4,2,4,10,3,At-Risk
CUST10929,Coimbatore,35,Male,315,3,2243.44,747.81,1,2,1,4,1,Lost
CUST10930,Chennai,47,Male,73,11,16658.84,1514.44,3,4,4,11,0,Champions
CUST10931,Hyderabad,30,Male,69,11,12960.92,1178.27,3,4,4,11,0,Champions
CUST10932,Trichy,22,Male,272,1,3105.11,3105.11,1,1,2,4,3,At-Risk
CUST10933,Mumbai,50,Male,28,15,26205.55,1747.04,4,5,5,14,0,Champions
CUST10934,Chennai,33,Male,365,2,2465.057284,689.91,1,1,1,3,1,Lost
CUST10935,Coimbatore,36,Male,13,16,27444.36,1715.27,5,5,5,15,0,Champions
CUST10936,Chennai,48,Male,336,3,1810.16,603.39,1,2,1,4,1,Lost
CUST10937,Pune,23,Male,69,10,11888.21,1188.82,3,4,4,11,3,At-Risk
CUST10938,Chennai,41,Female,35,10,15317.38,1531.74,4,4,4,12,0,Champions
CUST10939,Mumbai,28,Male,26,2,8575.6,4287.8,5,1,3,9,3,At-Risk
CUST10940,Coimbatore,33,Female,79,5,1225.51,245.1,3,2,1,6,1,Lost
CUST10941,Mumbai,35,Male,47,9,8181.16,909.02,4,4,3,11,2,Loyal Customers
CUST10942,Delhi,18,Female,155,8,7647.222369,499.4,2,3,3,8,1,Lost
CUST10943,Hyderabad,25,Female,20,25,28286.42,1131.46,5,5,5,15,0,Champions
CUST10944,Coimbatore,49,Female,12,12,29105.18,2425.43,5,4,5,14,0,Champions
CUST10945,Chennai,44,Female,36,14,8677.09,619.79,4,5,3,12,0,Champions
CUST10946,Chennai,33,Male,42,15,10933.71,728.91,4,5,4,13,0,Champions
CUST10947,Pune,37,Other,220,1,1050.79,1050.79,2,1,1,4,1,Lost
CUST10948,Pune,31,Female,365,1,3564.213395,2225.33,1,1,2,4,3,At-Risk
CUST10949,Mumbai,49,Female,33,10,10032.48,1003.25,4,4,3,11,2,Loyal Customers
CUST10950,Mumbai,32,Female,54,7,7194.09,1027.73,4,3,3,10,3,At-Risk
CUST10951,Delhi,37,Male,322,1,2783.78,2783.78,1,1,2,4,3,At-Risk
CUST10952,Chennai,47,Female,30,9,13605.6415,976.29,4,4,4,12,0,Champions
CUST10953,Pune,25,Male,44,10,19321.87,1932.19,4,4,5,13,0,Champions
CUST10954,Bengaluru,51,Female,137,8,2700.68,337.58,2,3,2,7,1,Lost
CUST10955,Bengaluru,18,Male,26,14,28117.25,2008.38,5,5,5,15,0,Champions
CUST10956,Mumbai,52,Female,17,26,10163.4,390.9,5,5,4,14,0,Champions
CUST10957,Chennai,30,Male,17,28,33857.74,1209.2,5,5,5,15,0,Champions
CUST10958,Chennai,31,Male,113,4,5671.01,1417.75,3,2,2,7,3,At-Risk
CUST10959,Delhi,18,Female,29,22,23559.0,1070.86,4,5,5,14,2,Loyal Customers
CUST10960,Chennai,29,Female,37,11,20687.97,1880.72,4,4,5,13,0,Champions
CUST10961,Mumbai,23,Female,61,12,10116.37459,882.1,3,4,4,11,0,Champions
CUST10962,Coimbatore,27,Male,21,22,10743.71,488.35,5,5,4,14,0,Champions
CUST10963,Bengaluru,32,Male,88,9,10218.61339,1374.1,3,4,4,11,3,At-Risk
CUST10964,Madurai,45,Female,365,3,2629.65,876.55,1,2,2,5,1,Lost
CUST10965,Bengaluru,36,Other,31,15,21486.36,1432.42,4,5,5,14,0,Champions
CUST10966,Delhi,37,Female,118,5,7066.58,1413.32,2,2,3,7,3,At-Risk
CUST10967,Madurai,22,Male,101,11,18671.54787,1022.6,3,4,5,12,0,Champions
CUST10968,Mumbai,24,Female,168,3,5538.19,1846.06,2,2,2,6,3,At-Risk
CUST10969,Bengaluru,54,Male,102,4,7347.1,1836.78,3,2,3,8,3,At-Risk
CUST10970,Delhi,26,Female,17,15,27970.00871,1095.33,5,5,5,15,0,Champions
CUST10971,Kochi,52,Male,365,2,829.81,414.9,1,1,1,3,1,Lost
CUST10972,Delhi,31,Male,110,3,4266.68,1422.23,3,2,2,7,3,At-Risk
CUST10973,Coimbatore,34,Female,284,2,2146.86,1073.43,1,1,1,3,3,At-Risk
CUST10974,Chennai,46,Female,53,13,17222.58,1324.81,4,4,5,13,0,Champions
CUST10975,Coimbatore,48,Male,348,1,1322.69,1322.69,1,1,1,3,1,Lost
CUST10976,Mumbai,33,Male,120,2,3011.05,1505.52,2,1,2,5,3,At-Risk
CUST10977,Chennai,30,Male,365,1,1838.69,1838.69,1,1,1,3,3,At-Risk
CUST10978,Bengaluru,33,Female,121,2,389.55,194.78,2,1,1,4,1,Lost
CUST10979,Mumbai,38,Male,30,17,4890.94,287.7,4,5,2,11,0,Champions
CUST10980,Madurai,44,Male,46,8,8455.29,1056.91,4,3,3,10,0,Champions
CUST10981,Hyderabad,34,Female,236,2,480.49,240.24,1,1,1,3,1,Lost
CUST10982,Chennai,41,Female,266,1,1780.2,1780.2,1,1,1,3,3,At-Risk
CUST10983,Chennai,52,Female,21,8,13904.04,1738.0,5,3,4,12,0,Champions
CUST10984,Delhi,38,Male,306,2,2458.47,1229.23,1,1,1,3,3,At-Risk
CUST10985,Bengaluru,37,Female,56,15,5565.192257,451.51,4,5,2,11,0,Champions
CUST10986,Delhi,18,Female,109,1,8439.54,8439.54,3,1,3,7,3,At-Risk
CUST10987,Bengaluru,18,Female,1,28,23439.4,837.12,5,5,5,15,0,Champions
CUST10988,Coimbatore,38,Female,66,8,19033.09,2379.14,3,3,5,11,3,At-Risk
CUST10989,Hyderabad,33,Male,271,2,2244.01,1122.01,1,1,1,3,3,At-Risk
CUST10990,Hyderabad,28,Other,20,19,37525.6,1975.03,5,5,5,15,0,Champions
CUST10991,Delhi,37,Male,21,8,12259.09,1532.39,5,3,4,12,0,Champions
CUST10992,Coimbatore,33,Male,193,7,617.5236086,68.86,2,3,1,6,1,Lost
CUST10993,Mumbai,46,Male,10,22,29573.1,1344.23,5,5,5,15,0,Champions
CUST10994,Bengaluru,35,Male,38,11,13760.99,1251.0,4,4,4,12,0,Champions
CUST10995,Chennai,26,Other,154,6,7877.08,1312.85,2,3,3,8,3,At-Risk
CUST10996,Pune,45,Female,76,12,8706.6,725.55,3,4,3,10,0,Champions
CUST10997,Chennai,32,Female,292,1,1488.2,1488.2,1,1,1,3,3,At-Risk
CUST10998,Kochi,40,Female,365,1,1414.73,1414.73,1,1,1,3,1,Lost
CUST10999,Bengaluru,29,Male,56,8,11034.71,1379.34,4,3,4,11,3,At-Risk
CUST11000,Coimbatore,27,Male,37,10,10844.09,1084.41,4,4,4,12,0,Champions
CUST11001,Mumbai,35,Female,68,13,14100.45,1084.65,3,4,4,11,0,Champions
CUST11002,Pune,34,Female,138,3,1078.29,359.43,2,2,1,5,1,Lost
CUST11003,Delhi,39,Male,55,8,27688.20703,2020.96,4,3,5,12,0,Champions
CUST11004,Hyderabad,31,Female,33,17,30755.56,1809.15,4,5,5,14,2,Loyal Customers
CUST11005,Delhi,18,Male,96,2,10391.23,5195.62,3,1,4,8,3,At-Risk
CUST11006,Delhi,29,Male,257,1,1012.5,1012.5,1,1,1,3,1,Lost
CUST11007,Hyderabad,43,Male,26,15,7407.17,493.81,5,5,3,13,0,Champions
CUST11008,Coimbatore,31,Male,82,6,19355.02,3225.84,3,3,5,11,3,At-Risk
CUST11009,Bengaluru,31,Female,215,2,1605.25,802.62,2,1,1,4,1,Lost
CUST11010,Coimbatore,45,Female,122,4,7219.67,1804.92,2,2,3,7,3,At-Risk
CUST11011,Trichy,26,Male,77,6,3620.18,603.36,3,3,2,8,1,Lost
CUST11012,Kochi,18,Female,120,5,7950.56,1590.11,2,2,3,7,3,At-Risk
CUST11013,Chennai,32,Female,365,2,1144.32,572.16,1,1,1,3,1,Lost
CUST11014,Delhi,29,Male,237,3,4617.39,1539.13,1,2,2,5,3,At-Risk
CUST11015,Kochi,23,Male,312,2,2970.09,1485.04,1,1,2,4,3,At-Risk
CUST11016,Coimbatore,32,Other,194,7,6751.04,964.43,2,3,3,8,3,At-Risk
CUST11017,Mumbai,39,Female,122,8,6514.9,814.36,2,3,3,8,3,At-Risk
CUST11018,Pune,34,Other,50,16,18422.76,1151.42,4,5,5,14,2,Loyal Customers
CUST11019,Chennai,37,Male,45,13,8498.71,653.75,4,4,3,11,0,Champions
CUST11020,Delhi,54,Female,365,2,1098.86,549.43,1,1,1,3,2,Loyal Customers
CUST11021,Madurai,30,Male,38,10,23070.99778,1229.12,4,4,5,13,0,Champions
CUST11022,Kochi,37,Male,149,5,9896.382121,2072.08,2,2,3,7,3,At-Risk
CUST11023,Trichy,28,Male,69,9,18843.23,2093.69,3,4,5,12,3,At-Risk
CUST11024,Kochi,25,Male,259,1,3554.73775,2122.28,1,1,2,4,3,At-Risk
CUST11025,Bengaluru,28,Male,30,17,37449.77,2202.93,4,5,5,14,0,Champions
CUST11026,Pune,29,Male,365,3,2729.758151,684.77,1,2,2,5,1,Lost
CUST11027,Hyderabad,38,Male,81,5,10537.31,2107.46,3,2,4,9,3,At-Risk
CUST11028,Madurai,60,Female,55,8,16931.67,2116.46,4,3,4,11,0,Champions
CUST11029,Hyderabad,26,Male,88,2,4506.84,2253.42,3,1,2,6,3,At-Risk
CUST11030,Chennai,29,Male,58,10,10653.03,1065.3,3,4,4,11,0,Champions
CUST11031,Mumbai,33,Male,35,10,15257.36,1525.74,4,4,4,12,0,Champions
CUST11032,Coimbatore,38,Male,62,14,23988.79,1713.48,3,5,5,13,0,Champions
CUST11033,Chennai,37,Female,15,26,27230.85,1047.34,5,5,5,15,0,Champions
CUST11034,Chennai,48,Male,319,2,2945.67,1472.84,1,1,2,4,3,At-Risk
CUST11035,Delhi,18,Female,30,21,34033.5,1620.64,4,5,5,14,0,Champions
CUST11036,Madurai,18,Male,134,4,8645.26,2161.32,2,2,3,7,3,At-Risk
CUST11037,Delhi,29,Male,63,16,12420.64,776.29,3,5,4,12,2,Loyal Customers
CUST11038,Chennai,46,Female,99,6,6887.1,1147.85,3,3,3,9,3,At-Risk
CUST11039,Madurai,18,Female,32,11,9469.41,860.86,4,4,3,11,0,Champions
CUST11040,Mumbai,18,Male,156,6,2468.29,411.38,2,3,1,6,1,Lost
CUST11041,Hyderabad,40,Female,183,4,4259.43,1064.86,2,2,2,6,3,At-Risk
CUST11042,Madurai,37,Male,244,4,12737.8909,2960.09,1,2,4,7,3,At-Risk
CUST11043,Mumbai,22,Female,33,25,33470.89,1338.84,4,5,5,14,0,Champions
CUST11044,Pune,23,Female,124,4,6894.64,1723.66,2,2,3,7,3,At-Risk
CUST11045,Mumbai,23,Female,17,7,12689.68,1812.81,5,3,4,12,0,Champions
CUST11046,Coimbatore,35,Other,16,19,17708.24,932.01,5,5,5,15,0,Champions
CUST11047,Chennai,27,Male,57,8,12986.21,1623.28,3,3,4,10,3,At-Risk
CUST11048,Pune,39,Female,14,9,9901.85,1100.21,5,4,3,12,0,Champions
CUST11049,Chennai,18,Male,48,7,13766.5,1966.64,4,3,4,11,3,At-Risk
CUST11050,Pune,25,Male,53,4,8499.45,2124.86,4,2,3,9,3,At-Risk
CUST11051,Mumbai,22,Male,36,6,6982.4,1163.73,4,3,3,10,3,At-Risk
CUST11052,Kochi,31,Male,69,16,9337.86,583.62,3,5,3,11,0,Champions
CUST11053,Hyderabad,28,Female,40,14,39783.87,2841.71,4,5,5,14,0,Champions
CUST11054,Trichy,43,Female,150,6,5469.89,911.65,2,3,2,7,3,At-Risk
CUST11055,Bengaluru,18,Female,74,1,4650.15,4650.15,3,1,2,6,3,At-Risk
CUST11056,Hyderabad,35,Male,37,11,15032.98,1366.63,4,4,4,12,0,Champions
CUST11057,Bengaluru,40,Male,103,5,6068.16,1213.63,3,2,3,8,3,At-Risk
CUST11058,Bengaluru,54,Female,158,6,5334.74,889.12,2,3,2,7,3,At-Risk
CUST11059,Mumbai,29,Male,67,8,4980.52,622.57,3,3,2,8,1,Lost
CUST11060,Pune,38,Female,161,4,2266.87,566.72,2,2,1,5,1,Lost
CUST11061,Trichy,18,Female,151,4,3593.163125,872.92,2,2,2,6,3,At-Risk
CUST11062,Hyderabad,18,Female,104,4,7769.71,1942.43,3,2,3,8,3,At-Risk
CUST11063,Bengaluru,43,Male,45,12,8347.454113,1301.06,4,4,3,11,2,Loyal Customers
CUST11064,Bengaluru,34,Female,15,15,16637.59,1109.17,5,5,4,14,0,Champions
CUST11065,Delhi,47,Male,13,19,35338.93,1859.94,5,5,5,15,0,Champions
CUST11066,Coimbatore,19,Female,92,4,5048.27,1262.07,3,2,2,7,2,Loyal Customers
CUST11067,Chennai,40,Male,365,2,5916.272493,1544.68,1,1,2,4,3,At-Risk
CUST11068,Bengaluru,55,Male,65,6,3952.07,658.68,3,3,2,8,1,Lost
CUST11069,Madurai,39,Male,24,15,15863.42,1057.56,5,5,4,14,0,Champions
CUST11070,Madurai,37,Female,72,5,6064.26,1212.85,3,2,3,8,2,Loyal Customers
CUST11071,Coimbatore,34,Male,280,2,2695.97,1347.98,1,1,2,4,3,At-Risk
CUST11072,Chennai,18,Male,275,2,2352.93,1176.46,1,1,1,3,2,Loyal Customers
CUST11073,Chennai,49,Male,95,5,6587.31,1317.46,3,2,3,8,3,At-Risk
CUST11074,Trichy,27,Female,183,2,951.35,475.68,2,1,1,4,1,Lost
CUST11075,Bengaluru,40,Female,11,12,32809.89,2734.16,5,4,5,14,0,Champions
CUST11076,Bengaluru,18,Female,16,24,42895.32,1787.3,5,5,5,15,0,Champions
CUST11077,Delhi,21,Female,29,15,26296.17,1753.08,4,5,5,14,0,Champions
CUST11078,Coimbatore,50,Male,55,1,6782.63,6782.63,4,1,3,8,3,At-Risk
CUST11079,Kochi,30,Male,15,19,25949.15,1365.74,5,5,5,15,0,Champions
CUST11080,Hyderabad,50,Female,147,6,8866.45,1477.74,2,3,3,8,3,At-Risk
CUST11081,Chennai,33,Male,86,7,5074.7,724.96,3,3,2,8,3,At-Risk
CUST11082,Bengaluru,18,Male,23,8,18767.72928,1250.51,5,3,5,13,0,Champions
CUST11083,Pune,44,Male,231,2,931.13,465.56,1,1,1,3,1,Lost
CUST11084,Kochi,28,Male,1,19,32883.52,1730.71,5,5,5,15,0,Champions
CUST11085,Bengaluru,42,Male,51,15,13147.46,876.5,4,5,4,13,0,Champions
CUST11086,Mumbai,34,Male,365,2,1154.31,577.16,1,1,1,3,1,Lost
CUST11087,Chennai,18,Male,19,15,25364.83,1690.99,5,5,5,15,0,Champions
CUST11088,Trichy,36,Male,136,4,3253.26,813.32,2,2,2,6,1,Lost
CUST11089,Coimbatore,58,Male,365,3,3218.586768,917.31,1,2,2,5,3,At-Risk
CUST11090,Kochi,39,Male,269,1,2073.33,2073.33,1,1,1,3,3,At-Risk
CUST11091,Delhi,33,Male,365,1,2868.66,2868.66,1,1,2,4,3,At-Risk
CUST11092,Mumbai,46,Female,100,9,17301.05,1922.34,3,4,5,12,3,At-Risk
CUST11093,Mumbai,36,Male,142,9,7425.63,825.07,2,4,3,9,3,At-Risk
CUST11094,Coimbatore,36,Female,8,25,42546.23,1701.85,5,5,5,15,0,Champions
CUST11095,Chennai,22,Female,46,3,12230.49,4076.83,4,2,4,10,3,At-Risk
CUST11096,Coimbatore,37,Female,24,12,29537.54,2461.46,5,4,5,14,0,Champions
CUST11097,Coimbatore,45,Male,73,14,17666.09705,786.7,3,5,5,13,0,Champions
CUST11098,Hyderabad,25,Male,256,1,3002.8,3002.8,1,1,2,4,3,At-Risk
CUST11099,Bengaluru,50,Male,61,9,14318.32,1590.92,3,4,4,11,3,At-Risk
CUST11100,Chennai,33,Female,82,3,7887.57,2629.19,3,2,3,8,3,At-Risk
CUST11101,Kochi,24,Male,91,4,8495.957995,2129.1,3,2,3,8,3,At-Risk
CUST11102,Pune,45,Female,11,9,12557.66,1395.3,5,4,4,13,0,Champions
CUST11103,Kochi,31,Female,275,3,1274.05,424.68,1,2,1,4,1,Lost
CUST11104,Trichy,42,Male,68,12,7202.21,600.18,3,4,3,10,0,Champions
CUST11105,Chennai,31,Male,72,3,8464.63,2821.54,3,2,3,8,2,Loyal Customers
CUST11106,Bengaluru,33,Female,6,11,17878.72377,1120.94,5,4,5,14,0,Champions
CUST11107,Hyderabad,39,Male,38,19,42726.00663,1338.88,4,5,5,14,0,Champions
CUST11108,Delhi,37,Male,122,5,2467.71,493.54,2,2,1,5,2,Loyal Customers
CUST11109,Chennai,18,Female,339,2,2032.07,1016.04,1,1,1,3,1,Lost
CUST11110,Hyderabad,22,Male,30,19,23677.72,1246.2,4,5,5,14,2,Loyal Customers
CUST11111,Coimbatore,44,Female,24,18,20536.41,1140.91,5,5,5,15,0,Champions
CUST11112,Coimbatore,33,Female,26,12,22977.96,1914.83,5,4,5,14,0,Champions
CUST11113,Mumbai,28,Female,256,2,1987.01,993.5,1,1,1,3,1,Lost
CUST11114,Mumbai,19,Male,123,6,6637.05,1106.18,2,3,3,8,3,At-Risk
CUST11115,Mumbai,22,Male,114,1,10290.19,10290.19,3,1,4,8,3,At-Risk
CUST11116,Chennai,18,Female,37,15,11480.65,765.38,4,5,4,13,0,Champions
CUST11117,Pune,33,Male,235,1,1672.21,1672.21,1,1,1,3,3,At-Risk
CUST11118,Coimbatore,27,Male,145,2,1465.16,732.58,2,1,1,4,1,Lost
CUST11119,Chennai,23,Male,224,1,3184.76,3184.76,2,1,2,5,3,At-Risk
CUST11120,Pune,33,Male,223,1,2051.97,2051.97,2,1,1,4,3,At-Risk
CUST11121,Kochi,38,Male,108,3,5752.2,1917.4,3,2,2,7,3,At-Risk
CUST11122,Pune,57,Female,101,7,6380.651172,1254.7,3,3,3,9,3,At-Risk
CUST11123,Hyderabad,18,Male,290,2,2013.14,1006.57,1,1,1,3,1,Lost
CUST11124,Delhi,47,Male,282,2,605.011694,598.61,1,1,1,3,1,Lost
CUST11125,Mumbai,45,Female,8,22,25194.61,1145.21,5,5,5,15,0,Champions
CUST11126,Chennai,25,Other,23,22,24098.89,1095.4,5,5,5,15,0,Champions
CUST11127,Bengaluru,36,Male,365,3,2675.21,891.74,1,2,2,5,1,Lost
CUST11128,Bengaluru,29,Male,38,10,12660.16,1266.02,4,4,4,12,0,Champions
CUST11129,Coimbatore,36,Female,217,3,994.89,331.63,2,2,1,5,1,Lost
CUST11130,Delhi,51,Female,31,8,12634.2,1579.28,4,3,4,11,0,Champions
CUST11131,Bengaluru,41,Female,35,15,22734.6,1515.64,4,5,5,14,0,Champions
CUST11132,Chennai,40,Female,8,22,44790.73,2035.94,5,5,5,15,0,Champions
CUST11133,Coimbatore,29,Male,33,20,19759.24,987.96,4,5,5,14,2,Loyal Customers
CUST11134,Delhi,18,Female,63,5,16701.82,3340.36,3,2,4,9,3,At-Risk
CUST11135,Chennai,32,Male,188,6,7208.74,1201.46,2,3,3,8,3,At-Risk
CUST11136,Pune,47,Female,137,3,7950.99,2650.33,2,2,3,7,3,At-Risk
CUST11137,Bengaluru,18,Female,364,1,2454.91,2454.91,1,1,1,3,3,At-Risk
CUST11138,Bengaluru,22,Female,28,13,5577.47,429.04,4,4,2,10,0,Champions
CUST11139,Mumbai,35,Male,199,8,3436.33,429.54,2,3,2,7,1,Lost
CUST11140,Hyderabad,23,Male,171,4,10584.56,2646.14,2,2,4,8,3,At-Risk
CUST11141,Madurai,25,Female,188,3,7248.75,2416.25,2,2,3,7,3,At-Risk
CUST11142,Delhi,29,Female,77,6,7298.76,1216.46,3,3,3,9,3,At-Risk
CUST11143,Mumbai,19,Female,10,12,29173.06,2431.09,5,4,5,14,0,Champions
CUST11144,Coimbatore,23,Male,6,14,32740.17,2338.58,5,5,5,15,0,Champions
CUST11145,Pune,42,Male,18,24,33040.86,1376.7,5,5,5,15,0,Champions
CUST11146,Hyderabad,20,Male,22,20,27531.14,1376.56,5,5,5,15,0,Champions
CUST11147,Delhi,18,Male,144,8,1844.93,230.62,2,3,1,6,1,Lost
CUST11148,Pune,27,Female,21,11,11695.8,1063.25,5,4,4,13,0,Champions
CUST11149,Pune,42,Male,293,2,2482.23,1241.12,1,1,1,3,3,At-Risk
CUST11150,Delhi,32,Female,328,2,1587.48,793.74,1,1,1,3,1,Lost
CUST11151,Hyderabad,29,Female,325,1,2317.65,2317.65,1,1,1,3,3,At-Risk
CUST11152,Delhi,34,Female,147,2,2185.67,1092.84,2,1,1,4,3,At-Risk
CUST11153,Delhi,18,Male,50,11,8958.95,814.45,4,4,3,11,0,Champions
CUST11154,Mumbai,39,Female,103,6,7986.36,1331.06,3,3,3,9,3,At-Risk
CUST11155,Hyderabad,38,Male,24,15,26074.38,1738.29,5,5,5,15,0,Champions
CUST11156,Chennai,29,Female,279,2,1960.64,980.32,1,1,1,3,1,Lost
CUST11157,Pune,45,Male,264,3,2012.94,670.98,1,2,1,4,1,Lost
CUST11158,Pune,22,Male,212,2,2061.78,1030.89,2,1,1,4,3,At-Risk
CUST11159,Chennai,46,Male,41,11,15479.05,1407.19,4,4,4,12,0,Champions
CUST11160,Hyderabad,36,Male,53,8,7266.03,908.25,4,3,3,10,3,At-Risk
CUST11161,Chennai,30,Female,5,14,31612.38,2258.03,5,5,5,15,0,Champions
CUST11162,Madurai,34,Male,19,15,30132.17,2008.81,5,5,5,15,0,Champions
CUST11163,Delhi,33,Female,180,8,10060.48,1257.56,2,3,3,8,3,At-Risk
CUST11164,Chennai,47,Other,20,8,15015.65,1876.96,5,3,4,12,0,Champions
CUST11165,Hyderabad,22,Male,308,1,2129.91,2129.91,1,1,1,3,3,At-Risk
CUST11166,Hyderabad,26,Female,8,16,25928.33,1620.52,5,5,5,15,0,Champions
CUST11167,Mumbai,45,Male,365,3,2060.24,686.75,1,2,1,4,1,Lost
CUST11168,Chennai,27,Male,58,7,14031.52,2004.5,3,3,4,10,3,At-Risk
CUST11169,Madurai,44,Male,120,1,896.14,896.14,2,1,1,4,1,Lost
CUST11170,Mumbai,53,Female,248,2,1847.79,923.9,1,1,1,3,1,Lost
CUST11171,Trichy,30,Male,205,1,2264.95,2264.95,2,1,1,4,3,At-Risk
CUST11172,Delhi,41,Female,54,10,9184.67,918.47,4,4,3,11,0,Champions
CUST11173,Coimbatore,21,Male,284,1,2097.29,2097.29,1,1,1,3,2,Loyal Customers
CUST11174,Delhi,42,Female,1,14,15504.97,1107.5,5,5,4,14,0,Champions
CUST11175,Mumbai,36,Male,6,9,24256.61,2695.18,5,4,5,14,0,Champions
CUST11176,Hyderabad,39,Female,49,13,8762.960236,1195.53,4,4,3,11,0,Champions
CUST11177,Chennai,27,Female,260,3,2953.75,984.58,1,2,2,5,1,Lost
CUST11178,Hyderabad,18,Female,39,15,5879.48,391.97,4,5,2,11,0,Champions
CUST11179,Mumbai,40,Female,244,1,2620.09,2620.09,1,1,2,4,3,At-Risk
CUST11180,Kochi,18,Female,173,3,8293.984631,1740.61,2,2,3,7,3,At-Risk
CUST11181,Madurai,31,Male,54,12,5058.76,421.56,4,4,2,10,1,Lost
CUST11182,Delhi,44,Male,321,1,1129.59,1129.59,1,1,1,3,1,Lost
CUST11183,Kochi,36,Male,7,24,18827.6,784.48,5,5,5,15,0,Champions
CUST11184,Chennai,55,Male,228,4,2904.692773,458.34,2,2,2,6,1,Lost
CUST11185,Kochi,45,Male,69,10,6896.52,689.65,3,4,3,10,3,At-Risk
CUST11186,Delhi,27,Male,78,7,3530.85,504.41,3,3,2,8,1,Lost
CUST11187,Chennai,34,Male,39,11,11866.1,1078.74,4,4,4,12,0,Champions
CUST11188,Madurai,33,Other,20,23,22662.72,985.34,5,5,5,15,0,Champions
CUST11189,Delhi,18,Male,58,10,14700.66,1470.07,3,4,4,11,0,Champions
CUST11190,Chennai,24,Female,39,7,375.5089885,28.57,4,3,1,8,1,Lost
CUST11191,Mumbai,28,Male,63,10,17290.97,1729.1,3,4,5,12,0,Champions
CUST11192,Madurai,18,Female,30,6,19847.8392,2087.41,4,3,5,12,0,Champions
CUST11193,Mumbai,35,Female,103,2,4294.4,2147.2,3,1,2,6,3,At-Risk
CUST11194,Chennai,31,Male,365,1,1688.66,1688.66,1,1,1,3,3,At-Risk
CUST11195,Pune,18,Male,88,6,4737.55,789.59,3,3,2,8,3,At-Risk
CUST11196,Trichy,38,Male,236,4,1995.65,498.91,1,2,1,4,1,Lost
CUST11197,Kochi,42,Male,92,5,3202.88,640.58,3,2,2,7,1,Lost
CUST11198,Delhi,36,Female,111,7,9225.4,1317.91,3,3,3,9,3,At-Risk
CUST11199,Chennai,30,Female,101,7,13927.38081,1331.32,3,3,4,10,3,At-Risk
CUST11200,Hyderabad,41,Male,27,10,5728.91,572.89,4,4,2,10,0,Champions
CUST11201,Chennai,41,Male,93,6,5510.52,918.42,3,3,2,8,3,At-Risk
CUST11202,Chennai,37,Male,27,12,28265.79,2355.48,4,4,5,13,2,Loyal Customers
CUST11203,Madurai,25,Male,171,2,1997.02,998.51,2,1,1,4,1,Lost
CUST11204,Bengaluru,37,Female,314,1,2611.52,2611.52,1,1,2,4,3,At-Risk
CUST11205,Hyderabad,47,Male,36,15,12403.79,826.92,4,5,4,13,0,Champions
CUST11206,Delhi,27,Female,365,3,2177.33,725.78,1,2,1,4,1,Lost
CUST11207,Bengaluru,57,Male,1,19,30869.89,1624.73,5,5,5,15,0,Champions
CUST11208,Coimbatore,28,Male,52,12,16370.1,1364.18,4,4,4,12,0,Champions
CUST11209,Trichy,34,Female,19,13,42243.62,3249.51,5,4,5,14,0,Champions
CUST11210,Bengaluru,27,Male,329,3,3230.55,1076.85,1,2,2,5,3,At-Risk
CUST11211,Bengaluru,36,Other,186,6,5018.1,836.35,2,3,2,7,3,At-Risk
CUST11212,Chennai,18,Female,365,1,2241.0,2241.0,1,1,1,3,2,Loyal Customers
CUST11213,Hyderabad,28,Male,3,17,23700.75,1394.16,5,5,5,15,0,Champions
CUST11214,Delhi,22,Male,154,6,1461.3,243.55,2,3,1,6,1,Lost
CUST11215,Coimbatore,35,Female,136,5,7739.9,1547.98,2,2,3,7,3,At-Risk
CUST11216,Chennai,45,Female,21,16,34197.01,2137.31,5,5,5,15,0,Champions
CUST11217,Delhi,41,Female,150,5,10133.6,2026.72,2,2,4,8,3,At-Risk
CUST11218,Delhi,18,Male,9,16,30447.68,1902.98,5,5,5,15,0,Champions
CUST11219,Coimbatore,56,Other,81,7,14397.76,2056.82,3,3,4,10,3,At-Risk
CUST11220,Kochi,37,Male,35,10,16396.29,1639.63,4,4,4,12,0,Champions
CUST11221,Chennai,25,Female,121,8,4407.01,550.88,2,3,2,7,1,Lost
CUST11222,Bengaluru,36,Female,4,28,38367.98,1370.28,5,5,5,15,0,Champions
CUST11223,Kochi,36,Male,61,7,6535.01,933.57,3,3,3,9,3,At-Risk
CUST11224,Bengaluru,27,Female,38,10,10343.98,1034.4,4,4,4,12,0,Champions
CUST11225,Delhi,36,Male,47,13,8301.23,638.56,4,4,3,11,2,Loyal Customers
CUST11226,Bengaluru,27,Other,75,12,18870.32,1572.53,3,4,5,12,0,Champions
CUST11227,Coimbatore,30,Male,60,17,14557.45,856.32,3,5,4,12,0,Champions
CUST11228,Trichy,26,Female,171,8,5708.04,713.5,2,3,2,7,3,At-Risk
CUST11229,Bengaluru,18,Male,20,14,23388.04,1670.57,5,5,5,15,0,Champions
CUST11230,Pune,36,Female,266,1,1169.41,1169.41,1,1,1,3,1,Lost
CUST11231,Coimbatore,40,Female,143,5,7085.73,1417.15,2,2,3,7,3,At-Risk
CUST11232,Coimbatore,40,Male,23,16,32609.83,2038.11,5,5,5,15,0,Champions
CUST11233,Chennai,43,Male,13,14,12729.13397,1423.72,5,5,4,14,0,Champions
CUST11234,Delhi,38,Female,234,3,2205.546183,510.91,1,2,1,4,1,Lost
CUST11235,Bengaluru,28,Male,12,14,14215.63,1015.4,5,5,4,14,0,Champions
CUST11236,Pune,43,Female,1,23,30490.09,1325.66,5,5,5,15,0,Champions
CUST11237,Bengaluru,19,Male,24,10,23772.39,2377.24,5,4,5,14,0,Champions
CUST11238,Kochi,24,Female,53,5,10311.05,2062.21,4,2,4,10,2,Loyal Customers
CUST11239,Coimbatore,23,Male,132,5,6499.44,1299.89,2,2,3,7,3,At-Risk
CUST11240,Pune,46,Male,287,2,2603.79,1301.9,1,1,2,4,3,At-Risk
CUST11241,Hyderabad,44,Male,260,3,385.83,128.61,1,2,1,4,1,Lost
CUST11242,Hyderabad,39,Male,34,11,10129.56,920.87,4,4,4,12,0,Champions
CUST11243,Hyderabad,46,Male,70,12,9101.3,758.44,3,4,3,10,0,Champions
CUST11244,Hyderabad,24,Male,77,9,13275.39236,1269.85,3,4,4,11,3,At-Risk
CUST11245,Mumbai,38,Female,23,14,20157.49,1439.82,5,5,5,15,0,Champions
CUST11246,Chennai,33,Female,15,25,17859.38,714.38,5,5,5,15,0,Champions
CUST11247,Chennai,43,Female,1,19,29287.8,1541.46,5,5,5,15,0,Champions
CUST11248,Kochi,33,Male,27,19,40061.66,2108.51,4,5,5,14,0,Champions
CUST11249,Mumbai,30,Female,22,7,17513.43,2501.92,5,3,5,13,0,Champions
CUST11250,Hyderabad,40,Male,29,14,10535.52,752.54,4,5,4,13,0,Champions
CUST11251,Bengaluru,44,Female,320,3,654.12,218.04,1,2,1,4,1,Lost
CUST11252,Chennai,27,Male,151,2,6488.57,3244.28,2,1,3,6,3,At-Risk
CUST11253,Chennai,33,Male,338,4,2010.7,502.68,1,2,1,4,1,Lost
CUST11254,Delhi,22,Male,59,13,12497.75,961.37,3,4,4,11,0,Champions
CUST11255,Bengaluru,18,Female,65,9,12386.76,1376.31,3,4,4,11,0,Champions
CUST11256,Coimbatore,36,Male,45,11,12157.99,1105.27,4,4,4,12,0,Champions
CUST11257,Bengaluru,41,Female,95,14,9390.41,670.74,3,5,3,11,2,Loyal Customers
CUST11258,Chennai,37,Male,4,29,18756.45256,852.78,5,5,5,15,0,Champions
CUST11259,Mumbai,18,Female,343,2,2950.92,1475.46,1,1,2,4,2,Loyal Customers
CUST11260,Coimbatore,30,Female,311,2,3307.04,1653.52,1,1,2,4,3,At-Risk
CUST11261,Hyderabad,18,Male,10,19,32722.16,1722.22,5,5,5,15,0,Champions
CUST11262,Madurai,49,Male,38,14,27181.87,1941.56,4,5,5,14,0,Champions
CUST11263,Bengaluru,22,Female,61,13,11450.84,880.83,3,4,4,11,2,Loyal Customers
CUST11264,Chennai,48,Female,40,6,11279.59,1879.93,4,3,4,11,3,At-Risk
CUST11265,Chennai,44,Male,29,11,11969.74,1088.16,4,4,4,12,0,Champions
CUST11266,Bengaluru,24,Female,8,17,17684.94,1040.29,5,5,5,15,0,Champions
CUST11267,Bengaluru,22,Female,26,9,15774.07,1752.67,5,4,4,13,0,Champions
CUST11268,Mumbai,38,Male,102,13,29429.75829,1464.81,3,4,5,12,0,Champions
CUST11269,Madurai,25,Female,35,13,8638.26,664.48,4,4,3,11,0,Champions
CUST11270,Delhi,35,Male,22,12,33878.49,2823.21,5,4,5,14,0,Champions
CUST11271,Pune,29,Male,78,14,10432.03,745.15,3,5,4,12,0,Champions
CUST11272,Hyderabad,18,Female,295,2,1782.89,891.44,1,1,1,3,1,Lost
CUST11273,Chennai,18,Male,74,7,8699.95,1242.85,3,3,3,9,2,Loyal Customers
CUST11274,Bengaluru,36,Male,328,2,3060.83,1530.42,1,1,2,4,3,At-Risk
CUST11275,Chennai,28,Female,162,3,2072.27,690.76,2,2,1,5,1,Lost
CUST11276,Coimbatore,28,Female,293,2,468.59,234.3,1,1,1,3,1,Lost
CUST11277,Trichy,42,Female,283,3,1991.92,663.97,1,2,1,4,1,Lost
CUST11278,Chennai,47,Female,86,4,11102.85836,1612.08,3,2,4,9,3,At-Risk
CUST11279,Bengaluru,31,Female,293,3,1381.09,460.36,1,2,1,4,1,Lost
CUST11280,Mumbai,30,Male,21,24,19242.46,801.77,5,5,5,15,0,Champions
CUST11281,Delhi,40,Male,58,8,12748.41,1593.55,3,3,4,10,3,At-Risk
CUST11282,Mumbai,19,Female,275,2,2918.23,1459.12,1,1,2,4,3,At-Risk
CUST11283,Chennai,36,Male,306,3,1974.32,658.11,1,2,1,4,1,Lost
CUST11284,Madurai,40,Female,246,1,722.09,722.09,1,1,1,3,1,Lost
CUST11285,Mumbai,41,Female,365,1,765.9728107,500.29,1,1,1,3,1,Lost
CUST11286,Chennai,18,Male,308,3,1979.02,659.67,1,2,1,4,1,Lost
CUST11287,Bengaluru,26,Female,125,8,2437.42,304.68,2,3,1,6,1,Lost
CUST11288,Chennai,24,Male,289,3,200.0,66.67,1,2,1,4,1,Lost
CUST11289,Chennai,35,Male,95,4,2383.02,595.76,3,2,1,6,1,Lost
CUST11290,Bengaluru,39,Other,238,1,1481.83,1481.83,1,1,1,3,3,At-Risk
CUST11291,Chennai,50,Male,329,1,2231.03,2231.03,1,1,1,3,3,At-Risk
CUST11292,Mumbai,29,Male,292,2,942.98,471.49,1,1,1,3,1,Lost
CUST11293,Delhi,29,Male,65,9,3980.01,442.22,3,4,2,9,1,Lost
CUST11294,Hyderabad,47,Female,21,13,9846.6,757.43,5,4,3,12,0,Champions
CUST11295,Coimbatore,37,Female,19,21,28173.01,1341.57,5,5,5,15,0,Champions
CUST11296,Chennai,48,Female,235,1,2993.99,2993.99,1,1,2,4,3,At-Risk
CUST11297,Chennai,37,Female,58,7,8532.23,1218.89,3,3,3,9,3,At-Risk
CUST11298,Delhi,21,Male,32,8,12959.19,1619.9,4,3,4,11,0,Champions
CUST11299,Delhi,19,Female,18,24,25267.84,1052.83,5,5,5,15,0,Champions
CUST11300,Chennai,18,Female,277,1,3191.01,3191.01,1,1,2,4,3,At-Risk
CUST11301,Kochi,41,Male,318,2,983.3,491.65,1,1,1,3,1,Lost
CUST11302,Chennai,47,Male,313,4,1701.96,425.49,1,2,1,4,1,Lost
CUST11303,Mumbai,54,Other,59,6,5161.61,860.27,3,3,2,8,3,At-Risk
CUST11304,Delhi,43,Female,70,5,16414.51,3282.9,3,2,4,9,3,At-Risk
CUST11305,Pune,47,Female,34,12,1896.67,158.06,4,4,1,9,1,Lost
CUST11306,Delhi,28,Female,19,24,35144.62,1464.36,5,5,5,15,0,Champions
CUST11307,Hyderabad,21,Female,309,1,2994.69,2994.69,1,1,2,4,3,At-Risk
CUST11308,Madurai,43,Female,18,16,19534.79,1220.92,5,5,5,15,0,Champions
CUST11309,Hyderabad,39,Female,147,6,4675.99,779.33,2,3,2,7,3,At-Risk
CUST11310,Chennai,35,Male,20,3,4632.06,1544.02,5,2,2,9,3,At-Risk
CUST11311,Pune,38,Female,93,4,5655.86,1413.96,3,2,2,7,3,At-Risk
CUST11312,Mumbai,38,Male,365,2,3908.850459,999.34,1,1,2,4,1,Lost
CUST11313,Hyderabad,48,Female,12,13,19318.47785,2394.38,5,4,5,14,0,Champions
CUST11314,Bengaluru,48,Male,342,2,605.52,302.76,1,1,1,3,1,Lost
CUST11315,Delhi,40,Male,30,18,21281.62,1182.31,4,5,5,14,0,Champions
CUST11316,Mumbai,43,Male,2,14,23911.16,1707.94,5,5,5,15,2,Loyal Customers
CUST11317,Delhi,40,Male,37,8,18298.05649,1745.89,4,3,5,12,0,Champions
CUST11318,Chennai,29,Male,25,19,200.0,10.53,5,5,1,11,1,Lost
CUST11319,Chennai,42,Male,354,3,1856.68,618.89,1,2,1,4,1,Lost
CUST11320,Coimbatore,19,Other,89,8,10255.27,1281.91,3,3,4,10,3,At-Risk
CUST11321,Chennai,46,Male,23,24,44736.79,1864.03,5,5,5,15,0,Champions
CUST11322,Pune,21,Male,22,17,32404.46,1906.14,5,5,5,15,0,Champions
CUST11323,Coimbatore,37,Female,98,4,3965.628292,1405.5,3,2,2,7,3,At-Risk
CUST11324,Trichy,25,Female,324,2,1147.07,573.54,1,1,1,3,1,Lost
CUST11325,Madurai,40,Male,66,15,16638.31009,677.28,3,5,4,12,0,Champions
CUST11326,Coimbatore,34,Female,46,7,4034.26,576.32,4,3,2,9,2,Loyal Customers
CUST11327,Hyderabad,18,Female,245,4,3108.2,777.05,1,2,2,5,1,Lost
CUST11328,Delhi,39,Male,136,2,6063.11,3031.56,2,1,3,6,2,Loyal Customers
CUST11329,Bengaluru,28,Male,46,11,13841.69,1258.34,4,4,4,12,2,Loyal Customers
CUST11330,Mumbai,44,Female,98,3,9317.075613,3462.57,3,2,3,8,3,At-Risk
CUST11331,Delhi,34,Female,165,9,4742.94,526.99,2,4,2,8,1,Lost
CUST11332,Coimbatore,38,Female,95,5,3047.49,609.5,3,2,2,7,1,Lost
CUST11333,Trichy,23,Male,116,4,4747.52,1186.88,2,2,2,6,3,At-Risk
CUST11334,Trichy,28,Male,217,2,2605.93,1302.96,2,1,2,5,3,At-Risk
CUST11335,Delhi,29,Female,31,10,8414.12,841.41,4,4,3,11,0,Champions
CUST11336,Coimbatore,43,Male,247,3,1686.24,562.08,1,2,1,4,1,Lost
CUST11337,Delhi,52,Male,120,8,6321.91,790.24,2,3,3,8,2,Loyal Customers
CUST11338,Chennai,25,Female,130,7,7720.6,1102.94,2,3,3,8,3,At-Risk
CUST11339,Chennai,46,Male,26,19,21861.22,1150.59,5,5,5,15,0,Champions
CUST11340,Coimbatore,18,Female,43,9,16785.04,1865.0,4,4,4,12,0,Champions
CUST11341,Bengaluru,21,Female,209,1,1284.661238,2142.15,2,1,1,4,3,At-Risk
CUST11342,Pune,23,Male,98,7,7211.608904,1216.74,3,3,3,9,3,At-Risk
CUST11343,Delhi,19,Female,14,18,19002.75,1055.71,5,5,5,15,0,Champions
CUST11344,Delhi,18,Male,103,4,3385.71,846.43,3,2,2,7,3,At-Risk
CUST11345,Bengaluru,39,Female,1,22,24034.81,1092.49,5,5,5,15,0,Champions
CUST11346,Madurai,32,Male,297,2,691.88,345.94,1,1,1,3,1,Lost
CUST11347,Bengaluru,38,Male,365,1,1246.22,1246.22,1,1,1,3,2,Loyal Customers
CUST11348,Trichy,42,Female,14,15,33735.04,2249.0,5,5,5,15,0,Champions
CUST11349,Chennai,37,Male,273,3,3553.28,1184.43,1,2,2,5,3,At-Risk
CUST11350,Pune,41,Female,365,2,3510.190659,1026.76,1,1,2,4,3,At-Risk
CUST11351,Mumbai,33,Male,49,15,15653.12,1043.54,4,5,4,13,0,Champions
CUST11352,Bengaluru,21,Male,134,4,3622.89,905.72,2,2,2,6,3,At-Risk
CUST11353,Delhi,46,Male,66,11,14273.41,1297.58,3,4,4,11,2,Loyal Customers
CUST11354,Bengaluru,28,Male,139,6,5191.84,865.31,2,3,2,7,3,At-Risk
CUST11355,Pune,24,Male,27,9,15172.9,1685.88,4,4,4,12,0,Champions
CUST11356,Pune,32,Female,40,8,9017.52,1127.19,4,3,3,10,0,Champions
CUST11357,Bengaluru,24,Female,46,10,9521.5,952.15,4,4,3,11,0,Champions
CUST11358,Coimbatore,29,Female,5,7,12863.32,1837.62,5,3,4,12,0,Champions
CUST11359,Mumbai,38,Other,276,2,2930.09,1465.04,1,1,2,4,3,At-Risk
CUST11360,Pune,38,Male,58,7,15009.74,2144.25,3,3,4,10,3,At-Risk
CUST11361,Coimbatore,24,Female,27,13,8929.08,686.85,4,4,3,11,2,Loyal Customers
CUST11362,Mumbai,29,Male,274,2,2232.01,1116.01,1,1,1,3,1,Lost
CUST11363,Delhi,46,Female,89,6,7711.23,1285.2,3,3,3,9,3,At-Risk
CUST11364,Delhi,39,Male,137,4,2849.98,712.5,2,2,2,6,1,Lost
CUST11365,Chennai,57,Other,234,3,3314.28,1104.76,1,2,2,5,3,At-Risk
CUST11366,Delhi,47,Female,211,2,200.0,100.0,2,1,1,4,1,Lost
CUST11367,Pune,47,Female,8,20,26867.32,1343.37,5,5,5,15,0,Champions
CUST11368,Chennai,19,Female,19,5,17782.54,3556.51,5,2,5,12,0,Champions
CUST11369,Coimbatore,42,Female,310,1,1811.78,1811.78,1,1,1,3,3,At-Risk
CUST11370,Trichy,33,Female,58,10,10705.64,1070.56,3,4,4,11,0,Champions
CUST11371,Coimbatore,28,Male,15,12,14007.58,1167.3,5,4,4,13,0,Champions
CUST11372,Pune,36,Male,71,11,20397.0,1854.27,3,4,5,12,0,Champions
CUST11373,Bengaluru,44,Male,3,23,42165.13,1833.27,5,5,5,15,0,Champions
CUST11374,Coimbatore,40,Male,168,5,4481.68,896.34,2,2,2,6,3,At-Risk
CUST11375,Pune,24,Female,343,1,3644.78,3644.78,1,1,2,4,3,At-Risk
CUST11376,Bengaluru,42,Male,365,2,2956.17,1478.08,1,1,2,4,3,At-Risk
CUST11377,Mumbai,27,Female,173,3,4538.425385,1108.46,2,2,2,6,3,At-Risk
CUST11378,Bengaluru,36,Other,42,8,9175.11,1146.89,4,3,3,10,3,At-Risk
CUST11379,Mumbai,31,Female,10,20,18928.43,946.42,5,5,5,15,0,Champions
CUST11380,Chennai,32,Male,365,4,1866.03723,498.31,1,2,1,4,1,Lost
CUST11381,Bengaluru,42,Male,14,12,12275.05,1022.92,5,4,4,13,0,Champions
CUST11382,Kochi,23,Male,35,7,16216.73,2316.68,4,3,4,11,3,At-Risk
CUST11383,Coimbatore,55,Male,234,2,1462.89,731.44,1,1,1,3,1,Lost
CUST11384,Delhi,18,Female,148,6,4518.14,753.02,2,3,2,7,3,At-Risk
CUST11385,Madurai,27,Female,53,10,15805.11,1580.51,4,4,4,12,0,Champions
CUST11386,Hyderabad,38,Female,348,3,972.84,324.28,1,2,1,4,1,Lost
CUST11387,Chennai,40,Female,329,1,903.07,903.07,1,1,1,3,1,Lost
CUST11388,Kochi,33,Female,9,15,28643.08,1909.54,5,5,5,15,0,Champions
CUST11389,Bengaluru,33,Male,277,4,3608.802869,701.76,1,2,2,5,1,Lost
CUST11390,Coimbatore,39,Female,34,12,10688.74,890.73,4,4,4,12,0,Champions
CUST11391,Chennai,31,Male,157,8,8354.37,1044.3,2,3,3,8,3,At-Risk
CUST11392,Chennai,49,Male,226,3,2513.21,837.74,2,2,1,5,1,Lost
CUST11393,Mumbai,43,Male,337,2,1933.43,966.72,1,1,1,3,1,Lost
CUST11394,Madurai,44,Male,45,11,9933.08,903.01,4,4,3,11,0,Champions
CUST11395,Hyderabad,23,Male,60,8,11067.46,1383.43,3,3,4,10,3,At-Risk
CUST11396,Bengaluru,33,Male,1,12,45626.48,3802.21,5,4,5,14,0,Champions
CUST11397,Coimbatore,31,Female,127,7,7320.65,1045.81,2,3,3,8,3,At-Risk
CUST11398,Mumbai,23,Female,22,20,33057.21,1652.86,5,5,5,15,0,Champions
CUST11399,Delhi,38,Male,41,14,17791.43,1270.82,4,5,5,14,0,Champions
CUST11400,Chennai,28,Male,68,19,51420.75202,1526.7,3,5,5,13,0,Champions
CUST11401,Chennai,41,Female,41,10,12675.78003,1088.36,4,4,4,12,2,Loyal Customers
CUST11402,Chennai,22,Male,21,17,32053.09,1885.48,5,5,5,15,0,Champions
CUST11403,Delhi,53,Female,303,2,2508.19,1254.1,1,1,1,3,3,At-Risk
CUST11404,Delhi,24,Female,39,12,12312.46,1026.04,4,4,4,12,0,Champions
CUST11405,Bengaluru,36,Male,73,15,10292.85,686.19,3,5,4,12,0,Champions
CUST11406,Hyderabad,43,Male,326,1,2142.45,2142.45,1,1,1,3,3,At-Risk
CUST11407,Hyderabad,28,Male,83,2,8259.3,4129.65,3,1,3,7,3,At-Risk
CUST11408,Mumbai,43,Male,79,13,14822.19,1140.17,3,4,4,11,0,Champions
CUST11409,Pune,20,Male,12,27,43110.97208,918.26,5,5,5,15,0,Champions
CUST11410,Coimbatore,50,Female,88,5,9346.69,1869.34,3,2,3,8,2,Loyal Customers
CUST11411,Chennai,34,Male,5,13,12622.1,970.93,5,4,4,13,0,Champions
CUST11412,Coimbatore,27,Female,227,1,2962.22,2962.22,2,1,2,5,3,At-Risk
CUST11413,Chennai,31,Female,67,11,7986.26,726.02,3,4,3,10,0,Champions
CUST11414,Mumbai,43,Male,50,12,8124.7,677.06,4,4,3,11,0,Champions
CUST11415,Kochi,28,Male,63,11,4005.58,364.14,3,4,2,9,1,Lost
CUST11416,Chennai,26,Male,133,3,5235.87,1745.29,2,2,2,6,3,At-Risk
CUST11417,Chennai,32,Male,167,4,2952.69,738.17,2,2,2,6,1,Lost
CUST11418,Bengaluru,21,Female,26,13,56284.25814,2953.62,5,4,5,14,0,Champions
CUST11419,Kochi,54,Male,158,6,3031.48,505.25,2,3,2,7,1,Lost
CUST11420,Madurai,28,Female,11,27,24805.36,918.72,5,5,5,15,0,Champions
CUST11421,Mumbai,43,Male,34,6,8674.71,1445.78,4,3,3,10,3,At-Risk
CUST11422,Chennai,36,Male,228,1,934.13,934.13,2,1,1,4,1,Lost
CUST11423,Chennai,23,Male,10,11,15175.78,1379.62,5,4,4,13,0,Champions
CUST11424,Trichy,34,Female,321,1,2273.65,2273.65,1,1,1,3,3,At-Risk
CUST11425,Kochi,43,Male,231,7,3047.59,435.37,1,3,2,6,1,Lost
CUST11426,Chennai,32,Male,365,1,331.13,331.13,1,1,1,3,1,Lost
CUST11427,Kochi,47,Female,159,5,1404.73,280.95,2,2,1,5,1,Lost
CUST11428,Delhi,45,Male,16,18,12326.55,684.81,5,5,4,14,0,Champions
CUST11429,Pune,44,Male,57,11,17295.04,1572.28,3,4,5,12,2,Loyal Customers
CUST11430,Bengaluru,29,Female,22,12,17222.65266,1228.52,5,4,5,14,0,Champions
CUST11431,Mumbai,22,Male,15,9,24869.58,2763.29,5,4,5,14,0,Champions
CUST11432,Bengaluru,27,Female,73,4,4853.08,1213.27,3,2,2,7,3,At-Risk
CUST11433,Delhi,36,Female,17,10,14218.53,1421.85,5,4,4,13,0,Champions
CUST11434,Chennai,40,Female,365,1,2494.442828,2133.02,1,1,1,3,3,At-Risk
CUST11435,Chennai,18,Female,19,8,11493.9,1436.74,5,3,4,12,0,Champions
CUST11436,Madurai,34,Female,365,2,2604.3,1302.15,1,1,2,4,3,At-Risk
CUST11437,Delhi,36,Female,330,3,686.28,228.76,1,2,1,4,1,Lost
CUST11438,Coimbatore,31,Female,196,1,1583.54,1583.54,2,1,1,4,3,At-Risk
CUST11439,Delhi,48,Male,57,12,15099.66,1258.3,3,4,4,11,0,Champions
CUST11440,Kochi,39,Male,89,5,5039.44,1007.89,3,2,2,7,3,At-Risk
CUST11441,Chennai,48,Female,48,6,13145.11,2190.85,4,3,4,11,3,At-Risk
CUST11442,Delhi,32,Female,61,14,19217.8,1372.7,3,5,5,13,0,Champions
CUST11443,Bengaluru,44,Male,58,9,11606.22,1289.58,3,4,4,11,2,Loyal Customers
CUST11444,Pune,52,Female,293,1,2009.53,2009.53,1,1,1,3,3,At-Risk
CUST11445,Chennai,48,Male,37,11,17372.03,1579.28,4,4,5,13,0,Champions
CUST11446,Delhi,22,Female,211,5,7968.88,1593.78,2,2,3,7,3,At-Risk
CUST11447,Hyderabad,31,Female,332,2,2233.91,1116.96,1,1,1,3,1,Lost
CUST11448,Kochi,30,Female,7,17,20266.12,1192.12,5,5,5,15,0,Champions
CUST11449,Delhi,39,Male,111,4,6042.29,1510.57,3,2,3,8,3,At-Risk
CUST11450,Bengaluru,42,Female,134,2,1721.4,860.7,2,1,1,4,1,Lost
CUST11451,Mumbai,25,Male,32,23,25750.45,1119.58,4,5,5,14,0,Champions
CUST11452,Pune,35,Male,122,3,4774.18,1591.39,2,2,2,6,3,At-Risk
CUST11453,Mumbai,18,Male,44,12,15496.46,1291.37,4,4,4,12,0,Champions
CUST11454,Chennai,50,Female,319,3,827.71,275.9,1,2,1,4,1,Lost
CUST11455,Kochi,28,Male,35,12,14941.77,1245.15,4,4,4,12,0,Champions
CUST11456,Delhi,35,Male,41,6,3954.03,659.0,4,3,2,9,1,Lost
CUST11457,Delhi,31,Female,82,1,5710.0,5710.0,3,1,2,6,3,At-Risk
CUST11458,Coimbatore,47,Female,20,12,25711.7288,1309.73,5,4,5,14,0,Champions
CUST11459,Delhi,18,Female,53,11,11489.97,1044.54,4,4,4,12,0,Champions
CUST11460,Bengaluru,34,Female,67,8,10224.29,1278.04,3,3,4,10,3,At-Risk
CUST11461,Delhi,33,Male,29,8,6068.35,758.54,4,3,3,10,0,Champions
CUST11462,Chennai,29,Female,318,8,4497.981883,425.32,1,3,2,6,1,Lost
CUST11463,Delhi,53,Female,140,6,8563.52,1427.25,2,3,3,8,3,At-Risk
CUST11464,Trichy,24,Male,83,6,7735.69268,672.54,3,3,3,9,3,At-Risk
CUST11465,Chennai,42,Male,126,8,2489.011191,393.77,2,3,1,6,1,Lost
CUST11466,Trichy,38,Male,71,9,11977.65,1330.85,3,4,4,11,3,At-Risk
CUST11467,Bengaluru,48,Male,1,16,25927.33,1620.46,5,5,5,15,0,Champions
CUST11468,Pune,27,Female,350,2,1945.99,973.0,1,1,1,3,1,Lost
CUST11469,Hyderabad,26,Female,304,2,347.76,173.88,1,1,1,3,1,Lost
CUST11470,Mumbai,46,Female,47,6,12134.21,2022.37,4,3,4,11,3,At-Risk
CUST11471,Delhi,39,Male,47,15,5627.642152,452.53,4,5,2,11,2,Loyal Customers
CUST11472,Pune,18,Male,132,2,8044.7,4022.35,2,1,3,6,3,At-Risk
CUST11473,Bengaluru,28,Female,122,2,7435.41,3717.7,2,1,3,6,3,At-Risk
CUST11474,Madurai,38,Male,153,6,1690.79,281.8,2,3,1,6,1,Lost
CUST11475,Delhi,43,Other,22,11,37579.39,3416.31,5,4,5,14,2,Loyal Customers
CUST11476,Hyderabad,27,Male,142,6,8137.5,1356.25,2,3,3,8,3,At-Risk
CUST11477,Hyderabad,18,Female,14,17,33562.34,1974.26,5,5,5,15,0,Champions
CUST11478,Hyderabad,40,Male,11,14,6106.88,436.21,5,5,3,13,2,Loyal Customers
CUST11479,Bengaluru,21,Male,276,2,1767.36,883.68,1,1,1,3,1,Lost
CUST11480,Hyderabad,18,Male,9,11,13946.48,1267.86,5,4,4,13,0,Champions
CUST11481,Chennai,18,Female,34,14,30106.12,2150.44,4,5,5,14,0,Champions
CUST11482,Mumbai,43,Female,270,2,1558.63,779.32,1,1,1,3,1,Lost
CUST11483,Chennai,35,Male,266,2,1865.73,932.86,1,1,1,3,1,Lost
CUST11484,Madurai,32,Female,209,1,1440.68,1440.68,2,1,1,4,3,At-Risk
CUST11485,Bengaluru,49,Female,48,9,15486.82,1720.76,4,4,4,12,0,Champions
CUST11486,Bengaluru,41,Female,61,9,12761.13,1417.9,3,4,4,11,3,At-Risk
CUST11487,Delhi,52,Female,239,1,492.32,492.32,1,1,1,3,1,Lost
CUST11488,Bengaluru,19,Male,109,2,4146.02,2073.01,3,1,2,6,3,At-Risk
CUST11489,Bengaluru,34,Male,255,1,1633.66,1633.66,1,1,1,3,3,At-Risk
CUST11490,Coimbatore,18,Female,32,12,16603.34,1383.61,4,4,4,12,0,Champions
CUST11491,Bengaluru,31,Female,78,15,11654.46,776.96,3,5,4,12,0,Champions
CUST11492,Coimbatore,31,Other,287,3,2930.82,976.94,1,2,2,5,3,At-Risk
CUST11493,Chennai,41,Female,98,6,5064.74,844.12,3,3,2,8,2,Loyal Customers
CUST11494,Mumbai,35,Male,18,20,27976.44,1398.82,5,5,5,15,0,Champions
CUST11495,Delhi,41,Female,60,8,11782.59,1472.82,3,3,4,10,3,At-Risk
CUST11496,Mumbai,42,Male,114,4,6467.55,1616.89,3,2,3,8,3,At-Risk
CUST11497,Bengaluru,58,Other,11,22,19529.14,887.69,5,5,5,15,0,Champions
CUST11498,Bengaluru,31,Male,27,7,8331.89,1190.27,4,3,3,10,3,At-Risk
CUST11499,Pune,24,Female,46,15,5759.03,383.94,4,5,2,11,0,Champions
CUST11500,Mumbai,37,Female,247,3,3261.46,1087.15,1,2,2,5,3,At-Risk
CUST11501,Bengaluru,25,Male,95,5,19418.65,3883.73,3,2,5,10,3,At-Risk
CUST11502,Chennai,50,Male,228,2,4439.33,2219.66,2,1,2,5,3,At-Risk
CUST11503,Madurai,31,Female,20,7,16525.2,2360.74,5,3,4,12,2,Loyal Customers
CUST11504,Bengaluru,28,Female,98,3,7466.56,2488.85,3,2,3,8,3,At-Risk
CUST11505,Bengaluru,29,Male,13,13,10550.6,811.58,5,4,4,13,0,Champions
CUST11506,Mumbai,42,Female,220,4,13009.5637,1778.42,2,2,4,8,3,At-Risk
CUST11507,Mumbai,32,Female,326,3,3691.65,1230.55,1,2,2,5,3,At-Risk
CUST11508,Mumbai,27,Male,302,2,803.06,401.53,1,1,1,3,1,Lost
CUST11509,Hyderabad,52,Male,121,1,5875.45,5875.45,2,1,2,5,3,At-Risk
CUST11510,Hyderabad,25,Female,84,4,4938.39,1234.6,3,2,2,7,3,At-Risk
CUST11511,Delhi,34,Female,248,1,1591.56,1591.56,1,1,1,3,3,At-Risk
CUST11512,Kochi,41,Female,310,1,1977.21,1977.21,1,1,1,3,3,At-Risk
CUST11513,Chennai,18,Female,365,3,3442.995989,638.15,1,2,2,5,1,Lost
CUST11514,Coimbatore,39,Male,56,9,6429.95,714.44,4,4,3,11,3,At-Risk
CUST11515,Chennai,22,Male,284,2,2069.53,1034.77,1,1,1,3,1,Lost
CUST11516,Delhi,43,Male,15,14,28905.28,2064.66,5,5,5,15,0,Champions
CUST11517,Pune,23,Male,39,5,12623.01,2524.6,4,2,4,10,3,At-Risk
CUST11518,Coimbatore,42,Female,4,22,34357.13,1561.69,5,5,5,15,0,Champions
CUST11519,Kochi,46,Female,59,13,11599.81,892.29,3,4,4,11,0,Champions
CUST11520,Chennai,43,Male,339,1,4407.59,4407.59,1,1,2,4,3,At-Risk
CUST11521,Kochi,37,Male,244,1,917.95,917.95,1,1,1,3,1,Lost
CUST11522,Bengaluru,31,Female,365,2,1103.369428,643.24,1,1,1,3,1,Lost
CUST11523,Chennai,28,Female,145,4,7030.55,1757.64,2,2,3,7,3,At-Risk
CUST11524,Bengaluru,50,Female,105,6,5704.03,950.67,3,3,2,8,3,At-Risk
CUST11525,Coimbatore,26,Female,86,5,10513.39,2102.68,3,2,4,9,3,At-Risk
CUST11526,Madurai,23,Female,70,13,10904.03,838.77,3,4,4,11,0,Champions
CUST11527,Madurai,41,Female,271,2,3643.83,1821.92,1,1,2,4,3,At-Risk
CUST11528,Hyderabad,25,Male,106,6,7466.02,1244.34,3,3,3,9,3,At-Risk
CUST11529,Mumbai,24,Male,130,1,3691.46,3691.46,2,1,2,5,3,At-Risk
CUST11530,Madurai,18,Male,123,3,4806.0,1602.0,2,2,2,6,3,At-Risk
CUST11531,Mumbai,29,Male,198,1,1384.02,1384.02,2,1,1,4,3,At-Risk
CUST11532,Delhi,33,Female,49,8,12603.70303,1295.49,4,3,4,11,0,Champions
CUST11533,Coimbatore,37,Female,67,14,13525.08,966.08,3,5,4,12,0,Champions
CUST11534,Bengaluru,44,Male,263,1,2393.58,2393.58,1,1,1,3,3,At-Risk
CUST11535,Chennai,40,Male,137,6,6120.48,1020.08,2,3,3,8,2,Loyal Customers
CUST11536,Coimbatore,32,Male,263,1,3034.66,3034.66,1,1,2,4,3,At-Risk
CUST11537,Delhi,32,Male,89,14,15272.7,1090.91,3,5,4,12,0,Champions
CUST11538,Coimbatore,40,Female,46,10,13609.56,1360.96,4,4,4,12,0,Champions
CUST11539,Mumbai,48,Female,132,3,2486.5,828.83,2,2,1,5,1,Lost
CUST11540,Delhi,35,Female,61,9,11517.93,1279.77,3,4,4,11,0,Champions
CUST11541,Chennai,29,Female,156,4,9248.58,2312.14,2,2,3,7,3,At-Risk
CUST11542,Mumbai,23,Female,33,17,11371.09,668.89,4,5,4,13,0,Champions
CUST11543,Coimbatore,18,Female,45,12,15747.26,1312.27,4,4,4,12,0,Champions
CUST11544,Kochi,41,Male,172,7,9527.76,1361.11,2,3,3,8,3,At-Risk
CUST11545,Bengaluru,40,Female,7,14,27133.33,1938.1,5,5,5,15,0,Champions
CUST11546,Hyderabad,40,Female,247,1,3844.323818,2191.77,1,1,2,4,3,At-Risk
CUST11547,Mumbai,33,Female,269,1,2938.61,2938.61,1,1,2,4,3,At-Risk
CUST11548,Chennai,49,Male,41,11,13853.78,1259.43,4,4,4,12,0,Champions
CUST11549,Delhi,29,Male,131,1,5009.66,5009.66,2,1,2,5,3,At-Risk
CUST11550,Kochi,45,Male,77,6,3665.91,610.98,3,3,2,8,1,Lost
CUST11551,Mumbai,34,Female,61,14,12290.76,877.91,3,5,4,12,0,Champions
CUST11552,Hyderabad,27,Male,69,11,11856.39,1077.85,3,4,4,11,0,Champions
CUST11553,Pune,41,Female,43,8,13381.08,1672.64,4,3,4,11,0,Champions
CUST11554,Coimbatore,39,Female,109,4,3346.26,836.56,3,2,2,7,3,At-Risk
CUST11555,Coimbatore,38,Male,80,4,6631.07,1657.77,3,2,3,8,3,At-Risk
CUST11556,Mumbai,35,Female,188,7,11759.46,1679.92,2,3,4,9,3,At-Risk
CUST11557,Bengaluru,34,Female,351,3,1106.93,368.98,1,2,1,4,1,Lost
CUST11558,Hyderabad,60,Male,199,7,7347.74,1049.68,2,3,3,8,3,At-Risk
CUST11559,Pune,47,Female,146,7,2015.22,287.89,2,3,1,6,1,Lost
CUST11560,Bengaluru,42,Male,293,2,1503.64,751.82,1,1,1,3,1,Lost
CUST11561,Coimbatore,35,Male,76,10,10126.61,1012.66,3,4,4,11,0,Champions
CUST11562,Hyderabad,45,Female,365,2,4945.445308,1267.82,1,1,2,4,3,At-Risk
CUST11563,Coimbatore,40,Female,154,9,4184.99,465.0,2,4,2,8,2,Loyal Customers
CUST11564,Hyderabad,34,Other,351,1,200.0,200.0,1,1,1,3,1,Lost
CUST11565,Bengaluru,31,Female,130,8,4440.21,555.03,2,3,2,7,1,Lost
CUST11566,Delhi,33,Female,76,13,15286.16,1175.86,3,4,4,11,2,Loyal Customers
CUST11567,Chennai,18,Female,135,3,3944.99,1315.0,2,2,2,6,3,At-Risk
CUST11568,Mumbai,36,Female,43,4,4076.795252,1924.14,4,2,2,8,3,At-Risk
CUST11569,Bengaluru,29,Female,56,5,5030.27,1006.05,4,2,2,8,2,Loyal Customers
CUST11570,Mumbai,52,Male,35,9,10354.17,1150.46,4,4,4,12,0,Champions
CUST11571,Chennai,34,Female,272,2,3416.58,1708.29,1,1,2,4,3,At-Risk
CUST11572,Delhi,21,Male,117,4,6923.49,1730.87,2,2,3,7,2,Loyal Customers
CUST11573,Pune,33,Female,111,9,7917.784264,856.11,3,4,3,10,3,At-Risk
CUST11574,Coimbatore,22,Male,33,14,14444.42,1031.74,4,5,4,13,0,Champions
CUST11575,Chennai,39,Female,280,1,2303.39,2303.39,1,1,1,3,3,At-Risk
CUST11576,Chennai,37,Male,186,1,2153.03,2153.03,2,1,1,4,3,At-Risk
CUST11577,Delhi,45,Male,354,1,369.49,369.49,1,1,1,3,1,Lost
CUST11578,Mumbai,25,Female,53,8,13315.11711,933.56,4,3,4,11,0,Champions
CUST11579,Mumbai,34,Male,131,7,8729.41,1247.06,2,3,3,8,3,At-Risk
CUST11580,Coimbatore,19,Female,1,13,23721.17,1824.71,5,4,5,14,0,Champions
CUST11581,Bengaluru,42,Male,118,5,7310.51,1462.1,2,2,3,7,3,At-Risk
CUST11582,Mumbai,40,Male,6,12,31716.02,2643.0,5,4,5,14,2,Loyal Customers
CUST11583,Bengaluru,39,Male,127,7,1339.62107,159.23,2,3,1,6,1,Lost
CUST11584,Trichy,34,Female,157,3,3356.74,1118.91,2,2,2,6,3,At-Risk
CUST11585,Chennai,39,Male,64,15,5707.97,380.53,3,5,2,10,0,Champions
CUST11586,Delhi,52,Female,131,6,5604.76,934.13,2,3,2,7,2,Loyal Customers
CUST11587,Bengaluru,31,Male,162,3,749.9501065,237.8,2,2,1,5,1,Lost
CUST11588,Bengaluru,36,Male,16,20,27333.34,1366.67,5,5,5,15,0,Champions
CUST11589,Delhi,22,Male,220,2,1601.42,800.71,2,1,1,4,1,Lost
CUST11590,Delhi,24,Male,18,20,41485.95,2074.3,5,5,5,15,0,Champions
CUST11591,Trichy,35,Female,1,15,37861.83,2524.12,5,5,5,15,0,Champions
CUST11592,Chennai,46,Female,21,14,12252.31,875.16,5,5,4,14,0,Champions
CUST11593,Chennai,31,Female,324,2,2807.43,1403.72,1,1,2,4,3,At-Risk
CUST11594,Delhi,31,Male,59,10,5214.17,521.42,3,4,2,9,2,Loyal Customers
CUST11595,Mumbai,30,Male,149,2,200.0,100.0,2,1,1,4,1,Lost
CUST11596,Coimbatore,28,Male,109,3,6368.2,2122.73,3,2,3,8,3,At-Risk
CUST11597,Chennai,37,Female,15,18,56688.04986,1982.0,5,5,5,15,0,Champions
CUST11598,Chennai,18,Male,187,2,8153.55,4076.78,2,1,3,6,3,At-Risk
CUST11599,Pune,48,Female,21,26,34061.87,1310.07,5,5,5,15,0,Champions
CUST11600,Coimbatore,27,Male,254,2,2788.36,1394.18,1,1,2,4,3,At-Risk
CUST11601,Madurai,42,Male,13,13,17678.66,1359.9,5,4,5,14,0,Champions
CUST11602,Coimbatore,20,Male,22,8,11255.17347,850.6,5,3,4,12,0,Champions
CUST11603,Bengaluru,41,Male,334,2,1639.97,819.98,1,1,1,3,1,Lost
CUST11604,Chennai,41,Female,186,2,2271.144044,888.29,2,1,1,4,1,Lost
CUST11605,Mumbai,38,Male,61,9,15026.38,1669.6,3,4,4,11,3,At-Risk
CUST11606,Chennai,23,Female,237,1,2253.59,2253.59,1,1,1,3,3,At-Risk
CUST11607,Hyderabad,37,Male,45,18,11180.86,621.16,4,5,4,13,0,Champions
CUST11608,Coimbatore,21,Female,255,1,2269.32,2269.32,1,1,1,3,3,At-Risk
CUST11609,Mumbai,31,Male,119,7,6107.96,872.57,2,3,3,8,3,At-Risk
CUST11610,Pune,45,Female,72,16,17141.95,1071.37,3,5,4,12,0,Champions
CUST11611,Delhi,43,Female,68,10,7180.74,718.07,3,4,3,10,0,Champions
CUST11612,Mumbai,34,Female,9,8,33303.95,4162.99,5,3,5,13,0,Champions
CUST11613,Madurai,23,Male,74,8,11624.19,1453.02,3,3,4,10,3,At-Risk
CUST11614,Madurai,41,Female,74,10,13598.34,1359.83,3,4,4,11,0,Champions
CUST11615,Delhi,34,Male,133,7,6126.77,875.25,2,3,3,8,3,At-Risk
CUST11616,Trichy,18,Male,159,1,1287.57,1287.57,2,1,1,4,2,Loyal Customers
CUST11617,Delhi,43,Male,11,20,31010.61,1550.53,5,5,5,15,0,Champions
CUST11618,Mumbai,34,Male,122,6,6594.49,1099.08,2,3,3,8,3,At-Risk
CUST11619,Delhi,47,Other,104,5,5362.45,1072.49,3,2,2,7,3,At-Risk
CUST11620,Bengaluru,22,Male,323,2,2624.91,1312.46,1,1,2,4,3,At-Risk
CUST11621,Chennai,18,Female,121,2,6217.21,3108.6,2,1,3,6,3,At-Risk
CUST11622,Mumbai,37,Female,42,3,8814.58,2938.19,4,2,3,9,3,At-Risk
CUST11623,Kochi,37,Female,48,11,7317.94,665.27,4,4,3,11,0,Champions
CUST11624,Chennai,18,Female,22,6,16127.05,2687.84,5,3,4,12,0,Champions
CUST11625,Delhi,23,Male,10,17,32851.4,1932.44,5,5,5,15,0,Champions
CUST11626,Coimbatore,64,Female,24,10,14042.72,1404.27,5,4,4,13,0,Champions
CUST11627,Mumbai,31,Male,9,14,31940.88,2281.49,5,5,5,15,0,Champions
CUST11628,Chennai,42,Female,87,3,6485.179358,1930.07,3,2,3,8,3,At-Risk
CUST11629,Bengaluru,27,Female,3,14,5562.85,397.35,5,5,2,12,0,Champions
CUST11630,Hyderabad,18,Other,134,5,5924.47,1184.89,2,2,2,6,3,At-Risk
CUST11631,Madurai,32,Male,10,21,26873.39295,1505.81,5,5,5,15,0,Champions
CUST11632,Delhi,31,Male,273,1,200.0,200.0,1,1,1,3,1,Lost
CUST11633,Hyderabad,30,Male,264,1,1549.58,1549.58,1,1,1,3,2,Loyal Customers
CUST11634,Kochi,33,Male,23,5,11849.03,2369.81,5,2,4,11,3,At-Risk
CUST11635,Coimbatore,37,Male,46,12,13543.83,1128.65,4,4,4,12,0,Champions
CUST11636,Bengaluru,32,Female,183,7,5916.04,845.15,2,3,2,7,2,Loyal Customers
CUST11637,Chennai,20,Male,38,22,49606.93,2254.86,4,5,5,14,0,Champions
CUST11638,Trichy,39,Male,34,14,9639.77,688.56,4,5,3,12,0,Champions
CUST11639,Kochi,18,Female,41,8,6080.54,760.07,4,3,3,10,3,At-Risk
CUST11640,Mumbai,18,Female,264,3,2153.68,717.89,1,2,1,4,1,Lost
CUST11641,Hyderabad,42,Male,281,2,1655.05,827.52,1,1,1,3,1,Lost
CUST11642,Mumbai,40,Male,134,7,9244.43,1320.63,2,3,3,8,3,At-Risk
CUST11643,Mumbai,33,Male,91,2,3229.87,1614.94,3,1,2,6,2,Loyal Customers
CUST11644,Chennai,19,Male,308,2,213.9748218,100.0,1,1,1,3,1,Lost
CUST11645,Hyderabad,26,Female,249,4,5424.822788,689.51,1,2,2,5,1,Lost
CUST11646,Chennai,31,Male,198,1,751.61,751.61,2,1,1,4,1,Lost
CUST11647,Hyderabad,18,Female,8,7,27390.51,3912.93,5,3,5,13,0,Champions
CUST11648,Hyderabad,26,Female,12,15,35490.7,2366.05,5,5,5,15,0,Champions
CUST11649,Delhi,41,Female,62,4,10439.62,2609.91,3,2,4,9,3,At-Risk
CUST11650,Chennai,50,Male,151,4,3059.05,764.76,2,2,2,6,1,Lost
CUST11651,Madurai,29,Male,14,30,24232.08,807.74,5,5,5,15,2,Loyal Customers
CUST11652,Coimbatore,42,Female,8,21,34325.13,1634.53,5,5,5,15,0,Champions
CUST11653,Bengaluru,18,Male,315,3,1932.49,644.16,1,2,1,4,1,Lost
CUST11654,Chennai,41,Male,310,2,2153.03,1076.52,1,1,1,3,1,Lost
CUST11655,Kochi,25,Male,55,15,13113.84,874.26,4,5,4,13,0,Champions
CUST11656,Mumbai,37,Male,292,3,2019.83,673.28,1,2,1,4,1,Lost
CUST11657,Madurai,31,Female,97,1,4364.45,4364.45,3,1,2,6,3,At-Risk
CUST11658,Bengaluru,49,Male,345,2,3169.01,1584.5,1,1,2,4,2,Loyal Customers
CUST11659,Bengaluru,24,Female,39,8,20844.97,2605.62,4,3,5,12,0,Champions
CUST11660,Mumbai,41,Male,24,21,40955.07279,1691.17,5,5,5,15,0,Champions
CUST11661,Mumbai,31,Female,23,11,10452.06,950.19,5,4,4,13,0,Champions
CUST11662,Pune,32,Female,44,9,18276.96,2030.77,4,4,5,13,0,Champions
CUST11663,Bengaluru,32,Female,146,6,7861.85,1310.31,2,3,3,8,3,At-Risk
CUST11664,Trichy,25,Male,1,24,30915.41,1288.14,5,5,5,15,2,Loyal Customers
CUST11665,Pune,34,Male,282,1,1946.74,1946.74,1,1,1,3,3,At-Risk
CUST11666,Coimbatore,33,Male,27,9,8990.84,998.98,4,4,3,11,0,Champions
CUST11667,Kochi,37,Female,40,8,12862.18,1607.77,4,3,4,11,0,Champions
CUST11668,Chennai,35,Female,136,5,8575.79,1715.16,2,2,3,7,3,At-Risk
CUST11669,Hyderabad,43,Female,139,5,2491.25,498.25,2,2,1,5,1,Lost
CUST11670,Bengaluru,44,Male,72,12,15086.09,1257.17,3,4,4,11,0,Champions
CUST11671,Pune,22,Female,347,2,2427.46,1213.73,1,1,1,3,3,At-Risk
CUST11672,Pune,44,Male,121,8,3268.25,408.53,2,3,2,7,1,Lost
CUST11673,Hyderabad,21,Female,135,5,6694.61,1338.92,2,2,3,7,2,Loyal Customers
CUST11674,Hyderabad,40,Male,115,4,11861.05,2965.26,3,2,4,9,3,At-Risk
CUST11675,Madurai,41,Female,10,18,41353.98,2297.44,5,5,5,15,0,Champions
CUST11676,Chennai,18,Male,95,6,9115.66,1519.28,3,3,3,9,3,At-Risk
CUST11677,Bengaluru,35,Male,364,2,1944.1,972.05,1,1,1,3,1,Lost
CUST11678,Chennai,29,Female,23,22,20925.79,951.17,5,5,5,15,0,Champions
CUST11679,Delhi,26,Male,40,13,11966.35,920.49,4,4,4,12,0,Champions
CUST11680,Madurai,49,Female,315,1,2612.96,2612.96,1,1,2,4,3,At-Risk
CUST11681,Trichy,27,Female,80,10,10809.06,1080.91,3,4,4,11,3,At-Risk
CUST11682,Delhi,25,Female,38,6,21083.21334,2484.08,4,3,5,12,3,At-Risk
CUST11683,Hyderabad,35,Male,235,4,3393.5,848.38,1,2,2,5,1,Lost
CUST11684,Chennai,42,Male,33,11,19565.82,1778.71,4,4,5,13,0,Champions
CUST11685,Pune,32,Female,12,22,24102.23,1095.56,5,5,5,15,0,Champions
CUST11686,Kochi,47,Male,272,2,2137.54,1068.77,1,1,1,3,1,Lost
CUST11687,Bengaluru,40,Female,354,3,2781.85,927.28,1,2,2,5,1,Lost
CUST11688,Mumbai,18,Male,23,11,13202.35,1200.21,5,4,4,13,0,Champions
CUST11689,Hyderabad,28,Male,116,7,8806.906078,768.54,2,3,3,8,3,At-Risk
CUST11690,Chennai,28,Male,190,1,3455.33,3455.33,2,1,2,5,3,At-Risk
CUST11691,Mumbai,39,Male,25,6,200.0,33.33,5,3,1,9,1,Lost
CUST11692,Bengaluru,18,Male,44,9,9935.76,1103.97,4,4,3,11,0,Champions
CUST11693,Chennai,62,Female,7,21,29699.04,1414.24,5,5,5,15,0,Champions
CUST11694,Bengaluru,40,Female,68,16,11240.99,702.56,3,5,4,12,0,Champions
CUST11695,Chennai,36,Male,256,3,3357.18,1119.06,1,2,2,5,3,At-Risk
CUST11696,Chennai,47,Female,365,3,3157.723202,538.24,1,2,2,5,1,Lost
CUST11697,Chennai,60,Male,228,2,3036.43,1518.22,2,1,2,5,3,At-Risk
CUST11698,Kochi,44,Female,332,2,2248.77,1124.38,1,1,1,3,3,At-Risk
CUST11699,Mumbai,44,Female,113,6,6204.11,1034.02,3,3,3,9,3,At-Risk
CUST11700,Kochi,35,Female,35,5,22078.83,4415.77,4,2,5,11,3,At-Risk
CUST11701,Bengaluru,32,Male,303,1,3117.23,3117.23,1,1,2,4,2,Loyal Customers
CUST11702,Madurai,29,Male,181,5,6905.74,1381.15,2,2,3,7,3,At-Risk
CUST11703,Mumbai,25,Male,149,5,5043.26,1008.65,2,2,2,6,3,At-Risk
CUST11704,Bengaluru,26,Female,19,16,35046.45,2190.4,5,5,5,15,0,Champions
CUST11705,Chennai,19,Male,237,2,2568.63,1284.32,1,1,2,4,3,At-Risk
CUST11706,Delhi,33,Female,63,3,12539.63,4179.88,3,2,4,9,3,At-Risk
CUST11707,Coimbatore,18,Male,69,8,9622.35,1202.79,3,3,3,9,3,At-Risk
CUST11708,Mumbai,36,Female,129,5,3873.19,774.64,2,2,2,6,1,Lost
CUST11709,Delhi,34,Male,91,3,6397.91,2132.64,3,2,3,8,3,At-Risk
CUST11710,Chennai,36,Male,30,12,7419.73,618.31,4,4,3,11,0,Champions
CUST11711,Chennai,28,Male,316,1,2275.67,2275.67,1,1,1,3,3,At-Risk
CUST11712,Hyderabad,68,Male,56,7,7997.352448,670.91,4,3,3,10,2,Loyal Customers
CUST11713,Bengaluru,49,Male,59,7,13454.34,1922.05,3,3,4,10,3,At-Risk
CUST11714,Chennai,20,Female,48,13,14618.57,1124.51,4,4,4,12,2,Loyal Customers
CUST11715,Trichy,37,Male,160,4,3644.35,911.09,2,2,2,6,3,At-Risk
CUST11716,Chennai,27,Male,344,3,1771.63926,811.32,1,2,1,4,1,Lost
CUST11717,Delhi,23,Female,227,1,2255.24,2255.24,2,1,1,4,3,At-Risk
CUST11718,Trichy,19,Male,237,3,2294.33,764.78,1,2,1,4,1,Lost
CUST11719,Coimbatore,39,Female,24,19,29435.44,1549.23,5,5,5,15,0,Champions
CUST11720,Chennai,27,Other,17,15,38286.07,2552.4,5,5,5,15,0,Champions
CUST11721,Chennai,45,Male,115,8,10681.12,1335.14,3,3,4,10,2,Loyal Customers
CUST11722,Madurai,45,Male,31,11,10413.22,946.66,4,4,4,12,0,Champions
CUST11723,Chennai,49,Male,306,1,1841.17,1841.17,1,1,1,3,3,At-Risk
CUST11724,Delhi,25,Female,183,9,9791.86,1087.98,2,4,3,9,3,At-Risk
CUST11725,Chennai,39,Female,336,2,1748.28,874.14,1,1,1,3,1,Lost
CUST11726,Mumbai,41,Female,38,11,11940.12,1085.47,4,4,4,12,0,Champions
CUST11727,Trichy,29,Female,81,8,7644.78,955.6,3,3,3,9,3,At-Risk
CUST11728,Hyderabad,26,Male,149,2,3551.848708,3112.14,2,1,2,5,3,At-Risk
CUST11729,Mumbai,52,Female,44,12,7318.15,609.85,4,4,3,11,0,Champions
CUST11730,Madurai,37,Female,86,2,4349.59,2174.8,3,1,2,6,3,At-Risk
CUST11731,Mumbai,41,Female,14,9,12531.71,1392.41,5,4,4,13,0,Champions
CUST11732,Mumbai,25,Female,60,9,13925.98,1547.33,3,4,4,11,3,At-Risk
CUST11733,Bengaluru,21,Female,35,12,9859.34,821.61,4,4,3,11,0,Champions
CUST11734,Chennai,28,Male,7,18,22706.48,1261.47,5,5,5,15,0,Champions
CUST11735,Pune,33,Male,61,3,5948.03,1982.68,3,2,3,8,3,At-Risk
CUST11736,Bengaluru,22,Male,1,6,18761.81,3126.97,5,3,5,13,0,Champions
CUST11737,Coimbatore,34,Male,20,12,18875.37,1572.95,5,4,5,14,0,Champions
CUST11738,Bengaluru,18,Female,45,4,8651.57,2162.89,4,2,3,9,3,At-Risk
CUST11739,Bengaluru,22,Male,30,9,13133.91,1459.32,4,4,4,12,0,Champions
CUST11740,Hyderabad,41,Female,79,13,15393.27,1184.1,3,4,4,11,0,Champions
CUST11741,Delhi,41,Male,11,14,30465.03,2176.07,5,5,5,15,0,Champions
CUST11742,Hyderabad,30,Male,83,5,10098.24,2019.65,3,2,3,8,3,At-Risk
CUST11743,Chennai,23,Female,124,1,8171.64,8171.64,2,1,3,6,3,At-Risk
CUST11744,Bengaluru,23,Female,92,4,6509.23,1627.31,3,2,3,8,3,At-Risk
CUST11745,Bengaluru,30,Female,251,3,3763.17,1254.39,1,2,2,5,3,At-Risk
CUST11746,Chennai,41,Male,33,11,11690.84,1062.8,4,4,4,12,2,Loyal Customers
CUST11747,Coimbatore,44,Male,1,8,8309.94,1038.74,5,3,3,11,0,Champions
CUST11748,Hyderabad,29,Male,313,1,2477.53,2477.53,1,1,1,3,3,At-Risk
CUST11749,Chennai,21,Male,23,13,11246.09,865.08,5,4,4,13,0,Champions
CUST11750,Mumbai,37,Male,163,7,7364.03,1052.0,2,3,3,8,3,At-Risk
CUST11751,Coimbatore,25,Female,55,4,6284.54,1571.14,4,2,3,9,3,At-Risk
CUST11752,Chennai,28,Female,32,11,17429.37,1584.49,4,4,5,13,0,Champions
CUST11753,Coimbatore,49,Female,365,3,1426.7,475.57,1,2,1,4,1,Lost
CUST11754,Trichy,43,Female,22,17,27382.56,1610.74,5,5,5,15,0,Champions
CUST11755,Hyderabad,36,Male,29,12,11320.43,943.37,4,4,4,12,0,Champions
CUST11756,Kochi,20,Female,55,6,14149.46,2358.24,4,3,4,11,3,At-Risk
CUST11757,Bengaluru,36,Male,24,13,14690.88,1130.07,5,4,4,13,2,Loyal Customers
CUST11758,Chennai,46,Female,16,10,9486.81,948.68,5,4,3,12,0,Champions
CUST11759,Mumbai,30,Male,53,4,6990.69,1747.67,4,2,3,9,3,At-Risk
CUST11760,Bengaluru,49,Male,204,3,1722.58,574.19,2,2,1,5,1,Lost
CUST11761,Hyderabad,48,Female,301,2,3056.26,1528.13,1,1,2,4,3,At-Risk
CUST11762,Chennai,52,Female,94,19,15305.72485,589.99,3,5,4,12,0,Champions
CUST11763,Bengaluru,37,Female,330,3,1263.81,421.27,1,2,1,4,1,Lost
CUST11764,Chennai,40,Female,144,4,8451.41,2112.85,2,2,3,7,3,At-Risk
CUST11765,Madurai,50,Male,57,3,17337.93,5779.31,3,2,5,10,3,At-Risk
CUST11766,Delhi,39,Male,274,2,517.97,258.98,1,1,1,3,1,Lost
CUST11767,Bengaluru,28,Male,121,6,7292.57,1215.43,2,3,3,8,3,At-Risk
CUST11768,Bengaluru,29,Female,205,7,8146.38,1163.77,2,3,3,8,2,Loyal Customers
CUST11769,Bengaluru,37,Female,40,14,7531.21,537.94,4,5,3,12,0,Champions
CUST11770,Bengaluru,20,Male,45,9,20511.67,2279.07,4,4,5,13,0,Champions
CUST11771,Hyderabad,32,Female,354,3,591.55,197.18,1,2,1,4,1,Lost
CUST11772,Pune,46,Female,160,4,6403.47,1600.87,2,2,3,7,3,At-Risk
CUST11773,Kochi,18,Male,100,5,5364.69,1072.94,3,2,2,7,3,At-Risk
CUST11774,Hyderabad,51,Female,92,4,4629.59,1157.4,3,2,2,7,3,At-Risk
CUST11775,Madurai,46,Female,365,4,271.02,67.76,1,2,1,4,1,Lost
CUST11776,Delhi,29,Female,55,5,9020.51,1804.1,4,2,3,9,3,At-Risk
CUST11777,Bengaluru,40,Male,180,2,4331.73,2165.86,2,1,2,5,3,At-Risk
CUST11778,Coimbatore,34,Male,30,13,32342.91,2487.92,4,4,5,13,0,Champions
CUST11779,Hyderabad,48,Male,61,5,1987.07,397.41,3,2,1,6,1,Lost
CUST11780,Chennai,45,Male,128,4,3720.15,930.04,2,2,2,6,3,At-Risk
CUST11781,Pune,19,Female,1,15,27780.78,1852.05,5,5,5,15,0,Champions
CUST11782,Bengaluru,40,Male,115,2,3647.87,1823.94,3,1,2,6,3,At-Risk
CUST11783,Delhi,32,Female,64,8,7281.93,910.24,3,3,3,9,3,At-Risk
CUST11784,Delhi,35,Female,16,17,25279.84,1487.05,5,5,5,15,0,Champions
CUST11785,Pune,26,Male,30,11,12529.24,1139.02,4,4,4,12,0,Champions
CUST11786,Delhi,53,Male,52,13,20833.39,1602.57,4,4,5,13,0,Champions
CUST11787,Mumbai,45,Female,68,15,7992.266893,290.41,3,5,3,11,2,Loyal Customers
CUST11788,Chennai,26,Female,41,14,11435.94,816.85,4,5,4,13,0,Champions
CUST11789,Mumbai,19,Male,106,6,4731.64,788.61,3,3,2,8,1,Lost
CUST11790,Chennai,30,Female,301,2,701.19,350.6,1,1,1,3,1,Lost
CUST11791,Delhi,39,Male,134,6,9905.61,1650.94,2,3,3,8,3,At-Risk
CUST11792,Mumbai,37,Male,1,20,27400.5,1370.02,5,5,5,15,0,Champions
CUST11793,Delhi,48,Female,266,3,819.13,273.04,1,2,1,4,1,Lost
CUST11794,Chennai,43,Male,217,6,5544.397051,934.35,2,3,2,7,3,At-Risk
CUST11795,Chennai,45,Female,39,23,28230.79,1227.43,4,5,5,14,0,Champions
CUST11796,Delhi,38,Male,339,1,3385.24,3385.24,1,1,2,4,3,At-Risk
CUST11797,Chennai,19,Male,48,7,13905.06,1986.44,4,3,4,11,3,At-Risk
CUST11798,Chennai,32,Male,138,3,6604.42,2201.47,2,2,3,7,3,At-Risk
CUST11799,Chennai,46,Female,45,13,12134.6,933.43,4,4,4,12,0,Champions
CUST11800,Kochi,33,Male,50,11,9292.385969,1229.79,4,4,3,11,0,Champions
CUST11801,Delhi,40,Female,331,1,1953.82,1953.82,1,1,1,3,3,At-Risk
CUST11802,Bengaluru,30,Male,55,8,9127.87,1140.98,4,3,3,10,3,At-Risk
CUST11803,Madurai,23,Male,10,16,25560.15,1597.51,5,5,5,15,0,Champions
CUST11804,Madurai,33,Female,129,2,1636.74,818.37,2,1,1,4,1,Lost
CUST11805,Hyderabad,37,Male,280,1,556.59,556.59,1,1,1,3,1,Lost
CUST11806,Delhi,27,Female,126,1,6683.3,6683.3,2,1,3,6,2,Loyal Customers
CUST11807,Coimbatore,31,Male,15,9,9601.11,1066.79,5,4,3,12,0,Champions
CUST11808,Chennai,24,Female,22,25,26374.94,1055.0,5,5,5,15,0,Champions
CUST11809,Chennai,46,Male,256,1,1856.87,1856.87,1,1,1,3,3,At-Risk
CUST11810,Delhi,31,Female,15,23,24771.25,1077.01,5,5,5,15,0,Champions
CUST11811,Hyderabad,50,Male,7,21,34853.32,1659.68,5,5,5,15,0,Champions
CUST11812,Coimbatore,51,Male,205,6,14356.99768,1661.49,2,3,4,9,3,At-Risk
CUST11813,Chennai,33,Male,6,19,29552.17,1555.38,5,5,5,15,0,Champions
CUST11814,Chennai,23,Male,31,20,46054.02,2302.7,4,5,5,14,0,Champions
CUST11815,Kochi,18,Male,18,8,11406.31,1425.79,5,3,4,12,2,Loyal Customers
CUST11816,Madurai,18,Male,25,24,29285.64,1220.23,5,5,5,15,0,Champions
CUST11817,Hyderabad,19,Female,34,24,23593.14,983.05,4,5,5,14,0,Champions
CUST11818,Mumbai,49,Female,16,25,49365.4,1974.62,5,5,5,15,0,Champions
CUST11819,Bengaluru,35,Female,38,10,7480.45,748.04,4,4,3,11,0,Champions
CUST11820,Coimbatore,38,Female,124,4,4561.04,1140.26,2,2,2,6,3,At-Risk
CUST11821,Chennai,18,Male,197,3,384.88817,87.56,2,2,1,5,1,Lost
CUST11822,Mumbai,21,Male,82,8,11821.25,1477.66,3,3,4,10,2,Loyal Customers
CUST11823,Hyderabad,44,Male,94,3,5443.69,1814.56,3,2,2,7,3,At-Risk
CUST11824,Delhi,37,Female,34,18,48218.6376,1739.39,4,5,5,14,0,Champions
CUST11825,Mumbai,32,Male,12,21,35921.0,1710.52,5,5,5,15,0,Champions
CUST11826,Chennai,40,Male,28,7,10445.02,1492.15,4,3,4,11,0,Champions
CUST11827,Kochi,52,Female,120,2,5734.5,2867.25,2,1,2,5,3,At-Risk
CUST11828,Hyderabad,32,Male,91,4,8841.34,2210.34,3,2,3,8,3,At-Risk
CUST11829,Madurai,35,Female,67,8,15560.70332,1170.03,3,3,4,10,3,At-Risk
CUST11830,Trichy,36,Female,41,11,10119.82,919.98,4,4,4,12,0,Champions
CUST11831,Mumbai,60,Male,12,25,32736.82,1309.47,5,5,5,15,0,Champions
CUST11832,Mumbai,18,Male,268,1,1630.58,1630.58,1,1,1,3,3,At-Risk
CUST11833,Delhi,42,Male,34,12,13282.03,1106.84,4,4,4,12,0,Champions
CUST11834,Hyderabad,33,Female,61,4,11440.95745,1796.62,3,2,4,9,3,At-Risk
CUST11835,Delhi,40,Male,115,3,9082.27,3027.42,3,2,3,8,3,At-Risk
CUST11836,Chennai,27,Female,121,6,6444.15,1074.02,2,3,3,8,3,At-Risk
CUST11837,Madurai,33,Female,275,3,4064.49,1354.83,1,2,2,5,3,At-Risk
CUST11838,Kochi,42,Male,228,2,2663.8,1331.9,2,1,2,5,3,At-Risk
CUST11839,Coimbatore,68,Male,157,5,5568.49,1113.7,2,2,2,6,3,At-Risk
CUST11840,Bengaluru,43,Female,100,1,8946.81,8946.81,3,1,3,7,3,At-Risk
CUST11841,Bengaluru,25,Male,34,9,4717.36,524.15,4,4,2,10,1,Lost
CUST11842,Bengaluru,29,Female,324,4,1790.2,447.55,1,2,1,4,1,Lost
CUST11843,Mumbai,29,Male,49,14,11083.64,791.69,4,5,4,13,0,Champions
CUST11844,Kochi,18,Female,5,15,32984.09,2198.94,5,5,5,15,0,Champions
CUST11845,Coimbatore,30,Female,73,9,21269.42,2363.27,3,4,5,12,0,Champions
CUST11846,Chennai,42,Female,16,16,32285.23,2017.83,5,5,5,15,0,Champions
CUST11847,Coimbatore,20,Male,128,6,7219.04,1203.17,2,3,3,8,3,At-Risk
CUST11848,Pune,46,Male,125,9,4161.17,462.35,2,4,2,8,1,Lost
CUST11849,Delhi,39,Female,54,9,7655.56,850.62,4,4,3,11,0,Champions
CUST11850,Madurai,26,Male,7,18,19183.32,1065.74,5,5,5,15,0,Champions
CUST11851,Hyderabad,32,Male,365,3,2698.12,899.37,1,2,2,5,1,Lost
CUST11852,Pune,52,Female,229,3,1478.46,492.82,1,2,1,4,1,Lost
CUST11853,Hyderabad,42,Male,196,2,1199.32,599.66,2,1,1,4,1,Lost
CUST11854,Pune,34,Male,29,12,17142.0,1428.5,4,4,4,12,0,Champions
CUST11855,Coimbatore,31,Male,281,2,3704.13,1852.06,1,1,2,4,3,At-Risk
CUST11856,Hyderabad,35,Female,96,1,8493.55,8493.55,3,1,3,7,3,At-Risk
CUST11857,Bengaluru,28,Female,100,10,12218.62,1221.86,3,4,4,11,3,At-Risk
CUST11858,Hyderabad,18,Male,19,22,30940.23,1406.37,5,5,5,15,0,Champions
CUST11859,Delhi,56,Male,47,10,9588.17,958.82,4,4,3,11,0,Champions
CUST11860,Hyderabad,36,Male,17,23,17401.11,756.57,5,5,5,15,0,Champions
CUST11861,Delhi,38,Female,278,3,857.73,285.91,1,2,1,4,1,Lost
CUST11862,Chennai,33,Male,15,17,27277.41992,1565.01,5,5,5,15,0,Champions
CUST11863,Mumbai,26,Female,33,2,6717.43,3358.72,4,1,3,8,3,At-Risk
CUST11864,Trichy,32,Male,73,10,12558.73,1255.87,3,4,4,11,0,Champions
CUST11865,Kochi,18,Other,36,5,17813.59,3562.72,4,2,5,11,3,At-Risk
CUST11866,Chennai,59,Male,123,3,5478.77,1826.26,2,2,2,6,2,Loyal Customers
CUST11867,Chennai,20,Female,32,10,22195.06,2219.51,4,4,5,13,0,Champions
CUST11868,Chennai,23,Male,350,3,1645.88,548.63,1,2,1,4,1,Lost
CUST11869,Delhi,29,Male,78,6,10443.16,1740.53,3,3,4,10,2,Loyal Customers
CUST11870,Hyderabad,48,Female,160,1,5172.94,5172.94,2,1,2,5,3,At-Risk
CUST11871,Coimbatore,34,Female,127,5,8232.51,1646.5,2,2,3,7,3,At-Risk
CUST11872,Mumbai,20,Male,206,2,2306.03,1153.02,2,1,1,4,3,At-Risk
CUST11873,Hyderabad,48,Female,248,2,1063.77,531.88,1,1,1,3,1,Lost
CUST11874,Delhi,42,Female,129,7,5777.92,825.42,2,3,2,7,3,At-Risk
CUST11875,Mumbai,40,Female,35,6,13780.72549,1946.02,4,3,4,11,2,Loyal Customers
CUST11876,Mumbai,42,Male,92,5,6972.4,1394.48,3,2,3,8,3,At-Risk
CUST11877,Mumbai,60,Female,151,3,2650.6,883.53,2,2,2,6,1,Lost
CUST11878,Madurai,58,Male,362,1,1693.41,1693.41,1,1,1,3,3,At-Risk
CUST11879,Mumbai,26,Male,15,19,30859.76,1624.2,5,5,5,15,0,Champions
CUST11880,Delhi,52,Female,74,7,16041.48,2291.64,3,3,4,10,3,At-Risk
CUST11881,Pune,38,Male,342,1,4718.111057,2663.91,1,1,2,4,3,At-Risk
CUST11882,Delhi,39,Male,49,8,13363.48,1670.44,4,3,4,11,3,At-Risk
CUST11883,Hyderabad,18,Female,71,9,5710.9,634.54,3,4,2,9,2,Loyal Customers
CUST11884,Chennai,32,Female,83,12,12395.55,1032.96,3,4,4,11,0,Champions
CUST11885,Bengaluru,25,Male,199,8,7654.85,956.86,2,3,3,8,3,At-Risk
CUST11886,Chennai,43,Male,252,3,2585.98,861.99,1,2,2,5,1,Lost
CUST11887,Coimbatore,46,Female,94,7,4042.64,577.52,3,3,2,8,1,Lost
CUST11888,Delhi,18,Male,22,11,18048.94,1640.81,5,4,5,14,0,Champions
CUST11889,Trichy,34,Female,23,13,30673.01,2359.46,5,4,5,14,0,Champions
CUST11890,Chennai,46,Female,36,11,31849.17,2895.38,4,4,5,13,0,Champions
CUST11891,Bengaluru,32,Male,53,8,6962.13,870.27,4,3,3,10,3,At-Risk
CUST11892,Hyderabad,42,Female,279,7,7610.235082,1339.1,1,3,3,7,3,At-Risk
CUST11893,Coimbatore,38,Female,71,4,11852.24,2963.06,3,2,4,9,3,At-Risk
CUST11894,Mumbai,38,Male,115,4,3608.83,902.21,3,2,2,7,1,Lost
CUST11895,Delhi,31,Female,108,5,7124.77,1424.95,3,2,3,8,3,At-Risk
CUST11896,Mumbai,21,Female,16,10,1089.159204,103.4,5,4,1,10,1,Lost
CUST11897,Coimbatore,22,Female,24,11,13552.86,1232.08,5,4,4,13,0,Champions
CUST11898,Bengaluru,42,Female,201,4,1756.99,439.25,2,2,1,5,1,Lost
CUST11899,Hyderabad,34,Male,29,9,11206.17,1245.13,4,4,4,12,0,Champions
CUST11900,Mumbai,32,Male,310,1,2891.334117,3710.66,1,1,2,4,3,At-Risk
CUST11901,Chennai,29,Male,55,10,4683.62,468.36,4,4,2,10,1,Lost
CUST11902,Hyderabad,31,Male,305,1,1334.66,1334.66,1,1,1,3,1,Lost
CUST11903,Chennai,46,Male,214,3,3348.87,1116.29,2,2,2,6,3,At-Risk
CUST11904,Delhi,30,Female,98,3,3926.33,1308.78,3,2,2,7,3,At-Risk
CUST11905,Coimbatore,19,Female,286,3,3174.93,1058.31,1,2,2,5,3,At-Risk
CUST11906,Kochi,42,Female,365,3,3770.88,1256.96,1,2,2,5,3,At-Risk
CUST11907,Bengaluru,32,Female,195,5,8553.49,1710.7,2,2,3,7,3,At-Risk
CUST11908,Madurai,34,Female,46,11,5283.17,480.29,4,4,2,10,1,Lost
CUST11909,Chennai,52,Male,42,12,15900.43,1325.04,4,4,4,12,0,Champions
CUST11910,Madurai,34,Female,134,5,8529.76,1705.95,2,2,3,7,3,At-Risk
CUST11911,Pune,37,Male,142,5,5114.19,1022.84,2,2,2,6,3,At-Risk
CUST11912,Trichy,21,Female,20,12,35906.87608,2524.86,5,4,5,14,2,Loyal Customers
CUST11913,Bengaluru,32,Female,27,20,23145.4,1157.27,4,5,5,14,0,Champions
CUST11914,Bengaluru,41,Male,127,8,11524.07,1440.51,2,3,4,9,3,At-Risk
CUST11915,Delhi,18,Female,48,5,9070.47,1814.09,4,2,3,9,2,Loyal Customers
CUST11916,Pune,36,Female,131,4,8766.56,2191.64,2,2,3,7,3,At-Risk
CUST11917,Mumbai,35,Male,176,3,7767.32,2589.11,2,2,3,7,3,At-Risk
CUST11918,Bengaluru,34,Female,110,3,7626.53,2542.18,3,2,3,8,3,At-Risk
CUST11919,Bengaluru,45,Male,12,25,25911.97,1036.48,5,5,5,15,0,Champions
CUST11920,Delhi,38,Male,57,9,8370.01,930.0,3,4,3,10,3,At-Risk
CUST11921,Chennai,50,Female,58,15,11857.45,790.5,3,5,4,12,0,Champions
CUST11922,Mumbai,23,Female,67,14,9423.19,673.08,3,5,3,11,0,Champions
CUST11923,Bengaluru,35,Female,62,6,8459.82,1409.97,3,3,3,9,3,At-Risk
CUST11924,Hyderabad,35,Female,161,2,2909.004009,1755.44,2,1,2,5,3,At-Risk
CUST11925,Chennai,22,Male,81,13,12400.19,953.86,3,4,4,11,0,Champions
CUST11926,Mumbai,45,Male,17,18,35363.17,1964.62,5,5,5,15,0,Champions
CUST11927,Bengaluru,60,Female,2,19,36542.85,1923.31,5,5,5,15,0,Champions
CUST11928,Delhi,34,Female,259,3,2174.06,724.69,1,2,1,4,1,Lost
CUST11929,Chennai,40,Male,45,12,11189.12,932.43,4,4,4,12,0,Champions
CUST11930,Mumbai,35,Female,222,2,1211.41,605.71,2,1,1,4,1,Lost
CUST11931,Mumbai,26,Female,303,2,4076.8,2038.4,1,1,2,4,3,At-Risk
CUST11932,Mumbai,18,Female,157,5,7931.663411,1297.3,2,2,3,7,3,At-Risk
CUST11933,Mumbai,26,Female,124,8,6957.98,869.75,2,3,3,8,3,At-Risk
CUST11934,Delhi,19,Male,35,15,7200.02,480.0,4,5,3,12,0,Champions
CUST11935,Hyderabad,53,Female,136,6,5041.853515,833.28,2,3,2,7,3,At-Risk
CUST11936,Coimbatore,33,Female,57,16,9955.21,622.2,3,5,3,11,0,Champions
CUST11937,Hyderabad,30,Male,361,2,2150.909265,832.65,1,1,1,3,1,Lost
CUST11938,Bengaluru,44,Female,20,24,18825.74,784.41,5,5,5,15,0,Champions
CUST11939,Chennai,22,Male,365,1,1186.46,1186.46,1,1,1,3,1,Lost
CUST11940,Chennai,26,Male,18,10,15752.58,1575.26,5,4,4,13,0,Champions
CUST11941,Madurai,35,Female,364,2,1810.21,905.1,1,1,1,3,1,Lost
CUST11942,Hyderabad,45,Male,22,10,13771.01,1377.1,5,4,4,13,0,Champions
CUST11943,Delhi,40,Male,105,5,7161.99,1432.4,3,2,3,8,3,At-Risk
CUST11944,Hyderabad,37,Female,121,5,9079.24,1815.85,2,2,3,7,3,At-Risk
CUST11945,Mumbai,35,Male,21,7,6980.902962,1738.24,5,3,3,11,0,Champions
CUST11946,Bengaluru,38,Male,115,3,4945.58,1648.53,3,2,2,7,3,At-Risk
CUST11947,Chennai,36,Male,270,3,1018.31,339.44,1,2,1,4,2,Loyal Customers
CUST11948,Madurai,23,Male,20,21,25148.9448,1056.42,5,5,5,15,0,Champions
CUST11949,Bengaluru,35,Female,226,2,2526.15,1263.08,2,1,1,4,3,At-Risk
CUST11950,Chennai,22,Female,121,3,3958.503033,1954.65,2,2,2,6,3,At-Risk
CUST11951,Coimbatore,35,Female,254,2,1394.33,697.16,1,1,1,3,1,Lost
CUST11952,Mumbai,29,Female,65,9,11672.23,1296.91,3,4,4,11,3,At-Risk
CUST11953,Delhi,62,Male,46,19,20726.50383,1039.45,4,5,5,14,0,Champions
CUST11954,Trichy,34,Female,262,2,1712.52,856.26,1,1,1,3,1,Lost
CUST11955,Kochi,19,Female,21,5,14924.15,2984.83,5,2,4,11,0,Champions
CUST11956,Delhi,33,Female,168,5,3948.54,789.71,2,2,2,6,3,At-Risk
CUST11957,Bengaluru,40,Female,25,18,36361.66,2020.09,5,5,5,15,0,Champions
CUST11958,Delhi,52,Female,3,21,37719.07,1796.15,5,5,5,15,0,Champions
CUST11959,Hyderabad,28,Female,64,6,1532.53,255.42,3,3,1,7,1,Lost
CUST11960,Chennai,18,Male,214,7,7947.33,1135.33,2,3,3,8,3,At-Risk
CUST11961,Bengaluru,43,Female,155,5,5935.67,1187.13,2,2,3,7,3,At-Risk
CUST11962,Hyderabad,19,Male,31,16,20602.3,1287.64,4,5,5,14,2,Loyal Customers
CUST11963,Bengaluru,29,Male,15,9,15409.77,1712.2,5,4,4,13,0,Champions
CUST11964,Mumbai,31,Male,46,6,11336.13,1889.35,4,3,4,11,3,At-Risk
CUST11965,Mumbai,33,Male,61,8,4476.52802,764.87,3,3,2,8,3,At-Risk
CUST11966,Coimbatore,42,Male,303,2,2967.78,1483.89,1,1,2,4,3,At-Risk
CUST11967,Bengaluru,26,Male,342,3,2623.69,874.56,1,2,2,5,1,Lost
CUST11968,Madurai,31,Female,24,14,30458.47,2175.6,5,5,5,15,0,Champions
CUST11969,Chennai,34,Female,218,1,2015.58,2015.58,2,1,1,4,2,Loyal Customers
CUST11970,Chennai,36,Other,48,10,18233.89413,1288.06,4,4,5,13,0,Champions
CUST11971,Hyderabad,35,Male,111,8,3533.07,441.63,3,3,2,8,1,Lost
CUST11972,Coimbatore,39,Female,14,19,42675.45,2246.08,5,5,5,15,2,Loyal Customers
CUST11973,Mumbai,43,Female,113,7,5536.24,790.89,3,3,2,8,3,At-Risk
CUST11974,Madurai,38,Male,88,6,7101.247624,1712.6,3,3,3,9,3,At-Risk
CUST11975,Kochi,39,Female,47,10,15110.2,1511.02,4,4,4,12,0,Champions
CUST11976,Coimbatore,18,Female,14,26,31322.49,1204.71,5,5,5,15,0,Champions
CUST11977,Bengaluru,35,Male,18,22,46618.72782,1789.64,5,5,5,15,0,Champions
CUST11978,Pune,39,Female,53,15,40326.42259,2399.32,4,5,5,14,0,Champions
CUST11979,Hyderabad,42,Female,85,4,11558.4,2889.6,3,2,4,9,3,At-Risk
CUST11980,Coimbatore,26,Male,16,11,20718.41,1883.49,5,4,5,14,0,Champions
CUST11981,Hyderabad,27,Male,136,7,8741.48,1248.78,2,3,3,8,3,At-Risk
CUST11982,Bengaluru,28,Male,16,10,26480.15,2648.02,5,4,5,14,0,Champions
CUST11983,Bengaluru,40,Male,80,3,6002.05,2000.68,3,2,3,8,3,At-Risk
CUST11984,Chennai,45,Male,15,25,28278.04,1131.12,5,5,5,15,0,Champions
CUST11985,Chennai,30,Female,341,3,2170.87,723.62,1,2,1,4,1,Lost
CUST11986,Delhi,44,Male,317,3,2012.26,670.75,1,2,1,4,1,Lost
CUST11987,Bengaluru,35,Female,43,12,12889.51,1074.13,4,4,4,12,0,Champions
CUST11988,Bengaluru,33,Male,125,3,8209.083268,2024.32,2,2,3,7,3,At-Risk
CUST11989,Delhi,32,Male,33,13,28833.07,2217.93,4,4,5,13,0,Champions
CUST11990,Hyderabad,42,Male,250,1,1568.84,1568.84,1,1,1,3,3,At-Risk
CUST11991,Chennai,38,Female,115,6,6518.82,1086.47,3,3,3,9,3,At-Risk
CUST11992,Mumbai,59,Male,11,16,35330.63,2208.16,5,5,5,15,2,Loyal Customers
CUST11993,Chennai,25,Male,42,14,12642.45,903.03,4,5,4,13,0,Champions
CUST11994,Hyderabad,40,Male,15,25,31269.48,1250.78,5,5,5,15,0,Champions
CUST11995,Delhi,28,Female,1,9,11927.33,1325.26,5,4,4,13,0,Champions
CUST11996,Kochi,24,Other,90,2,2909.04,1454.52,3,1,2,6,3,At-Risk
CUST11997,Chennai,34,Male,36,10,23752.75,2375.28,4,4,5,13,0,Champions
CUST11998,Chennai,36,Male,62,10,9333.52,933.35,3,4,3,10,0,Champions
CUST11999,Madurai,66,Female,30,10,4510.39,451.04,4,4,2,10,1,Lost
CUST12000,Coimbatore,32,Female,76,11,9297.15,845.2,3,4,3,10,0,Champions
CUST12001,Coimbatore,22,Male,30,25,20860.10172,699.89,4,5,5,14,0,Champions
CUST12002,Pune,37,Female,215,4,1997.47,499.37,2,2,1,5,1,Lost
CUST12003,Coimbatore,18,Female,26,17,10500.95,617.7,5,5,4,14,0,Champions
CUST12004,Coimbatore,33,Male,85,4,7562.3,1890.58,3,2,3,8,3,At-Risk
CUST12005,Hyderabad,34,Female,28,10,14776.39,1477.64,4,4,4,12,0,Champions
CUST12006,Bengaluru,43,Female,54,12,9619.32,801.61,4,4,3,11,0,Champions
CUST12007,Hyderabad,45,Female,157,7,2862.0,408.86,2,3,2,7,1,Lost
CUST12008,Chennai,28,Male,50,14,5656.660402,773.88,4,5,2,11,0,Champions
CUST12009,Bengaluru,32,Male,44,8,13109.79383,956.8,4,3,4,11,2,Loyal Customers
CUST12010,Chennai,26,Male,52,8,3650.96,456.37,4,3,2,9,1,Lost
CUST12011,Chennai,22,Male,139,4,3376.96,844.24,2,2,2,6,1,Lost
CUST12012,Pune,37,Female,1,9,13966.23,1551.8,5,4,4,13,0,Champions
CUST12013,Chennai,20,Female,152,4,5561.94,1390.48,2,2,2,6,3,At-Risk
CUST12014,Mumbai,29,Female,111,6,5118.87,853.14,3,3,2,8,3,At-Risk
CUST12015,Bengaluru,23,Other,6,12,29402.92,2450.24,5,4,5,14,2,Loyal Customers
CUST12016,Madurai,40,Male,93,13,12798.06061,1078.23,3,4,4,11,2,Loyal Customers
CUST12017,Pune,54,Female,13,17,29923.9,1760.23,5,5,5,15,0,Champions
CUST12018,Chennai,20,Female,60,6,10739.23,1789.87,3,3,4,10,3,At-Risk
CUST12019,Delhi,18,Male,122,3,5996.94,1998.98,2,2,3,7,3,At-Risk
CUST12020,Kochi,33,Female,261,2,2731.331651,1245.42,1,1,2,4,3,At-Risk
CUST12021,Mumbai,34,Male,216,1,1873.84,1873.84,2,1,1,4,3,At-Risk
CUST12022,Kochi,36,Female,30,14,30265.8,2161.84,4,5,5,14,0,Champions
CUST12023,Chennai,29,Female,26,4,14859.27,3714.82,5,2,4,11,3,At-Risk
CUST12024,Bengaluru,32,Male,167,5,3736.86,747.37,2,2,2,6,1,Lost
CUST12025,Coimbatore,38,Female,15,20,22939.01461,1016.43,5,5,5,15,0,Champions
CUST12026,Delhi,45,Female,341,3,2419.77,806.59,1,2,1,4,2,Loyal Customers
CUST12027,Trichy,18,Male,92,5,8513.74,1702.75,3,2,3,8,3,At-Risk
CUST12028,Coimbatore,30,Male,213,2,1163.33,581.66,2,1,1,4,1,Lost
CUST12029,Delhi,36,Male,13,15,33393.15,2226.21,5,5,5,15,0,Champions
CUST12030,Coimbatore,24,Female,40,11,4567.5,415.23,4,4,2,10,1,Lost
CUST12031,Mumbai,53,Female,313,1,1396.11,1396.11,1,1,1,3,3,At-Risk
CUST12032,Bengaluru,27,Female,149,5,4232.115043,1617.01,2,2,2,6,3,At-Risk
CUST12033,Trichy,34,Female,275,1,1265.68,1265.68,1,1,1,3,1,Lost
CUST12034,Mumbai,40,Female,18,8,33730.1,4216.26,5,3,5,13,0,Champions
CUST12035,Madurai,27,Male,100,5,5565.47,1113.09,3,2,2,7,3,At-Risk
CUST12036,Chennai,18,Female,167,3,4804.08,1601.36,2,2,2,6,3,At-Risk
CUST12037,Chennai,29,Male,3,17,28561.56291,1056.4,5,5,5,15,0,Champions
CUST12038,Coimbatore,45,Male,172,4,4551.61,1137.9,2,2,2,6,3,At-Risk
CUST12039,Coimbatore,30,Female,78,4,8813.016275,1306.16,3,2,3,8,3,At-Risk
CUST12040,Pune,25,Male,22,11,9172.59,833.87,5,4,3,12,0,Champions
CUST12041,Mumbai,44,Female,1,8,11320.08,1415.01,5,3,4,12,0,Champions
CUST12042,Mumbai,30,Female,160,2,2499.39,1249.7,2,1,1,4,3,At-Risk
CUST12043,Chennai,28,Male,66,8,7310.87,913.86,3,3,3,9,3,At-Risk
CUST12044,Pune,36,Male,365,2,2618.811343,717.44,1,1,2,4,1,Lost
CUST12045,Delhi,42,Female,45,8,5005.15,625.64,4,3,2,9,3,At-Risk
CUST12046,Chennai,60,Female,77,7,10768.42,1538.35,3,3,4,10,3,At-Risk
CUST12047,Delhi,43,Male,365,1,3857.513671,3287.18,1,1,2,4,3,At-Risk
CUST12048,Mumbai,47,Male,345,2,2726.04,1363.02,1,1,2,4,3,At-Risk
CUST12049,Chennai,28,Female,11,11,16271.69,1479.24,5,4,4,13,0,Champions
CUST12050,Bengaluru,23,Female,208,2,923.08,461.54,2,1,1,4,1,Lost
CUST12051,Bengaluru,35,Male,16,19,37802.43807,1473.63,5,5,5,15,0,Champions
CUST12052,Chennai,35,Male,15,12,42334.26,3527.86,5,4,5,14,0,Champions
CUST12053,Kochi,22,Female,62,12,14776.08,1231.34,3,4,4,11,2,Loyal Customers
CUST12054,Hyderabad,32,Female,38,6,17128.43,2854.74,4,3,4,11,3,At-Risk
CUST12055,Delhi,38,Other,255,1,2437.5,2437.5,1,1,1,3,3,At-Risk
CUST12056,Bengaluru,38,Female,153,6,3600.98,600.16,2,3,2,7,1,Lost
CUST12057,Bengaluru,40,Female,235,2,1609.42,804.71,1,1,1,3,1,Lost
CUST12058,Delhi,37,Male,182,7,8150.3,1164.33,2,3,3,8,3,At-Risk
CUST12059,Mumbai,28,Female,43,9,9810.85,1090.09,4,4,3,11,0,Champions
CUST12060,Chennai,28,Male,135,7,6754.53,964.93,2,3,3,8,2,Loyal Customers
CUST12061,Mumbai,21,Female,278,2,1317.62,658.81,1,1,1,3,1,Lost
CUST12062,Hyderabad,54,Male,118,4,10085.69,2521.42,2,2,3,7,3,At-Risk
CUST12063,Bengaluru,34,Male,239,1,514.26,514.26,1,1,1,3,1,Lost
CUST12064,Chennai,32,Female,174,3,2971.92,990.64,2,2,2,6,1,Lost
CUST12065,Hyderabad,24,Female,28,16,41597.94,2599.87,4,5,5,14,0,Champions
CUST12066,Coimbatore,66,Male,166,3,5252.01,1750.67,2,2,2,6,3,At-Risk
CUST12067,Coimbatore,22,Female,252,3,1237.877504,212.05,1,2,1,4,1,Lost
CUST12068,Chennai,29,Male,365,2,1948.04,974.02,1,1,1,3,1,Lost
CUST12069,Madurai,39,Male,56,7,14932.86,2133.27,4,3,4,11,3,At-Risk
CUST12070,Hyderabad,41,Female,148,6,5096.22,849.37,2,3,2,7,1,Lost
CUST12071,Mumbai,45,Male,210,6,4980.25,830.04,2,3,2,7,1,Lost
CUST12072,Coimbatore,54,Female,64,6,14546.17,2424.36,3,3,4,10,3,At-Risk
CUST12073,Pune,40,Male,158,5,5202.09,1040.42,2,2,2,6,3,At-Risk
CUST12074,Pune,22,Female,51,13,16874.43,1298.03,4,4,4,12,0,Champions
CUST12075,Pune,31,Female,67,8,10599.24,1324.9,3,3,4,10,3,At-Risk
CUST12076,Coimbatore,37,Male,39,11,4806.0,436.91,4,4,2,10,1,Lost
CUST12077,Bengaluru,57,Male,126,8,4350.11,543.76,2,3,2,7,1,Lost
CUST12078,Trichy,19,Female,25,5,12280.74,2456.15,5,2,4,11,3,At-Risk
CUST12079,Hyderabad,47,Female,73,5,6677.47,1335.49,3,3,3,9,3,At-Risk
CUST12080,Chennai,36,Male,44,8,7944.83,993.1,4,3,3,10,0,Champions
CUST12081,Chennai,43,Female,30,19,32507.23,1710.91,4,5,5,14,0,Champions
CUST12082,Bengaluru,33,Male,9,17,16715.88673,1303.53,5,5,4,14,2,Loyal Customers
CUST12083,Pune,25,Male,49,12,9105.98,758.83,4,4,3,11,0,Champions
CUST12084,Mumbai,42,Male,97,4,6072.76,1518.19,3,2,3,8,3,At-Risk
CUST12085,Bengaluru,41,Male,295,2,1053.69,526.84,1,1,1,3,1,Lost
CUST12086,Chennai,45,Female,16,19,35094.74,1847.09,5,5,5,15,2,Loyal Customers
CUST12087,Delhi,34,Female,22,21,24380.61,1160.98,5,5,5,15,0,Champions
CUST12088,Hyderabad,27,Female,63,4,4725.21,1181.3,3,2,2,7,3,At-Risk
CUST12089,Bengaluru,18,Female,21,18,10795.12,599.73,5,5,4,14,0,Champions
CUST12090,Hyderabad,43,Female,293,3,2775.84,925.28,1,2,2,5,1,Lost
CUST12091,Kochi,39,Female,111,2,9127.87,4563.94,3,1,3,7,3,At-Risk
CUST12092,Coimbatore,23,Female,18,4,10644.29,2661.07,5,2,4,11,3,At-Risk
CUST12093,Mumbai,28,Other,54,9,12566.24,1396.25,4,4,4,12,0,Champions
CUST12094,Madurai,29,Female,157,6,10741.46,1790.24,2,3,4,9,3,At-Risk
CUST12095,Hyderabad,18,Male,30,12,21859.94,1821.66,4,4,5,13,0,Champions
CUST12096,Mumbai,25,Female,22,18,10848.27,602.68,5,5,4,14,0,Champions
CUST12097,Delhi,22,Female,18,1,28819.06,28819.06,5,1,5,11,3,At-Risk
CUST12098,Hyderabad,29,Female,263,2,1665.65,832.82,1,1,1,3,1,Lost
CUST12099,Bengaluru,26,Female,120,5,8916.44,1783.29,2,3,3,8,3,At-Risk
CUST12100,Pune,18,Female,22,19,22961.06,1208.48,5,5,5,15,0,Champions
CUST12101,Mumbai,56,Other,161,6,7395.31,1232.55,2,3,3,8,3,At-Risk
CUST12102,Chennai,48,Male,37,11,14812.63,1346.6,4,4,4,12,0,Champions
CUST12103,Delhi,25,Female,134,9,7904.42,878.27,2,4,3,9,3,At-Risk
CUST12104,Hyderabad,37,Male,42,8,10529.06,1316.13,4,3,4,11,0,Champions
CUST12105,Madurai,39,Female,104,4,10641.04,2660.26,3,2,4,9,3,At-Risk
CUST12106,Pune,47,Female,277,1,1865.54,1865.54,1,1,1,3,3,At-Risk
CUST12107,Pune,25,Male,22,16,28771.44,1798.22,5,5,5,15,2,Loyal Customers
CUST12108,Coimbatore,46,Male,38,13,13582.79,1044.83,4,4,4,12,0,Champions
CUST12109,Trichy,28,Female,75,7,12059.26,1722.75,3,3,4,10,3,At-Risk
CUST12110,Chennai,19,Male,70,10,15741.98,1574.2,3,4,4,11,0,Champions
CUST12111,Coimbatore,42,Male,38,8,6040.00257,1405.7,4,3,3,10,3,At-Risk
CUST12112,Coimbatore,48,Female,254,2,1899.27,949.64,1,1,1,3,1,Lost
CUST12113,Pune,62,Male,312,1,2302.57,2302.57,1,1,1,3,2,Loyal Customers
CUST12114,Delhi,21,Male,60,14,13752.65523,834.59,3,5,4,12,0,Champions
CUST12115,Chennai,42,Female,124,1,7900.8,7900.8,2,1,3,6,3,At-Risk
CUST12116,Bengaluru,29,Male,139,6,4537.04,756.17,2,3,2,7,3,At-Risk
CUST12117,Mumbai,43,Male,126,5,6980.68,1396.14,2,3,3,8,3,At-Risk
CUST12118,Chennai,18,Female,62,8,10502.4,1312.8,3,3,4,10,3,At-Risk
CUST12119,Pune,20,Female,57,9,11351.01,1261.22,3,4,4,11,0,Champions
CUST12120,Hyderabad,25,Female,126,4,7565.61,1891.4,2,2,3,7,3,At-Risk
CUST12121,Mumbai,35,Female,44,13,8866.05,682.0,4,4,3,11,0,Champions
CUST12122,Kochi,27,Female,286,2,2013.0,1006.5,1,1,1,3,1,Lost
CUST12123,Bengaluru,41,Male,210,3,1956.73,652.24,2,2,1,5,1,Lost
CUST12124,Trichy,45,Male,6,13,9605.14,738.86,5,4,3,12,0,Champions
CUST12125,Delhi,41,Male,22,20,31594.63631,1467.93,5,5,5,15,0,Champions
CUST12126,Delhi,52,Male,295,2,1481.6,740.8,1,1,1,3,1,Lost
CUST12127,Chennai,39,Female,89,6,3513.21,585.54,3,3,2,8,1,Lost
CUST12128,Pune,21,Female,132,2,425.27,212.64,2,1,1,4,1,Lost
CUST12129,Bengaluru,49,Male,30,24,8551.03,356.29,4,5,3,12,0,Champions
CUST12130,Chennai,27,Female,150,7,3174.078044,755.38,2,3,2,7,2,Loyal Customers
CUST12131,Chennai,44,Male,210,3,8750.98,2916.99,2,2,3,7,2,Loyal Customers
CUST12132,Mumbai,51,Male,305,3,881.45,293.82,1,2,1,4,1,Lost
CUST12133,Mumbai,39,Female,13,16,36703.52,2293.97,5,5,5,15,0,Champions
CUST12134,Delhi,18,Male,36,7,10022.8361,1209.94,4,3,3,10,3,At-Risk
CUST12135,Pune,24,Male,31,10,15103.06,1510.31,4,4,4,12,0,Champions
CUST12136,Chennai,49,Male,195,3,2718.48,906.16,2,2,2,6,1,Lost
CUST12137,Delhi,32,Male,274,1,1694.18,1694.18,1,1,1,3,3,At-Risk
CUST12138,Coimbatore,35,Female,208,2,1335.99,668.0,2,1,1,4,1,Lost
CUST12139,Pune,42,Female,365,2,714.1224761,297.14,1,1,1,3,1,Lost
CUST12140,Hyderabad,42,Male,16,13,32175.13,2475.01,5,4,5,14,0,Champions
CUST12141,Mumbai,37,Male,16,19,13104.86995,1356.35,5,5,4,14,0,Champions
CUST12142,Delhi,32,Female,1,11,32501.76,2954.71,5,4,5,14,0,Champions
CUST12143,Madurai,31,Female,35,5,7667.19,1533.44,4,3,3,10,3,At-Risk
CUST12144,Bengaluru,43,Male,315,2,280.35,140.18,1,1,1,3,1,Lost
CUST12145,Hyderabad,40,Male,365,2,2575.362597,648.4,1,1,2,4,1,Lost
CUST12146,Bengaluru,31,Female,70,7,11234.24128,1531.93,3,3,4,10,3,At-Risk
CUST12147,Bengaluru,46,Female,169,4,1441.27,360.32,2,2,1,5,1,Lost
CUST12148,Bengaluru,33,Male,188,5,2888.05,577.61,2,3,2,7,1,Lost
CUST12149,Hyderabad,25,Female,79,11,16061.37,1460.12,3,4,4,11,0,Champions
CUST12150,Madurai,26,Male,15,15,20175.41,1345.03,5,5,5,15,0,Champions
CUST12151,Chennai,23,Male,31,7,10589.2,1512.74,4,3,4,11,3,At-Risk
CUST12152,Delhi,31,Female,24,8,15314.96,1914.37,5,3,4,12,0,Champions
CUST12153,Hyderabad,48,Female,48,8,3646.715975,359.24,4,3,2,9,1,Lost
CUST12154,Chennai,25,Male,43,11,9635.82,875.98,4,4,3,11,0,Champions
CUST12155,Coimbatore,36,Male,18,24,28579.0,1190.79,5,5,5,15,2,Loyal Customers
CUST12156,Chennai,27,Male,365,1,2538.408334,1442.93,1,1,1,3,3,At-Risk
CUST12157,Madurai,31,Female,25,4,5558.98,1389.74,5,2,2,9,3,At-Risk
CUST12158,Bengaluru,18,Male,66,8,7795.35,974.42,3,3,3,9,3,At-Risk
CUST12159,Delhi,32,Male,236,3,3061.897542,800.16,1,2,2,5,1,Lost
CUST12160,Delhi,32,Male,10,18,34358.19,1908.79,5,5,5,15,0,Champions
CUST12161,Mumbai,40,Female,16,12,5620.7,468.39,5,4,2,11,0,Champions
CUST12162,Bengaluru,36,Male,253,3,1396.94,465.65,1,2,1,4,1,Lost
CUST12163,Hyderabad,21,Male,110,11,22806.43292,1568.26,3,4,5,12,0,Champions
CUST12164,Bengaluru,46,Male,326,2,2638.87,1319.44,1,1,2,4,2,Loyal Customers
CUST12165,Trichy,36,Female,42,11,7452.52,677.5,4,4,3,11,0,Champions
CUST12166,Delhi,36,Female,3,9,5778.619049,360.63,5,4,2,11,0,Champions
CUST12167,Chennai,34,Female,123,5,6884.2,1376.84,2,3,3,8,3,At-Risk
CUST12168,Delhi,28,Female,30,14,14988.75,1070.62,4,5,4,13,0,Champions
CUST12169,Madurai,36,Female,156,1,2605.92,2605.92,2,1,2,5,2,Loyal Customers
CUST12170,Delhi,39,Male,99,2,5683.03,2841.52,3,1,2,6,3,At-Risk
CUST12171,Chennai,18,Female,266,1,1648.25,1648.25,1,1,1,3,3,At-Risk
CUST12172,Chennai,28,Male,323,4,768.12,192.03,1,2,1,4,1,Lost
CUST12173,Pune,31,Male,13,11,8000.21,727.29,5,4,3,12,0,Champions
CUST12174,Coimbatore,37,Female,220,1,1731.05,1731.05,2,1,1,4,3,At-Risk
CUST12175,Hyderabad,47,Male,136,5,13271.61475,1776.88,2,3,4,9,2,Loyal Customers
CUST12176,Coimbatore,26,Male,122,7,6171.63,881.66,2,3,3,8,3,At-Risk
CUST12177,Delhi,29,Male,242,1,3834.0,3834.0,1,1,2,4,2,Loyal Customers
CUST12178,Delhi,28,Female,113,2,8347.72,4173.86,3,1,3,7,3,At-Risk
CUST12179,Mumbai,25,Male,97,15,24671.15736,1151.3,3,5,5,13,0,Champions
CUST12180,Madurai,30,Female,150,5,4519.71,903.94,2,3,2,7,3,At-Risk
CUST12181,Coimbatore,42,Female,42,13,20827.13,1602.09,4,4,5,13,0,Champions
CUST12182,Chennai,22,Female,48,8,5253.88,656.74,4,3,2,9,3,At-Risk
CUST12183,Madurai,39,Male,168,4,7878.231801,993.8,2,2,3,7,3,At-Risk
CUST12184,Delhi,18,Female,27,14,7660.97,547.21,4,5,3,12,0,Champions
CUST12185,Kochi,28,Male,6,9,24422.21,2713.58,5,4,5,14,2,Loyal Customers
CUST12186,Pune,30,Male,23,19,27818.85,1464.15,5,5,5,15,0,Champions
CUST12187,Hyderabad,52,Male,214,7,5179.977169,1160.31,2,3,2,7,3,At-Risk
CUST12188,Hyderabad,31,Female,39,11,15092.53,1372.05,4,4,4,12,0,Champions
CUST12189,Delhi,18,Male,147,3,6923.16,2307.72,2,2,3,7,3,At-Risk
CUST12190,Coimbatore,18,Male,57,9,15782.01898,1561.35,3,4,4,11,0,Champions
CUST12191,Pune,34,Male,119,6,3036.01,506.0,2,3,2,7,1,Lost
CUST12192,Delhi,41,Male,43,11,15107.69,1373.43,4,4,4,12,0,Champions
CUST12193,Mumbai,38,Female,196,4,3997.9,999.48,2,2,2,6,3,At-Risk
CUST12194,Chennai,36,Female,32,13,9704.98,746.54,4,4,3,11,0,Champions
CUST12195,Bengaluru,47,Female,337,3,3789.88,1263.29,1,2,2,5,3,At-Risk
CUST12196,Bengaluru,28,Male,365,2,2486.53,1243.27,1,1,1,3,3,At-Risk
CUST12197,Pune,44,Male,278,4,1862.94,465.74,1,2,1,4,1,Lost
CUST12198,Mumbai,18,Female,113,1,2303.9,2303.9,3,1,1,5,3,At-Risk
CUST12199,Bengaluru,24,Male,11,11,18695.93182,1813.65,5,4,5,14,0,Champions
CUST12200,Trichy,18,Female,148,5,9911.45,1982.29,2,3,3,8,3,At-Risk
CUST12201,Chennai,31,Male,145,5,3688.61,737.72,2,3,2,7,1,Lost
CUST12202,Bengaluru,33,Female,118,4,8335.82,2083.96,2,2,3,7,3,At-Risk
CUST12203,Chennai,35,Male,268,1,2316.85,2316.85,1,1,1,3,3,At-Risk
CUST12204,Delhi,35,Male,155,6,4804.53,800.76,2,3,2,7,2,Loyal Customers
CUST12205,Pune,24,Female,272,1,1015.211012,1960.11,1,1,1,3,3,At-Risk
CUST12206,Madurai,32,Female,100,15,12472.2,831.48,3,5,4,12,0,Champions
CUST12207,Pune,18,Male,266,2,2440.94,1220.47,1,1,1,3,3,At-Risk
CUST12208,Madurai,49,Female,107,5,5992.06,1198.41,3,3,3,9,3,At-Risk
CUST12209,Pune,31,Female,131,5,6736.48,1347.3,2,3,3,8,3,At-Risk
CUST12210,Hyderabad,29,Male,18,13,7132.15,548.63,5,4,3,12,0,Champions
CUST12211,Hyderabad,51,Male,300,2,2208.23,1104.12,1,1,1,3,1,Lost
CUST12212,Chennai,20,Male,251,2,1684.03,842.02,1,1,1,3,1,Lost
CUST12213,Kochi,22,Male,27,12,15514.92691,915.62,4,4,4,12,0,Champions
CUST12214,Delhi,22,Female,83,4,747.55,186.89,3,2,1,6,1,Lost
CUST12215,Madurai,33,Male,8,7,6735.625155,1026.53,5,3,3,11,0,Champions
CUST12216,Hyderabad,39,Male,330,3,804.74,268.25,1,2,1,4,1,Lost
CUST12217,Madurai,42,Male,5,9,18363.77,2040.42,5,4,5,14,0,Champions
CUST12218,Pune,62,Female,47,10,9358.67,935.87,4,4,3,11,0,Champions
CUST12219,Chennai,18,Male,48,12,13969.93,1164.16,4,4,4,12,0,Champions
CUST12220,Delhi,41,Male,162,5,2343.21,468.64,2,3,1,6,1,Lost
CUST12221,Mumbai,28,Male,35,22,26429.65,1201.35,4,5,5,14,0,Champions
CUST12222,Chennai,28,Female,132,5,6215.83,1243.17,2,3,3,8,3,At-Risk
CUST12223,Coimbatore,27,Male,210,4,1539.94,384.98,2,2,1,5,1,Lost
CUST12224,Chennai,24,Female,354,2,2799.52,1399.76,1,1,2,4,3,At-Risk
CUST12225,Bengaluru,53,Male,29,10,39656.81,3965.68,4,4,5,13,0,Champions
CUST12226,Madurai,43,Male,365,1,1968.54,1968.54,1,1,1,3,3,At-Risk
CUST12227,Mumbai,34,Male,144,3,3044.075824,1396.41,2,2,2,6,3,At-Risk
CUST12228,Madurai,49,Male,2,20,19008.79,950.44,5,5,5,15,0,Champions
CUST12229,Madurai,18,Female,24,25,23030.73,921.23,5,5,5,15,0,Champions
CUST12230,Delhi,19,Female,8,27,12673.05,469.37,5,5,4,14,0,Champions
CUST12231,Chennai,18,Female,225,1,2300.29,2300.29,2,1,1,4,3,At-Risk
CUST12232,Pune,26,Female,9,20,40082.29,2004.11,5,5,5,15,0,Champions
CUST12233,Pune,36,Male,70,12,10117.31,843.11,3,4,4,11,0,Champions
CUST12234,Delhi,35,Male,357,4,11662.54412,2122.86,1,2,4,7,3,At-Risk
CUST12235,Mumbai,36,Female,151,3,1984.7,661.57,2,2,1,5,1,Lost
CUST12236,Pune,18,Female,225,2,1716.98,858.49,2,1,1,4,1,Lost
CUST12237,Coimbatore,43,Female,123,5,7413.14,1482.63,2,3,3,8,3,At-Risk
CUST12238,Chennai,37,Male,10,21,26029.68,1239.51,5,5,5,15,0,Champions
CUST12239,Coimbatore,42,Male,365,3,533.7775532,313.47,1,2,1,4,1,Lost
CUST12240,Hyderabad,18,Female,94,11,13690.16553,867.13,3,4,4,11,0,Champions
CUST12241,Chennai,37,Male,82,4,2559.45,639.86,3,2,2,7,1,Lost
CUST12242,Mumbai,21,Male,156,7,5119.74,731.39,2,3,2,7,2,Loyal Customers
CUST12243,Trichy,30,Male,22,7,24492.73,3498.96,5,3,5,13,0,Champions
CUST12244,Pune,40,Female,209,2,1761.37,880.68,2,1,1,4,1,Lost
CUST12245,Mumbai,35,Male,128,6,3339.06,556.51,2,3,2,7,1,Lost
CUST12246,Chennai,25,Female,25,28,27580.14,985.0,5,5,5,15,0,Champions
CUST12247,Hyderabad,34,Male,250,2,977.54,488.77,1,1,1,3,1,Lost
CUST12248,Mumbai,18,Female,142,3,10756.07,3585.36,2,2,4,8,3,At-Risk
CUST12249,Chennai,47,Female,189,5,2651.27,530.25,2,3,2,7,1,Lost
CUST12250,Chennai,32,Male,87,6,5694.85,949.14,3,3,2,8,3,At-Risk
CUST12251,Pune,46,Female,346,1,913.71,913.71,1,1,1,3,1,Lost
CUST12252,Delhi,28,Male,14,15,33089.89,2205.99,5,5,5,15,0,Champions
CUST12253,Hyderabad,28,Male,42,10,4358.98,435.9,4,4,2,10,1,Lost
CUST12254,Pune,26,Female,15,12,20589.2744,1199.39,5,4,5,14,0,Champions
CUST12255,Mumbai,44,Male,14,13,30778.91,2367.61,5,4,5,14,0,Champions
CUST12256,Mumbai,26,Male,83,5,1682.91,336.58,3,3,1,7,1,Lost
CUST12257,Bengaluru,41,Male,75,7,17196.73,2456.68,3,3,5,11,3,At-Risk
CUST12258,Madurai,30,Male,64,15,8336.13,555.74,3,5,3,11,2,Loyal Customers
CUST12259,Bengaluru,18,Female,20,17,49183.07,2893.12,5,5,5,15,0,Champions
CUST12260,Hyderabad,28,Male,111,4,9998.93,2499.73,3,2,3,8,3,At-Risk
CUST12261,Mumbai,21,Female,324,3,3205.64,1068.55,1,2,2,5,3,At-Risk
CUST12262,Pune,34,Female,20,4,5819.08,1454.77,5,2,2,9,2,Loyal Customers
CUST12263,Bengaluru,21,Male,153,3,7003.21,2334.4,2,2,3,7,3,At-Risk
CUST12264,Mumbai,44,Male,46,14,15213.26,1086.66,4,5,4,13,0,Champions
CUST12265,Delhi,33,Female,142,7,6342.43,906.06,2,3,3,8,3,At-Risk
CUST12266,Mumbai,32,Male,21,26,31631.49,1216.6,5,5,5,15,0,Champions
CUST12267,Delhi,41,Male,84,7,9685.78,1383.68,3,3,3,9,3,At-Risk
CUST12268,Coimbatore,45,Male,150,5,6368.56,1273.71,2,3,3,8,3,At-Risk
CUST12269,Mumbai,34,Female,365,4,1579.91,394.98,1,2,1,4,1,Lost
CUST12270,Chennai,26,Female,48,10,5415.03,541.5,4,4,2,10,1,Lost
CUST12271,Bengaluru,18,Male,290,1,1258.52,1258.52,1,1,1,3,1,Lost
CUST12272,Bengaluru,26,Male,124,7,10349.48232,935.56,2,3,4,9,2,Loyal Customers
CUST12273,Delhi,27,Female,243,2,3617.96,1808.98,1,1,2,4,3,At-Risk
CUST12274,Kochi,35,Female,38,13,16878.13,1298.32,4,4,4,12,0,Champions
CUST12275,Mumbai,30,Female,60,11,8382.42,762.04,3,4,3,10,0,Champions
CUST12276,Delhi,42,Female,283,1,2814.99,2814.99,1,1,2,4,3,At-Risk
CUST12277,Mumbai,27,Male,27,29,24278.04,837.17,4,5,5,14,0,Champions
CUST12278,Delhi,33,Female,2,19,23509.15,1237.32,5,5,5,15,0,Champions
CUST12279,Chennai,47,Male,15,23,24857.93,1080.78,5,5,5,15,0,Champions
CUST12280,Coimbatore,38,Male,271,1,1628.49,1628.49,1,1,1,3,3,At-Risk
CUST12281,Bengaluru,33,Female,4,18,15985.3,888.07,5,5,4,14,0,Champions
CUST12282,Bengaluru,27,Male,272,1,2427.64,2427.64,1,1,1,3,3,At-Risk
CUST12283,Chennai,27,Other,62,11,7586.83,689.71,3,4,3,10,0,Champions
CUST12284,Chennai,25,Male,21,13,38822.36866,2178.38,5,4,5,14,0,Champions
CUST12285,Coimbatore,28,Female,41,12,12993.85,1082.82,4,4,4,12,0,Champions
CUST12286,Trichy,42,Female,39,12,7847.44,653.95,4,4,3,11,0,Champions
CUST12287,Madurai,32,Male,86,1,6329.31,6329.31,3,1,3,7,3,At-Risk
CUST12288,Bengaluru,19,Female,115,8,7409.09,926.14,3,3,3,9,3,At-Risk
CUST12289,Coimbatore,53,Male,98,5,4768.9,953.78,3,3,2,8,3,At-Risk
CUST12290,Mumbai,38,Female,8,25,44750.06645,1370.71,5,5,5,15,0,Champions
CUST12291,Madurai,19,Male,156,5,5464.28,1092.86,2,3,2,7,3,At-Risk
CUST12292,Coimbatore,29,Female,279,2,1764.21,882.1,1,1,1,3,1,Lost
CUST12293,Mumbai,35,Male,131,4,8025.84,2006.46,2,2,3,7,3,At-Risk
CUST12294,Chennai,53,Male,224,2,1307.32,653.66,2,1,1,4,1,Lost
CUST12295,Chennai,22,Male,75,9,9171.56,1019.06,3,4,3,10,3,At-Risk
CUST12296,Coimbatore,45,Male,297,3,2474.69,824.9,1,2,1,4,1,Lost
CUST12297,Chennai,49,Female,64,13,13415.93,1031.99,3,4,4,11,0,Champions
CUST12298,Chennai,27,Female,15,15,23093.09,1539.54,5,5,5,15,0,Champions
CUST12299,Madurai,31,Female,195,2,1675.7,837.85,2,1,1,4,1,Lost
CUST12300,Hyderabad,23,Male,237,1,2075.5,2075.5,1,1,1,3,3,At-Risk
CUST12301,Mumbai,32,Male,191,8,6693.43,836.68,2,3,3,8,3,At-Risk
CUST12302,Mumbai,34,Male,46,7,2283.55,326.22,4,3,1,8,1,Lost
CUST12303,Madurai,41,Female,12,10,18569.68,1856.97,5,4,5,14,0,Champions
CUST12304,Kochi,46,Other,52,13,12174.56,936.5,4,4,4,12,0,Champions
CUST12305,Bengaluru,26,Male,365,2,5624.227991,1510.68,1,1,2,4,3,At-Risk
CUST12306,Chennai,18,Male,7,26,21540.96,828.5,5,5,5,15,0,Champions
CUST12307,Mumbai,34,Male,144,1,2911.21,2911.21,2,1,2,5,3,At-Risk
CUST12308,Chennai,37,Female,59,13,6828.14,525.24,3,4,3,10,0,Champions
CUST12309,Madurai,37,Female,326,1,1449.91,1449.91,1,1,1,3,3,At-Risk
CUST12310,Mumbai,30,Female,157,3,2486.03,828.68,2,2,1,5,1,Lost
CUST12311,Pune,35,Male,1,11,7931.02,721.0,5,4,3,12,0,Champions
CUST12312,Bengaluru,51,Female,50,9,15966.59,1774.07,4,4,4,12,0,Champions
CUST12313,Delhi,38,Female,320,2,872.14,436.07,1,1,1,3,1,Lost
CUST12314,Trichy,30,Male,110,3,5714.39,1904.8,3,2,2,7,3,At-Risk
CUST12315,Chennai,28,Female,115,8,2498.69,312.34,3,3,1,7,1,Lost
CUST12316,Coimbatore,32,Male,305,6,15877.88313,1624.19,1,3,4,8,3,At-Risk
CUST12317,Bengaluru,52,Male,1,24,40127.56,1671.98,5,5,5,15,0,Champions
CUST12318,Bengaluru,32,Female,202,3,2450.41,816.8,2,2,1,5,1,Lost
CUST12319,Bengaluru,34,Male,37,13,14404.21,1108.02,4,4,4,12,0,Champions
CUST12320,Pune,29,Female,256,2,2148.5,1074.25,1,1,1,3,1,Lost
CUST12321,Delhi,46,Female,41,8,17547.12,2193.39,4,3,5,12,0,Champions
CUST12322,Mumbai,56,Male,116,6,4346.36,724.39,2,3,2,7,1,Lost
CUST12323,Madurai,39,Female,27,15,9269.03,617.94,4,5,3,12,2,Loyal Customers
CUST12324,Hyderabad,35,Male,42,10,13186.34,1318.63,4,4,4,12,0,Champions
CUST12325,Kochi,34,Male,42,5,8473.511842,2741.25,4,3,3,10,3,At-Risk
CUST12326,Hyderabad,18,Male,180,4,8468.09,2117.02,2,2,3,7,3,At-Risk
CUST12327,Chennai,42,Male,142,2,6439.38,3219.69,2,1,3,6,3,At-Risk
CUST12328,Delhi,35,Male,365,3,2381.556201,792.99,1,2,1,4,1,Lost
CUST12329,Chennai,39,Male,36,6,14781.07,2463.51,4,3,4,11,3,At-Risk
CUST12330,Coimbatore,26,Male,26,7,2766.37,395.2,5,3,2,10,1,Lost
CUST12331,Chennai,30,Male,241,6,5311.498014,1521.78,1,3,2,6,3,At-Risk
CUST12332,Mumbai,29,Female,1,21,16588.13,789.91,5,5,4,14,0,Champions
CUST12333,Delhi,45,Male,64,10,16509.12,1650.91,3,4,4,11,0,Champions
CUST12334,Chennai,30,Female,157,8,6636.35,829.54,2,3,3,8,3,At-Risk
CUST12335,Bengaluru,57,Female,29,10,9130.94,913.09,4,4,3,11,0,Champions
CUST12336,Bengaluru,39,Female,60,16,11543.32,721.46,3,5,4,12,0,Champions
CUST12337,Bengaluru,20,Male,158,5,9338.36,1867.67,2,3,3,8,3,At-Risk
CUST12338,Chennai,33,Female,45,7,9559.4,1365.63,4,3,3,10,2,Loyal Customers
CUST12339,Bengaluru,27,Female,44,4,5543.98,1386.0,4,2,2,8,3,At-Risk
CUST12340,Hyderabad,18,Female,365,2,1702.56,851.28,1,1,1,3,1,Lost
CUST12341,Chennai,52,Male,93,8,7760.13,970.02,3,3,3,9,3,At-Risk
CUST12342,Chennai,42,Male,96,9,1593.68,177.08,3,4,1,8,1,Lost
CUST12343,Bengaluru,40,Female,14,27,11457.45,424.35,5,5,4,14,0,Champions
CUST12344,Kochi,36,Male,287,3,4084.07,1361.36,1,2,2,5,3,At-Risk
CUST12345,Delhi,19,Male,52,10,11789.55,1178.96,4,4,4,12,0,Champions
CUST12346,Delhi,29,Male,86,5,4749.46,949.89,3,3,2,8,3,At-Risk
CUST12347,Bengaluru,43,Female,161,2,1098.7,549.35,2,1,1,4,1,Lost
CUST12348,Mumbai,22,Other,190,3,2817.52,939.17,2,2,2,6,3,At-Risk
CUST12349,Chennai,18,Male,178,7,9146.522861,723.29,2,3,3,8,2,Loyal Customers
CUST12350,Delhi,32,Female,45,7,14793.73,2113.39,4,3,4,11,3,At-Risk
CUST12351,Pune,32,Male,11,29,18776.78,647.48,5,5,5,15,0,Champions
CUST12352,Mumbai,35,Male,337,2,2971.55,1485.78,1,1,2,4,3,At-Risk
CUST12353,Pune,42,Female,8,17,15676.54,922.15,5,5,4,14,0,Champions
CUST12354,Delhi,41,Female,119,4,7179.53,1794.88,2,2,3,7,3,At-Risk
CUST12355,Chennai,37,Female,28,14,31089.81,2220.7,4,5,5,14,2,Loyal Customers
CUST12356,Pune,47,Male,266,2,968.3,484.15,1,1,1,3,1,Lost
CUST12357,Chennai,18,Female,6,9,25114.36,2790.48,5,4,5,14,0,Champions
CUST12358,Mumbai,40,Male,209,6,6439.122446,748.09,2,3,3,8,3,At-Risk
CUST12359,Chennai,41,Male,143,4,8159.61,2039.9,2,2,3,7,3,At-Risk
CUST12360,Chennai,20,Male,58,9,5383.86,598.21,3,4,2,9,2,Loyal Customers
CUST12361,Bengaluru,18,Female,1,15,16437.49,1095.83,5,5,4,14,0,Champions
CUST12362,Madurai,26,Female,17,7,7443.27,1063.32,5,3,3,11,0,Champions
CUST12363,Bengaluru,27,Male,53,12,10770.52,897.54,4,4,4,12,0,Champions
CUST12364,Mumbai,42,Male,4,11,16975.77,1543.25,5,4,4,13,0,Champions
CUST12365,Chennai,27,Female,34,10,13312.04,1331.2,4,4,4,12,0,Champions
CUST12366,Chennai,25,Male,1,8,3858.47,482.31,5,3,2,10,0,Champions
CUST12367,Mumbai,27,Female,44,12,13358.12,1113.18,4,4,4,12,0,Champions
CUST12368,Madurai,46,Male,284,2,2504.34,1252.17,1,1,1,3,3,At-Risk
CUST12369,Delhi,34,Male,94,4,8213.09,2053.27,3,2,3,8,2,Loyal Customers
CUST12370,Delhi,32,Other,28,7,7277.5,1039.64,4,3,3,10,3,At-Risk
CUST12371,Hyderabad,33,Male,31,15,7823.66,521.58,4,5,3,12,0,Champions
CUST12372,Delhi,48,Male,313,4,2575.79,643.95,1,2,2,5,1,Lost
CUST12373,Bengaluru,26,Male,29,29,26242.5,904.91,4,5,5,14,0,Champions
CUST12374,Delhi,48,Female,63,6,9274.39,1545.73,3,3,3,9,3,At-Risk
CUST12375,Coimbatore,36,Female,136,4,8533.82,2133.46,2,2,3,7,3,At-Risk
CUST12376,Madurai,32,Male,31,16,37223.47,2326.47,4,5,5,14,0,Champions
CUST12377,Hyderabad,62,Male,233,2,3094.835368,1027.49,1,1,2,4,3,At-Risk
CUST12378,Bengaluru,22,Female,50,16,15765.03,985.31,4,5,4,13,0,Champions
CUST12379,Hyderabad,30,Male,65,10,9643.43,964.34,3,4,3,10,2,Loyal Customers
CUST12380,Hyderabad,20,Female,365,2,1293.970407,752.34,1,1,1,3,1,Lost
CUST12381,Pune,44,Male,108,4,5139.53,1284.88,3,2,2,7,3,At-Risk
CUST12382,Pune,53,Male,255,2,2141.13,1070.56,1,1,1,3,1,Lost
CUST12383,Bengaluru,52,Female,121,4,686.37,171.59,2,2,1,5,1,Lost
CUST12384,Madurai,47,Male,37,6,7455.42,1242.57,4,3,3,10,3,At-Risk
CUST12385,Mumbai,32,Female,353,3,2267.01,755.67,1,2,1,4,1,Lost
CUST12386,Bengaluru,30,Male,1,24,22469.32,936.22,5,5,5,15,0,Champions
CUST12387,Mumbai,18,Male,324,3,3789.94,1263.31,1,2,2,5,3,At-Risk
CUST12388,Delhi,56,Other,108,7,5686.91,812.42,3,3,2,8,3,At-Risk
CUST12389,Delhi,39,Male,16,14,34200.72,2442.91,5,5,5,15,0,Champions
CUST12390,Bengaluru,29,Female,165,6,3554.02,592.34,2,3,2,7,1,Lost
CUST12391,Chennai,49,Male,11,26,40090.58,1541.95,5,5,5,15,0,Champions
CUST12392,Bengaluru,23,Female,176,5,4609.3,921.86,2,3,2,7,2,Loyal Customers
CUST12393,Chennai,38,Female,105,5,11296.46963,1917.21,3,3,4,10,3,At-Risk
CUST12394,Pune,32,Male,182,2,1127.66,563.83,2,1,1,4,1,Lost
CUST12395,Madurai,41,Female,26,17,10020.35,589.43,5,5,3,13,0,Champions
CUST12396,Chennai,33,Female,67,7,3156.65,450.95,3,3,2,8,1,Lost
CUST12397,Chennai,18,Male,33,9,15855.81,1761.76,4,4,4,12,0,Champions
CUST12398,Delhi,35,Female,170,7,7170.77,1024.4,2,3,3,8,2,Loyal Customers
CUST12399,Delhi,46,Female,149,1,6544.9,6544.9,2,1,3,6,3,At-Risk
CUST12400,Madurai,34,Male,115,4,5106.53,1276.63,3,2,2,7,3,At-Risk
CUST12401,Chennai,43,Male,356,1,1444.09,1444.09,1,1,1,3,1,Lost
CUST12402,Bengaluru,22,Male,307,1,2284.74,2284.74,1,1,1,3,3,At-Risk
CUST12403,Madurai,34,Male,1,14,43924.77091,1739.62,5,5,5,15,0,Champions
CUST12404,Delhi,27,Female,30,11,7800.35,709.12,4,4,3,11,0,Champions
CUST12405,Mumbai,42,Male,39,5,7611.33,1522.27,4,3,3,10,3,At-Risk
CUST12406,Bengaluru,34,Female,158,6,10080.61,1680.1,2,3,3,8,3,At-Risk
CUST12407,Coimbatore,42,Male,1,14,13076.94,934.07,5,5,4,14,0,Champions
CUST12408,Trichy,46,Male,96,5,5260.07,1052.01,3,3,2,8,3,At-Risk
CUST12409,Bengaluru,42,Female,48,9,12171.63,1352.4,4,4,4,12,3,At-Risk
CUST12410,Delhi,37,Female,64,6,11989.26,1998.21,3,3,4,10,3,At-Risk
CUST12411,Chennai,23,Female,187,2,1743.95,871.98,2,1,1,4,1,Lost
CUST12412,Bengaluru,34,Male,65,5,9926.26,1985.25,3,3,3,9,3,At-Risk
CUST12413,Chennai,28,Male,1,12,33896.18,2824.68,5,4,5,14,0,Champions
CUST12414,Mumbai,30,Male,23,17,26065.46,1533.26,5,5,5,15,0,Champions
CUST12415,Kochi,30,Other,283,3,1899.96,633.32,1,2,1,4,1,Lost
CUST12416,Bengaluru,23,Male,342,2,3070.35,1535.18,1,1,2,4,3,At-Risk
CUST12417,Chennai,18,Female,134,6,5392.05,898.68,2,3,2,7,3,At-Risk
CUST12418,Chennai,27,Female,28,16,9680.58,605.04,4,5,3,12,0,Champions
CUST12419,Bengaluru,36,Male,207,1,200.0,200.0,2,1,1,4,1,Lost
CUST12420,Chennai,19,Female,123,3,7555.16,2518.39,2,2,3,7,3,At-Risk
CUST12421,Chennai,34,Female,363,1,1402.05,1402.05,1,1,1,3,3,At-Risk
CUST12422,Hyderabad,55,Female,189,4,257.63,64.41,2,2,1,5,1,Lost
CUST12423,Bengaluru,45,Male,20,8,7686.54,960.82,5,3,3,11,0,Champions
CUST12424,Madurai,52,Male,45,9,13930.66,1547.85,4,4,4,12,0,Champions
CUST12425,Pune,38,Male,62,7,9327.4,1332.49,3,3,3,9,3,At-Risk
CUST12426,Chennai,47,Male,48,13,15874.98,1221.15,4,4,4,12,0,Champions
CUST12427,Kochi,26,Female,233,3,804.18,268.06,1,2,1,4,1,Lost
CUST12428,Madurai,27,Female,223,3,4404.62,1468.21,2,2,2,6,3,At-Risk
CUST12429,Pune,18,Male,182,6,8295.61,1382.6,2,3,3,8,3,At-Risk
CUST12430,Mumbai,47,Female,51,8,11101.78,1387.72,4,3,4,11,3,At-Risk
CUST12431,Hyderabad,51,Female,35,15,35392.79,2359.52,4,5,5,14,0,Champions
CUST12432,Trichy,28,Male,33,21,12240.7763,734.67,4,5,4,13,0,Champions
CUST12433,Madurai,31,Male,68,9,7766.2,862.91,3,4,3,10,3,At-Risk
CUST12434,Kochi,26,Female,30,11,11048.74,1004.43,4,4,4,12,0,Champions
CUST12435,Bengaluru,38,Female,115,7,5680.73,811.53,3,3,2,8,3,At-Risk
CUST12436,Bengaluru,46,Female,18,18,14835.9,824.22,5,5,4,14,0,Champions
CUST12437,Madurai,18,Male,363,3,2598.17,866.06,1,2,2,5,1,Lost
CUST12438,Mumbai,39,Male,41,7,10356.57,1479.51,4,3,4,11,3,At-Risk
CUST12439,Chennai,31,Male,251,2,2951.56,1475.78,1,1,2,4,3,At-Risk
CUST12440,Mumbai,35,Female,77,2,5409.207335,2618.28,3,1,2,6,3,At-Risk
CUST12441,Mumbai,39,Female,15,21,24869.86,1184.28,5,5,5,15,0,Champions
CUST12442,Hyderabad,32,Male,194,2,2518.411224,959.74,2,1,1,4,1,Lost
CUST12443,Hyderabad,33,Female,183,10,455.88,45.59,2,4,1,7,1,Lost
CUST12444,Bengaluru,32,Female,94,7,4054.98,579.28,3,3,2,8,1,Lost
CUST12445,Madurai,45,Female,153,5,3151.72,630.34,2,3,2,7,2,Loyal Customers
CUST12446,Coimbatore,39,Other,32,17,20888.6,1228.74,4,5,5,14,0,Champions
CUST12447,Coimbatore,36,Male,112,3,7711.56,2570.52,3,2,3,8,3,At-Risk
CUST12448,Chennai,20,Female,307,3,2758.71,919.57,1,2,2,5,1,Lost
CUST12449,Madurai,30,Male,36,15,23866.33,1591.09,4,5,5,14,0,Champions
CUST12450,Coimbatore,44,Male,78,9,16036.41,1781.82,3,4,4,11,0,Champions
CUST12451,Kochi,34,Female,320,2,233.44,116.72,1,1,1,3,1,Lost
CUST12452,Mumbai,41,Female,41,14,10524.0,751.71,4,5,4,13,0,Champions
CUST12453,Madurai,53,Male,80,5,5390.24,1078.05,3,3,2,8,3,At-Risk
CUST12454,Mumbai,45,Female,198,5,4588.232428,1058.49,2,3,2,7,3,At-Risk
CUST12455,Chennai,35,Female,148,6,5977.36,996.23,2,3,3,8,3,At-Risk
CUST12456,Bengaluru,28,Female,20,11,10895.16,990.47,5,4,4,13,0,Champions
CUST12457,Mumbai,18,Male,32,10,17646.19,1764.62,4,4,5,13,0,Champions
CUST12458,Bengaluru,32,Female,9,15,26243.79,1749.59,5,5,5,15,0,Champions
CUST12459,Bengaluru,30,Male,89,8,4156.332353,478.07,3,3,2,8,1,Lost
CUST12460,Trichy,38,Male,179,4,9883.12,2470.78,2,2,3,7,3,At-Risk
CUST12461,Pune,32,Male,108,6,9245.48,1540.91,3,3,3,9,3,At-Risk
CUST12462,Mumbai,30,Male,81,2,10045.27,5022.64,3,1,3,7,3,At-Risk
CUST12463,Mumbai,18,Female,26,11,14033.07,1275.73,5,4,4,13,0,Champions
CUST12464,Mumbai,24,Female,1,28,22354.97873,1205.72,5,5,5,15,0,Champions
CUST12465,Coimbatore,39,Female,320,3,3038.3,1012.77,1,2,2,5,1,Lost
CUST12466,Bengaluru,53,Male,107,4,7708.54,1927.14,3,2,3,8,2,Loyal Customers
CUST12467,Chennai,33,Female,52,9,18650.82,2072.31,4,4,5,13,0,Champions
CUST12468,Bengaluru,38,Female,1,19,24738.72,1302.04,5,5,5,15,0,Champions
CUST12469,Mumbai,44,Female,28,8,21409.11,2676.14,4,3,5,12,0,Champions
CUST12470,Coimbatore,25,Female,27,16,17036.18,1064.76,4,5,4,13,0,Champions
CUST12471,Kochi,38,Female,365,3,1310.746499,393.39,1,2,1,4,1,Lost
CUST12472,Pune,26,Female,295,3,1468.68,489.56,1,2,1,4,1,Lost
CUST12473,Delhi,44,Female,241,2,2505.15,1252.58,1,1,1,3,3,At-Risk
CUST12474,Mumbai,36,Male,365,2,2316.45,1158.22,1,1,1,3,3,At-Risk
CUST12475,Pune,37,Female,349,3,2084.62,694.87,1,2,1,4,1,Lost
CUST12476,Chennai,25,Male,69,6,11672.76461,987.72,3,3,4,10,3,At-Risk
CUST12477,Hyderabad,42,Male,50,8,8451.35,1056.42,4,3,3,10,3,At-Risk
CUST12478,Chennai,57,Female,345,3,636.9,212.3,1,2,1,4,1,Lost
CUST12479,Hyderabad,23,Male,30,11,15959.8,1450.89,4,4,4,12,0,Champions
CUST12480,Coimbatore,30,Female,3,10,18101.21,1810.12,5,4,5,14,0,Champions
CUST12481,Pune,37,Male,51,13,18131.25,1394.71,4,5,5,14,0,Champions
CUST12482,Kochi,43,Male,111,6,10036.82,1672.8,3,3,3,9,3,At-Risk
CUST12483,Chennai,28,Male,48,13,15952.38,1227.11,4,5,4,13,0,Champions
CUST12484,Bengaluru,18,Male,15,15,25187.89,1679.19,5,5,5,15,2,Loyal Customers
CUST12485,Trichy,49,Female,55,10,15870.09,1587.01,4,4,4,12,0,Champions
CUST12486,Bengaluru,42,Male,328,3,2099.81,699.94,1,2,1,4,1,Lost
CUST12487,Pune,18,Male,138,3,5236.67937,1432.53,2,2,2,6,3,At-Risk
CUST12488,Mumbai,27,Male,311,3,2960.56,986.85,1,2,2,5,1,Lost
CUST12489,Bengaluru,51,Male,32,11,10789.36,980.85,4,4,4,12,0,Champions
CUST12490,Madurai,50,Female,17,18,21846.84,1213.71,5,5,5,15,0,Champions
CUST12491,Coimbatore,44,Male,149,4,3821.98,955.5,2,2,2,6,3,At-Risk
CUST12492,Hyderabad,32,Female,29,11,8650.47,786.41,4,4,3,11,0,Champions
CUST12493,Bengaluru,35,Female,32,8,4496.22,562.03,4,3,2,9,1,Lost
CUST12494,Mumbai,33,Female,205,3,1467.51,489.17,2,2,1,5,1,Lost
CUST12495,Bengaluru,46,Female,91,7,7307.18,1043.88,3,3,3,9,3,At-Risk
CUST12496,Mumbai,24,Male,318,2,3314.94,1657.47,1,1,2,4,3,At-Risk
CUST12497,Pune,25,Male,53,3,10591.13,3530.38,4,2,4,10,3,At-Risk
CUST12498,Trichy,45,Female,75,5,5340.84,1068.17,3,3,2,8,3,At-Risk
CUST12499,Bengaluru,34,Female,91,5,4094.74,818.95,3,3,2,8,3,At-Risk
CUST12500,Hyderabad,49,Female,1,27,20527.96,760.29,5,5,5,15,0,Champions
CUST12501,Hyderabad,27,Female,45,8,17371.18,2171.4,4,3,5,12,3,At-Risk
CUST12502,Mumbai,33,Male,85,8,20530.25749,1358.35,3,3,5,11,3,At-Risk
CUST12503,Kochi,24,Male,39,6,17165.32,2860.89,4,3,4,11,3,At-Risk
CUST12504,Coimbatore,34,Female,7,23,15095.87,656.34,5,5,4,14,0,Champions
CUST12505,Chennai,18,Female,12,13,28555.82,2196.6,5,5,5,15,0,Champions
CUST12506,Pune,29,Male,167,1,5611.57,5611.57,2,1,2,5,3,At-Risk
CUST12507,Bengaluru,18,Female,75,10,1995.36,199.54,3,4,1,8,1,Lost
CUST12508,Hyderabad,42,Male,129,5,7202.74,1440.55,2,3,3,8,3,At-Risk
CUST12509,Pune,42,Male,115,4,2207.24,551.81,3,2,1,6,1,Lost
CUST12510,Chennai,18,Female,17,30,23450.35,781.68,5,5,5,15,0,Champions
CUST12511,Pune,49,Female,14,12,7074.0,589.5,5,4,3,12,0,Champions
CUST12512,Bengaluru,61,Male,11,18,35730.23,1985.01,5,5,5,15,0,Champions
CUST12513,Mumbai,35,Male,287,1,1127.31,1127.31,1,1,1,3,1,Lost
CUST12514,Mumbai,27,Male,162,4,3669.6,917.4,2,2,2,6,3,At-Risk
CUST12515,Kochi,65,Female,64,10,16330.5,1633.05,3,4,4,11,0,Champions
CUST12516,Chennai,19,Male,63,9,10020.48,1113.39,3,4,3,10,2,Loyal Customers
CUST12517,Bengaluru,34,Female,356,3,2006.55,668.85,1,2,1,4,1,Lost
CUST12518,Delhi,36,Female,144,6,9042.92,1507.15,2,3,3,8,3,At-Risk
CUST12519,Delhi,49,Female,365,1,2694.978478,3535.33,1,1,2,4,3,At-Risk
CUST12520,Delhi,38,Male,59,6,6862.52,1143.75,3,3,3,9,3,At-Risk
CUST12521,Chennai,29,Female,41,10,18508.47,1850.85,4,4,5,13,0,Champions
CUST12522,Madurai,24,Male,313,2,1318.6,659.3,1,1,1,3,1,Lost
CUST12523,Bengaluru,30,Male,212,6,13151.47623,1491.8,2,3,4,9,3,At-Risk
CUST12524,Hyderabad,23,Male,98,7,6935.78,990.83,3,3,3,9,3,At-Risk
CUST12525,Coimbatore,35,Male,46,3,6689.16,2229.72,4,2,3,9,3,At-Risk
CUST12526,Coimbatore,28,Female,130,4,4672.6,1168.15,2,2,2,6,3,At-Risk
CUST12527,Kochi,18,Male,141,9,4067.74,451.97,2,4,2,8,1,Lost
CUST12528,Chennai,48,Male,113,2,17639.46409,8214.62,3,1,5,9,3,At-Risk
CUST12529,Trichy,29,Female,63,10,12847.17,1284.72,3,4,4,11,0,Champions
CUST12530,Delhi,20,Male,179,3,3053.99,1018.0,2,2,2,6,3,At-Risk
CUST12531,Hyderabad,32,Female,134,10,22247.28543,1213.58,2,4,5,11,2,Loyal Customers
CUST12532,Madurai,35,Male,57,5,5094.4,1018.88,3,3,2,8,3,At-Risk
CUST12533,Chennai,18,Male,112,5,3892.797405,443.17,3,3,2,8,1,Lost
CUST12534,Delhi,38,Female,275,3,3974.65,1324.88,1,2,2,5,3,At-Risk
CUST12535,Hyderabad,22,Male,65,11,13758.04,1250.73,3,4,4,11,0,Champions
CUST12536,Delhi,53,Female,46,5,12778.51,2555.7,4,3,4,11,3,At-Risk
CUST12537,Chennai,40,Male,247,2,2171.04,1085.52,1,1,1,3,3,At-Risk
CUST12538,Hyderabad,30,Male,295,2,1472.98,736.49,1,1,1,3,1,Lost
CUST12539,Hyderabad,26,Male,130,3,6631.12,2210.37,2,2,3,7,3,At-Risk
CUST12540,Delhi,33,Male,19,11,8830.9,802.81,5,4,3,12,0,Champions
CUST12541,Hyderabad,41,Male,48,7,10351.79,1478.83,4,3,4,11,3,At-Risk
CUST12542,Hyderabad,34,Female,134,6,6122.08,1020.35,2,3,3,8,3,At-Risk
CUST12543,Mumbai,32,Male,255,2,1227.26,613.63,1,1,1,3,1,Lost
CUST12544,Chennai,35,Male,263,3,3304.6,1101.53,1,2,2,5,3,At-Risk
CUST12545,Bengaluru,27,Male,5,24,16420.83,684.2,5,5,4,14,0,Champions
CUST12546,Chennai,30,Female,93,8,25551.02377,2480.36,3,3,5,11,3,At-Risk
CUST12547,Bengaluru,18,Female,59,12,22688.63,1890.72,3,4,5,12,0,Champions
CUST12548,Bengaluru,45,Female,289,2,2678.404361,1638.34,1,1,2,4,3,At-Risk
CUST12549,Chennai,37,Female,80,7,3666.45,523.78,3,3,2,8,1,Lost
CUST12550,Madurai,25,Male,72,16,18250.67,1140.67,3,5,5,13,0,Champions
CUST12551,Chennai,55,Male,7,12,23663.33,1971.94,5,4,5,14,0,Champions
CUST12552,Hyderabad,35,Female,97,7,9921.7,1417.39,3,3,3,9,3,At-Risk
CUST12553,Kochi,23,Female,27,6,42503.26,7083.88,4,3,5,12,0,Champions
CUST12554,Chennai,43,Male,254,1,3449.31,3449.31,1,1,2,4,3,At-Risk
CUST12555,Kochi,38,Male,47,4,7517.28,1879.32,4,2,3,9,3,At-Risk
CUST12556,Mumbai,38,Other,43,10,13912.9,1391.29,4,4,4,12,0,Champions
CUST12557,Madurai,29,Female,87,8,10649.0,1331.12,3,3,4,10,3,At-Risk
CUST12558,Chennai,39,Male,287,3,1967.16,655.72,1,2,1,4,1,Lost
CUST12559,Mumbai,31,Female,10,11,8807.26,800.66,5,4,3,12,0,Champions
CUST12560,Hyderabad,40,Male,53,13,9070.87,697.76,4,5,3,12,2,Loyal Customers
CUST12561,Delhi,18,Male,189,2,3037.81,1518.9,2,1,2,5,2,Loyal Customers
CUST12562,Chennai,29,Male,230,1,1951.16,1951.16,1,1,1,3,3,At-Risk
CUST12563,Chennai,53,Male,319,2,1116.94,558.47,1,1,1,3,1,Lost
CUST12564,Bengaluru,26,Male,29,12,9786.93,815.58,4,4,3,11,0,Champions
CUST12565,Madurai,27,Female,17,11,20483.12,1862.1,5,4,5,14,0,Champions
CUST12566,Coimbatore,29,Male,21,2,26107.73,13053.86,5,1,5,11,3,At-Risk
CUST12567,Madurai,21,Female,7,18,20604.66,1144.7,5,5,5,15,0,Champions
CUST12568,Hyderabad,18,Male,206,3,3124.18,1041.39,2,2,2,6,3,At-Risk
CUST12569,Kochi,31,Male,41,8,19225.13,2403.14,4,3,5,12,0,Champions
CUST12570,Bengaluru,35,Female,175,6,7729.6,1288.27,2,3,3,8,3,At-Risk
CUST12571,Pune,33,Female,16,11,14985.11,1362.28,5,4,4,13,0,Champions
CUST12572,Madurai,32,Female,42,15,8157.55,543.84,4,5,3,12,0,Champions
CUST12573,Bengaluru,34,Other,365,1,4401.757998,3633.87,1,1,2,4,3,At-Risk
CUST12574,Coimbatore,45,Male,46,14,15572.22,1112.3,4,5,4,13,0,Champions
CUST12575,Delhi,32,Male,67,4,11045.53,2761.38,3,2,4,9,3,At-Risk
CUST12576,Trichy,28,Female,10,10,5175.974278,338.8,5,4,2,11,2,Loyal Customers
CUST12577,Mumbai,31,Other,7,29,25065.54288,630.11,5,5,5,15,2,Loyal Customers
CUST12578,Bengaluru,40,Female,68,8,4781.65,597.71,3,3,2,8,1,Lost
CUST12579,Delhi,50,Female,63,14,13148.4,939.17,3,5,4,12,0,Champions
CUST12580,Chennai,27,Female,199,7,9532.244557,856.67,2,3,3,8,3,At-Risk
CUST12581,Pune,35,Male,338,2,979.4,489.7,1,1,1,3,1,Lost
CUST12582,Mumbai,38,Female,119,3,7568.43,2522.81,2,2,3,7,2,Loyal Customers
CUST12583,Bengaluru,23,Female,1,19,17212.58,905.93,5,5,5,15,0,Champions
CUST12584,Mumbai,34,Female,172,1,6381.96,6381.96,2,1,3,6,3,At-Risk
CUST12585,Mumbai,18,Male,10,13,40378.49,3106.04,5,5,5,15,0,Champions
CUST12586,Chennai,18,Male,88,6,10004.75,1667.46,3,3,3,9,3,At-Risk
CUST12587,Delhi,38,Male,122,7,5490.53,784.36,2,3,2,7,3,At-Risk
CUST12588,Coimbatore,30,Male,47,19,8632.35,454.33,4,5,3,12,0,Champions
CUST12589,Delhi,36,Female,264,2,960.57,480.28,1,1,1,3,1,Lost
CUST12590,Hyderabad,34,Male,365,2,2039.98,1019.99,1,1,1,3,1,Lost
CUST12591,Hyderabad,23,Male,355,3,2956.13,985.38,1,2,2,5,3,At-Risk
CUST12592,Mumbai,34,Male,66,12,8767.79,730.65,3,4,3,10,0,Champions
CUST12593,Mumbai,20,Female,52,3,4738.6,1579.53,4,2,2,8,3,At-Risk
CUST12594,Chennai,49,Female,223,1,866.18,866.18,2,1,1,4,1,Lost
CUST12595,Hyderabad,19,Male,36,9,10998.37,1222.04,4,4,4,12,2,Loyal Customers
CUST12596,Coimbatore,32,Male,325,1,2227.02,2227.02,1,1,1,3,3,At-Risk
CUST12597,Bengaluru,23,Male,6,20,29368.32,1468.42,5,5,5,15,0,Champions
CUST12598,Madurai,40,Male,18,19,29069.43,1529.97,5,5,5,15,0,Champions
CUST12599,Chennai,30,Male,69,5,11630.46472,1517.13,3,3,4,10,3,At-Risk
CUST12600,Mumbai,28,Female,284,3,1409.57,469.86,1,2,1,4,1,Lost
CUST12601,Chennai,43,Male,233,1,2700.83,2700.83,1,1,2,4,3,At-Risk
CUST12602,Delhi,34,Male,216,2,1202.11,601.05,2,1,1,4,1,Lost
CUST12603,Madurai,40,Female,48,21,14429.47,687.12,4,5,4,13,0,Champions
CUST12604,Chennai,23,Male,18,7,10006.71,1429.53,5,3,3,11,0,Champions
CUST12605,Mumbai,19,Female,197,2,1938.493245,1385.9,2,1,1,4,3,At-Risk
CUST12606,Chennai,35,Male,22,24,30869.93,1286.25,5,5,5,15,0,Champions
CUST12607,Coimbatore,30,Female,144,4,2838.38,709.6,2,2,2,6,1,Lost
CUST12608,Delhi,41,Female,49,5,8310.74,1662.15,4,3,3,10,3,At-Risk
CUST12609,Chennai,33,Female,42,17,37259.38,2191.73,4,5,5,14,0,Champions
CUST12610,Hyderabad,36,Male,29,17,16492.73556,697.82,4,5,4,13,0,Champions
CUST12611,Chennai,18,Male,111,4,2748.22,687.06,3,2,2,7,1,Lost
CUST12612,Coimbatore,55,Male,365,2,1680.519067,920.9,1,1,1,3,1,Lost
CUST12613,Delhi,32,Female,160,8,7596.46,949.56,2,3,3,8,3,At-Risk
CUST12614,Madurai,42,Female,150,5,4379.32,875.86,2,3,2,7,3,At-Risk
CUST12615,Chennai,25,Male,141,3,10846.28267,2397.15,2,2,4,8,3,At-Risk
CUST12616,Bengaluru,37,Male,19,12,11670.68,972.56,5,4,4,13,0,Champions
CUST12617,Coimbatore,20,Male,21,14,37195.82,2656.84,5,5,5,15,0,Champions
CUST12618,Hyderabad,39,Male,48,7,6973.858598,642.39,4,3,3,10,3,At-Risk
CUST12619,Madurai,30,Male,9,22,33346.67,1515.76,5,5,5,15,0,Champions
CUST12620,Hyderabad,34,Male,121,9,23733.94311,2009.01,2,4,5,11,2,Loyal Customers
CUST12621,Pune,42,Female,34,11,9812.405679,733.32,4,4,3,11,0,Champions
CUST12622,Bengaluru,20,Female,58,12,8190.41,682.53,3,4,3,10,0,Champions
CUST12623,Pune,26,Other,18,22,18964.12,862.01,5,5,5,15,0,Champions
CUST12624,Bengaluru,39,Male,56,7,8268.36,1181.19,4,3,3,10,3,At-Risk
CUST12625,Kochi,57,Female,140,2,6383.55,3191.78,2,1,3,6,3,At-Risk
CUST12626,Chennai,32,Female,33,19,30504.99,1605.53,4,5,5,14,0,Champions
CUST12627,Delhi,41,Male,274,4,1062.86,265.71,1,2,1,4,1,Lost
CUST12628,Bengaluru,33,Female,33,29,33340.68,1149.68,4,5,5,14,0,Champions
CUST12629,Bengaluru,55,Male,225,5,2063.69,412.74,2,3,1,6,1,Lost
CUST12630,Delhi,18,Male,9,16,13644.45,852.78,5,5,4,14,0,Champions
CUST12631,Delhi,35,Male,235,1,200.0,200.0,1,1,1,3,1,Lost
CUST12632,Chennai,18,Male,18,14,19029.76,1359.27,5,5,5,15,0,Champions
CUST12633,Chennai,18,Female,174,8,3000.95,375.12,2,3,2,7,1,Lost
CUST12634,Delhi,37,Male,15,7,10685.79,1526.54,5,3,4,12,0,Champions
CUST12635,Delhi,36,Male,161,7,7086.291837,536.87,2,3,3,8,1,Lost
CUST12636,Kochi,31,Male,49,8,11566.66,1445.83,4,3,4,11,3,At-Risk
CUST12637,Hyderabad,33,Female,1,20,62202.27404,1755.26,5,5,5,15,0,Champions
CUST12638,Kochi,68,Male,272,3,1440.91,480.3,1,2,1,4,1,Lost
CUST12639,Delhi,31,Female,23,15,35008.37,2333.89,5,5,5,15,0,Champions
CUST12640,Madurai,40,Female,303,2,2337.4,1168.7,1,1,1,3,3,At-Risk
CUST12641,Chennai,27,Male,31,20,15611.34,780.57,4,5,4,13,0,Champions
CUST12642,Hyderabad,37,Male,58,5,17835.92,3567.18,3,3,5,11,3,At-Risk
CUST12643,Delhi,31,Female,88,8,4178.35,522.29,3,3,2,8,1,Lost
CUST12644,Chennai,29,Male,16,13,13077.69,1005.98,5,5,4,14,0,Champions
CUST12645,Bengaluru,54,Male,41,9,14265.86,1585.1,4,4,4,12,0,Champions
CUST12646,Kochi,47,Female,99,5,1262.48,252.5,3,3,1,7,1,Lost
CUST12647,Mumbai,36,Male,125,3,228.25,76.08,2,2,1,5,1,Lost
CUST12648,Bengaluru,18,Male,281,3,200.0,66.67,1,2,1,4,1,Lost
CUST12649,Bengaluru,30,Male,59,11,13098.14,1190.74,3,4,4,11,0,Champions
CUST12650,Coimbatore,64,Male,143,4,8818.69,2204.67,2,2,3,7,3,At-Risk
CUST12651,Bengaluru,31,Female,1,14,12925.85,923.28,5,5,4,14,0,Champions
CUST12652,Bengaluru,46,Female,72,11,13238.92,1203.54,3,4,4,11,0,Champions
CUST12653,Chennai,50,Female,169,5,6275.27,1255.05,2,3,3,8,3,At-Risk
CUST12654,Hyderabad,36,Female,43,10,7483.819999,426.91,4,4,3,11,0,Champions
CUST12655,Bengaluru,25,Male,60,11,14552.11817,1000.03,3,4,4,11,0,Champions
CUST12656,Hyderabad,18,Male,37,10,16649.04,1664.9,4,4,4,12,0,Champions
CUST12657,Pune,42,Male,70,5,3161.2,632.24,3,3,2,8,1,Lost
CUST12658,Coimbatore,25,Male,235,3,200.0,66.67,1,2,1,4,1,Lost
CUST12659,Delhi,36,Other,60,4,9639.19,2409.8,3,2,3,8,3,At-Risk
CUST12660,Bengaluru,20,Female,11,14,27769.32,1983.52,5,5,5,15,0,Champions
CUST12661,Pune,31,Male,364,2,3327.13,1663.56,1,1,2,4,3,At-Risk
CUST12662,Coimbatore,34,Male,214,4,4246.68,1061.67,2,2,2,6,3,At-Risk
CUST12663,Delhi,37,Male,15,14,34360.17,2454.3,5,5,5,15,0,Champions
CUST12664,Mumbai,22,Male,8,16,28762.43,1797.65,5,5,5,15,0,Champions
CUST12665,Madurai,47,Male,19,27,34248.07,1268.45,5,5,5,15,0,Champions
CUST12666,Chennai,27,Female,50,11,7148.665644,652.98,4,4,3,11,2,Loyal Customers
CUST12667,Delhi,18,Female,365,1,1923.24,1923.24,1,1,1,3,3,At-Risk
CUST12668,Delhi,33,Female,43,8,13692.32,1711.54,4,3,4,11,2,Loyal Customers
CUST12669,Madurai,34,Male,46,13,9715.81,747.37,4,5,3,12,0,Champions
CUST12670,Delhi,36,Male,258,3,1467.53,489.18,1,2,1,4,1,Lost
CUST12671,Bengaluru,49,Male,177,2,2945.15,1472.58,2,1,2,5,3,At-Risk
CUST12672,Delhi,31,Female,113,4,6626.43,1656.61,3,2,3,8,3,At-Risk
CUST12673,Coimbatore,33,Female,67,14,20190.61,1442.19,3,5,5,13,2,Loyal Customers
CUST12674,Pune,22,Female,19,16,22923.83,1432.74,5,5,5,15,0,Champions
CUST12675,Madurai,43,Male,16,14,33161.47,2368.68,5,5,5,15,0,Champions
CUST12676,Bengaluru,36,Female,17,24,34750.63,1447.94,5,5,5,15,0,Champions
CUST12677,Chennai,29,Male,60,6,6584.87,1097.48,3,3,3,9,3,At-Risk
CUST12678,Chennai,18,Female,130,3,3936.82,1312.27,2,2,2,6,3,At-Risk
CUST12679,Mumbai,50,Male,13,13,25189.32,1937.64,5,5,5,15,0,Champions
CUST12680,Coimbatore,20,Male,25,15,28142.02,1876.13,5,5,5,15,0,Champions
CUST12681,Hyderabad,27,Female,83,15,14499.76,966.65,3,5,4,12,2,Loyal Customers
CUST12682,Chennai,38,Male,92,6,954.35,159.06,3,3,1,7,1,Lost
CUST12683,Bengaluru,21,Male,140,5,2588.9,517.78,2,3,2,7,1,Lost
CUST12684,Madurai,18,Male,158,4,4878.77,1219.69,2,2,2,6,3,At-Risk
CUST12685,Chennai,18,Male,48,11,6371.16,579.2,4,4,3,11,2,Loyal Customers
CUST12686,Chennai,42,Male,31,11,10725.73,975.07,4,4,4,12,0,Champions
CUST12687,Bengaluru,28,Male,22,21,22811.83,1086.28,5,5,5,15,0,Champions
CUST12688,Bengaluru,66,Male,41,13,11862.75,912.52,4,5,4,13,0,Champions
CUST12689,Bengaluru,23,Male,287,2,1595.55,797.78,1,1,1,3,1,Lost
CUST12690,Mumbai,24,Other,175,2,1149.759595,1134.23,2,1,1,4,1,Lost
CUST12691,Mumbai,28,Male,132,3,8245.74,2748.58,2,2,3,7,2,Loyal Customers
CUST12692,Chennai,37,Male,365,3,2025.76,675.25,1,2,1,4,1,Lost
CUST12693,Bengaluru,29,Female,190,3,6866.33,2288.78,2,2,3,7,3,At-Risk
CUST12694,Kochi,41,Female,5,23,41213.11,1791.87,5,5,5,15,0,Champions
CUST12695,Mumbai,23,Female,365,4,1529.0,382.25,1,2,1,4,1,Lost
CUST12696,Delhi,19,Male,5,24,27037.82,1126.58,5,5,5,15,0,Champions
CUST12697,Madurai,18,Female,134,9,6313.014392,705.61,2,4,3,9,3,At-Risk
CUST12698,Hyderabad,18,Female,53,8,16278.77,2034.85,4,3,4,11,3,At-Risk
CUST12699,Hyderabad,28,Female,129,13,9244.663852,591.64,2,5,3,10,2,Loyal Customers
CUST12700,Mumbai,31,Female,109,4,974.93,243.73,3,2,1,6,1,Lost
CUST12701,Trichy,27,Female,16,9,14653.53,1628.17,5,4,4,13,0,Champions
CUST12702,Chennai,48,Female,45,6,12075.11,2012.52,4,3,4,11,3,At-Risk
CUST12703,Chennai,48,Female,77,7,13091.17,1870.17,3,3,4,10,2,Loyal Customers
CUST12704,Hyderabad,30,Male,40,12,15833.33,1319.44,4,4,4,12,0,Champions
CUST12705,Hyderabad,18,Female,332,1,2294.15,2294.15,1,1,1,3,3,At-Risk
CUST12706,Chennai,28,Female,245,3,2773.26,924.42,1,2,2,5,1,Lost
CUST12707,Coimbatore,27,Male,64,7,6869.77,981.4,3,3,3,9,3,At-Risk
CUST12708,Chennai,27,Other,55,15,15242.38,1016.16,4,5,4,13,0,Champions
CUST12709,Madurai,26,Male,321,2,1815.09,907.54,1,1,1,3,1,Lost
CUST12710,Hyderabad,27,Male,11,14,18586.73789,1473.13,5,5,5,15,0,Champions
CUST12711,Mumbai,30,Female,64,14,9724.38,694.6,3,5,3,11,0,Champions
CUST12712,Madurai,27,Male,29,14,16383.49,1170.25,4,5,4,13,0,Champions
CUST12713,Bengaluru,36,Male,296,1,1539.44,1539.44,1,1,1,3,2,Loyal Customers
CUST12714,Chennai,38,Male,22,21,22273.39,1060.64,5,5,5,15,0,Champions
CUST12715,Madurai,24,Male,16,16,29014.16,1813.38,5,5,5,15,0,Champions
CUST12716,Delhi,48,Male,72,6,6083.969095,1529.2,3,3,3,9,3,At-Risk
CUST12717,Trichy,23,Male,29,10,13338.23,1333.82,4,4,4,12,0,Champions
CUST12718,Hyderabad,18,Male,139,5,6559.2,1311.84,2,3,3,8,2,Loyal Customers
CUST12719,Chennai,38,Other,45,11,11161.89,1014.72,4,4,4,12,0,Champions
CUST12720,Pune,25,Other,14,6,9639.9,1606.65,5,3,3,11,2,Loyal Customers
CUST12721,Hyderabad,38,Male,9,15,34026.65,2268.44,5,5,5,15,2,Loyal Customers
CUST12722,Hyderabad,18,Female,18,24,17313.39,721.39,5,5,5,15,0,Champions
CUST12723,Bengaluru,49,Male,294,2,1657.49,828.74,1,1,1,3,1,Lost
CUST12724,Bengaluru,41,Male,187,1,200.0,200.0,2,1,1,4,1,Lost
CUST12725,Madurai,18,Male,40,13,15293.18,1176.4,4,5,4,13,0,Champions
CUST12726,Chennai,18,Female,12,15,42781.28,2852.09,5,5,5,15,0,Champions
CUST12727,Coimbatore,52,Female,24,19,30469.4,1603.65,5,5,5,15,0,Champions
CUST12728,Coimbatore,26,Male,129,1,5701.46,5701.46,2,1,2,5,3,At-Risk
CUST12729,Bengaluru,25,Male,69,9,8831.06,981.23,3,4,3,10,3,At-Risk
CUST12730,Delhi,18,Male,50,11,17043.81,1549.44,4,4,4,12,2,Loyal Customers
CUST12731,Bengaluru,30,Male,133,6,9118.74,1519.79,2,3,3,8,3,At-Risk
CUST12732,Chennai,31,Female,105,3,8886.48,2962.16,3,2,3,8,3,At-Risk
CUST12733,Kochi,42,Male,344,1,2283.06,2283.06,1,1,1,3,3,At-Risk
CUST12734,Kochi,19,Female,18,19,31731.65,1670.09,5,5,5,15,0,Champions
CUST12735,Hyderabad,18,Male,81,12,9868.59,822.38,3,4,3,10,0,Champions
CUST12736,Trichy,39,Female,12,13,27222.48,2094.04,5,5,5,15,0,Champions
CUST12737,Mumbai,45,Female,286,1,790.89,790.89,1,1,1,3,1,Lost
CUST12738,Kochi,18,Male,365,1,3527.892073,2629.72,1,1,2,4,3,At-Risk
CUST12739,Chennai,46,Female,97,5,5382.28,1076.46,3,3,2,8,3,At-Risk
CUST12740,Bengaluru,34,Female,17,23,28154.07,1224.09,5,5,5,15,0,Champions
CUST12741,Coimbatore,46,Male,53,15,7467.97,497.86,4,5,3,12,0,Champions
CUST12742,Coimbatore,33,Male,42,8,26004.24705,1847.1,4,3,5,12,0,Champions
CUST12743,Chennai,18,Female,121,3,3491.31,1163.77,2,2,2,6,3,At-Risk
CUST12744,Mumbai,32,Male,68,10,6205.88,620.59,3,4,3,10,1,Lost
CUST12745,Hyderabad,46,Male,28,21,26813.73,1276.84,4,5,5,14,0,Champions
CUST12746,Mumbai,24,Male,82,9,8472.31,941.37,3,4,3,10,2,Loyal Customers
CUST12747,Chennai,30,Female,26,11,6777.95,616.18,5,4,3,12,0,Champions
CUST12748,Hyderabad,32,Female,42,7,7749.2,1107.03,4,3,3,10,3,At-Risk
CUST12749,Delhi,18,Female,9,8,36142.37,4517.8,5,3,5,13,0,Champions
CUST12750,Bengaluru,52,Female,244,1,1909.58,1909.58,1,1,1,3,3,At-Risk
CUST12751,Delhi,24,Male,75,3,2587.36,862.45,3,2,2,7,3,At-Risk
CUST12752,Coimbatore,40,Female,232,1,2105.12,2105.12,1,1,1,3,3,At-Risk
CUST12753,Madurai,33,Female,15,4,10868.14,2717.04,5,2,4,11,3,At-Risk
CUST12754,Pune,48,Male,299,2,2700.33,1350.16,1,1,2,4,3,At-Risk
CUST12755,Madurai,38,Male,175,1,1073.48,1073.48,2,1,1,4,1,Lost
CUST12756,Bengaluru,31,Male,190,4,6070.0,1517.5,2,2,3,7,3,At-Risk
CUST12757,Pune,24,Female,365,2,4491.84937,1184.62,1,1,2,4,3,At-Risk
CUST12758,Delhi,43,Female,94,9,10338.2,1148.69,3,4,4,11,3,At-Risk
CUST12759,Chennai,18,Female,43,11,6654.67,604.97,4,4,3,11,0,Champions
CUST12760,Chennai,41,Other,19,19,27936.57,1470.35,5,5,5,15,0,Champions
CUST12761,Chennai,22,Male,142,5,3347.79,669.56,2,3,2,7,1,Lost
CUST12762,Delhi,48,Female,115,8,2920.33,365.04,3,3,2,8,1,Lost
CUST12763,Bengaluru,36,Female,217,3,2267.62,755.87,2,2,1,5,1,Lost
CUST12764,Chennai,41,Male,14,14,34136.4,2438.31,5,5,5,15,0,Champions
CUST12765,Kochi,35,Other,114,9,2808.254643,471.64,3,4,2,9,2,Loyal Customers
CUST12766,Mumbai,18,Male,19,23,24529.22,1066.49,5,5,5,15,0,Champions
CUST12767,Coimbatore,25,Female,93,9,2805.99,311.78,3,4,2,9,1,Lost
CUST12768,Mumbai,41,Female,8,11,29565.12,2687.74,5,4,5,14,0,Champions
CUST12769,Delhi,36,Female,156,2,1815.22,907.61,2,1,1,4,1,Lost
CUST12770,Chennai,47,Female,64,14,7458.22,532.73,3,5,3,11,0,Champions
CUST12771,Coimbatore,38,Male,15,5,14569.9,2913.98,5,3,4,12,0,Champions
CUST12772,Hyderabad,23,Female,365,2,1071.81,535.9,1,1,1,3,1,Lost
CUST12773,Bengaluru,25,Male,51,13,6913.82,531.83,4,5,3,12,2,Loyal Customers
CUST12774,Mumbai,35,Female,16,16,21568.64,1348.04,5,5,5,15,0,Champions
CUST12775,Bengaluru,18,Female,5,4,6350.91,1587.73,5,2,3,10,0,Champions
CUST12776,Chennai,52,Female,26,20,37732.23,1886.61,5,5,5,15,2,Loyal Customers
CUST12777,Chennai,39,Male,229,2,2595.24,1297.62,1,1,2,4,3,At-Risk
CUST12778,Bengaluru,47,Female,91,6,5984.02,997.34,3,3,3,9,2,Loyal Customers
CUST12779,Coimbatore,18,Female,48,12,10638.92,886.58,4,4,4,12,2,Loyal Customers
CUST12780,Chennai,48,Female,149,5,2910.19,582.04,2,3,2,7,1,Lost
CUST12781,Hyderabad,59,Male,6,18,21330.02,1185.0,5,5,5,15,0,Champions
CUST12782,Trichy,19,Male,237,1,2703.45,2703.45,1,1,2,4,3,At-Risk
CUST12783,Hyderabad,42,Male,332,1,2373.729866,2113.6,1,1,1,3,3,At-Risk
CUST12784,Pune,34,Female,233,3,1612.541684,309.9,1,2,1,4,1,Lost
CUST12785,Coimbatore,18,Female,52,8,19786.79,2473.35,4,3,5,12,3,At-Risk
CUST12786,Kochi,39,Other,30,7,11803.3,1686.19,4,3,4,11,0,Champions
CUST12787,Coimbatore,43,Male,2,22,25400.16,1154.55,5,5,5,15,0,Champions
CUST12788,Kochi,27,Male,158,3,5108.86,1702.95,2,2,2,6,3,At-Risk
CUST12789,Trichy,47,Female,146,10,2580.16,258.02,2,4,2,8,1,Lost
CUST12790,Delhi,18,Female,23,4,13370.12,3342.53,5,2,4,11,3,At-Risk
CUST12791,Trichy,18,Female,188,1,1472.55,1472.55,2,1,1,4,1,Lost
CUST12792,Mumbai,36,Female,2,10,25480.32,2548.03,5,4,5,14,0,Champions
CUST12793,Coimbatore,34,Male,3,26,25168.39,968.02,5,5,5,15,0,Champions
CUST12794,Bengaluru,26,Female,21,21,33779.97,1608.57,5,5,5,15,0,Champions
CUST12795,Mumbai,43,Female,35,8,8215.84,1026.98,4,3,3,10,3,At-Risk
CUST12796,Chennai,40,Male,1,25,25466.74,1018.67,5,5,5,15,0,Champions
CUST12797,Mumbai,43,Male,126,8,7473.25,934.16,2,3,3,8,3,At-Risk
CUST12798,Trichy,33,Male,43,13,20653.9,1588.76,4,5,5,14,0,Champions
CUST12799,Coimbatore,41,Male,69,10,9834.82,983.48,3,4,3,10,3,At-Risk
CUST12800,Hyderabad,29,Female,172,5,5863.52,1172.7,2,3,2,7,2,Loyal Customers
CUST12801,Pune,57,Male,81,13,11087.58,852.89,3,5,4,12,0,Champions
CUST12802,Kochi,25,Male,107,8,5053.99,631.75,3,3,2,8,1,Lost
CUST12803,Kochi,57,Male,73,8,17268.23,2158.53,3,3,5,11,3,At-Risk
CUST12804,Mumbai,34,Female,244,7,4992.523272,397.1,1,3,2,6,1,Lost
CUST12805,Trichy,19,Male,223,2,1939.67,969.84,2,1,1,4,1,Lost
CUST12806,Hyderabad,49,Female,12,22,39151.4,1779.61,5,5,5,15,0,Champions
CUST12807,Chennai,35,Male,167,5,2999.223754,1049.92,2,3,2,7,3,At-Risk
CUST12808,Bengaluru,43,Male,227,2,2688.49,1344.24,2,1,2,5,3,At-Risk
CUST12809,Delhi,47,Male,85,6,4963.18,827.2,3,3,2,8,3,At-Risk
CUST12810,Coimbatore,38,Male,62,12,11273.06,939.42,3,4,4,11,0,Champions
CUST12811,Delhi,27,Male,29,8,14955.47711,1523.94,4,3,4,11,0,Champions
CUST12812,Delhi,45,Male,79,8,6356.723893,849.29,3,3,3,9,3,At-Risk
CUST12813,Chennai,34,Female,336,3,416.51,138.84,1,2,1,4,1,Lost
CUST12814,Mumbai,42,Female,21,18,21452.2,1191.79,5,5,5,15,0,Champions
CUST12815,Hyderabad,18,Male,19,12,29355.02,2446.25,5,4,5,14,0,Champions
CUST12816,Bengaluru,39,Male,37,7,10873.25,1553.32,4,3,4,11,3,At-Risk
CUST12817,Chennai,27,Other,49,10,10900.67,1090.07,4,4,4,12,0,Champions
CUST12818,Chennai,52,Female,32,8,13482.01,1685.25,4,3,4,11,0,Champions
CUST12819,Bengaluru,41,Male,57,5,14211.77,2842.35,3,3,4,10,3,At-Risk
CUST12820,Kochi,37,Female,59,9,9427.01,1047.45,3,4,3,10,3,At-Risk
CUST12821,Coimbatore,39,Female,11,15,21793.71,1452.91,5,5,5,15,0,Champions
CUST12822,Delhi,23,Female,365,1,1436.2,1436.2,1,1,1,3,3,At-Risk
CUST12823,Coimbatore,52,Male,17,26,31367.78,1206.45,5,5,5,15,0,Champions
CUST12824,Madurai,56,Male,56,10,8935.68,893.57,4,4,3,11,0,Champions
CUST12825,Hyderabad,38,Male,66,14,9563.46,683.1,3,5,3,11,0,Champions
CUST12826,Delhi,51,Female,349,2,2203.233341,798.66,1,1,1,3,2,Loyal Customers
CUST12827,Chennai,28,Female,77,3,6417.54,2139.18,3,2,3,8,3,At-Risk
CUST12828,Bengaluru,25,Male,365,2,1916.78,958.39,1,1,1,3,1,Lost
CUST12829,Chennai,34,Female,16,25,27872.4,1114.9,5,5,5,15,0,Champions
CUST12830,Bengaluru,39,Female,237,1,698.67,698.67,1,1,1,3,1,Lost
CUST12831,Delhi,30,Other,27,13,6394.98,491.92,4,5,3,12,0,Champions
CUST12832,Chennai,40,Female,64,14,5638.28,402.73,3,5,2,10,0,Champions
CUST12833,Madurai,37,Other,146,8,7980.15,997.52,2,3,3,8,3,At-Risk
CUST12834,Bengaluru,23,Male,300,1,1782.47,1782.47,1,1,1,3,3,At-Risk
CUST12835,Pune,40,Female,204,2,1689.52,844.76,2,1,1,4,1,Lost
CUST12836,Trichy,43,Female,273,3,962.41,320.8,1,2,1,4,1,Lost
CUST12837,Chennai,36,Male,273,2,1882.03,941.02,1,1,1,3,1,Lost
CUST12838,Hyderabad,47,Male,31,12,13188.67,1099.06,4,4,4,12,0,Champions
CUST12839,Bengaluru,21,Other,26,11,15754.38,1432.22,5,4,4,13,0,Champions
CUST12840,Bengaluru,39,Male,13,15,26759.5,1783.97,5,5,5,15,0,Champions
CUST12841,Hyderabad,21,Female,261,3,1458.83,486.28,1,2,1,4,1,Lost
CUST12842,Pune,22,Male,13,4,37507.8,9376.95,5,2,5,12,0,Champions
CUST12843,Kochi,27,Male,303,1,2495.59,2495.59,1,1,1,3,3,At-Risk
CUST12844,Mumbai,24,Male,56,6,15484.18,2580.7,4,3,4,11,3,At-Risk
CUST12845,Bengaluru,28,Male,69,10,2472.03,247.2,3,4,1,8,1,Lost
CUST12846,Hyderabad,32,Female,37,17,22765.27,1339.13,4,5,5,14,0,Champions
CUST12847,Coimbatore,43,Female,55,12,11019.74,918.31,4,4,4,12,0,Champions
CUST12848,Mumbai,30,Male,220,1,1114.67,1114.67,2,1,1,4,1,Lost
CUST12849,Bengaluru,18,Male,23,17,32692.12,1923.07,5,5,5,15,0,Champions
CUST12850,Delhi,47,Male,45,14,7591.63,542.26,4,5,3,12,2,Loyal Customers
CUST12851,Coimbatore,25,Male,40,17,21848.32,1285.2,4,5,5,14,0,Champions
CUST12852,Coimbatore,33,Female,51,12,12574.95,1047.91,4,4,4,12,0,Champions
CUST12853,Pune,39,Male,10,21,28901.48,1376.26,5,5,5,15,0,Champions
CUST12854,Chennai,36,Male,48,14,10328.71,737.76,4,5,4,13,0,Champions
CUST12855,Mumbai,46,Male,227,2,2089.83,1044.92,2,1,1,4,3,At-Risk
CUST12856,Coimbatore,39,Male,22,7,14367.65,2052.52,5,3,4,12,0,Champions
CUST12857,Chennai,25,Male,20,9,11923.39,1324.82,5,4,4,13,0,Champions
CUST12858,Chennai,58,Male,90,5,4788.56,957.71,3,3,2,8,3,At-Risk
CUST12859,Chennai,36,Female,14,22,18435.4,837.97,5,5,5,15,2,Loyal Customers
CUST12860,Pune,32,Female,43,11,4415.99,401.45,4,4,2,10,1,Lost
CUST12861,Madurai,45,Female,79,8,1348.97,168.62,3,3,1,7,1,Lost
CUST12862,Kochi,37,Male,28,13,7513.371916,625.51,4,5,3,12,0,Champions
CUST12863,Mumbai,38,Male,227,5,7957.980034,1695.55,2,3,3,8,2,Loyal Customers
CUST12864,Bengaluru,61,Female,182,6,7100.029648,609.99,2,3,3,8,2,Loyal Customers
CUST12865,Mumbai,31,Female,306,1,1191.61,1191.61,1,1,1,3,1,Lost
CUST12866,Mumbai,31,Other,361,1,1400.25,1400.25,1,1,1,3,3,At-Risk
CUST12867,Hyderabad,35,Male,3,23,21196.24513,986.95,5,5,5,15,0,Champions
CUST12868,Madurai,46,Male,45,10,12023.14,1202.31,4,4,4,12,0,Champions
CUST12869,Bengaluru,18,Female,59,10,12360.44,1236.04,3,4,4,11,0,Champions
CUST12870,Pune,18,Female,7,20,27342.86,1367.14,5,5,5,15,0,Champions
CUST12871,Kochi,28,Female,279,3,2297.29,765.76,1,2,1,4,1,Lost
CUST12872,Pune,18,Female,159,5,3232.71,646.54,2,3,2,7,1,Lost
CUST12873,Bengaluru,29,Female,141,4,5892.21,1473.05,2,2,2,6,3,At-Risk
CUST12874,Hyderabad,40,Male,90,4,6755.68,1688.92,3,2,3,8,3,At-Risk
CUST12875,Bengaluru,24,Female,34,9,42517.19,4724.13,4,4,5,13,0,Champions
CUST12876,Bengaluru,18,Female,123,8,4672.91,584.11,2,3,2,7,1,Lost
CUST12877,Coimbatore,35,Female,365,2,2323.988592,1117.36,1,1,1,3,3,At-Risk
CUST12878,Mumbai,43,Male,125,1,4653.27,4653.27,2,1,2,5,3,At-Risk
CUST12879,Coimbatore,18,Male,41,12,6377.29,531.44,4,4,3,11,0,Champions
CUST12880,Madurai,43,Female,83,3,5022.43,1674.14,3,2,2,7,3,At-Risk
CUST12881,Pune,43,Male,56,7,5854.16,836.31,4,3,2,9,3,At-Risk
CUST12882,Coimbatore,44,Female,76,4,9541.35,2385.34,3,2,3,8,3,At-Risk
CUST12883,Chennai,47,Male,93,3,5993.3,1997.77,3,2,3,8,3,At-Risk
CUST12884,Chennai,58,Male,42,15,12224.98,815.0,4,5,4,13,0,Champions
CUST12885,Kochi,30,Female,201,8,3580.09,447.51,2,3,2,7,1,Lost
CUST12886,Mumbai,35,Male,325,1,1582.98,1582.98,1,1,1,3,3,At-Risk
CUST12887,Bengaluru,29,Male,10,16,28806.43,1800.4,5,5,5,15,2,Loyal Customers
CUST12888,Hyderabad,34,Male,330,1,1730.59,1730.59,1,1,1,3,3,At-Risk
CUST12889,Hyderabad,51,Female,203,8,7150.034316,450.69,2,3,3,8,1,Lost
CUST12890,Madurai,19,Male,169,6,5372.79,895.46,2,3,2,7,3,At-Risk
CUST12891,Delhi,25,Female,223,3,546.39,182.13,2,2,1,5,1,Lost
CUST12892,Hyderabad,49,Male,81,7,6385.33,912.19,3,3,3,9,3,At-Risk
CUST12893,Delhi,45,Female,233,2,3402.76,1701.38,1,1,2,4,3,At-Risk
CUST12894,Chennai,30,Male,34,30,41237.35,1374.58,4,5,5,14,0,Champions
CUST12895,Pune,43,Male,3,20,29762.59,1488.13,5,5,5,15,0,Champions
CUST12896,Mumbai,38,Male,101,4,6594.64,1648.66,3,2,3,8,3,At-Risk
CUST12897,Madurai,51,Male,239,1,2687.46,2687.46,1,1,2,4,3,At-Risk
CUST12898,Bengaluru,35,Female,365,1,2651.45,2651.45,1,1,2,4,3,At-Risk
CUST12899,Chennai,45,Male,180,8,4009.577003,901.24,2,3,2,7,1,Lost
CUST12900,Chennai,63,Male,156,2,6310.4,3155.2,2,1,3,6,3,At-Risk
CUST12901,Hyderabad,41,Female,47,4,5325.48,1331.37,4,2,2,8,3,At-Risk
CUST12902,Chennai,35,Male,310,4,404.97,101.24,1,2,1,4,1,Lost
CUST12903,Bengaluru,42,Male,171,10,13834.76523,1021.94,2,4,4,10,3,At-Risk
CUST12904,Mumbai,30,Female,293,9,7588.323524,432.81,1,4,3,8,1,Lost
CUST12905,Chennai,60,Female,136,4,4940.15,1235.04,2,2,2,6,3,At-Risk
CUST12906,Trichy,36,Male,175,4,7834.77,1958.69,2,2,3,7,3,At-Risk
CUST12907,Coimbatore,31,Male,52,15,10046.22,669.75,4,5,3,12,0,Champions
CUST12908,Madurai,25,Female,308,1,1404.51,1404.51,1,1,1,3,1,Lost
CUST12909,Madurai,46,Male,135,4,3134.77,783.69,2,2,2,6,1,Lost
CUST12910,Coimbatore,44,Other,302,3,1665.45,555.15,1,2,1,4,1,Lost
CUST12911,Chennai,29,Male,4,20,24903.33,1245.17,5,5,5,15,0,Champions
CUST12912,Delhi,40,Female,189,3,4835.62,1611.87,2,2,2,6,3,At-Risk
CUST12913,Kochi,18,Male,55,9,7493.66,832.63,4,4,3,11,0,Champions
CUST12914,Coimbatore,36,Female,134,7,8188.2,1169.74,2,3,3,8,3,At-Risk
CUST12915,Delhi,39,Male,201,4,200.0,50.0,2,2,1,5,1,Lost
CUST12916,Delhi,53,Female,12,20,40314.85,2015.74,5,5,5,15,0,Champions
CUST12917,Hyderabad,26,Male,14,20,31496.14,1574.81,5,5,5,15,0,Champions
CUST12918,Bengaluru,20,Male,41,12,8486.4,707.2,4,4,3,11,0,Champions
CUST12919,Madurai,24,Female,24,6,22858.23,3809.7,5,3,5,13,0,Champions
CUST12920,Madurai,19,Female,365,2,2889.95,1444.98,1,1,2,4,3,At-Risk
CUST12921,Delhi,49,Female,27,12,9185.05,765.42,4,4,3,11,0,Champions
CUST12922,Hyderabad,51,Male,16,10,12055.34,1205.53,5,4,4,13,0,Champions
CUST12923,Coimbatore,38,Female,23,17,38320.91345,1868.5,5,5,5,15,0,Champions
CUST12924,Bengaluru,47,Male,131,7,5517.71,788.24,2,3,2,7,3,At-Risk
CUST12925,Pune,35,Other,25,10,9119.35,911.94,5,4,3,12,0,Champions
CUST12926,Hyderabad,33,Female,11,18,25659.24,1425.51,5,5,5,15,0,Champions
CUST12927,Trichy,30,Male,27,5,12282.79,2456.56,4,3,4,11,2,Loyal Customers
CUST12928,Hyderabad,31,Female,53,3,10478.13,3492.71,4,2,4,10,3,At-Risk
CUST12929,Bengaluru,18,Female,212,1,2855.533777,3453.88,2,1,2,5,3,At-Risk
CUST12930,Mumbai,37,Male,34,11,12670.6,1151.87,4,4,4,12,0,Champions
CUST12931,Delhi,34,Female,83,3,4971.98,1657.33,3,2,2,7,3,At-Risk
CUST12932,Chennai,42,Male,323,1,4061.93,4061.93,1,1,2,4,3,At-Risk
CUST12933,Mumbai,35,Female,174,1,954.12,954.12,2,1,1,4,1,Lost
CUST12934,Delhi,32,Male,327,2,2117.32,1058.66,1,1,1,3,1,Lost
CUST12935,Chennai,24,Male,259,3,3322.82,1107.61,1,2,2,5,3,At-Risk
CUST12936,Hyderabad,35,Male,143,5,2694.71,538.94,2,3,2,7,2,Loyal Customers
CUST12937,Mumbai,42,Female,34,6,3849.935026,1219.02,4,3,2,9,3,At-Risk
CUST12938,Kochi,21,Female,14,24,12087.73,503.66,5,5,4,14,0,Champions
CUST12939,Chennai,35,Other,49,14,15512.82,1108.06,4,5,4,13,0,Champions
CUST12940,Coimbatore,37,Male,201,2,1746.38,873.19,2,1,1,4,1,Lost
CUST12941,Mumbai,26,Male,94,6,9296.95,1549.49,3,3,3,9,3,At-Risk
CUST12942,Madurai,28,Female,30,3,17256.42282,4137.63,4,2,5,11,3,At-Risk
CUST12943,Delhi,37,Female,182,7,6966.12,995.16,2,3,3,8,3,At-Risk
CUST12944,Hyderabad,22,Male,71,11,15356.99,1396.09,3,4,4,11,0,Champions
CUST12945,Chennai,38,Male,223,1,1433.01,1433.01,2,1,1,4,3,At-Risk
CUST12946,Mumbai,24,Male,43,12,17152.84,1429.4,4,4,4,12,0,Champions
CUST12947,Mumbai,46,Male,156,15,18491.56388,1023.51,2,5,5,12,0,Champions
CUST12948,Bengaluru,60,Female,204,3,200.0,66.67,2,2,1,5,1,Lost
CUST12949,Kochi,25,Female,21,11,12954.23,1177.66,5,4,4,13,0,Champions
CUST12950,Hyderabad,40,Female,111,5,5872.8,1174.56,3,3,2,8,3,At-Risk
CUST12951,Delhi,26,Female,207,3,3700.47,1233.49,2,2,2,6,3,At-Risk
CUST12952,Delhi,45,Male,42,10,10266.27,1026.63,4,4,4,12,0,Champions
CUST12953,Bengaluru,20,Female,365,1,3885.349733,3132.62,1,1,2,4,3,At-Risk
CUST12954,Kochi,39,Female,109,1,1943.206811,1302.86,3,1,1,5,3,At-Risk
CUST12955,Delhi,24,Male,34,8,10448.96,1306.12,4,3,4,11,0,Champions
CUST12956,Delhi,32,Female,16,18,20913.89423,1971.54,5,5,5,15,0,Champions
CUST12957,Pune,23,Male,268,2,2572.322251,990.37,1,1,2,4,3,At-Risk
CUST12958,Coimbatore,43,Female,6,10,36759.47,3675.95,5,4,5,14,0,Champions
CUST12959,Hyderabad,25,Male,257,2,1270.66,635.33,1,1,1,3,1,Lost
CUST12960,Coimbatore,40,Female,64,16,8488.89,530.56,3,5,3,11,0,Champions
CUST12961,Madurai,30,Male,138,6,6442.4,1073.73,2,3,3,8,3,At-Risk
CUST12962,Madurai,33,Male,300,2,2283.86,1141.93,1,1,1,3,3,At-Risk
CUST12963,Trichy,36,Other,6,20,42703.54,2135.18,5,5,5,15,0,Champions
CUST12964,Pune,26,Female,97,10,11875.85,1187.58,3,4,4,11,3,At-Risk
CUST12965,Delhi,36,Male,365,2,2707.409192,1076.51,1,1,2,4,1,Lost
CUST12966,Delhi,51,Male,78,3,9177.03,3059.01,3,2,3,8,3,At-Risk
CUST12967,Mumbai,25,Male,141,5,8791.41,1758.28,2,3,3,8,3,At-Risk
CUST12968,Kochi,47,Female,117,7,6614.01,944.86,2,3,3,8,3,At-Risk
CUST12969,Bengaluru,50,Female,66,2,6898.81,3449.4,3,1,3,7,3,At-Risk
CUST12970,Bengaluru,25,Female,272,4,2168.26,542.07,1,2,1,4,1,Lost
CUST12971,Chennai,18,Male,145,3,1782.9,594.3,2,2,1,5,1,Lost
CUST12972,Hyderabad,37,Female,1,12,22535.94536,1001.51,5,4,5,14,2,Loyal Customers
CUST12973,Delhi,28,Male,265,3,3622.36,1207.45,1,2,2,5,3,At-Risk
CUST12974,Bengaluru,55,Male,16,7,14789.55,2112.79,5,3,4,12,0,Champions
CUST12975,Chennai,34,Female,25,14,31377.15,2241.22,5,5,5,15,0,Champions
CUST12976,Hyderabad,25,Female,43,6,9097.33,1516.22,4,3,3,10,3,At-Risk
CUST12977,Chennai,21,Female,1,12,26010.21,2167.52,5,4,5,14,0,Champions
CUST12978,Delhi,46,Female,31,14,34679.92,2477.14,4,5,5,14,0,Champions
CUST12979,Trichy,28,Female,76,14,11851.13,846.51,3,5,4,12,0,Champions
CUST12980,Bengaluru,34,Female,12,21,34798.56,1657.07,5,5,5,15,0,Champions
CUST12981,Coimbatore,45,Male,59,4,200.0,50.0,3,2,1,6,1,Lost
CUST12982,Delhi,29,Male,7,24,41106.25,1712.76,5,5,5,15,0,Champions
CUST12983,Hyderabad,33,Other,50,7,9290.55,1327.22,4,3,3,10,3,At-Risk
CUST12984,Mumbai,34,Female,22,20,27642.98,1382.15,5,5,5,15,0,Champions
CUST12985,Kochi,42,Male,30,21,26675.37,1270.26,4,5,5,14,0,Champions
CUST12986,Chennai,40,Male,18,16,12837.42,802.34,5,5,4,14,0,Champions
CUST12987,Mumbai,32,Male,82,3,7906.28,2635.43,3,2,3,8,3,At-Risk
CUST12988,Delhi,35,Male,352,1,1866.34,1866.34,1,1,1,3,3,At-Risk
CUST12989,Pune,30,Female,275,3,3619.32,1206.44,1,2,2,5,3,At-Risk
CUST12990,Chennai,18,Male,365,3,2564.12,854.71,1,2,2,5,1,Lost
CUST12991,Hyderabad,37,Female,26,20,22275.64,1113.78,5,5,5,15,0,Champions
CUST12992,Mumbai,55,Male,21,2,9802.47,4901.23,5,1,3,9,3,At-Risk
CUST12993,Bengaluru,24,Female,20,19,32299.7,1699.98,5,5,5,15,0,Champions
CUST12994,Chennai,25,Male,307,1,2351.17,2351.17,1,1,1,3,3,At-Risk
CUST12995,Pune,24,Female,26,21,15613.91,743.52,5,5,4,14,0,Champions
CUST12996,Chennai,42,Female,193,7,4551.65,650.24,2,3,2,7,1,Lost
CUST12997,Madurai,39,Female,78,14,9041.96,645.85,3,5,3,11,0,Champions
CUST12998,Madurai,32,Male,55,11,13011.07295,843.65,4,4,4,12,0,Champions
CUST12999,Pune,24,Male,170,3,1886.73,628.91,2,2,1,5,1,Lost
CUST13000,Delhi,35,Male,209,8,4245.68,530.71,2,3,2,7,1,Lost
CUST13001,Hyderabad,18,Male,287,1,2973.96,2973.96,1,1,2,4,3,At-Risk
CUST13002,Coimbatore,36,Female,128,5,5191.86,1038.37,2,3,2,7,2,Loyal Customers
CUST13003,Mumbai,44,Female,298,1,2112.99,2112.99,1,1,1,3,3,At-Risk
CUST13004,Mumbai,20,Female,126,3,5107.49,1702.5,2,2,2,6,3,At-Risk
CUST13005,Hyderabad,18,Female,345,2,1067.87,533.93,1,1,1,3,1,Lost
CUST13006,Pune,51,Male,26,10,14013.32,1401.33,5,4,4,13,0,Champions
CUST13007,Chennai,27,Male,107,4,4205.91,1051.48,3,2,2,7,3,At-Risk
CUST13008,Delhi,46,Male,83,4,6034.68,1508.67,3,2,3,8,3,At-Risk
CUST13009,Chennai,32,Female,75,9,11613.0,1290.33,3,4,4,11,3,At-Risk
CUST13010,Mumbai,32,Female,365,3,1034.51,344.84,1,2,1,4,2,Loyal Customers
CUST13011,Madurai,39,Male,334,2,2422.48,1211.24,1,1,1,3,1,Lost
CUST13012,Madurai,24,Male,175,3,4604.31,1534.77,2,2,2,6,3,At-Risk
CUST13013,Bengaluru,35,Female,65,16,10286.31,642.89,3,5,4,12,0,Champions
CUST13014,Mumbai,30,Female,70,12,13045.62,1087.14,3,4,4,11,2,Loyal Customers
CUST13015,Madurai,19,Female,306,2,1092.62,546.31,1,1,1,3,1,Lost
CUST13016,Delhi,38,Male,195,5,6250.81,1250.16,2,3,3,8,3,At-Risk
CUST13017,Bengaluru,31,Male,1,6,34208.7,5701.45,5,3,5,13,0,Champions
CUST13018,Chennai,32,Other,84,6,2282.06,380.34,3,3,1,7,1,Lost
CUST13019,Hyderabad,21,Female,10,19,32702.68,1721.19,5,5,5,15,0,Champions
CUST13020,Madurai,52,Male,365,2,2879.463802,968.88,1,1,2,4,1,Lost
CUST13021,Bengaluru,44,Female,26,7,10341.94,1477.42,5,3,4,12,0,Champions
CUST13022,Delhi,45,Female,14,5,16506.07,3301.21,5,3,4,12,0,Champions
CUST13023,Madurai,31,Male,270,4,3057.18,764.3,1,2,2,5,1,Lost
CUST13024,Chennai,18,Male,6,13,32680.56,2513.89,5,5,5,15,0,Champions
CUST13025,Bengaluru,55,Male,27,24,29105.8,1212.74,4,5,5,14,2,Loyal Customers
CUST13026,Kochi,33,Male,48,11,8104.54,736.78,4,4,3,11,0,Champions
CUST13027,Delhi,26,Female,52,10,11252.11,1125.21,4,4,4,12,0,Champions
CUST13028,Delhi,39,Male,52,5,6380.94,1276.19,4,3,3,10,3,At-Risk
CUST13029,Delhi,47,Female,192,1,2303.97,2303.97,2,1,1,4,2,Loyal Customers
CUST13030,Coimbatore,34,Other,282,3,1277.87,425.96,1,2,1,4,1,Lost
CUST13031,Bengaluru,48,Male,302,2,3409.99,1705.0,1,1,2,4,3,At-Risk
CUST13032,Hyderabad,46,Male,208,1,2547.88,2547.88,2,1,2,5,3,At-Risk
CUST13033,Chennai,22,Female,75,10,10612.5,1061.25,3,4,4,11,0,Champions
CUST13034,Coimbatore,27,Female,10,8,5281.46,660.18,5,3,2,10,0,Champions
CUST13035,Coimbatore,45,Female,62,10,14985.27,1498.53,3,4,4,11,0,Champions
CUST13036,Bengaluru,18,Male,360,2,3017.79,1508.9,1,1,2,4,3,At-Risk
CUST13037,Trichy,32,Male,183,6,6610.326396,910.81,2,3,3,8,3,At-Risk
CUST13038,Chennai,18,Female,23,12,15066.02,1255.5,5,4,4,13,0,Champions
CUST13039,Mumbai,29,Other,62,14,15136.68,1081.19,3,5,4,12,0,Champions
CUST13040,Chennai,31,Male,102,5,3259.26,651.85,3,3,2,8,1,Lost
CUST13041,Trichy,30,Female,103,5,4396.38,879.28,3,3,2,8,3,At-Risk
CUST13042,Chennai,28,Male,340,1,200.0,200.0,1,1,1,3,1,Lost
CUST13043,Bengaluru,22,Other,36,13,12115.49,931.96,4,5,4,13,0,Champions
CUST13044,Delhi,59,Female,198,1,2330.85,2330.85,2,1,1,4,3,At-Risk
CUST13045,Delhi,55,Male,29,8,8480.52,1060.06,4,3,3,10,0,Champions
CUST13046,Bengaluru,21,Female,167,5,6358.5,1271.7,2,3,3,8,3,At-Risk
CUST13047,Madurai,51,Male,362,2,2842.16,1421.08,1,1,2,4,3,At-Risk
CUST13048,Bengaluru,30,Male,262,1,3700.29,3700.29,1,1,2,4,3,At-Risk
CUST13049,Coimbatore,35,Male,11,17,40263.83,2368.46,5,5,5,15,0,Champions
CUST13050,Coimbatore,33,Male,33,11,8798.64,799.88,4,4,3,11,0,Champions
CUST13051,Bengaluru,27,Male,16,10,18120.69,1812.07,5,4,5,14,0,Champions
CUST13052,Coimbatore,45,Female,46,6,17742.71,2957.12,4,3,5,12,3,At-Risk
CUST13053,Madurai,35,Female,68,2,1990.01,995.0,3,1,1,5,1,Lost
CUST13054,Delhi,29,Male,233,3,536.18,178.73,1,2,1,4,1,Lost
CUST13055,Kochi,20,Female,23,18,34975.95,1943.11,5,5,5,15,0,Champions
CUST13056,Mumbai,24,Female,30,11,12490.22,1135.47,4,4,4,12,0,Champions
CUST13057,Chennai,18,Female,61,16,9937.46,621.09,3,5,3,11,0,Champions
CUST13058,Chennai,34,Female,345,1,3206.11,3206.11,1,1,2,4,3,At-Risk
CUST13059,Kochi,21,Male,242,1,7074.93243,3644.38,1,1,3,5,3,At-Risk
CUST13060,Madurai,31,Male,58,10,17474.49,1747.45,3,4,5,12,0,Champions
CUST13061,Chennai,49,Female,12,10,39757.367,2314.34,5,4,5,14,0,Champions
CUST13062,Mumbai,47,Male,365,1,340.1423682,200.0,1,1,1,3,1,Lost
CUST13063,Mumbai,34,Male,139,5,3943.98,788.8,2,3,2,7,1,Lost
CUST13064,Delhi,33,Male,79,5,9221.99,1844.4,3,3,3,9,3,At-Risk
CUST13065,Coimbatore,55,Male,229,4,2478.59,619.65,1,2,1,4,1,Lost
CUST13066,Chennai,40,Male,176,1,2617.62,2617.62,2,1,2,5,3,At-Risk
CUST13067,Kochi,30,Male,149,4,7422.41,1855.6,2,2,3,7,3,At-Risk
CUST13068,Coimbatore,18,Male,114,2,2467.06,1233.53,3,1,1,5,3,At-Risk
CUST13069,Delhi,38,Female,52,10,12915.4,1291.54,4,4,4,12,2,Loyal Customers
CUST13070,Delhi,43,Female,156,6,10444.67,1740.78,2,3,4,9,3,At-Risk
CUST13071,Mumbai,27,Male,55,6,17407.83,2901.3,4,3,5,12,3,At-Risk
CUST13072,Madurai,37,Male,73,13,8654.65,665.74,3,5,3,11,0,Champions
CUST13073,Coimbatore,30,Male,6,23,23286.57,1012.46,5,5,5,15,0,Champions
CUST13074,Mumbai,32,Male,32,12,15316.89,1276.41,4,4,4,12,2,Loyal Customers
CUST13075,Pune,18,Male,15,9,14082.24,1564.69,5,4,4,13,0,Champions
CUST13076,Kochi,32,Male,126,4,9011.02,2252.76,2,2,3,7,3,At-Risk
CUST13077,Chennai,45,Female,198,5,5807.401726,952.74,2,3,2,7,3,At-Risk
CUST13078,Chennai,27,Female,59,7,4031.98,576.0,3,3,2,8,1,Lost
CUST13079,Kochi,35,Male,49,9,11841.93,1315.77,4,4,4,12,0,Champions
CUST13080,Delhi,26,Male,17,9,8026.27,891.81,5,4,3,12,2,Loyal Customers
CUST13081,Pune,38,Female,263,2,1672.99,836.5,1,1,1,3,1,Lost
CUST13082,Coimbatore,32,Female,94,10,9102.24,910.22,3,4,3,10,3,At-Risk
CUST13083,Mumbai,24,Female,365,1,941.2427356,1509.91,1,1,1,3,1,Lost
CUST13084,Delhi,49,Female,74,8,13157.8,1644.72,3,3,4,10,3,At-Risk
CUST13085,Delhi,44,Male,106,3,6504.85,2168.28,3,2,3,8,2,Loyal Customers
CUST13086,Bengaluru,27,Male,9,21,20962.61,998.22,5,5,5,15,0,Champions
CUST13087,Chennai,39,Female,117,5,2381.34,476.27,2,3,1,6,1,Lost
CUST13088,Mumbai,40,Male,224,2,2667.85,1333.92,2,1,2,5,3,At-Risk
CUST13089,Coimbatore,41,Other,200,3,1385.02,461.67,2,2,1,5,1,Lost
CUST13090,Bengaluru,18,Female,294,3,1782.75,594.25,1,2,1,4,1,Lost
CUST13091,Kochi,45,Female,88,6,6306.65,1051.11,3,3,3,9,3,At-Risk
CUST13092,Bengaluru,28,Male,13,1,994.64,994.64,5,1,1,7,1,Lost
CUST13093,Hyderabad,30,Female,46,13,12522.98,963.31,4,5,4,13,0,Champions
CUST13094,Coimbatore,63,Male,77,8,4851.66,606.46,3,3,2,8,1,Lost
CUST13095,Delhi,37,Male,28,21,32410.27,1543.35,4,5,5,14,0,Champions
CUST13096,Trichy,30,Male,192,1,2812.43,2812.43,2,1,2,5,3,At-Risk
CUST13097,Chennai,18,Female,298,1,3754.04,3754.04,1,1,2,4,3,At-Risk
CUST13098,Chennai,49,Female,56,9,14164.2,1573.8,4,4,4,12,0,Champions
CUST13099,Bengaluru,19,Male,55,11,25239.27052,1449.17,4,4,5,13,2,Loyal Customers
CUST13100,Chennai,23,Male,7,14,19998.89,1428.49,5,5,5,15,0,Champions
CUST13101,Delhi,30,Female,87,2,5664.88,2832.44,3,1,2,6,3,At-Risk
CUST13102,Pune,50,Female,63,11,6406.57,582.42,3,4,3,10,0,Champions
CUST13103,Bengaluru,43,Female,260,3,2537.98,845.99,1,2,1,4,1,Lost
CUST13104,Coimbatore,32,Male,158,4,6236.07,1559.02,2,2,3,7,3,At-Risk
CUST13105,Bengaluru,37,Male,92,8,4463.15,557.89,3,3,2,8,1,Lost
CUST13106,Delhi,27,Female,87,5,9184.87,1836.97,3,3,3,9,3,At-Risk
CUST13107,Chennai,36,Male,16,14,36667.14,2619.08,5,5,5,15,0,Champions
CUST13108,Mumbai,35,Female,310,3,2133.48,711.16,1,2,1,4,1,Lost
CUST13109,Mumbai,45,Female,195,3,1756.572527,754.05,2,2,1,5,1,Lost
CUST13110,Delhi,45,Male,197,2,1483.6,741.8,2,1,1,4,1,Lost
CUST13111,Coimbatore,39,Male,55,6,3154.34,525.72,4,3,2,9,1,Lost
CUST13112,Delhi,30,Female,37,6,7216.59,1202.77,4,3,3,10,3,At-Risk
CUST13113,Chennai,42,Male,7,19,38583.79,2030.73,5,5,5,15,0,Champions
CUST13114,Coimbatore,33,Male,106,4,3095.88,773.97,3,2,2,7,2,Loyal Customers
CUST13115,Pune,22,Female,358,2,989.4,494.7,1,1,1,3,1,Lost
CUST13116,Delhi,30,Male,212,2,4701.582544,1554.79,2,1,2,5,3,At-Risk
CUST13117,Chennai,35,Female,326,1,1846.55,1846.55,1,1,1,3,3,At-Risk
CUST13118,Coimbatore,44,Male,21,11,17264.99,1569.54,5,4,5,14,0,Champions
CUST13119,Coimbatore,32,Female,338,2,3150.7,1575.35,1,1,2,4,3,At-Risk
CUST13120,Coimbatore,21,Male,211,3,1670.45,556.82,2,2,1,5,1,Lost
CUST13121,Coimbatore,35,Male,12,15,20967.87,1397.86,5,5,5,15,0,Champions
CUST13122,Chennai,35,Female,333,2,1350.71,675.36,1,1,1,3,1,Lost
CUST13123,Bengaluru,36,Female,1,6,18781.45,3130.24,5,3,5,13,0,Champions
CUST13124,Delhi,44,Male,62,4,2999.2,749.8,3,2,2,7,1,Lost
CUST13125,Mumbai,45,Male,29,5,13640.61,2728.12,4,3,4,11,3,At-Risk
CUST13126,Delhi,27,Female,194,3,2420.8,806.93,2,2,1,5,1,Lost
CUST13127,Chennai,27,Male,15,20,26515.61,1325.78,5,5,5,15,0,Champions
CUST13128,Kochi,23,Other,64,4,6308.39,1577.1,3,2,3,8,3,At-Risk
CUST13129,Hyderabad,42,Other,16,8,7847.81,980.98,5,3,3,11,0,Champions
CUST13130,Hyderabad,50,Female,75,11,10687.56,971.6,3,4,4,11,0,Champions
CUST13131,Hyderabad,31,Male,143,5,3366.19,673.24,2,3,2,7,1,Lost
CUST13132,Kochi,31,Male,7,7,28132.97,4019.0,5,3,5,13,0,Champions
CUST13133,Mumbai,50,Female,155,1,5667.29,5667.29,2,1,2,5,3,At-Risk
CUST13134,Coimbatore,40,Male,198,1,1923.46,1923.46,2,1,1,4,2,Loyal Customers
CUST13135,Mumbai,39,Male,365,4,794.47,198.62,1,2,1,4,1,Lost
CUST13136,Delhi,21,Male,189,2,5292.263627,1908.68,2,1,2,5,3,At-Risk
CUST13137,Delhi,41,Male,81,8,11809.61,1476.2,3,3,4,10,2,Loyal Customers
CUST13138,Mumbai,24,Male,17,9,13081.85,1453.54,5,4,4,13,0,Champions
CUST13139,Chennai,22,Male,152,5,4250.36,850.07,2,3,2,7,3,At-Risk
CUST13140,Bengaluru,30,Female,7,16,53289.82217,2191.99,5,5,5,15,0,Champions
CUST13141,Kochi,28,Male,365,2,1373.02,686.51,1,1,1,3,1,Lost
CUST13142,Mumbai,32,Male,18,27,40874.75,1513.88,5,5,5,15,2,Loyal Customers
CUST13143,Mumbai,18,Male,258,1,2927.59,2927.59,1,1,2,4,3,At-Risk
CUST13144,Coimbatore,45,Female,11,20,25500.78614,725.8,5,5,5,15,0,Champions
CUST13145,Bengaluru,46,Male,365,2,4437.786829,1420.93,1,1,2,4,3,At-Risk
CUST13146,Pune,18,Female,7,19,25454.55,1339.71,5,5,5,15,0,Champions
CUST13147,Delhi,45,Other,6,28,25871.87,924.0,5,5,5,15,0,Champions
CUST13148,Hyderabad,25,Male,126,9,7361.6484,427.32,2,4,3,9,1,Lost
CUST13149,Bengaluru,43,Male,71,16,12087.93,755.5,3,5,4,12,0,Champions
CUST13150,Delhi,33,Male,170,3,744.24,248.08,2,2,1,5,1,Lost
CUST13151,Coimbatore,34,Female,35,4,6348.91,1587.23,4,2,3,9,3,At-Risk
CUST13152,Delhi,32,Female,14,6,16794.64,2799.11,5,3,4,12,0,Champions
CUST13153,Bengaluru,47,Female,312,3,740.54,246.85,1,2,1,4,1,Lost
CUST13154,Bengaluru,20,Male,64,4,13124.66,3281.16,3,2,4,9,3,At-Risk
CUST13155,Delhi,41,Other,138,3,2882.03,960.68,2,2,2,6,1,Lost
CUST13156,Kochi,46,Male,99,6,5579.39,929.9,3,3,2,8,3,At-Risk
CUST13157,Chennai,42,Male,90,7,4719.74,674.25,3,3,2,8,1,Lost
CUST13158,Hyderabad,60,Female,14,8,11637.01,1454.63,5,3,4,12,0,Champions
CUST13159,Madurai,28,Female,37,16,13060.43,816.28,4,5,4,13,0,Champions
CUST13160,Bengaluru,45,Male,142,7,5483.73,783.39,2,3,2,7,3,At-Risk
CUST13161,Chennai,33,Male,33,10,10157.91,1015.79,4,4,4,12,0,Champions
CUST13162,Madurai,48,Male,60,8,10647.25,1330.91,3,3,4,10,3,At-Risk
CUST13163,Mumbai,34,Male,51,3,5625.81,1875.27,4,2,2,8,3,At-Risk
CUST13164,Chennai,30,Male,50,6,6484.07,1080.68,4,3,3,10,3,At-Risk
CUST13165,Bengaluru,48,Other,24,14,24119.12,1722.79,5,5,5,15,2,Loyal Customers
CUST13166,Kochi,29,Female,20,14,9695.9,692.56,5,5,3,13,0,Champions
CUST13167,Chennai,18,Female,43,10,19669.04,1966.9,4,4,5,13,0,Champions
CUST13168,Hyderabad,28,Female,30,16,31422.15,1963.88,4,5,5,14,0,Champions
CUST13169,Bengaluru,41,Female,31,9,17855.6,1983.96,4,4,5,13,0,Champions
CUST13170,Delhi,49,Female,8,22,25770.57,1171.39,5,5,5,15,2,Loyal Customers
CUST13171,Coimbatore,35,Female,279,3,997.61,332.54,1,2,1,4,1,Lost
CUST13172,Chennai,49,Male,145,8,4180.6,522.58,2,3,2,7,1,Lost
CUST13173,Chennai,19,Female,37,22,15643.03,711.05,4,5,4,13,0,Champions
CUST13174,Chennai,29,Female,5,14,50992.66,3642.33,5,5,5,15,0,Champions
CUST13175,Coimbatore,31,Female,140,6,9106.74,1517.79,2,3,3,8,3,At-Risk
CUST13176,Delhi,33,Other,54,11,14221.18,1292.83,4,4,4,12,0,Champions
CUST13177,Pune,35,Male,235,4,1698.49,424.62,1,2,1,4,1,Lost
CUST13178,Hyderabad,42,Female,226,3,1134.35,378.12,2,2,1,5,1,Lost
CUST13179,Delhi,29,Male,91,6,2039.35818,230.25,3,3,1,7,1,Lost
CUST13180,Chennai,36,Female,41,8,17301.24,2162.66,4,3,5,12,0,Champions
CUST13181,Madurai,34,Male,293,2,3726.46,1863.23,1,1,2,4,3,At-Risk
CUST13182,Madurai,24,Male,216,2,1799.82,899.91,2,1,1,4,1,Lost
CUST13183,Coimbatore,33,Male,85,4,5433.52,1358.38,3,2,2,7,3,At-Risk
CUST13184,Mumbai,32,Female,150,5,8090.58,1618.12,2,3,3,8,3,At-Risk
CUST13185,Mumbai,32,Male,34,7,15193.85,2170.55,4,3,4,11,0,Champions
CUST13186,Bengaluru,34,Female,41,10,12725.08,1272.51,4,4,4,12,0,Champions
CUST13187,Bengaluru,35,Male,147,7,7191.93,1027.42,2,3,3,8,3,At-Risk
CUST13188,Hyderabad,29,Female,365,1,5574.45433,2889.75,1,1,2,4,3,At-Risk
CUST13189,Hyderabad,48,Female,123,6,3562.91,593.82,2,3,2,7,1,Lost
CUST13190,Madurai,21,Male,304,3,2513.64,837.88,1,2,1,4,1,Lost
CUST13191,Pune,26,Male,26,23,30129.42,1309.97,5,5,5,15,0,Champions
CUST13192,Kochi,65,Female,86,7,5977.71,853.96,3,3,3,9,3,At-Risk
CUST13193,Madurai,23,Female,73,3,3979.39,1326.46,3,2,2,7,3,At-Risk
CUST13194,Bengaluru,19,Female,8,16,28893.55,1805.85,5,5,5,15,0,Champions
CUST13195,Mumbai,42,Male,103,4,3483.02,870.76,3,2,2,7,3,At-Risk
CUST13196,Kochi,18,Male,37,10,10951.34,1095.13,4,4,4,12,0,Champions
CUST13197,Pune,31,Other,274,3,2264.02,754.67,1,2,1,4,1,Lost
CUST13198,Chennai,58,Male,336,1,2040.32,2040.32,1,1,1,3,3,At-Risk
CUST13199,Bengaluru,18,Male,24,11,10659.85,969.08,5,4,4,13,0,Champions
CUST13200,Mumbai,18,Male,57,13,7467.7,574.44,3,5,3,11,0,Champions
CUST13201,Mumbai,18,Female,154,7,7498.07,1071.15,2,3,3,8,3,At-Risk
CUST13202,Coimbatore,44,Female,255,3,3237.13,1079.04,1,2,2,5,3,At-Risk
CUST13203,Pune,46,Male,173,6,4150.19,691.7,2,3,2,7,1,Lost
CUST13204,Delhi,28,Male,6,24,19216.59,800.69,5,5,5,15,0,Champions
CUST13205,Hyderabad,42,Male,8,13,30085.65,2314.28,5,5,5,15,0,Champions
CUST13206,Pune,49,Male,42,13,6055.35,465.8,4,5,3,12,2,Loyal Customers
CUST13207,Delhi,54,Male,17,9,13970.88,1552.32,5,4,4,13,0,Champions
CUST13208,Bengaluru,31,Other,245,3,1174.91,391.64,1,2,1,4,2,Loyal Customers
CUST13209,Mumbai,18,Male,365,1,6179.210175,3726.34,1,1,3,5,3,At-Risk
CUST13210,Chennai,25,Male,90,11,13298.02,1208.91,3,4,4,11,0,Champions
CUST13211,Delhi,29,Female,38,11,7330.41,666.4,4,4,3,11,2,Loyal Customers
CUST13212,Chennai,31,Male,60,11,14744.27877,819.68,3,4,4,11,0,Champions
CUST13213,Delhi,32,Female,231,3,712.78,237.59,1,2,1,4,1,Lost
CUST13214,Coimbatore,46,Male,107,5,6637.81,1327.56,3,3,3,9,3,At-Risk
CUST13215,Chennai,48,Male,110,4,6660.75,1665.19,3,2,3,8,3,At-Risk
CUST13216,Chennai,32,Female,48,9,16644.89,1849.43,4,4,4,12,0,Champions
CUST13217,Chennai,46,Female,176,7,10538.04416,1703.0,2,3,4,9,3,At-Risk
CUST13218,Delhi,38,Male,80,7,8489.21,1212.74,3,3,3,9,3,At-Risk
CUST13219,Delhi,35,Female,11,12,12683.2,1056.93,5,4,4,13,0,Champions
CUST13220,Mumbai,44,Female,131,8,6783.13,847.89,2,3,3,8,3,At-Risk
CUST13221,Chennai,35,Male,151,8,6896.82934,496.52,2,3,3,8,1,Lost
CUST13222,Chennai,57,Male,51,5,11240.89,2248.18,4,3,4,11,3,At-Risk
CUST13223,Chennai,18,Female,14,17,26686.29,1569.78,5,5,5,15,0,Champions
CUST13224,Chennai,28,Male,132,9,8796.727017,1558.38,2,4,3,9,3,At-Risk
CUST13225,Pune,33,Female,48,2,8575.57,4287.78,4,1,3,8,3,At-Risk
CUST13226,Coimbatore,39,Female,4,8,2349.62,293.7,5,3,1,9,0,Champions
CUST13227,Bengaluru,48,Female,241,1,2781.51,2781.51,1,1,2,4,3,At-Risk
CUST13228,Chennai,34,Male,21,16,12891.81,805.74,5,5,4,14,0,Champions
CUST13229,Coimbatore,18,Male,20,6,12360.33,2060.05,5,3,4,12,0,Champions
CUST13230,Mumbai,43,Female,33,7,12674.89,1810.7,4,3,4,11,3,At-Risk
CUST13231,Mumbai,42,Male,168,4,5310.37,1327.59,2,2,2,6,3,At-Risk
CUST13232,Coimbatore,18,Male,49,13,12920.72,993.9,4,5,4,13,0,Champions
CUST13233,Chennai,34,Male,192,4,5702.29,1425.57,2,2,2,6,3,At-Risk
CUST13234,Bengaluru,18,Male,72,12,12316.3,1026.36,3,4,4,11,0,Champions
CUST13235,Coimbatore,27,Other,62,5,618.37704,94.65,3,3,1,7,1,Lost
CUST13236,Coimbatore,24,Male,243,1,594.84,594.84,1,1,1,3,1,Lost
CUST13237,Kochi,43,Female,267,2,1684.29,842.14,1,1,1,3,1,Lost
CUST13238,Mumbai,35,Male,365,2,2093.31,1046.66,1,1,1,3,1,Lost
CUST13239,Mumbai,20,Female,197,2,1513.3,756.65,2,1,1,4,1,Lost
CUST13240,Bengaluru,44,Male,358,5,1818.33,363.67,1,3,1,5,1,Lost
CUST13241,Bengaluru,18,Female,38,8,25965.93908,1672.3,4,3,5,12,0,Champions
CUST13242,Mumbai,38,Female,104,12,11761.11392,1730.59,3,4,4,11,0,Champions
CUST13243,Delhi,25,Male,22,23,19437.96,845.13,5,5,5,15,0,Champions
CUST13244,Delhi,30,Female,77,5,4215.36,843.07,3,3,2,8,2,Loyal Customers
CUST13245,Chennai,40,Male,324,2,613.03,306.52,1,1,1,3,1,Lost
CUST13246,Mumbai,40,Female,16,13,22245.19,1711.17,5,5,5,15,0,Champions
CUST13247,Bengaluru,49,Other,115,8,6743.38,842.92,3,3,3,9,3,At-Risk
CUST13248,Pune,33,Female,112,7,4669.11,667.02,3,3,2,8,1,Lost
CUST13249,Delhi,37,Female,365,2,1012.55,506.28,1,1,1,3,1,Lost
CUST13250,Mumbai,29,Male,160,6,8421.56,1403.59,2,3,3,8,3,At-Risk
CUST13251,Chennai,36,Male,365,2,2498.26,1249.13,1,1,1,3,3,At-Risk
CUST13252,Mumbai,39,Male,16,10,9443.14,944.31,5,4,3,12,0,Champions
CUST13253,Chennai,33,Male,35,6,2727.03,454.51,4,3,2,9,1,Lost
CUST13254,Madurai,18,Female,122,2,2104.11,1052.06,2,1,1,4,2,Loyal Customers
CUST13255,Chennai,38,Male,74,9,14381.98,1598.0,3,4,4,11,3,At-Risk
CUST13256,Delhi,38,Female,6,15,34359.41,2290.63,5,5,5,15,2,Loyal Customers
CUST13257,Coimbatore,27,Male,88,2,7692.21,3846.1,3,1,3,7,3,At-Risk
CUST13258,Bengaluru,20,Male,67,5,8284.72,1656.94,3,3,3,9,2,Loyal Customers
CUST13259,Pune,50,Female,155,7,8391.24,1198.75,2,3,3,8,3,At-Risk
CUST13260,Coimbatore,39,Male,46,10,12745.01,1274.5,4,4,4,12,0,Champions
CUST13261,Mumbai,31,Female,144,5,2085.36,417.07,2,3,1,6,1,Lost
CUST13262,Bengaluru,21,Male,51,6,16244.17,2707.36,4,3,4,11,3,At-Risk
CUST13263,Chennai,25,Female,5,18,43552.14,2419.56,5,5,5,15,0,Champions
CUST13264,Hyderabad,48,Male,162,9,6786.38,754.04,2,4,3,9,2,Loyal Customers
CUST13265,Chennai,36,Male,10,21,41483.3479,1473.21,5,5,5,15,0,Champions
CUST13266,Bengaluru,28,Female,10,21,57004.38828,1753.56,5,5,5,15,0,Champions
CUST13267,Mumbai,40,Female,116,3,5027.85597,1442.7,2,2,2,6,3,At-Risk
CUST13268,Mumbai,25,Male,13,22,26753.96,1216.09,5,5,5,15,0,Champions
CUST13269,Delhi,51,Male,365,2,2029.67,1014.84,1,1,1,3,1,Lost
CUST13270,Coimbatore,49,Female,194,3,2484.64,828.21,2,2,1,5,1,Lost
CUST13271,Chennai,29,Male,309,3,1343.739973,436.49,1,2,1,4,1,Lost
CUST13272,Delhi,27,Female,5,19,27307.63,1437.24,5,5,5,15,0,Champions
CUST13273,Mumbai,18,Female,50,4,4965.33,1241.33,4,2,2,8,3,At-Risk
CUST13274,Hyderabad,18,Male,51,11,13139.54,1194.5,4,4,4,12,2,Loyal Customers
CUST13275,Hyderabad,19,Male,201,2,3324.28,1662.14,2,1,2,5,3,At-Risk
CUST13276,Hyderabad,35,Female,67,11,12234.42,1112.22,3,4,4,11,0,Champions
CUST13277,Bengaluru,30,Male,33,11,16515.63,1501.42,4,4,4,12,2,Loyal Customers
CUST13278,Madurai,19,Female,209,2,780.07,390.04,2,1,1,4,1,Lost
CUST13279,Hyderabad,31,Male,59,11,17075.12,1552.28,3,4,4,11,0,Champions
CUST13280,Bengaluru,40,Female,25,16,47144.64925,2295.49,5,5,5,15,0,Champions
CUST13281,Coimbatore,40,Male,28,12,6453.76,537.81,4,4,3,11,0,Champions
CUST13282,Pune,18,Female,148,4,3737.56,934.39,2,2,2,6,1,Lost
CUST13283,Pune,33,Male,85,9,8733.58,970.4,3,4,3,10,3,At-Risk
CUST13284,Bengaluru,19,Male,29,11,11577.63,1052.51,4,4,4,12,0,Champions
CUST13285,Chennai,44,Female,38,16,41302.22,2581.39,4,5,5,14,0,Champions
CUST13286,Bengaluru,43,Male,44,6,8301.88,1383.65,4,3,3,10,3,At-Risk
CUST13287,Hyderabad,24,Male,129,4,11367.10583,1820.66,2,2,4,8,3,At-Risk
CUST13288,Pune,26,Male,27,9,12393.75,1377.08,4,4,4,12,0,Champions
CUST13289,Coimbatore,29,Male,56,8,11096.07,1387.01,4,3,4,11,3,At-Risk
CUST13290,Chennai,18,Female,10,18,38408.77,2133.82,5,5,5,15,0,Champions
CUST13291,Pune,38,Female,47,14,13736.83,981.2,4,5,4,13,0,Champions
CUST13292,Bengaluru,31,Male,11,19,19469.1,1024.69,5,5,5,15,0,Champions
CUST13293,Mumbai,45,Female,182,2,3118.89,1559.44,2,1,2,5,3,At-Risk
CUST13294,Kochi,22,Female,153,7,4189.45,598.49,2,3,2,7,1,Lost
CUST13295,Chennai,27,Female,302,1,1638.41,1638.41,1,1,1,3,3,At-Risk
CUST13296,Delhi,18,Male,21,17,27464.33,1615.55,5,5,5,15,0,Champions
CUST13297,Chennai,23,Female,98,1,5048.26,5048.26,3,1,2,6,3,At-Risk
CUST13298,Bengaluru,21,Male,99,3,5818.99,1939.66,3,2,2,7,3,At-Risk
CUST13299,Hyderabad,45,Male,124,2,8515.95,4257.98,2,1,3,6,2,Loyal Customers
CUST13300,Bengaluru,26,Male,178,1,1494.34,1494.34,2,1,1,4,3,At-Risk
CUST13301,Trichy,35,Male,52,4,15984.42,3996.1,4,2,4,10,3,At-Risk
CUST13302,Mumbai,30,Female,9,18,30220.2,1678.9,5,5,5,15,0,Champions
CUST13303,Madurai,20,Male,141,5,7726.96,1545.39,2,3,3,8,3,At-Risk
CUST13304,Coimbatore,32,Female,50,13,18890.84,1453.14,4,5,5,14,0,Champions
CUST13305,Bengaluru,41,Male,22,10,25922.58,2592.26,5,4,5,14,0,Champions
CUST13306,Bengaluru,21,Female,23,8,14315.65,1789.46,5,3,4,12,0,Champions
CUST13307,Chennai,43,Female,77,8,8590.67,1073.83,3,3,3,9,2,Loyal Customers
CUST13308,Bengaluru,25,Female,170,5,6128.48,1225.7,2,3,3,8,2,Loyal Customers
CUST13309,Bengaluru,29,Female,5,21,55835.0573,1481.09,5,5,5,15,0,Champions
CUST13310,Delhi,40,Female,74,11,22737.93521,1037.32,3,4,5,12,0,Champions
CUST13311,Delhi,27,Male,102,9,5348.38,594.26,3,4,2,9,1,Lost
CUST13312,Delhi,34,Female,72,6,11698.59,1949.76,3,3,4,10,3,At-Risk
CUST13313,Chennai,31,Male,317,1,2615.04,2615.04,1,1,2,4,3,At-Risk
CUST13314,Coimbatore,35,Female,33,19,34564.61,1819.19,4,5,5,14,0,Champions
CUST13315,Delhi,18,Male,152,2,2048.16,1024.08,2,1,1,4,1,Lost
CUST13316,Bengaluru,18,Female,56,7,1566.61,223.8,4,3,1,8,1,Lost
CUST13317,Chennai,41,Female,349,2,1891.83,945.92,1,1,1,3,1,Lost
CUST13318,Hyderabad,45,Male,34,8,14058.56,1757.32,4,3,4,11,0,Champions
CUST13319,Hyderabad,24,Male,53,7,13552.67,1936.1,4,3,4,11,3,At-Risk
CUST13320,Mumbai,31,Other,261,2,200.0,100.0,1,1,1,3,1,Lost
CUST13321,Chennai,37,Male,288,2,2865.03,1432.52,1,1,2,4,3,At-Risk
CUST13322,Hyderabad,42,Male,49,9,20201.59,2244.62,4,4,5,13,0,Champions
CUST13323,Mumbai,18,Male,68,8,10153.95,1269.24,3,3,4,10,3,At-Risk
CUST13324,Hyderabad,24,Other,126,8,9229.99,1153.75,2,3,3,8,3,At-Risk
CUST13325,Hyderabad,30,Other,235,2,1782.17,891.08,1,1,1,3,2,Loyal Customers
CUST13326,Hyderabad,42,Female,68,15,13539.0,902.6,3,5,4,12,0,Champions
CUST13327,Mumbai,61,Female,92,6,3088.817135,813.71,3,3,2,8,3,At-Risk
CUST13328,Chennai,31,Male,68,3,9887.1,3295.7,3,2,3,8,2,Loyal Customers
CUST13329,Delhi,19,Other,166,1,2115.66,2115.66,2,1,1,4,3,At-Risk
CUST13330,Mumbai,38,Male,132,5,6490.27,1298.05,2,3,3,8,3,At-Risk
CUST13331,Delhi,49,Male,49,15,21418.85,1427.92,4,5,5,14,0,Champions
CUST13332,Chennai,35,Male,354,2,1251.44,625.72,1,1,1,3,1,Lost
CUST13333,Coimbatore,24,Female,111,6,11063.21,1843.87,3,3,4,10,3,At-Risk
CUST13334,Pune,45,Female,132,6,7515.8,1252.63,2,3,3,8,3,At-Risk
CUST13335,Delhi,41,Male,15,4,9659.17,2414.79,5,2,3,10,3,At-Risk
CUST13336,Pune,23,Other,84,4,2419.95,604.99,3,2,1,6,1,Lost
CUST13337,Hyderabad,38,Male,55,12,14920.34536,1048.38,4,4,4,12,0,Champions
CUST13338,Mumbai,45,Male,56,13,8220.48,632.34,4,5,3,12,2,Loyal Customers
CUST13339,Delhi,47,Male,139,6,4463.96,743.99,2,3,2,7,1,Lost
CUST13340,Pune,33,Female,67,3,5577.16,1859.05,3,2,2,7,2,Loyal Customers
CUST13341,Mumbai,30,Female,87,3,3815.54,1271.85,3,2,2,7,3,At-Risk
CUST13342,Delhi,48,Male,54,12,19099.85232,1027.36,4,4,5,13,0,Champions
CUST13343,Chennai,21,Female,110,3,5057.35,1685.78,3,2,2,7,3,At-Risk
CUST13344,Bengaluru,39,Male,54,8,4457.807232,1109.89,4,3,2,9,3,At-Risk
CUST13345,Delhi,19,Female,190,5,2582.65,516.53,2,3,2,7,1,Lost
CUST13346,Coimbatore,46,Other,15,9,16187.2,1798.58,5,4,4,13,0,Champions
CUST13347,Coimbatore,31,Male,151,3,6014.3,2004.77,2,2,3,7,3,At-Risk
CUST13348,Madurai,48,Female,360,1,1094.17,1094.17,1,1,1,3,1,Lost
CUST13349,Coimbatore,39,Female,98,8,11401.09576,1573.66,3,3,4,10,3,At-Risk
CUST13350,Coimbatore,21,Male,16,9,8258.41,917.6,5,4,3,12,0,Champions
CUST13351,Bengaluru,50,Female,163,4,6593.53,1648.38,2,2,3,7,3,At-Risk
CUST13352,Pune,51,Male,265,7,3211.825664,498.53,1,3,2,6,1,Lost
CUST13353,Mumbai,44,Male,264,3,10850.64,3616.88,1,2,4,7,3,At-Risk
CUST13354,Coimbatore,26,Male,122,4,6158.78,1539.7,2,2,3,7,3,At-Risk
CUST13355,Chennai,31,Male,41,6,15362.27,2560.38,4,3,4,11,3,At-Risk
CUST13356,Delhi,36,Female,66,10,15700.05153,1271.87,3,4,4,11,0,Champions
CUST13357,Bengaluru,26,Female,66,5,15811.28,3162.26,3,3,4,10,3,At-Risk
CUST13358,Hyderabad,53,Female,14,23,30571.16597,1566.19,5,5,5,15,0,Champions
CUST13359,Delhi,36,Male,177,5,3958.15,791.63,2,3,2,7,3,At-Risk
CUST13360,Hyderabad,18,Male,9,18,41486.96,2304.83,5,5,5,15,0,Champions
CUST13361,Coimbatore,38,Male,259,1,3499.29,3499.29,1,1,2,4,3,At-Risk
CUST13362,Delhi,30,Male,365,2,266.3286647,113.38,1,1,1,3,1,Lost
CUST13363,Coimbatore,33,Other,257,4,945.8,236.45,1,2,1,4,1,Lost
CUST13364,Kochi,30,Female,297,1,3480.49,3480.49,1,1,2,4,3,At-Risk
CUST13365,Delhi,43,Male,47,9,7409.35,823.26,4,4,3,11,0,Champions
CUST13366,Madurai,46,Female,326,2,2640.75,1320.38,1,1,2,4,3,At-Risk
CUST13367,Coimbatore,37,Female,9,9,25364.47,2818.27,5,4,5,14,0,Champions
CUST13368,Coimbatore,30,Male,10,16,17087.73,1067.98,5,5,4,14,0,Champions
CUST13369,Delhi,34,Female,313,3,1674.54,558.18,1,2,1,4,1,Lost
CUST13370,Coimbatore,34,Male,54,17,54345.70918,1815.64,4,5,5,14,0,Champions
CUST13371,Mumbai,25,Male,360,4,3246.6,811.65,1,2,2,5,1,Lost
CUST13372,Coimbatore,40,Male,161,5,1926.15,385.23,2,3,1,6,1,Lost
CUST13373,Delhi,39,Male,160,4,6149.86,1537.46,2,2,3,7,3,At-Risk
CUST13374,Hyderabad,51,Male,58,6,13475.3,2245.88,3,3,4,10,3,At-Risk
CUST13375,Hyderabad,48,Male,95,7,5931.411439,764.11,3,3,3,9,3,At-Risk
CUST13376,Hyderabad,26,Male,2,22,43070.49,1957.75,5,5,5,15,0,Champions
CUST13377,Coimbatore,43,Female,311,2,2446.86,1223.43,1,1,1,3,3,At-Risk
CUST13378,Chennai,24,Other,8,8,24184.19,3023.02,5,3,5,13,0,Champions
CUST13379,Delhi,42,Female,103,6,7957.6,1326.27,3,3,3,9,3,At-Risk
CUST13380,Bengaluru,28,Male,44,11,15093.37,1372.12,4,4,4,12,0,Champions
CUST13381,Bengaluru,23,Male,9,18,33494.78,1860.82,5,5,5,15,0,Champions
CUST13382,Chennai,37,Male,100,7,5641.57,805.94,3,3,2,8,1,Lost
CUST13383,Coimbatore,18,Male,26,21,32739.8284,1598.38,5,5,5,15,0,Champions
CUST13384,Chennai,18,Female,133,5,3015.7,603.14,2,3,2,7,2,Loyal Customers
CUST13385,Pune,32,Female,44,8,10306.49,1288.31,4,3,4,11,3,At-Risk
CUST13386,Coimbatore,35,Female,47,11,6963.99,633.09,4,4,3,11,0,Champions
CUST13387,Mumbai,30,Female,188,4,10275.37572,2544.2,2,2,4,8,3,At-Risk
CUST13388,Chennai,18,Male,41,13,11833.57,910.27,4,5,4,13,0,Champions
CUST13389,Delhi,25,Male,11,15,16912.46,1127.5,5,5,4,14,0,Champions
CUST13390,Madurai,38,Female,147,1,2862.673702,2232.66,2,1,2,5,3,At-Risk
CUST13391,Pune,40,Male,12,15,29531.54,1968.77,5,5,5,15,0,Champions
CUST13392,Pune,34,Male,1,18,17062.93965,1558.63,5,5,4,14,0,Champions
CUST13393,Madurai,47,Male,30,2,16503.72,8251.86,4,1,4,9,2,Loyal Customers
CUST13394,Pune,38,Male,50,7,10286.29,1469.47,4,3,4,11,3,At-Risk
CUST13395,Trichy,26,Male,133,4,7089.06,1772.26,2,2,3,7,3,At-Risk
CUST13396,Hyderabad,31,Female,40,9,6867.66,763.07,4,4,3,11,0,Champions
CUST13397,Hyderabad,19,Female,234,1,2225.56,2225.56,1,1,1,3,3,At-Risk
CUST13398,Coimbatore,33,Male,11,15,20612.57,1374.17,5,5,5,15,2,Loyal Customers
CUST13399,Mumbai,46,Male,42,11,10275.28,934.12,4,4,4,12,0,Champions
CUST13400,Chennai,42,Female,39,5,10126.09,2025.22,4,3,4,11,3,At-Risk
CUST13401,Chennai,49,Male,183,6,5364.73,894.12,2,3,2,7,3,At-Risk
CUST13402,Trichy,31,Male,251,3,2465.24,821.75,1,2,1,4,1,Lost
CUST13403,Madurai,49,Male,101,4,6411.6,1602.9,3,2,3,8,3,At-Risk
CUST13404,Delhi,32,Male,329,1,2505.69,2505.69,1,1,1,3,3,At-Risk
CUST13405,Hyderabad,50,Female,28,7,13785.79,1969.4,4,3,4,11,2,Loyal Customers
CUST13406,Pune,34,Female,14,14,9746.7,696.19,5,5,3,13,0,Champions
CUST13407,Trichy,42,Male,9,16,19105.19,1194.07,5,5,5,15,0,Champions
CUST13408,Coimbatore,50,Male,35,10,11579.99,1158.0,4,4,4,12,0,Champions
CUST13409,Chennai,32,Male,39,10,8986.94,898.69,4,4,3,11,2,Loyal Customers
CUST13410,Bengaluru,36,Male,22,14,24877.57,1776.97,5,5,5,15,0,Champions
CUST13411,Chennai,48,Other,45,11,16417.05,1492.46,4,4,4,12,0,Champions
CUST13412,Chennai,33,Female,53,11,12561.7,1141.97,4,4,4,12,2,Loyal Customers
CUST13413,Bengaluru,19,Female,24,21,36779.38,1751.4,5,5,5,15,0,Champions
CUST13414,Hyderabad,58,Female,53,11,11220.27706,1249.24,4,4,4,12,2,Loyal Customers
CUST13415,Mumbai,29,Female,271,2,4235.381523,2097.98,1,1,2,4,3,At-Risk
CUST13416,Madurai,36,Female,43,11,7932.868382,463.64,4,4,3,11,0,Champions
CUST13417,Delhi,47,Male,108,4,7185.1,1796.28,3,2,3,8,3,At-Risk
CUST13418,Coimbatore,27,Male,127,4,2427.86,606.96,2,2,1,5,1,Lost
CUST13419,Chennai,23,Female,17,10,2302.94,230.29,5,4,1,10,1,Lost
CUST13420,Hyderabad,37,Male,97,12,6249.82,520.82,3,4,3,10,1,Lost
CUST13421,Mumbai,18,Other,22,3,10077.83,3359.28,5,2,3,10,3,At-Risk
CUST13422,Hyderabad,31,Female,111,4,6394.24,1598.56,3,2,3,8,3,At-Risk
CUST13423,Chennai,37,Female,35,15,14305.42,953.69,4,5,4,13,0,Champions
CUST13424,Hyderabad,31,Male,55,3,2631.01,877.0,4,2,2,8,1,Lost
CUST13425,Mumbai,18,Female,14,14,27174.98,1941.07,5,5,5,15,0,Champions
CUST13426,Mumbai,52,Male,346,1,1805.11,1805.11,1,1,1,3,3,At-Risk
CUST13427,Mumbai,35,Other,37,7,13844.62157,2624.49,4,3,4,11,3,At-Risk
CUST13428,Pune,50,Male,43,5,4874.69,974.94,4,3,2,9,3,At-Risk
CUST13429,Mumbai,31,Male,97,2,7268.25,3634.12,3,1,3,7,3,At-Risk
CUST13430,Mumbai,24,Female,263,3,1835.95,611.98,1,2,1,4,1,Lost
CUST13431,Trichy,37,Male,147,6,4149.55,691.59,2,3,2,7,1,Lost
CUST13432,Hyderabad,32,Male,178,6,4488.25,748.04,2,3,2,7,3,At-Risk
CUST13433,Bengaluru,21,Other,231,3,763.11,254.37,1,2,1,4,1,Lost
CUST13434,Delhi,50,Male,106,4,14195.52535,2539.3,3,2,4,9,3,At-Risk
CUST13435,Bengaluru,27,Female,17,13,23847.79,1834.45,5,5,5,15,0,Champions
CUST13436,Coimbatore,18,Male,1,27,20872.12,773.04,5,5,5,15,0,Champions
CUST13437,Mumbai,49,Female,214,3,1948.1,649.37,2,2,1,5,1,Lost
CUST13438,Kochi,28,Female,320,1,3862.89,3862.89,1,1,2,4,3,At-Risk
CUST13439,Kochi,27,Male,74,9,9077.28,1008.59,3,4,3,10,3,At-Risk
CUST13440,Madurai,18,Male,121,5,200.0,40.0,2,3,1,6,1,Lost
CUST13441,Mumbai,53,Female,37,2,8891.9,4445.95,4,1,3,8,3,At-Risk
CUST13442,Coimbatore,20,Male,55,9,12682.26,1409.14,4,4,4,12,0,Champions
CUST13443,Trichy,35,Male,102,4,5815.87,1453.97,3,2,2,7,3,At-Risk
CUST13444,Trichy,44,Female,11,23,33254.45,1445.85,5,5,5,15,0,Champions
CUST13445,Delhi,39,Male,148,3,2279.753734,994.83,2,2,1,5,1,Lost
CUST13446,Hyderabad,33,Male,51,5,4229.54,845.91,4,3,2,9,3,At-Risk
CUST13447,Delhi,18,Female,175,6,3482.06,580.34,2,3,2,7,1,Lost
CUST13448,Mumbai,25,Male,36,12,17441.18,1453.43,4,4,5,13,2,Loyal Customers
CUST13449,Chennai,36,Male,25,9,38866.86,4318.54,5,4,5,14,0,Champions
CUST13450,Bengaluru,25,Male,50,1,8456.12,8456.12,4,1,3,8,3,At-Risk
CUST13451,Delhi,36,Female,73,4,4603.48431,906.8,3,2,2,7,3,At-Risk
CUST13452,Delhi,41,Female,186,3,4300.16,1433.39,2,2,2,6,3,At-Risk
CUST13453,Bengaluru,45,Female,46,10,14015.44,1401.54,4,4,4,12,0,Champions
CUST13454,Kochi,21,Male,165,3,3182.17,1060.72,2,2,2,6,3,At-Risk
CUST13455,Chennai,58,Male,365,1,1456.33,1456.33,1,1,1,3,3,At-Risk
CUST13456,Mumbai,42,Male,11,14,36507.49,2607.68,5,5,5,15,0,Champions
CUST13457,Delhi,34,Male,39,12,12340.78,1028.4,4,4,4,12,0,Champions
CUST13458,Delhi,46,Female,72,4,5007.371259,653.38,3,2,2,7,1,Lost
CUST13459,Delhi,60,Male,77,4,3399.05,849.76,3,2,2,7,2,Loyal Customers
CUST13460,Coimbatore,18,Male,112,3,6808.48,2269.49,3,2,3,8,3,At-Risk
CUST13461,Chennai,32,Male,116,4,6125.23,1531.31,2,2,3,7,2,Loyal Customers
CUST13462,Delhi,18,Female,204,2,2030.04,1015.02,2,1,1,4,1,Lost
CUST13463,Mumbai,36,Female,8,19,32849.2,1728.91,5,5,5,15,0,Champions
CUST13464,Chennai,38,Female,134,6,7389.64,1231.61,2,3,3,8,3,At-Risk
CUST13465,Delhi,34,Female,38,20,16195.1,809.76,4,5,4,13,0,Champions
CUST13466,Bengaluru,27,Male,33,11,25186.61,2289.69,4,4,5,13,0,Champions
CUST13467,Delhi,18,Male,50,13,15270.75,1174.67,4,5,4,13,0,Champions
CUST13468,Hyderabad,38,Male,20,24,43578.43,1815.77,5,5,5,15,0,Champions
CUST13469,Chennai,50,Female,245,2,703.56,351.78,1,1,1,3,1,Lost
CUST13470,Chennai,27,Female,365,2,701.6767179,515.44,1,1,1,3,1,Lost
CUST13471,Hyderabad,39,Female,66,8,11064.83,1383.1,3,3,4,10,2,Loyal Customers
CUST13472,Mumbai,18,Female,89,8,5834.08,729.26,3,3,2,8,1,Lost
CUST13473,Delhi,39,Female,150,7,2733.3,390.47,2,3,2,7,1,Lost
CUST13474,Hyderabad,30,Female,235,3,2149.44,716.48,1,2,1,4,1,Lost
CUST13475,Hyderabad,26,Female,131,8,7236.1,904.51,2,3,3,8,3,At-Risk
CUST13476,Kochi,26,Female,26,22,36975.6,1680.71,5,5,5,15,0,Champions
CUST13477,Mumbai,30,Male,365,2,2017.489475,752.78,1,1,1,3,1,Lost
CUST13478,Bengaluru,38,Female,106,7,3488.28,498.33,3,3,2,8,1,Lost
CUST13479,Bengaluru,20,Female,92,7,7616.54,1088.08,3,3,3,9,3,At-Risk
CUST13480,Chennai,30,Male,262,1,1872.580283,955.4,1,1,1,3,1,Lost
CUST13481,Mumbai,34,Female,309,3,2489.84,829.95,1,2,1,4,1,Lost
CUST13482,Coimbatore,22,Female,145,4,2632.08646,771.3,2,2,2,6,1,Lost
CUST13483,Kochi,54,Male,87,5,4281.31,856.26,3,3,2,8,3,At-Risk
CUST13484,Mumbai,25,Female,365,2,1917.75,958.88,1,1,1,3,1,Lost
CUST13485,Mumbai,27,Male,45,9,13892.86,1543.65,4,4,4,12,0,Champions
CUST13486,Bengaluru,23,Female,45,8,16408.78,2051.1,4,3,4,11,0,Champions
CUST13487,Chennai,54,Female,66,9,9395.29,1043.92,3,4,3,10,3,At-Risk
CUST13488,Chennai,40,Male,276,1,221.4227428,432.45,1,1,1,3,1,Lost
CUST13489,Bengaluru,24,Male,122,4,5096.52,1274.13,2,2,2,6,3,At-Risk
CUST13490,Chennai,46,Female,1,20,15699.97,785.0,5,5,4,14,0,Champions
CUST13491,Mumbai,36,Male,300,1,200.0,200.0,1,1,1,3,1,Lost
CUST13492,Pune,37,Male,123,5,7686.01,1537.2,2,3,3,8,3,At-Risk
CUST13493,Pune,30,Female,241,4,1429.99,357.5,1,2,1,4,1,Lost
CUST13494,Delhi,26,Male,6,25,48134.08063,1102.21,5,5,5,15,0,Champions
CUST13495,Coimbatore,38,Male,130,5,6439.99,1288.0,2,3,3,8,3,At-Risk
CUST13496,Pune,28,Female,191,6,6050.0,1008.33,2,3,3,8,3,At-Risk
CUST13497,Pune,54,Female,115,6,10714.17,1785.7,3,3,4,10,3,At-Risk
CUST13498,Coimbatore,20,Female,160,5,1407.54,281.51,2,3,1,6,1,Lost
CUST13499,Delhi,51,Female,306,3,411.73,137.24,1,2,1,4,1,Lost
CUST13500,Madurai,33,Male,64,7,12968.98,1852.71,3,3,4,10,3,At-Risk
CUST13501,Hyderabad,37,Male,306,3,200.0,66.67,1,2,1,4,1,Lost
CUST13502,Trichy,43,Male,10,20,30904.79,1545.24,5,5,5,15,0,Champions
CUST13503,Chennai,27,Female,77,7,4448.55,635.51,3,3,2,8,1,Lost
CUST13504,Pune,44,Female,13,20,21902.73,1095.14,5,5,5,15,0,Champions
CUST13505,Mumbai,18,Female,10,11,14810.01,1346.36,5,4,4,13,0,Champions
CUST13506,Trichy,26,Female,63,10,19818.65,1981.87,3,4,5,12,0,Champions
CUST13507,Bengaluru,24,Female,221,1,3128.97,3128.97,2,1,2,5,2,Loyal Customers
CUST13508,Hyderabad,20,Male,129,5,3404.06,680.81,2,3,2,7,1,Lost
CUST13509,Chennai,32,Male,57,11,11470.47787,638.39,3,4,4,11,0,Champions
CUST13510,Madurai,38,Male,110,6,3297.03,549.5,3,3,2,8,1,Lost
CUST13511,Chennai,42,Male,10,26,9526.37,366.4,5,5,3,13,0,Champions
CUST13512,Trichy,37,Female,27,11,11634.47,1057.68,4,4,4,12,2,Loyal Customers
CUST13513,Hyderabad,27,Male,115,6,1573.37,262.23,3,3,1,7,1,Lost
CUST13514,Pune,38,Female,118,2,4201.2,2100.6,2,1,2,5,3,At-Risk
CUST13515,Kochi,35,Female,226,1,1902.29,1902.29,2,1,1,4,3,At-Risk
CUST13516,Chennai,44,Male,50,12,15521.93,1293.49,4,4,4,12,0,Champions
CUST13517,Bengaluru,43,Male,131,3,7719.42,2573.14,2,2,3,7,3,At-Risk
CUST13518,Chennai,34,Male,82,7,4520.88,645.84,3,3,2,8,1,Lost
CUST13519,Coimbatore,24,Male,311,3,1734.55,578.18,1,2,1,4,1,Lost
CUST13520,Coimbatore,27,Female,66,13,12125.67,932.74,3,5,4,12,0,Champions
CUST13521,Bengaluru,28,Male,61,5,5167.49,1033.5,3,3,2,8,3,At-Risk
CUST13522,Coimbatore,31,Female,146,4,1693.61,423.4,2,2,1,5,1,Lost
CUST13523,Chennai,37,Female,281,2,1811.59,905.8,1,1,1,3,1,Lost
CUST13524,Chennai,42,Female,28,5,12660.4,2532.08,4,3,4,11,3,At-Risk
CUST13525,Chennai,33,Female,156,4,4008.69,1002.17,2,2,2,6,3,At-Risk
CUST13526,Trichy,34,Male,54,7,10436.0,1490.86,4,3,4,11,3,At-Risk
CUST13527,Hyderabad,36,Male,150,4,4845.75,1211.44,2,2,2,6,3,At-Risk
CUST13528,Kochi,28,Male,62,9,10287.39,1143.04,3,4,4,11,3,At-Risk
CUST13529,Bengaluru,24,Male,1,24,51191.06706,1199.61,5,5,5,15,0,Champions
CUST13530,Coimbatore,18,Female,238,6,11797.65641,1267.67,1,3,4,8,3,At-Risk
CUST13531,Hyderabad,26,Female,24,10,11653.22,1165.32,5,4,4,13,0,Champions
CUST13532,Madurai,39,Male,42,8,12166.69,1520.84,4,3,4,11,3,At-Risk
CUST13533,Madurai,26,Male,51,13,7274.23,559.56,4,5,3,12,0,Champions
CUST13534,Coimbatore,31,Male,19,14,21697.93,1549.85,5,5,5,15,0,Champions
CUST13535,Chennai,39,Female,267,2,862.17,431.08,1,1,1,3,1,Lost
CUST13536,Coimbatore,40,Female,151,3,1812.71,604.24,2,2,1,5,1,Lost
CUST13537,Bengaluru,22,Female,319,3,2410.98,803.66,1,2,1,4,1,Lost
CUST13538,Delhi,45,Female,29,16,11735.91,733.49,4,5,4,13,0,Champions
CUST13539,Chennai,46,Male,324,3,1869.3,623.1,1,2,1,4,1,Lost
CUST13540,Coimbatore,22,Male,149,5,4862.48,972.5,2,3,2,7,2,Loyal Customers
CUST13541,Hyderabad,25,Male,152,5,8717.05,1743.41,2,3,3,8,3,At-Risk
CUST13542,Chennai,47,Male,117,6,5615.510124,814.55,2,3,2,7,1,Lost
CUST13543,Madurai,32,Female,76,5,711.1,142.22,3,3,1,7,1,Lost
CUST13544,Pune,18,Female,104,6,9197.94,1532.99,3,3,3,9,3,At-Risk
CUST13545,Chennai,19,Female,27,11,18274.14,1661.29,4,4,5,13,0,Champions
CUST13546,Chennai,31,Male,20,21,21729.27,1034.73,5,5,5,15,0,Champions
CUST13547,Bengaluru,21,Male,119,4,7837.24,1959.31,2,2,3,7,3,At-Risk
CUST13548,Madurai,29,Male,110,3,8173.49,2724.5,3,2,3,8,3,At-Risk
CUST13549,Mumbai,34,Female,31,15,25162.56,1677.5,4,5,5,14,0,Champions
CUST13550,Hyderabad,50,Female,42,10,10323.46,1032.35,4,4,4,12,0,Champions
CUST13551,Chennai,31,Male,45,10,1640.54,164.05,4,4,1,9,1,Lost
CUST13552,Mumbai,46,Female,248,2,1242.59,621.29,1,1,1,3,1,Lost
CUST13553,Mumbai,50,Female,7,21,26930.59,1282.41,5,5,5,15,0,Champions
CUST13554,Chennai,50,Male,61,13,7050.98,542.38,3,5,3,11,0,Champions
CUST13555,Mumbai,37,Female,229,2,1392.37,696.18,1,1,1,3,1,Lost
CUST13556,Coimbatore,18,Male,189,4,9781.14,2445.28,2,2,3,7,3,At-Risk
CUST13557,Bengaluru,39,Female,58,4,11394.34,2848.58,3,2,4,9,3,At-Risk
CUST13558,Chennai,46,Female,204,2,772.54,386.27,2,1,1,4,1,Lost
CUST13559,Bengaluru,33,Other,109,5,4066.81,813.36,3,3,2,8,3,At-Risk
CUST13560,Madurai,53,Male,127,6,4726.4,787.73,2,3,2,7,3,At-Risk
CUST13561,Hyderabad,43,Male,282,3,1593.76,531.25,1,2,1,4,1,Lost
CUST13562,Chennai,40,Male,195,1,1760.37,1760.37,2,1,1,4,3,At-Risk
CUST13563,Bengaluru,46,Male,18,10,17498.20357,914.16,5,4,5,14,0,Champions
CUST13564,Bengaluru,38,Female,6,20,27927.34,1396.37,5,5,5,15,0,Champions
CUST13565,Delhi,18,Female,58,13,6646.63,511.28,3,5,3,11,0,Champions
CUST13566,Mumbai,29,Male,1,11,20928.08,1902.55,5,4,5,14,0,Champions
CUST13567,Delhi,47,Male,23,17,31870.17495,1543.43,5,5,5,15,2,Loyal Customers
CUST13568,Hyderabad,25,Male,28,8,12556.67,1569.58,4,3,4,11,0,Champions
CUST13569,Pune,32,Male,286,2,1567.72,783.86,1,1,1,3,1,Lost
CUST13570,Madurai,23,Male,353,1,2055.15,2055.15,1,1,1,3,3,At-Risk
CUST13571,Mumbai,54,Male,170,8,4243.06,530.38,2,3,2,7,1,Lost
CUST13572,Hyderabad,52,Female,26,4,8367.34,2091.84,5,2,3,10,3,At-Risk
CUST13573,Trichy,24,Male,24,19,13940.61,733.72,5,5,4,14,0,Champions
CUST13574,Pune,36,Female,13,6,9158.87,1526.48,5,3,3,11,0,Champions
CUST13575,Bengaluru,27,Female,9,16,30488.31,1905.52,5,5,5,15,0,Champions
CUST13576,Coimbatore,41,Male,100,3,5550.5,1850.17,3,2,2,7,3,At-Risk
CUST13577,Bengaluru,40,Female,36,20,5149.8,257.49,4,5,2,11,0,Champions
CUST13578,Delhi,43,Female,257,3,1960.099819,640.5,1,2,1,4,1,Lost
CUST13579,Bengaluru,38,Female,105,3,7204.35,2401.45,3,2,3,8,3,At-Risk
CUST13580,Bengaluru,66,Male,38,9,9501.14,1055.68,4,4,3,11,0,Champions
CUST13581,Hyderabad,23,Male,16,22,46304.65286,1167.46,5,5,5,15,0,Champions
CUST13582,Bengaluru,18,Female,107,8,6189.75,773.72,3,3,3,9,2,Loyal Customers
CUST13583,Pune,30,Female,248,3,2230.77,743.59,1,2,1,4,1,Lost
CUST13584,Bengaluru,18,Male,113,3,5762.39,1920.8,3,2,2,7,3,At-Risk
CUST13585,Madurai,18,Male,38,10,9202.82694,1261.37,4,4,3,11,0,Champions
CUST13586,Bengaluru,23,Male,178,5,3633.04,726.61,2,3,2,7,1,Lost
CUST13587,Hyderabad,24,Male,74,7,11631.15781,838.19,3,3,4,10,3,At-Risk
CUST13588,Chennai,23,Female,365,1,2943.1,2943.1,1,1,2,4,3,At-Risk
CUST13589,Coimbatore,40,Male,147,3,10530.35,3510.12,2,2,4,8,3,At-Risk
CUST13590,Kochi,28,Male,158,2,2341.52,1170.76,2,1,1,4,3,At-Risk
CUST13591,Chennai,32,Female,45,16,5033.72,314.61,4,5,2,11,0,Champions
CUST13592,Mumbai,44,Male,122,4,7030.63,1757.66,2,2,3,7,3,At-Risk
CUST13593,Mumbai,26,Female,37,9,14683.49,1631.5,4,4,4,12,0,Champions
CUST13594,Bengaluru,31,Female,16,18,35353.49,1964.08,5,5,5,15,0,Champions
CUST13595,Delhi,38,Male,37,7,4276.67,610.95,4,3,2,9,1,Lost
CUST13596,Coimbatore,18,Female,365,2,2593.02,1296.51,1,1,2,4,3,At-Risk
CUST13597,Mumbai,18,Female,64,3,6941.64,2313.88,3,2,3,8,3,At-Risk
CUST13598,Bengaluru,38,Male,1,19,19525.27,1027.65,5,5,5,15,0,Champions
CUST13599,Delhi,39,Male,234,1,2954.59,2954.59,1,1,2,4,3,At-Risk
CUST13600,Chennai,57,Female,47,10,8093.29,809.33,4,4,3,11,0,Champions
CUST13601,Mumbai,36,Female,24,13,4800.64,369.28,5,5,2,12,0,Champions
CUST13602,Coimbatore,43,Female,38,10,10055.45,1005.54,4,4,3,11,0,Champions
CUST13603,Coimbatore,32,Male,61,4,10695.04556,2221.47,3,2,4,9,3,At-Risk
CUST13604,Coimbatore,37,Female,59,9,9470.23,1052.25,3,4,3,10,0,Champions
CUST13605,Coimbatore,52,Male,134,6,5656.53,942.76,2,3,2,7,3,At-Risk
CUST13606,Hyderabad,18,Female,121,7,7325.99,1046.57,2,3,3,8,2,Loyal Customers
CUST13607,Madurai,39,Female,41,11,13712.23,1246.57,4,4,4,12,0,Champions
CUST13608,Kochi,57,Male,288,4,1152.27,288.07,1,2,1,4,1,Lost
CUST13609,Kochi,37,Female,18,25,33731.44,1349.26,5,5,5,15,0,Champions
CUST13610,Mumbai,52,Female,300,4,1491.39,372.85,1,2,1,4,1,Lost
CUST13611,Chennai,27,Female,112,7,10412.18,1487.45,3,3,4,10,3,At-Risk
CUST13612,Bengaluru,34,Male,105,5,5837.06,1167.41,3,3,2,8,3,At-Risk
CUST13613,Hyderabad,34,Female,200,4,3333.92,833.48,2,2,2,6,1,Lost
CUST13614,Bengaluru,18,Female,87,5,5038.83,1007.77,3,3,2,8,3,At-Risk
CUST13615,Chennai,21,Male,1,20,37245.86,1862.29,5,5,5,15,0,Champions
CUST13616,Mumbai,22,Male,292,3,2653.6,884.53,1,2,2,5,1,Lost
CUST13617,Hyderabad,43,Male,22,19,1536.8,80.88,5,5,1,11,1,Lost
CUST13618,Hyderabad,44,Female,22,13,26789.1,2060.7,5,5,5,15,0,Champions
CUST13619,Chennai,38,Female,157,5,2738.39,547.68,2,3,2,7,1,Lost
CUST13620,Delhi,43,Male,120,4,6929.54,1732.38,2,2,3,7,3,At-Risk
CUST13621,Coimbatore,32,Female,29,21,4993.81,237.8,4,5,2,11,0,Champions
CUST13622,Coimbatore,47,Male,365,4,2671.48,667.87,1,2,2,5,1,Lost
CUST13623,Pune,34,Female,285,2,1321.38,660.69,1,1,1,3,1,Lost
CUST13624,Coimbatore,35,Male,118,5,8661.14,1732.23,2,3,3,8,2,Loyal Customers
CUST13625,Coimbatore,31,Male,167,4,5697.4,1424.35,2,2,2,6,3,At-Risk
CUST13626,Chennai,42,Male,179,5,1947.6,389.52,2,3,1,6,1,Lost
CUST13627,Pune,29,Male,18,7,12449.35,1778.48,5,3,4,12,2,Loyal Customers
CUST13628,Hyderabad,45,Female,110,4,8554.13,2138.53,3,2,3,8,3,At-Risk
CUST13629,Mumbai,22,Female,294,3,2611.58,870.53,1,2,2,5,1,Lost
CUST13630,Hyderabad,22,Male,321,3,1056.47,352.16,1,2,1,4,1,Lost
CUST13631,Chennai,42,Male,365,2,1982.993327,1240.53,1,1,1,3,3,At-Risk
CUST13632,Bengaluru,33,Male,28,14,21567.49,1540.54,4,5,5,14,0,Champions
CUST13633,Bengaluru,29,Female,53,12,16347.66,1362.3,4,4,4,12,0,Champions
CUST13634,Chennai,44,Female,67,13,16495.07418,636.57,3,5,4,12,0,Champions
CUST13635,Bengaluru,27,Male,39,11,7211.78,655.62,4,4,3,11,2,Loyal Customers
CUST13636,Kochi,32,Female,27,12,22826.75,1902.23,4,4,5,13,0,Champions
CUST13637,Chennai,49,Male,77,7,16250.29,2321.47,3,3,4,10,3,At-Risk
CUST13638,Madurai,51,Female,152,2,1559.25,779.62,2,1,1,4,1,Lost
CUST13639,Coimbatore,51,Female,336,2,1973.7,986.85,1,1,1,3,1,Lost
CUST13640,Coimbatore,31,Female,135,1,2135.11,2135.11,2,1,1,4,3,At-Risk
CUST13641,Pune,48,Female,312,3,615.56,205.19,1,2,1,4,1,Lost
CUST13642,Bengaluru,24,Female,5,20,27054.33,1352.72,5,5,5,15,0,Champions
CUST13643,Bengaluru,24,Female,17,24,27942.63,1164.28,5,5,5,15,0,Champions
CUST13644,Hyderabad,18,Female,186,3,1565.93,521.98,2,2,1,5,1,Lost
CUST13645,Chennai,52,Male,120,3,5554.15,1851.38,2,2,2,6,3,At-Risk
CUST13646,Bengaluru,24,Male,128,9,6629.46,736.61,2,4,3,9,3,At-Risk
CUST13647,Bengaluru,33,Male,21,18,8139.65,452.2,5,5,3,13,2,Loyal Customers
CUST13648,Mumbai,24,Female,28,9,14357.48,1595.28,4,4,4,12,0,Champions
CUST13649,Trichy,42,Male,92,4,7055.62,1763.9,3,2,3,8,3,At-Risk
CUST13650,Hyderabad,30,Male,251,1,4182.27,4182.27,1,1,2,4,3,At-Risk
CUST13651,Bengaluru,20,Male,329,1,2202.78,2202.78,1,1,1,3,3,At-Risk
CUST13652,Hyderabad,39,Male,108,7,5834.65,833.52,3,3,2,8,3,At-Risk
CUST13653,Chennai,18,Female,114,1,10598.21509,10400.11,3,1,4,8,3,At-Risk
CUST13654,Chennai,25,Female,295,2,4300.45,2150.22,1,1,2,4,3,At-Risk
CUST13655,Coimbatore,18,Female,156,3,6162.92,2054.31,2,2,3,7,3,At-Risk
CUST13656,Madurai,18,Female,116,2,8586.67,4293.34,2,1,3,6,3,At-Risk
CUST13657,Mumbai,36,Female,330,1,556.07,556.07,1,1,1,3,1,Lost
CUST13658,Mumbai,18,Male,341,1,2024.706681,2750.74,1,1,1,3,3,At-Risk
CUST13659,Pune,18,Male,209,1,200.0,200.0,2,1,1,4,1,Lost
CUST13660,Mumbai,34,Female,50,14,12299.41,878.53,4,5,4,13,0,Champions
CUST13661,Mumbai,28,Male,68,5,7967.39,1593.48,3,3,3,9,3,At-Risk
CUST13662,Chennai,56,Male,348,1,1999.76,1999.76,1,1,1,3,2,Loyal Customers
CUST13663,Chennai,54,Female,19,9,43398.71,4822.08,5,4,5,14,0,Champions
CUST13664,Mumbai,24,Male,260,3,2631.22,877.07,1,2,2,5,1,Lost
CUST13665,Bengaluru,40,Male,35,15,13094.09,872.94,4,5,4,13,0,Champions
CUST13666,Hyderabad,42,Male,336,3,2837.89,945.96,1,2,2,5,1,Lost
CUST13667,Chennai,27,Male,91,10,2767.82,276.78,3,4,2,9,1,Lost
CUST13668,Chennai,18,Male,46,7,6071.71,867.39,4,3,3,10,3,At-Risk
CUST13669,Bengaluru,34,Male,59,11,11252.12972,1148.01,3,4,4,11,0,Champions
CUST13670,Coimbatore,32,Female,1,6,5575.67,929.28,5,3,2,10,0,Champions
CUST13671,Chennai,29,Female,100,8,11308.3,1413.54,3,3,4,10,3,At-Risk
CUST13672,Delhi,39,Male,18,9,12284.93,1364.99,5,4,4,13,2,Loyal Customers
CUST13673,Chennai,26,Female,278,3,1200.73,400.24,1,2,1,4,1,Lost
CUST13674,Mumbai,21,Male,122,4,4739.12,1184.78,2,2,2,6,2,Loyal Customers
CUST13675,Madurai,35,Male,115,8,4313.45,539.18,3,3,2,8,1,Lost
CUST13676,Chennai,38,Male,6,9,30288.13,3365.35,5,4,5,14,0,Champions
CUST13677,Bengaluru,21,Female,365,3,3039.09,1013.03,1,2,2,5,1,Lost
CUST13678,Hyderabad,44,Male,1,22,21207.81,963.99,5,5,5,15,0,Champions
CUST13679,Bengaluru,18,Female,199,9,6426.44,714.05,2,4,3,9,3,At-Risk
CUST13680,Hyderabad,28,Female,204,3,2160.571906,488.76,2,2,1,5,1,Lost
CUST13681,Chennai,31,Female,89,8,5702.395895,1047.93,3,3,2,8,3,At-Risk
CUST13682,Hyderabad,27,Female,177,5,8609.462164,965.74,2,3,3,8,3,At-Risk
CUST13683,Coimbatore,28,Female,69,11,9845.89,895.08,3,4,3,10,0,Champions
CUST13684,Delhi,55,Male,141,4,4015.74,1003.94,2,2,2,6,3,At-Risk
CUST13685,Mumbai,25,Male,54,2,4791.79,2395.9,4,1,2,7,3,At-Risk
CUST13686,Kochi,61,Female,242,1,1835.9,1835.9,1,1,1,3,3,At-Risk
CUST13687,Bengaluru,39,Female,305,2,1566.68,783.34,1,1,1,3,1,Lost
CUST13688,Chennai,35,Male,105,4,9580.02,2395.0,3,2,3,8,3,At-Risk
CUST13689,Chennai,39,Male,101,5,5658.45,1131.69,3,3,2,8,3,At-Risk
CUST13690,Hyderabad,62,Male,89,9,2679.81,297.76,3,4,2,9,1,Lost
CUST13691,Mumbai,23,Male,80,13,18060.71,1389.29,3,5,5,13,0,Champions
CUST13692,Hyderabad,22,Male,88,2,2220.63,1110.32,3,1,1,5,3,At-Risk
CUST13693,Coimbatore,26,Female,299,1,863.61,863.61,1,1,1,3,1,Lost
CUST13694,Madurai,34,Female,42,11,11499.3,1045.39,4,4,4,12,0,Champions
CUST13695,Chennai,18,Male,46,9,20284.69,2253.85,4,4,5,13,0,Champions
CUST13696,Kochi,34,Female,82,12,2763.16519,419.77,3,4,2,9,1,Lost
CUST13697,Delhi,53,Female,68,9,9911.48,1101.28,3,4,3,10,3,At-Risk
CUST13698,Kochi,36,Male,18,15,39723.04,2648.2,5,5,5,15,0,Champions
CUST13699,Coimbatore,31,Male,59,5,7526.670174,2303.4,3,3,3,9,3,At-Risk
CUST13700,Mumbai,27,Female,38,1,8304.158705,5441.66,4,1,3,8,3,At-Risk
CUST13701,Delhi,44,Female,155,4,7086.45,1771.61,2,2,3,7,3,At-Risk
CUST13702,Madurai,25,Male,33,11,5810.89,528.26,4,4,2,10,0,Champions
CUST13703,Hyderabad,54,Other,114,6,4071.56,678.59,3,3,2,8,1,Lost
CUST13704,Kochi,55,Male,348,3,3569.72,1189.91,1,2,2,5,3,At-Risk
CUST13705,Pune,37,Male,307,1,2048.02,2048.02,1,1,1,3,3,At-Risk
CUST13706,Delhi,34,Male,100,6,6802.46,1133.74,3,3,3,9,3,At-Risk
CUST13707,Coimbatore,45,Male,13,20,13635.09,681.75,5,5,4,14,0,Champions
CUST13708,Madurai,46,Female,365,2,3087.32,1543.66,1,1,2,4,3,At-Risk
CUST13709,Kochi,25,Female,120,6,9648.32,1608.05,2,3,3,8,3,At-Risk
CUST13710,Chennai,28,Male,33,14,7162.31,511.59,4,5,3,12,0,Champions
CUST13711,Delhi,19,Female,13,19,12023.8107,956.14,5,5,4,14,0,Champions
CUST13712,Delhi,38,Female,23,17,9604.36,564.96,5,5,3,13,2,Loyal Customers
CUST13713,Mumbai,41,Male,16,18,29618.51499,2356.02,5,5,5,15,0,Champions
CUST13714,Trichy,19,Female,2,14,30658.77,2189.91,5,5,5,15,0,Champions
CUST13715,Madurai,29,Male,273,3,3044.71,1014.9,1,2,2,5,3,At-Risk
CUST13716,Madurai,19,Female,167,6,4369.34,728.22,2,3,2,7,1,Lost
CUST13717,Chennai,24,Male,120,6,7146.47,1191.08,2,3,3,8,2,Loyal Customers
CUST13718,Bengaluru,40,Female,297,1,1592.927907,1032.06,1,1,1,3,1,Lost
CUST13719,Coimbatore,26,Male,244,3,3216.13,1072.04,1,2,2,5,3,At-Risk
CUST13720,Madurai,31,Female,285,3,2503.41,834.47,1,2,1,4,1,Lost
CUST13721,Hyderabad,18,Female,294,2,959.1,479.55,1,1,1,3,1,Lost
CUST13722,Kochi,36,Male,64,4,8687.18,2171.8,3,2,3,8,3,At-Risk
CUST13723,Coimbatore,34,Male,297,3,2448.85,816.28,1,2,1,4,1,Lost
CUST13724,Bengaluru,26,Male,192,5,2855.243647,497.13,2,3,2,7,1,Lost
CUST13725,Kochi,32,Female,1,18,33275.21,1848.62,5,5,5,15,0,Champions
CUST13726,Chennai,36,Male,86,3,11057.17,3685.72,3,2,4,9,3,At-Risk
CUST13727,Chennai,25,Female,95,1,6671.34,6671.34,3,1,3,7,3,At-Risk
CUST13728,Chennai,18,Male,284,2,977.03,488.52,1,1,1,3,1,Lost
CUST13729,Mumbai,54,Male,25,12,13261.24,1105.1,5,4,4,13,0,Champions
CUST13730,Chennai,27,Male,259,4,2524.794034,1242.01,1,2,1,4,2,Loyal Customers
CUST13731,Kochi,33,Male,4,15,30408.01,2027.2,5,5,5,15,0,Champions
CUST13732,Bengaluru,45,Female,67,5,13067.3,2613.46,3,3,4,10,3,At-Risk
CUST13733,Mumbai,70,Female,39,16,32590.14,2036.88,4,5,5,14,0,Champions
CUST13734,Coimbatore,20,Male,196,5,5255.31,1051.06,2,3,2,7,3,At-Risk
CUST13735,Bengaluru,39,Male,243,2,3606.46,1803.23,1,1,2,4,3,At-Risk
CUST13736,Delhi,26,Male,52,14,9282.84,663.06,4,5,3,12,2,Loyal Customers
CUST13737,Hyderabad,28,Female,177,8,4724.9,590.61,2,3,2,7,1,Lost
CUST13738,Hyderabad,26,Male,55,8,3088.8,386.1,4,3,2,9,1,Lost
CUST13739,Mumbai,22,Female,22,16,28624.62,1789.04,5,5,5,15,0,Champions
CUST13740,Pune,34,Female,143,5,4852.74,970.55,2,3,2,7,3,At-Risk
CUST13741,Hyderabad,18,Male,17,17,30167.37,1774.55,5,5,5,15,0,Champions
CUST13742,Hyderabad,44,Female,126,5,200.0,40.0,2,3,1,6,1,Lost
CUST13743,Chennai,35,Male,13,23,28860.83,1254.82,5,5,5,15,0,Champions
CUST13744,Chennai,39,Male,13,17,23131.27,1360.66,5,5,5,15,0,Champions
CUST13745,Coimbatore,29,Male,176,6,5755.09,959.18,2,3,2,7,2,Loyal Customers
CUST13746,Delhi,30,Male,152,4,5650.3,1412.58,2,2,2,6,3,At-Risk
CUST13747,Bengaluru,37,Male,27,23,27627.0,1201.17,4,5,5,14,0,Champions
CUST13748,Bengaluru,21,Male,28,7,7221.65,1031.66,4,3,3,10,3,At-Risk
CUST13749,Pune,30,Male,299,2,3015.168264,1406.9,1,1,2,4,3,At-Risk
CUST13750,Pune,25,Male,117,9,2595.003147,521.35,2,4,2,8,1,Lost
CUST13751,Pune,24,Female,10,26,30188.76,1161.11,5,5,5,15,0,Champions
CUST13752,Madurai,18,Female,134,9,4072.41,452.49,2,4,2,8,1,Lost
CUST13753,Delhi,49,Male,49,5,5980.56,1196.11,4,3,3,10,3,At-Risk
CUST13754,Coimbatore,26,Male,11,22,35150.2993,1312.93,5,5,5,15,0,Champions
CUST13755,Coimbatore,47,Male,257,2,1928.85,964.42,1,1,1,3,3,At-Risk
CUST13756,Coimbatore,46,Female,348,1,3264.8,3264.8,1,1,2,4,3,At-Risk
CUST13757,Madurai,20,Female,361,1,418.01,418.01,1,1,1,3,1,Lost
CUST13758,Bengaluru,22,Male,275,2,1250.66,625.33,1,1,1,3,1,Lost
CUST13759,Hyderabad,62,Male,84,6,1969.08,328.18,3,3,1,7,1,Lost
CUST13760,Chennai,53,Male,92,8,6358.56,794.82,3,4,3,10,3,At-Risk
CUST13761,Delhi,34,Male,108,5,1380.985965,269.09,3,3,1,7,1,Lost
CUST13762,Mumbai,37,Female,224,2,1747.58,873.79,2,1,1,4,1,Lost
CUST13763,Madurai,27,Female,109,6,8802.05,1467.01,3,3,3,9,3,At-Risk
CUST13764,Bengaluru,39,Male,40,6,17910.77,2985.13,4,3,5,12,3,At-Risk
CUST13765,Madurai,26,Male,32,12,10856.94,904.74,4,4,4,12,0,Champions
CUST13766,Mumbai,18,Male,275,1,4235.68,4235.68,1,1,2,4,3,At-Risk
CUST13767,Bengaluru,19,Male,12,21,16177.82,770.37,5,5,4,14,0,Champions
CUST13768,Chennai,34,Female,108,3,7710.67,2570.22,3,2,3,8,3,At-Risk
CUST13769,Chennai,22,Female,365,3,929.52,309.84,1,2,1,4,1,Lost
CUST13770,Mumbai,33,Male,153,4,3684.54,921.14,2,2,2,6,3,At-Risk
CUST13771,Pune,22,Male,340,1,292.69,292.69,1,1,1,3,1,Lost
CUST13772,Madurai,25,Female,109,7,7652.85,1093.26,3,3,3,9,3,At-Risk
CUST13773,Delhi,43,Female,34,20,17240.11,862.01,4,5,5,14,0,Champions
CUST13774,Delhi,37,Male,313,2,555.61,277.8,1,1,1,3,1,Lost
CUST13775,Kochi,34,Male,74,11,7534.84,684.99,3,4,3,10,0,Champions
CUST13776,Hyderabad,44,Male,40,7,13099.72,1871.39,4,3,4,11,3,At-Risk
CUST13777,Mumbai,39,Female,37,6,12817.78,2136.3,4,3,4,11,3,At-Risk
CUST13778,Delhi,50,Female,43,9,10709.29,1189.92,4,4,4,12,0,Champions
CUST13779,Pune,29,Male,49,6,12594.12,2099.02,4,3,4,11,3,At-Risk
CUST13780,Bengaluru,29,Female,24,7,7379.88,1054.27,5,3,3,11,0,Champions
CUST13781,Madurai,20,Female,105,4,6278.79,1569.7,3,2,3,8,3,At-Risk
CUST13782,Chennai,29,Male,338,3,2906.22,968.74,1,2,2,5,3,At-Risk
CUST13783,Hyderabad,45,Male,34,10,15039.65,1503.96,4,4,4,12,0,Champions
CUST13784,Hyderabad,48,Female,33,7,8012.53,1144.65,4,3,3,10,3,At-Risk
CUST13785,Chennai,45,Female,91,5,2763.807378,695.49,3,3,2,8,1,Lost
CUST13786,Mumbai,18,Female,161,2,942.81,471.4,2,1,1,4,1,Lost
CUST13787,Bengaluru,46,Female,365,3,1405.81,468.6,1,2,1,4,1,Lost
CUST13788,Chennai,18,Male,22,22,36662.73,1666.49,5,5,5,15,0,Champions
CUST13789,Trichy,44,Male,211,3,1840.91,613.64,2,2,1,5,1,Lost
CUST13790,Coimbatore,30,Female,93,9,6791.09,754.57,3,4,3,10,3,At-Risk
CUST13791,Chennai,42,Male,77,8,4014.3,501.79,3,4,2,9,1,Lost
CUST13792,Mumbai,19,Female,27,18,25544.05,1419.11,4,5,5,14,0,Champions
CUST13793,Delhi,47,Female,62,11,9577.72,870.7,3,4,3,10,0,Champions
CUST13794,Chennai,18,Female,27,14,14595.21,1042.51,4,5,4,13,0,Champions
CUST13795,Delhi,27,Male,10,10,16815.84,1681.58,5,4,4,13,0,Champions
CUST13796,Mumbai,23,Female,129,5,8737.42,1747.48,2,3,3,8,3,At-Risk
CUST13797,Chennai,18,Female,256,1,2762.83,2762.83,1,1,2,4,3,At-Risk
CUST13798,Chennai,35,Female,55,6,10066.9172,1005.85,4,3,3,10,3,At-Risk
CUST13799,Mumbai,54,Male,99,6,4251.04,708.51,3,3,2,8,2,Loyal Customers
CUST13800,Madurai,63,Male,130,8,10494.6,1311.82,2,4,4,10,3,At-Risk
CUST13801,Kochi,35,Male,6,10,18343.1,1834.31,5,4,5,14,0,Champions
CUST13802,Hyderabad,46,Male,248,3,1841.92,613.97,1,2,1,4,1,Lost
CUST13803,Trichy,37,Male,107,4,7441.12,1860.28,3,2,3,8,3,At-Risk
CUST13804,Coimbatore,39,Female,16,16,16223.19,1013.95,5,5,4,14,0,Champions
CUST13805,Kochi,30,Female,72,6,10703.71,1783.95,3,3,4,10,3,At-Risk
CUST13806,Bengaluru,36,Female,212,6,200.0,33.33,2,3,1,6,1,Lost
CUST13807,Madurai,40,Male,117,7,4784.02,683.43,2,3,2,7,1,Lost
CUST13808,Chennai,28,Male,9,23,32677.8,1420.77,5,5,5,15,0,Champions
CUST13809,Chennai,33,Other,315,1,2204.15,2204.15,1,1,1,3,3,At-Risk
CUST13810,Delhi,33,Male,145,7,2539.78,362.83,2,3,2,7,1,Lost
CUST13811,Bengaluru,43,Male,42,1,4000.51,4000.51,4,1,2,7,3,At-Risk
CUST13812,Coimbatore,22,Male,26,21,19263.04,917.29,5,5,5,15,0,Champions
CUST13813,Mumbai,33,Female,45,14,5835.87,416.85,4,5,2,11,0,Champions
CUST13814,Coimbatore,55,Female,290,2,2535.22,1267.61,1,1,1,3,2,Loyal Customers
CUST13815,Mumbai,47,Male,325,2,1569.32,784.66,1,1,1,3,1,Lost
CUST13816,Bengaluru,49,Female,55,13,17620.22,1355.4,4,5,5,14,0,Champions
CUST13817,Hyderabad,34,Male,12,16,16214.83,1013.43,5,5,4,14,0,Champions
CUST13818,Hyderabad,38,Male,56,13,17482.78,1344.83,4,5,5,14,0,Champions
CUST13819,Bengaluru,45,Female,46,14,9312.1,665.15,4,5,3,12,2,Loyal Customers
CUST13820,Bengaluru,51,Female,86,4,5638.17,1409.54,3,2,2,7,3,At-Risk
CUST13821,Bengaluru,18,Female,250,1,1833.68,1833.68,1,1,1,3,3,At-Risk
CUST13822,Hyderabad,20,Female,44,11,15684.76,1425.89,4,4,4,12,0,Champions
CUST13823,Madurai,48,Female,18,22,36619.82244,965.96,5,5,5,15,0,Champions
CUST13824,Coimbatore,31,Female,362,2,2241.96,1120.98,1,1,1,3,1,Lost
CUST13825,Chennai,27,Female,31,18,26219.48,1456.64,4,5,5,14,0,Champions
CUST13826,Bengaluru,20,Female,276,2,2868.18,1434.09,1,1,2,4,3,At-Risk
CUST13827,Bengaluru,28,Female,77,3,6885.12,2295.04,3,2,3,8,3,At-Risk
CUST13828,Hyderabad,19,Other,322,1,1207.63,1207.63,1,1,1,3,1,Lost
CUST13829,Coimbatore,57,Male,66,8,10671.29,1333.91,3,4,4,11,3,At-Risk
CUST13830,Bengaluru,34,Female,5,17,22678.88,1334.05,5,5,5,15,0,Champions
CUST13831,Hyderabad,33,Male,112,5,11771.13965,1330.68,3,3,4,10,3,At-Risk
CUST13832,Hyderabad,40,Male,48,13,18005.11,1385.01,4,5,5,14,0,Champions
CUST13833,Bengaluru,45,Female,73,13,9940.54,764.66,3,5,3,11,0,Champions
CUST13834,Bengaluru,44,Male,352,3,200.0,66.67,1,2,1,4,1,Lost
CUST13835,Madurai,46,Male,365,2,2625.308701,1339.79,1,1,2,4,3,At-Risk
CUST13836,Kochi,27,Female,137,1,8694.68,8694.68,2,1,3,6,3,At-Risk
CUST13837,Chennai,31,Male,17,16,38351.47,2396.97,5,5,5,15,0,Champions
CUST13838,Kochi,42,Male,161,1,7591.5,7591.5,2,1,3,6,3,At-Risk
CUST13839,Delhi,28,Female,134,9,7436.87,826.32,2,4,3,9,3,At-Risk
CUST13840,Mumbai,34,Male,57,13,19914.61,1531.89,3,5,5,13,0,Champions
CUST13841,Chennai,38,Male,302,2,2927.72,1463.86,1,1,2,4,3,At-Risk
CUST13842,Bengaluru,43,Male,19,19,29436.19,1549.27,5,5,5,15,0,Champions
CUST13843,Bengaluru,18,Male,33,10,15144.48,1514.45,4,4,4,12,2,Loyal Customers
CUST13844,Chennai,42,Female,20,23,42791.51,1860.5,5,5,5,15,0,Champions
CUST13845,Delhi,31,Female,329,2,2200.03,1100.02,1,1,1,3,3,At-Risk
CUST13846,Trichy,42,Male,111,6,6503.73,1083.96,3,3,3,9,3,At-Risk
CUST13847,Mumbai,43,Female,35,8,19190.18,2398.77,4,4,5,13,0,Champions
CUST13848,Delhi,52,Female,10,22,31235.27,1419.78,5,5,5,15,0,Champions
CUST13849,Chennai,49,Male,36,20,8699.59,434.98,4,5,3,12,0,Champions
CUST13850,Bengaluru,49,Female,2,21,36448.33,1735.63,5,5,5,15,0,Champions
CUST13851,Chennai,50,Female,30,11,10144.81,922.26,4,4,4,12,0,Champions
CUST13852,Mumbai,37,Female,69,13,13620.12,1047.7,3,5,4,12,0,Champions
CUST13853,Kochi,34,Male,37,13,8122.88,624.84,4,5,3,12,0,Champions
CUST13854,Delhi,44,Male,365,2,2268.29,1134.14,1,1,1,3,1,Lost
CUST13855,Chennai,42,Male,95,5,9217.0,1843.4,3,3,3,9,3,At-Risk
CUST13856,Bengaluru,31,Male,165,6,5209.31,868.22,2,3,2,7,3,At-Risk
CUST13857,Mumbai,38,Female,30,24,15923.59,663.48,4,5,4,13,0,Champions
CUST13858,Bengaluru,34,Male,29,9,15375.96,1708.44,4,4,4,12,0,Champions
CUST13859,Hyderabad,25,Female,51,11,15596.17,1417.83,4,4,4,12,0,Champions
CUST13860,Hyderabad,48,Male,84,6,14763.54475,3598.02,3,3,4,10,3,At-Risk
CUST13861,Mumbai,35,Male,27,17,29844.27,1755.55,4,5,5,14,0,Champions
CUST13862,Bengaluru,57,Female,311,2,1435.69,717.84,1,1,1,3,1,Lost
CUST13863,Coimbatore,18,Male,236,2,2500.18,1250.09,1,1,1,3,3,At-Risk
CUST13864,Chennai,28,Female,49,12,28962.45814,1816.88,4,4,5,13,0,Champions
CUST13865,Bengaluru,34,Male,51,13,13928.16,1071.4,4,5,4,13,0,Champions
CUST13866,Bengaluru,47,Male,315,3,2853.17,951.06,1,2,2,5,2,Loyal Customers
CUST13867,Delhi,38,Female,1,25,45141.69,1805.67,5,5,5,15,0,Champions
CUST13868,Delhi,37,Female,203,5,5274.24,1054.85,2,3,2,7,3,At-Risk
CUST13869,Chennai,22,Male,278,3,2056.5,685.5,1,2,1,4,1,Lost
CUST13870,Bengaluru,21,Male,139,2,4491.25,2245.62,2,1,2,5,3,At-Risk
CUST13871,Coimbatore,38,Female,83,8,14896.38,1862.05,3,4,4,11,3,At-Risk
CUST13872,Chennai,19,Other,8,15,52325.53793,2634.45,5,5,5,15,0,Champions
CUST13873,Hyderabad,28,Female,63,12,10116.68,843.06,3,4,4,11,2,Loyal Customers
CUST13874,Chennai,40,Male,308,2,436.26,218.13,1,1,1,3,1,Lost
CUST13875,Bengaluru,23,Other,287,2,2162.96,1081.48,1,1,1,3,1,Lost
CUST13876,Chennai,52,Male,125,7,1236.07,176.58,2,3,1,6,1,Lost
CUST13877,Pune,47,Male,349,2,825.65,412.82,1,1,1,3,1,Lost
CUST13878,Mumbai,18,Female,158,4,8640.41,2160.1,2,2,3,7,3,At-Risk
CUST13879,Coimbatore,24,Male,134,5,5807.69,1161.54,2,3,2,7,3,At-Risk
CUST13880,Mumbai,18,Male,235,3,2879.85,959.95,1,2,2,5,3,At-Risk
CUST13881,Delhi,25,Male,150,5,13334.01,2666.8,2,3,4,9,3,At-Risk
CUST13882,Kochi,42,Male,73,3,4986.17,1662.06,3,2,2,7,3,At-Risk
CUST13883,Coimbatore,29,Female,46,7,14165.52,2023.65,4,3,4,11,3,At-Risk
CUST13884,Pune,39,Female,100,8,6221.45,777.68,3,4,3,10,3,At-Risk
CUST13885,Kochi,18,Male,17,13,10480.44,806.19,5,5,4,14,0,Champions
CUST13886,Pune,43,Male,35,11,12463.44,1133.04,4,4,4,12,0,Champions
CUST13887,Delhi,28,Female,314,1,542.805944,418.52,1,1,1,3,1,Lost
CUST13888,Mumbai,34,Female,136,4,7366.26,1841.56,2,2,3,7,3,At-Risk
CUST13889,Bengaluru,33,Male,290,3,666.08,222.03,1,2,1,4,1,Lost
CUST13890,Hyderabad,20,Other,30,15,22065.43,1471.03,4,5,5,14,0,Champions
CUST13891,Mumbai,21,Female,168,7,3245.25,463.61,2,3,2,7,2,Loyal Customers
CUST13892,Delhi,45,Male,59,8,12698.06,1587.26,3,4,4,11,3,At-Risk
CUST13893,Bengaluru,38,Male,303,3,1366.81,455.6,1,2,1,4,1,Lost
CUST13894,Delhi,46,Male,1,9,26981.14,2997.9,5,4,5,14,0,Champions
CUST13895,Hyderabad,38,Female,87,5,6896.37,1379.27,3,3,3,9,3,At-Risk
CUST13896,Chennai,36,Male,262,1,4177.074216,2265.83,1,1,2,4,3,At-Risk
CUST13897,Hyderabad,18,Male,22,12,10590.78,882.56,5,4,4,13,0,Champions
CUST13898,Mumbai,31,Male,281,2,1404.53,702.26,1,1,1,3,1,Lost
CUST13899,Hyderabad,34,Female,216,1,1414.56,1414.56,2,1,1,4,3,At-Risk
CUST13900,Bengaluru,55,Male,88,8,12251.78,1531.47,3,4,4,11,3,At-Risk
CUST13901,Bengaluru,42,Female,1,21,29956.78,1426.51,5,5,5,15,0,Champions
CUST13902,Pune,51,Female,45,12,10498.82,874.9,4,4,4,12,0,Champions
CUST13903,Coimbatore,41,Male,46,9,10481.08,1164.56,4,4,4,12,0,Champions
CUST13904,Hyderabad,26,Male,272,2,1819.11,909.56,1,1,1,3,1,Lost
CUST13905,Bengaluru,35,Male,259,2,1757.76,878.88,1,1,1,3,1,Lost
CUST13906,Mumbai,37,Female,10,10,34907.31,3490.73,5,4,5,14,0,Champions
CUST13907,Madurai,24,Male,32,5,16306.66,3261.33,4,3,4,11,3,At-Risk
CUST13908,Mumbai,30,Male,30,8,5155.516475,760.83,4,4,2,10,0,Champions
CUST13909,Madurai,32,Male,25,14,49727.12088,2016.66,5,5,5,15,0,Champions
CUST13910,Chennai,52,Male,55,7,12701.65,1814.52,4,3,4,11,3,At-Risk
CUST13911,Coimbatore,18,Female,22,9,13388.27,1487.59,5,4,4,13,0,Champions
CUST13912,Chennai,47,Female,100,3,5240.78,1746.93,3,2,2,7,3,At-Risk
CUST13913,Trichy,24,Female,160,3,8931.51,2977.17,2,2,3,7,3,At-Risk
CUST13914,Kochi,19,Male,57,3,3740.63,1246.88,3,2,2,7,3,At-Risk
CUST13915,Bengaluru,47,Male,24,21,10182.09614,942.9,5,5,4,14,0,Champions
CUST13916,Delhi,42,Other,344,2,3487.45,1743.72,1,1,2,4,3,At-Risk
CUST13917,Madurai,48,Male,73,5,6687.26,1337.45,3,3,3,9,2,Loyal Customers
CUST13918,Delhi,43,Female,303,2,2685.91,1342.96,1,1,2,4,3,At-Risk
CUST13919,Hyderabad,57,Male,88,14,6170.78,440.77,3,5,3,11,1,Lost
CUST13920,Kochi,40,Male,263,3,1675.42,558.47,1,2,1,4,1,Lost
CUST13921,Bengaluru,32,Female,365,2,6286.463196,2048.5,1,1,3,5,2,Loyal Customers
CUST13922,Hyderabad,38,Other,71,13,13693.83,1053.37,3,5,4,12,0,Champions
CUST13923,Coimbatore,48,Female,65,15,14121.69,941.45,3,5,4,12,0,Champions
CUST13924,Trichy,25,Male,264,2,2491.66,1245.83,1,1,1,3,3,At-Risk
CUST13925,Chennai,27,Male,126,8,9636.66,1204.58,2,4,3,9,3,At-Risk
CUST13926,Mumbai,31,Female,313,2,1031.04,515.52,1,1,1,3,1,Lost
CUST13927,Delhi,18,Female,270,3,2256.51,752.17,1,2,1,4,1,Lost
CUST13928,Delhi,36,Female,115,8,4233.45,529.18,3,4,2,9,1,Lost
CUST13929,Chennai,18,Male,13,22,22259.53,1011.8,5,5,5,15,0,Champions
CUST13930,Kochi,35,Female,17,15,10406.65,693.78,5,5,4,14,0,Champions
CUST13931,Coimbatore,44,Female,365,2,3650.499342,1267.76,1,2,2,5,3,At-Risk
CUST13932,Mumbai,29,Female,79,8,22909.15836,2542.52,3,4,5,12,3,At-Risk
CUST13933,Coimbatore,52,Female,9,15,27964.15,1864.28,5,5,5,15,2,Loyal Customers
CUST13934,Madurai,18,Male,144,1,5257.79,5257.79,2,1,2,5,3,At-Risk
CUST13935,Mumbai,47,Other,71,5,11863.26,2372.65,3,3,4,10,3,At-Risk
CUST13936,Bengaluru,41,Female,69,9,2843.09,315.9,3,4,2,9,1,Lost
CUST13937,Chennai,18,Female,57,9,15137.47,1681.94,3,4,4,11,0,Champions
CUST13938,Chennai,64,Female,25,8,14851.22,1856.4,5,4,4,13,0,Champions
CUST13939,Bengaluru,33,Female,28,17,38337.01144,2227.98,4,5,5,14,0,Champions
CUST13940,Hyderabad,24,Female,285,4,1312.38,328.1,1,2,1,4,1,Lost
CUST13941,Pune,19,Male,32,4,14166.33,3541.58,4,2,4,10,3,At-Risk
CUST13942,Chennai,32,Male,287,1,947.49,947.49,1,1,1,3,1,Lost
CUST13943,Bengaluru,33,Male,272,1,2086.46,2086.46,1,1,1,3,3,At-Risk
CUST13944,Chennai,35,Male,107,1,7185.98,7185.98,3,1,3,7,3,At-Risk
CUST13945,Chennai,31,Male,36,10,12704.85,1270.49,4,4,4,12,0,Champions
CUST13946,Delhi,41,Male,168,7,4734.51,676.36,2,3,2,7,1,Lost
CUST13947,Mumbai,30,Male,33,6,14202.72,2367.12,4,3,4,11,3,At-Risk
CUST13948,Chennai,18,Male,76,10,15472.7,1547.27,3,4,4,11,2,Loyal Customers
CUST13949,Coimbatore,32,Male,292,1,1639.78,1639.78,1,1,1,3,3,At-Risk
CUST13950,Chennai,18,Male,72,7,8006.56,1143.79,3,3,3,9,3,At-Risk
CUST13951,Hyderabad,38,Female,352,1,3479.13,3479.13,1,1,2,4,3,At-Risk
CUST13952,Trichy,23,Female,33,14,54783.70318,2244.48,4,5,5,14,2,Loyal Customers
CUST13953,Chennai,36,Male,19,15,21812.68,1454.18,5,5,5,15,0,Champions
CUST13954,Coimbatore,48,Female,331,3,2741.16,913.72,1,2,2,5,1,Lost
CUST13955,Pune,24,Female,179,5,4579.77,915.95,2,3,2,7,3,At-Risk
CUST13956,Kochi,46,Male,77,5,2087.71,417.54,3,3,1,7,1,Lost
CUST13957,Bengaluru,29,Female,154,5,9430.91,1886.18,2,3,3,8,3,At-Risk
CUST13958,Chennai,53,Female,7,16,9096.45,568.53,5,5,3,13,0,Champions
CUST13959,Chennai,30,Female,105,3,3242.35,1080.78,3,2,2,7,3,At-Risk
CUST13960,Mumbai,25,Male,13,19,33186.98,1746.68,5,5,5,15,0,Champions
CUST13961,Bengaluru,42,Female,74,6,12129.28,2021.55,3,3,4,10,3,At-Risk
CUST13962,Chennai,29,Male,100,5,4776.67,955.33,3,3,2,8,3,At-Risk
CUST13963,Mumbai,25,Female,282,3,1359.22,453.07,1,2,1,4,1,Lost
CUST13964,Chennai,29,Other,215,7,11817.2134,1619.02,2,3,4,9,3,At-Risk
CUST13965,Hyderabad,34,Male,1,15,24904.12,1660.27,5,5,5,15,0,Champions
CUST13966,Madurai,49,Female,120,5,2578.32,515.66,2,3,2,7,1,Lost
CUST13967,Chennai,18,Male,6,17,35123.26,2066.07,5,5,5,15,0,Champions
CUST13968,Mumbai,34,Other,58,8,13196.78,1649.6,3,4,4,11,3,At-Risk
CUST13969,Bengaluru,41,Female,29,11,48216.08,4383.28,4,4,5,13,0,Champions
CUST13970,Trichy,36,Male,165,3,8563.73,2854.58,2,2,3,7,3,At-Risk
CUST13971,Mumbai,48,Female,17,24,25129.39,1047.06,5,5,5,15,0,Champions
CUST13972,Coimbatore,33,Male,19,11,11266.73,1024.25,5,4,4,13,0,Champions
CUST13973,Delhi,32,Male,333,3,3484.756451,808.65,1,2,2,5,1,Lost
CUST13974,Coimbatore,41,Female,177,2,7249.32,3624.66,2,2,3,7,3,At-Risk
CUST13975,Pune,35,Male,12,21,34412.84,1638.71,5,5,5,15,0,Champions
CUST13976,Bengaluru,30,Female,26,13,7624.93,586.53,5,5,3,13,0,Champions
CUST13977,Mumbai,40,Male,93,1,10966.96222,8094.37,3,1,4,8,3,At-Risk
CUST13978,Chennai,27,Male,332,1,3267.13,3267.13,1,1,2,4,3,At-Risk
CUST13979,Bengaluru,27,Other,26,22,22036.85,1001.68,5,5,5,15,0,Champions
CUST13980,Hyderabad,28,Male,254,3,606.2,202.07,1,2,1,4,2,Loyal Customers
CUST13981,Hyderabad,49,Female,70,8,8420.06,1052.51,3,4,3,10,3,At-Risk
CUST13982,Coimbatore,18,Female,68,4,4755.64,1188.91,3,2,2,7,3,At-Risk
CUST13983,Coimbatore,38,Female,197,2,977.22,488.61,2,2,1,5,1,Lost
CUST13984,Hyderabad,34,Female,84,6,2727.89,454.65,3,3,2,8,1,Lost
CUST13985,Kochi,18,Female,309,2,2103.489803,994.42,1,2,1,4,1,Lost
CUST13986,Chennai,37,Male,5,11,14868.68,1351.7,5,4,4,13,0,Champions
CUST13987,Bengaluru,39,Female,164,9,5872.71,652.52,2,4,2,8,1,Lost
CUST13988,Madurai,40,Male,142,4,6557.58,1639.4,2,2,3,7,3,At-Risk
CUST13989,Pune,18,Female,34,11,9742.56,885.69,4,4,3,11,0,Champions
CUST13990,Chennai,49,Female,98,4,4820.39,1205.1,3,2,2,7,3,At-Risk
CUST13991,Coimbatore,26,Female,75,9,6008.57,667.62,3,4,3,10,1,Lost
CUST13992,Hyderabad,42,Female,4,24,27101.89,1129.25,5,5,5,15,0,Champions
CUST13993,Chennai,42,Female,50,9,9843.56,1093.73,4,4,3,11,2,Loyal Customers
CUST13994,Bengaluru,24,Female,120,5,6693.88,1338.78,2,3,3,8,3,At-Risk
CUST13995,Bengaluru,41,Female,305,3,2035.6,678.53,1,2,1,4,1,Lost
CUST13996,Madurai,30,Male,21,7,8804.4,1257.77,5,3,3,11,0,Champions
CUST13997,Bengaluru,18,Male,176,5,6824.06,1364.81,2,3,3,8,3,At-Risk
CUST13998,Mumbai,47,Male,13,14,28236.5,2016.89,5,5,5,15,2,Loyal Customers
CUST13999,Chennai,25,Female,316,1,1947.8,1947.8,1,1,1,3,3,At-Risk
