customer_id,city,age,gender,recency_days,frequency,monetary,avg_order_value,days_as_customer,num_categories,num_returns,promo_used,avg_rating_given,mobile_orders_pct,last_category,true_segment
CUST10000,Bengaluru,49,Male,60,13,11599.20438,1183.4,507,2,0,0,3.7,72.1,Home,Loyal
CUST10001,Kochi,37,Male,29,19,25132.84,1322.78,502,2,0,3,3.5,68.7,Grocery,Champions
CUST10002,Delhi,27,Male,94,14,5034.03,359.57,715,3,0,1,4.6,53.7,Fashion,Loyal
CUST10003,Mumbai,39,Other,225,3,4587.25,1529.08,940,5,0,4,4.9,58,Home,Lost
CUST10004,Chennai,29,Male,161,9,10718.88,1190.99,456,4,0,1,4.1,53,Beauty,AtRisk
CUST10005,Chennai,26,Female,39,10,15884.35,1588.44,1332,2,1,0,3.6,65.9,Beauty,Loyal
CUST10006,Chennai,21,Male,57,16,6385.21,399.08,1188,3,1,2,4,42.3,Books,Loyal
CUST10007,Pune,18,Male,8,12,27522.95093,1320.87,999,5,3,7,4.4,80.3,Home,Loyal
CUST10008,Mumbai,30,Male,19,16,12841.33,802.58,787,5,0,2,4.6,100,Electronics,Champions
CUST10009,Delhi,36,Female,8,19,53123.38,2795.97,1202,3,2,4,4.1,53,Electronics,Champions
CUST10010,Chennai,33,Male,304,1,3331.88,3331.88,513,3,1,3,5,33.1,Home,Lost
CUST10011,Kochi,29,Female,264,2,1468.29,734.14,350,1,1,0,3.3,63,Electronics,Lost
CUST10012,Hyderabad,24,Male,23,17,26803.32,1576.67,442,3,1,5,4.7,71.3,Fashion,Champions
CUST10013,Coimbatore,41,Male,21,11,36309.82,3300.89,299,1,1,2,4.4,74.1,Electronics,Champions
CUST10014,Coimbatore,20,Female,54,12,10584.73,882.06,637,7,0,0,3.3,97.1,Books,Loyal
CUST10015,Coimbatore,43,Male,68,8,7072.53,884.07,690,2,1,1,4,81.3,Fashion,Loyal
CUST10016,Madurai,23,Female,56,12,14015.68669,1193.1,660,5,1,2,4,28.8,Electronics,Loyal
CUST10017,Mumbai,26,Female,1,11,15715.07,1428.64,596,6,5,4,3.7,40.3,Sports,Loyal
CUST10018,Bengaluru,18,Male,44,12,10247.69,853.97,640,4,2,1,3.7,73.1,Grocery,Loyal
CUST10019,Madurai,28,Female,238,1,909.26,909.26,1121,3,1,8,2.6,55.9,Electronics,Lost
CUST10020,Mumbai,45,Male,126,6,9914.55,1652.42,786,2,1,1,3.2,95.3,Beauty,AtRisk
CUST10021,Chennai,40,Male,175,1,7552.19,7552.19,877,3,2,4,3.6,46.3,Electronics,AtRisk
CUST10022,Madurai,45,Male,45,8,14882.44,1860.3,657,6,3,0,3.3,84.2,Beauty,Loyal
CUST10023,Bengaluru,40,Female,327,1,1912.1,1912.1,115,4,1,2,3.1,52,Grocery,Lost
CUST10024,Bengaluru,22,Male,233,1,2182.26,2182.26,56,4,1,3,4.6,70.2,Electronics,Lost
CUST10025,Hyderabad,30,Female,15,19,18094.71,952.35,1225,5,0,0,3.7,48.4,Home,Champions
CUST10026,Coimbatore,25,Female,59,10,2859.66,285.97,440,5,1,5,5,76.2,Grocery,Loyal
CUST10027,Mumbai,49,Female,93,6,9623.53,1603.92,415,3,0,3,4,86.5,Home,AtRisk
CUST10028,Mumbai,21,Female,18,11,35971.11,3270.1,674,4,1,2,4.6,70.1,Beauty,Champions
CUST10029,Chennai,44,Male,85,8,6717.61,839.7,765,2,0,3,3.6,100,Fashion,Loyal
CUST10030,Mumbai,44,Male,155,7,5554.45,793.49,803,3,0,1,3.3,50.6,Fashion,AtRisk
CUST10031,Chennai,54,Male,234,5,6747.91,1349.58,1132,3,0,5,4,67,Books,AtRisk
CUST10032,Chennai,29,Female,37,4,17169.64,4292.41,1050,4,2,5,4.8,81.9,Grocery,Loyal
CUST10033,Kochi,42,Other,209,6,7164.242664,874.37,357,2,1,3,3.7,46,Grocery,AtRisk
CUST10034,Kochi,59,Female,253,2,3065.62,1532.81,891,4,1,4,4.2,66.2,Fashion,Lost
CUST10035,Hyderabad,27,Female,28,13,11105.32,854.26,485,3,1,0,4,78.3,Fashion,Loyal
CUST10036,Madurai,18,Female,154,6,2774.08,462.35,559,2,3,5,3.7,83.6,Grocery,AtRisk
CUST10037,Chennai,18,Male,17,19,49246.32306,2255.83,272,3,0,2,3.8,87.8,Fashion,Champions
CUST10038,Delhi,42,Female,7,25,27517.75,1100.71,92,1,1,5,3,47.6,Fashion,Champions
CUST10039,Bengaluru,18,Female,148,3,9009.69,3003.23,591,2,1,4,3.8,70.8,Grocery,AtRisk
CUST10040,Chennai,30,Male,23,17,19912.95,1171.35,313,2,2,5,4.3,38.7,Electronics,Champions
CUST10041,Bengaluru,39,Female,14,12,13686.24982,2240.8,878,3,0,0,4,50.5,Grocery,Champions
CUST10042,Chennai,36,Male,14,17,10185.91,599.17,516,1,3,1,3.9,61.5,Home,Champions
CUST10043,Pune,39,Female,63,3,7329.25,2443.08,693,4,0,7,4.4,87.9,Electronics,AtRisk
CUST10044,Coimbatore,36,Female,143,4,6045.18,1511.3,1010,5,0,0,4,75.6,Home,AtRisk
CUST10045,Delhi,48,Female,22,5,4551.15,910.23,154,3,0,0,3.8,65.8,Fashion,Loyal
CUST10046,Madurai,24,Male,132,7,5993.83,856.26,383,4,0,3,4.4,74,Books,AtRisk
CUST10047,Mumbai,27,Female,49,10,9204.54,920.45,654,3,1,3,3.9,75.4,Books,Loyal
CUST10048,Mumbai,26,Female,110,3,2234.46,744.82,694,1,1,1,3.6,72.4,Beauty,AtRisk
CUST10049,Coimbatore,43,Male,55,11,8306.4,755.13,931,4,0,4,4.2,53.5,Fashion,Loyal
CUST10050,Kochi,44,Female,85,6,3556.31,592.72,860,5,1,4,3.8,45.9,Sports,AtRisk
CUST10051,Hyderabad,39,Female,284,3,831.28,277.09,629,2,1,2,3.6,60.5,Books,Lost
CUST10052,Kochi,47,Female,362,1,2285.49,2285.49,691,3,1,2,3.9,49.1,Grocery,Lost
CUST10053,Pune,21,Male,18,14,27696.91,1978.35,699,3,1,2,3.9,77.4,Grocery,Champions
CUST10054,Mumbai,52,Male,253,1,658.417562,470.98,159,8,2,2,2.9,95.6,Electronics,Lost
CUST10055,Kochi,51,Female,18,21,34567.74,1646.08,553,4,1,0,4.1,76.3,Electronics,Champions
CUST10056,Chennai,42,Male,312,1,2436.36,2436.36,675,1,0,3,5,28.8,Grocery,Lost
CUST10057,Coimbatore,54,Male,34,11,11336.15,1030.56,738,1,0,4,3,52.3,Grocery,Loyal
CUST10058,Chennai,18,Female,61,9,10517,1168.56,323,5,0,2,3.4,65.4,Fashion,Loyal
CUST10059,Madurai,28,Male,1,17,24512.61617,1630.23,219,7,1,0,5,36.3,Electronics,Champions
CUST10060,Bengaluru,26,Female,28,27,25726.88,952.85,530,3,2,1,3.1,65.6,Beauty,Champions
CUST10061,Coimbatore,42,Male,148,6,6840.38,1140.06,1190,3,1,4,4.8,74.4,Fashion,AtRisk
CUST10062,Hyderabad,22,Male,262,2,1892.5,946.25,354,4,0,0,3.6,93.2,Home,Lost
CUST10063,Bengaluru,42,Male,81,8,4677.22,584.65,952,2,1,4,3.8,100,Home,AtRisk
CUST10064,Madurai,49,Male,205,5,5455.72,1091.14,1075,1,1,2,3.7,41.2,Grocery,AtRisk
CUST10065,Mumbai,42,Female,365,1,2509.123598,3936.68,614,5,4,2,4.1,62.7,Electronics,Lost
CUST10066,Chennai,37,Female,54,11,12715.73,1155.98,396,3,0,1,2.5,62.9,Grocery,Loyal
CUST10067,Hyderabad,23,Male,16,24,32220.54,1342.52,754,5,0,0,3.9,50.7,Fashion,Champions
CUST10068,Chennai,25,Male,8,17,54620.69626,1931.31,658,2,4,5,3.5,67,Beauty,Champions
CUST10069,Trichy,48,Male,46,11,11722.14,1065.65,342,4,3,4,2.3,63.4,Electronics,Loyal
CUST10070,Hyderabad,43,Male,27,12,17438.96,1453.25,402,5,0,4,4.7,77.3,Fashion,Loyal
CUST10071,Coimbatore,34,Male,19,22,14720.76,669.13,736,5,0,4,2.1,92.1,Fashion,Champions
CUST10072,Chennai,29,Female,17,16,28710.58,1794.41,880,4,1,4,5,67.6,Home,Champions
CUST10073,Hyderabad,18,Female,23,18,47487.88,2638.22,503,4,2,4,4.3,55.2,Home,Champions
CUST10074,Delhi,22,Female,277,4,454,113.5,579,4,0,1,2.7,44.5,Fashion,Lost
CUST10075,Delhi,55,Male,20,16,17319.87,1082.49,801,4,2,5,4.9,100,Grocery,Champions
CUST10076,Hyderabad,20,Female,125,1,5738.36,5738.36,548,2,0,5,3.2,83.1,Fashion,AtRisk
CUST10077,Chennai,36,Female,71,6,4293.83,715.64,510,2,1,3,3.2,73,Home,AtRisk
CUST10078,Bengaluru,45,Female,99,9,3580.2,397.8,373,1,1,2,2.4,61.7,Electronics,AtRisk
CUST10079,Chennai,20,Male,22,22,27316.65,1241.67,368,5,0,0,3.1,97.2,Beauty,Champions
CUST10080,Pune,36,Female,65,15,19829.75866,913.21,1401,3,0,3,3.2,61.8,Sports,Loyal
CUST10081,Mumbai,44,Female,29,25,43533.97,1741.36,541,5,1,6,4.5,30.8,Books,Champions
CUST10082,Madurai,34,Female,1,11,13830.69,1257.34,1010,4,1,0,4.7,70.3,Beauty,Loyal
CUST10083,Chennai,66,Male,50,10,16660.63,1666.06,1105,2,0,5,2.8,40.4,Fashion,Loyal
CUST10084,Madurai,18,Male,103,6,2542.478761,328.18,545,3,1,2,4,70.4,Fashion,AtRisk
CUST10085,Madurai,46,Male,216,3,5633.7,1877.9,711,3,1,2,2.3,91.9,Electronics,AtRisk
CUST10086,Delhi,32,Male,85,3,7546.52,2515.51,631,3,1,0,4,31.5,Electronics,AtRisk
CUST10087,Delhi,42,Female,46,7,10444.92,1492.13,116,5,2,1,5,47,Electronics,Loyal
CUST10088,Pune,39,Male,57,11,8104.235938,632.04,134,7,1,4,2.4,82.3,Home,Loyal
CUST10089,Bengaluru,26,Male,298,2,3370.61,1685.3,615,5,1,4,3,55,Grocery,Lost
CUST10090,Chennai,37,Male,55,12,16827.88,1402.32,473,3,1,3,4.4,73.3,Sports,Loyal
CUST10091,Delhi,18,Male,115,3,1890.91,630.3,1167,5,1,1,4.5,73.3,Grocery,AtRisk
CUST10092,Hyderabad,41,Male,98,9,5939.88,659.99,529,6,0,0,3,82.8,Home,AtRisk
CUST10093,Mumbai,37,Female,53,9,12543.37,1393.71,1185,1,2,3,5,52.1,Fashion,Loyal
CUST10094,Hyderabad,41,Female,43,12,12557.4,1046.45,457,5,0,2,3.1,14,Beauty,Loyal
CUST10095,Bengaluru,46,Male,46,9,9466.68,1051.85,1174,5,1,3,5,72.9,Sports,Loyal
CUST10096,Mumbai,38,Male,24,22,36833.4,1674.25,752,5,1,2,4.2,33.6,Fashion,Champions
CUST10097,Bengaluru,36,Male,13,23,23892.83,1038.82,769,5,0,2,4.8,83.7,Electronics,Champions
CUST10098,Chennai,24,Male,4,23,29649.08,1289.09,446,3,0,3,4.1,64.2,Electronics,Champions
CUST10099,Chennai,26,Female,17,12,9532.58,794.38,773,7,0,3,4.3,59.1,Home,Loyal
CUST10100,Chennai,47,Female,140,4,6702.86,1675.72,1108,4,0,5,4.4,78.8,Fashion,AtRisk
CUST10101,Delhi,50,Female,262,2,296.17,148.08,557,3,2,2,4.7,30.2,Beauty,Lost
CUST10102,Madurai,31,Female,33,13,15386.89,1183.61,498,4,2,4,3.8,61,Home,Loyal
CUST10103,Mumbai,35,Male,360,1,672.79,672.79,526,5,0,6,3.1,74,Home,Lost
CUST10104,Pune,24,Female,219,1,561.7373693,322.91,1086,4,0,4,3.7,70.1,Beauty,Lost
CUST10105,Coimbatore,47,Female,178,1,2250.35,2250.35,857,4,2,5,3.3,55.2,Home,Lost
CUST10106,Bengaluru,41,Female,365,1,826.3,826.3,1034,4,0,1,3.3,55.4,Home,Lost
CUST10107,Hyderabad,55,Male,46,13,15938.62,1226.05,694,3,4,1,5,95.9,Electronics,Loyal
CUST10108,Coimbatore,24,Female,32,21,27983.11,1332.53,612,2,0,2,4.3,83.3,Grocery,Champions
CUST10109,Chennai,30,Female,99,4,3526.05,881.51,727,1,1,2,4.3,51.7,Grocery,AtRisk
CUST10110,Madurai,37,Female,74,5,9555.35,1911.07,921,6,0,5,4.7,92,Books,AtRisk
CUST10111,Chennai,41,Male,260,1,651.67,651.67,526,3,0,1,4.3,80.1,Home,Lost
CUST10112,Kochi,32,Female,359,1,2202.77,2202.77,1011,1,0,2,5,74.8,Grocery,Lost
CUST10113,Hyderabad,24,Female,112,4,5035.71,1258.93,710,4,1,5,2.1,75.5,Grocery,AtRisk
CUST10114,Delhi,44,Female,30,10,15135.29,1513.53,30,4,0,3,3,42.1,Electronics,Loyal
CUST10115,Pune,42,Female,62,7,15171.85,2167.41,865,1,1,2,3.2,95.1,Fashion,Loyal
CUST10116,Hyderabad,24,Female,13,12,22015.43,1834.62,218,2,0,3,2.7,84,Electronics,Champions
CUST10117,Coimbatore,49,Male,108,8,5746.85,718.36,858,2,0,0,3.9,69.9,Electronics,AtRisk
CUST10118,Pune,47,Female,93,3,6315.283418,1865.61,870,2,1,0,3.9,69.9,Fashion,AtRisk
CUST10119,Mumbai,35,Male,365,2,4607.067177,1225.89,699,5,0,0,5,63.2,Home,Lost
CUST10120,Hyderabad,35,Female,98,7,1573.06,224.72,763,3,0,3,4.5,53.6,Beauty,AtRisk
CUST10121,Pune,40,Male,337,3,2039.85,679.95,930,3,0,4,3.4,75.7,Beauty,Lost
CUST10122,Madurai,25,Male,167,5,8521.88,1704.38,451,5,1,4,4.2,49.1,Fashion,AtRisk
CUST10123,Chennai,34,Female,268,2,1837.78,918.89,838,4,3,5,2.3,68,Electronics,Lost
CUST10124,Coimbatore,18,Female,10,27,27405.98,1015.04,949,1,1,5,3.9,66.9,Fashion,Champions
CUST10125,Bengaluru,44,Female,297,4,3828.91,957.23,1128,3,0,3,3.9,72.7,Fashion,Lost
CUST10126,Hyderabad,18,Female,107,7,3611.2,515.89,268,4,0,2,3.1,83.8,Fashion,AtRisk
CUST10127,Pune,51,Female,1,27,25760.27,954.08,723,2,0,5,3.6,73.1,Grocery,Champions
CUST10128,Chennai,30,Male,32,8,14276.12,1784.52,312,7,0,1,3.2,78.9,Electronics,Loyal
CUST10129,Mumbai,32,Male,204,1,2145.84,2145.84,299,4,0,0,3.1,26.2,Fashion,Lost
CUST10130,Bengaluru,27,Male,18,17,28901.99,1700.12,708,2,0,2,4.3,74.2,Grocery,Champions
CUST10131,Coimbatore,31,Male,25,12,11495.99579,1043.84,623,2,0,2,4.6,66.5,Fashion,Loyal
CUST10132,Chennai,50,Female,47,17,11298.48,664.62,944,5,0,3,4.2,72.4,Home,Loyal
CUST10133,Madurai,18,Female,75,8,5408.7,676.09,496,3,0,1,3.4,54.4,Electronics,AtRisk
CUST10134,Kochi,48,Female,365,2,2805.69,1402.84,560,4,0,3,3.3,88,Electronics,Lost
CUST10135,Madurai,38,Male,60,9,16841.3,1871.26,663,2,0,1,3.5,70,Fashion,Loyal
CUST10136,Mumbai,21,Male,63,11,10505.12,955.01,341,4,1,5,3.6,50.1,Electronics,Loyal
CUST10137,Delhi,22,Female,229,2,2142.92,1071.46,383,3,0,0,3.1,53.6,Fashion,Lost
CUST10138,Bengaluru,52,Female,265,1,902.12,902.12,935,3,0,2,4.6,83.1,Electronics,Lost
CUST10139,Trichy,24,Male,286,1,2549.89,2549.89,435,2,0,2,3.6,63.3,Fashion,Lost
CUST10140,Kochi,21,Female,59,8,13479.92,1684.99,955,5,1,3,4.4,64.9,Home,Loyal
CUST10141,Coimbatore,47,Female,3,7,8783.95,1254.85,782,3,1,4,2.7,61,Fashion,Loyal
CUST10142,Bengaluru,38,Male,69,8,9362.8,1170.35,136,3,0,3,3.2,85.2,Electronics,Loyal
CUST10143,Madurai,24,Female,102,5,7494.15,1498.83,759,3,1,2,4.5,74.6,Grocery,AtRisk
CUST10144,Madurai,36,Male,16,16,22012.93,1375.81,757,6,1,4,4.5,41.3,Home,Champions
CUST10145,Chennai,23,Female,76,4,11055.38,2763.84,727,5,1,4,2.8,45.5,Fashion,Loyal
CUST10146,Mumbai,46,Male,1,21,17787.05,847,557,5,2,3,4,65.1,Fashion,Champions
CUST10147,Mumbai,46,Male,35,14,8784.25,627.45,318,1,2,3,4.1,52.1,Grocery,Loyal
CUST10148,Chennai,40,Female,171,2,2468.811798,672.1,1004,3,0,4,3.2,21.8,Electronics,Lost
CUST10149,Coimbatore,38,Male,20,21,27669.75,1317.61,570,5,0,0,4.1,50.1,Home,Champions
CUST10150,Pune,53,Female,122,4,9652.26,2413.06,335,2,1,2,2.5,59.4,Home,AtRisk
CUST10151,Coimbatore,34,Male,241,2,1909.01,954.5,737,4,2,3,3.1,57,Home,Lost
CUST10152,Chennai,21,Male,50,3,15191.41,5063.8,377,2,1,2,4.3,79.4,Fashion,Loyal
CUST10153,Bengaluru,39,Male,67,5,3300.17,660.03,315,2,0,2,3.8,20.3,Beauty,AtRisk
CUST10154,Trichy,57,Male,364,2,2305.4,1152.7,487,6,0,3,3.9,49.6,Sports,Lost
CUST10155,Coimbatore,23,Female,337,1,200,200,400,5,1,3,3.7,80.9,Fashion,Lost
CUST10156,Delhi,30,Male,36,9,11781.93148,734.21,326,5,1,3,4.2,51.6,Fashion,Loyal
CUST10157,Hyderabad,39,Female,10,17,41720.95,2454.17,842,5,1,1,4.3,40.8,Home,Champions
CUST10158,Coimbatore,33,Female,42,12,28657.62,2388.13,566,3,1,0,4.4,51.4,Home,Champions
CUST10159,Delhi,23,Female,185,5,4883.79,976.76,976,2,0,4,3.9,73.9,Grocery,AtRisk
CUST10160,Bengaluru,46,Male,155,2,9456.05,4728.02,344,3,2,1,3.5,59.9,Sports,AtRisk
CUST10161,Delhi,60,Female,177,8,7159.28,894.91,82,3,2,1,3.4,50.5,Electronics,AtRisk
CUST10162,Delhi,36,Male,6,6,12396.92,2066.15,645,6,1,1,3,74.6,Grocery,Loyal
CUST10163,Mumbai,24,Male,9,20,25347.25,1267.36,1157,1,1,5,3.5,72.5,Electronics,Champions
CUST10164,Chennai,18,Male,136,5,7677.93,1535.59,759,3,1,3,3.3,39.7,Electronics,AtRisk
CUST10165,Hyderabad,37,Male,36,3,3372.17,1124.06,1565,2,0,3,5,66.9,Electronics,AtRisk
CUST10166,Madurai,46,Male,181,1,5051.98,5051.98,700,5,0,4,3,39,Grocery,AtRisk
CUST10167,Coimbatore,39,Female,30,7,12530.03,1790,671,6,0,2,4.6,88.4,Grocery,Loyal
CUST10168,Chennai,34,Male,34,14,4756.8,339.77,30,4,2,5,3.6,89.6,Electronics,Loyal
CUST10169,Mumbai,28,Male,38,11,10235.9,930.54,728,4,0,0,3.6,59.2,Home,Loyal
CUST10170,Delhi,22,Female,26,7,13022.8,1860.4,651,4,0,0,4.1,86.3,Grocery,Loyal
CUST10171,Chennai,43,Male,30,8,13714.91,1714.36,478,4,1,0,2.7,49.9,Fashion,Loyal
CUST10172,Mumbai,44,Male,11,21,34032.69,1620.6,559,5,0,3,3.2,62.2,Electronics,Champions
CUST10173,Coimbatore,18,Male,45,8,11182.77,1397.85,580,4,0,4,2.8,53.3,Electronics,Loyal
CUST10174,Delhi,51,Female,6,22,26733.44,1215.16,546,4,1,2,3.5,64.5,Grocery,Champions
CUST10175,Chennai,40,Male,15,10,26853.14076,1470.76,1227,5,1,2,3.1,66.3,Home,Loyal
CUST10176,Delhi,49,Male,85,1,5580.41,5580.41,489,1,1,5,4.9,64.9,Home,AtRisk
CUST10177,Bengaluru,19,Male,83,11,11958.58533,1051.16,651,4,1,1,3.3,63.2,Electronics,Loyal
CUST10178,Kochi,19,Female,89,7,3855.26,550.75,479,4,1,3,1.9,67.5,Sports,AtRisk
CUST10179,Chennai,32,Female,126,4,1813.58,453.4,835,4,0,1,3.5,90.1,Fashion,AtRisk
CUST10180,Madurai,40,Female,175,4,4723.75,1180.94,653,3,1,5,4.4,24.8,Home,AtRisk
CUST10181,Chennai,54,Male,299,1,390.5,390.5,516,4,0,4,5,100,Electronics,Lost
CUST10182,Kochi,42,Male,23,20,28024.20748,2147.21,30,2,0,0,3.6,58,Grocery,Champions
CUST10183,Pune,31,Male,162,6,9385.72,1564.29,673,1,0,2,3.4,63.4,Grocery,AtRisk
CUST10184,Coimbatore,23,Male,156,2,2907.405644,1454.73,507,5,0,0,3.8,91.6,Home,Lost
CUST10185,Delhi,48,Male,344,2,1336.25,668.12,582,2,0,4,4.1,77.1,Grocery,Lost
CUST10186,Hyderabad,23,Male,17,17,51766.21253,1645.22,245,3,0,7,2.9,75.7,Fashion,Champions
CUST10187,Mumbai,52,Female,59,16,12054.61,753.41,1030,2,1,0,3.6,89.9,Fashion,Loyal
CUST10188,Mumbai,31,Female,8,23,33603.98,1461.04,857,6,1,0,3.8,61.7,Books,Champions
CUST10189,Coimbatore,51,Male,156,4,6147.93,1536.98,1029,3,0,3,3.8,83.4,Fashion,AtRisk
CUST10190,Chennai,41,Female,108,6,9435.73,1572.62,944,3,3,2,3.7,39.8,Electronics,AtRisk
CUST10191,Pune,32,Male,93,4,13006.62,3251.66,778,5,1,2,3.1,73.4,Fashion,Loyal
CUST10192,Pune,28,Male,107,5,6447.55,1289.51,257,7,2,0,4.1,76.2,Fashion,AtRisk
CUST10193,Delhi,30,Female,134,5,4088.23,817.65,1153,4,1,3,3.8,87.9,Electronics,AtRisk
CUST10194,Madurai,39,Male,68,10,15708,1570.8,322,3,0,4,3.8,79.2,Home,Loyal
CUST10195,Madurai,35,Male,252,2,1383.68,691.84,519,5,3,8,2.9,69.1,Grocery,Lost
CUST10196,Delhi,27,Male,365,2,2166.44,1083.22,812,1,2,5,4.3,58.6,Fashion,Lost
CUST10197,Pune,32,Female,22,18,21963.16,1220.18,827,4,1,0,3,58.4,Books,Champions
CUST10198,Pune,35,Female,115,2,9194.05,4597.02,772,6,0,2,5,58.6,Home,AtRisk
CUST10199,Hyderabad,18,Male,50,9,9297.13,1033.01,480,4,0,4,2.9,39,Home,Loyal
CUST10200,Delhi,39,Female,156,3,6530.82,2176.94,418,4,1,1,4.4,99.9,Grocery,AtRisk
CUST10201,Chennai,23,Female,287,1,1614.33,1614.33,1360,4,0,4,2.3,85,Grocery,Lost
CUST10202,Chennai,21,Female,354,2,2417.59,1208.8,588,3,1,4,2,70.1,Electronics,Lost
CUST10203,Pune,18,Female,33,13,10052.71,773.29,551,4,1,5,3.4,81.3,Home,Loyal
CUST10204,Mumbai,18,Male,51,11,9324.41,847.67,386,5,0,4,2,80.1,Sports,Loyal
CUST10205,Chennai,19,Male,52,12,10671.21,889.27,673,3,1,3,4.4,45.1,Electronics,Loyal
CUST10206,Chennai,26,Male,214,6,12947.93016,1400.77,659,1,1,1,3.8,77.7,Beauty,AtRisk
CUST10207,Delhi,55,Female,1,16,32024.71,2001.54,595,4,0,0,4.9,90.4,Grocery,Champions
CUST10208,Chennai,28,Female,144,4,3329.18,832.3,715,7,1,3,3.7,51.4,Fashion,AtRisk
CUST10209,Chennai,36,Female,21,17,30200.75,1776.51,1129,3,1,2,4,34.3,Sports,Champions
CUST10210,Mumbai,38,Female,35,11,17704.94,1609.54,421,1,1,2,3.6,41.8,Electronics,Loyal
CUST10211,Delhi,35,Female,61,7,14290.9,2041.56,613,5,1,5,3.1,63.1,Fashion,Loyal
CUST10212,Delhi,33,Female,273,1,1948.88,1948.88,406,6,0,5,3.5,40.6,Sports,Lost
CUST10213,Coimbatore,21,Female,29,7,12394.65482,1228.13,688,4,0,0,2.8,61.6,Grocery,AtRisk
CUST10214,Delhi,50,Female,17,14,7475.64,533.97,429,6,5,2,4.1,51.9,Grocery,Loyal
CUST10215,Coimbatore,54,Male,33,9,27547.95,3060.88,442,5,1,2,3.6,65,Home,Champions
CUST10216,Madurai,18,Male,125,10,8672.22,867.22,162,5,0,3,3.7,54.8,Electronics,AtRisk
CUST10217,Delhi,23,Male,77,12,7476.373615,799.85,629,3,1,0,5,64.3,Fashion,Loyal
CUST10218,Delhi,31,Female,116,6,6724.42,1120.74,729,4,1,0,3.5,77.1,Books,AtRisk
CUST10219,Hyderabad,23,Male,284,4,2198.6,549.65,1158,3,0,2,4.1,45.8,Fashion,Lost
CUST10220,Delhi,40,Female,127,8,3982.69,497.84,741,3,2,4,3.8,70.6,Grocery,AtRisk
CUST10221,Mumbai,26,Male,90,6,5884.98,980.83,465,3,0,3,4.7,48,Fashion,AtRisk
CUST10222,Chennai,58,Male,67,4,7528.23,1882.06,192,4,1,4,4,64.9,Beauty,AtRisk
CUST10223,Bengaluru,47,Female,365,1,1680.608951,1298.14,234,2,1,3,3.6,63.4,Books,Lost
CUST10224,Coimbatore,36,Male,365,2,2193.59,1096.8,211,5,0,5,5,72.1,Electronics,Lost
CUST10225,Coimbatore,45,Male,139,5,6586.43,1317.29,1163,2,1,5,3.1,68.7,Grocery,AtRisk
CUST10226,Trichy,46,Male,56,13,13491.07,1037.77,686,3,1,1,3.6,89.8,Beauty,Loyal
CUST10227,Bengaluru,28,Male,39,14,8373.97,598.14,425,4,1,4,4.5,64.5,Beauty,Loyal
CUST10228,Pune,25,Female,41,11,9098.64,827.15,312,2,0,4,3.1,52.4,Fashion,Loyal
CUST10229,Delhi,35,Male,106,9,7502.71,833.63,343,1,2,8,4.4,83.6,Fashion,AtRisk
CUST10230,Hyderabad,43,Female,143,4,8530.61,2132.65,417,3,0,1,3.4,71.6,Fashion,AtRisk
CUST10231,Mumbai,36,Male,21,17,23985.94,1410.94,995,1,1,2,4.6,82.7,Home,Champions
CUST10232,Mumbai,18,Female,42,14,17379.84,1241.42,591,5,2,0,4.6,62.6,Books,Loyal
CUST10233,Bengaluru,25,Male,28,11,9546.5,867.86,166,2,0,1,3.7,38.8,Grocery,Loyal
CUST10234,Coimbatore,33,Female,365,1,3105.09,3105.09,1293,6,0,3,3,100,Electronics,Lost
CUST10235,Delhi,33,Female,93,3,4378.88,1459.63,258,3,4,3,3.5,52.9,Electronics,AtRisk
CUST10236,Madurai,56,Male,177,3,3112.31,1037.44,423,4,3,4,3.8,41.8,Sports,AtRisk
CUST10237,Chennai,19,Female,68,9,15818.67,1757.63,993,1,1,4,4.5,79.3,Grocery,Loyal
CUST10238,Delhi,40,Female,160,5,5906.15,1181.23,725,4,1,2,4.1,46.1,Home,AtRisk
CUST10239,Chennai,50,Male,25,10,17021.29,1702.13,459,3,1,2,4.2,57.2,Home,Loyal
CUST10240,Kochi,59,Male,245,3,5731.009969,1725.21,231,2,0,1,4.1,67.5,Sports,AtRisk
CUST10241,Kochi,30,Female,21,21,22895.76,1090.27,310,4,0,1,4.5,62.1,Fashion,Champions
CUST10242,Pune,39,Female,111,8,7964.62,995.58,328,3,0,2,3.6,57.7,Fashion,AtRisk
CUST10243,Bengaluru,40,Male,59,10,16090.94367,906.62,602,3,0,3,3.9,96.8,Sports,Loyal
CUST10244,Chennai,36,Male,53,8,8440.15,1055.02,657,4,0,4,3.8,62.8,Grocery,Loyal
CUST10245,Kochi,33,Female,333,1,1432.25,1432.25,555,3,1,4,3.4,47,Electronics,Lost
CUST10246,Bengaluru,39,Female,26,15,10895.47,726.36,588,4,1,6,4.6,84.5,Electronics,Loyal
CUST10247,Kochi,18,Female,46,11,7645.49,695.04,285,3,1,1,4.6,50.5,Fashion,Loyal
CUST10248,Kochi,42,Male,154,5,3313.75,662.75,688,4,2,2,4.8,62.8,Books,AtRisk
CUST10249,Pune,35,Female,315,2,2915.32,1457.66,984,3,0,1,3.2,46.9,Fashion,Lost
CUST10250,Madurai,32,Male,27,10,12484.14,1248.41,551,2,0,5,4.1,69.2,Beauty,Loyal
CUST10251,Bengaluru,57,Male,83,7,15018.48488,1221.56,545,2,1,1,4.7,65.8,Electronics,AtRisk
CUST10252,Pune,27,Female,246,2,3812.685836,974.22,625,6,0,5,5,64.4,Electronics,Lost
CUST10253,Madurai,30,Other,97,11,10627.10464,1016.13,935,5,0,5,2.6,68,Beauty,Loyal
CUST10254,Chennai,56,Male,22,19,13442.32,707.49,332,5,1,3,3.8,81.4,Sports,Loyal
CUST10255,Mumbai,25,Male,32,7,17587.77,2512.54,1035,5,0,3,3.6,79.1,Electronics,Loyal
CUST10256,Kochi,28,Female,298,2,2734.48,1367.24,726,3,2,3,5,44.2,Fashion,Lost
CUST10257,Delhi,32,Female,24,20,30258.82,1512.94,609,4,1,2,2,51.5,Grocery,Champions
CUST10258,Mumbai,43,Female,21,7,15269.94,2181.42,964,4,0,2,3,83.5,Electronics,Loyal
CUST10259,Chennai,36,Female,130,4,9384.03,2346.01,245,4,1,2,4.9,49.3,Sports,AtRisk
CUST10260,Mumbai,20,Male,162,3,6000.76,2000.25,757,3,1,6,3.4,74.8,Fashion,AtRisk
CUST10261,Trichy,28,Other,18,6,13956.96,2326.16,729,4,1,0,2.8,81.8,Grocery,Loyal
CUST10262,Chennai,27,Female,177,2,6151.84,3075.92,319,4,2,3,5,32.2,Electronics,AtRisk
CUST10263,Mumbai,33,Female,77,9,4135.81,459.53,738,4,1,4,2.7,56.9,Electronics,Loyal
CUST10264,Pune,39,Female,56,11,13773.5,1252.14,685,4,0,2,4.6,81.3,Grocery,Loyal
CUST10265,Delhi,39,Female,70,3,4081.13,1360.38,546,4,0,3,2.6,62.1,Electronics,AtRisk
CUST10266,Delhi,18,Male,323,2,3701.691838,1064.38,859,4,1,0,2.6,56.9,Home,Lost
CUST10267,Delhi,46,Male,48,9,18890.51,2098.95,428,4,0,5,4,81.6,Beauty,Loyal
CUST10268,Bengaluru,37,Female,303,1,1966.59,1966.59,681,6,1,5,3.1,87.1,Electronics,Lost
CUST10269,Madurai,49,Male,78,6,4643.35,773.89,560,1,1,2,4,51.4,Grocery,AtRisk
CUST10270,Hyderabad,39,Male,16,26,65039.126,1270.44,416,2,1,1,5,100,Beauty,Champions
CUST10271,Hyderabad,46,Female,89,6,4979.16,829.86,751,5,0,4,3.7,29.3,Fashion,AtRisk
CUST10272,Pune,39,Female,27,17,26982.7,1587.22,538,4,1,0,5,34.9,Books,Champions
CUST10273,Pune,49,Male,306,2,2349.73,1174.86,158,4,0,0,4.1,55.9,Electronics,Lost
CUST10274,Mumbai,40,Female,162,4,3213.6,803.4,60,5,1,2,4.6,58.3,Fashion,Lost
CUST10275,Mumbai,33,Female,32,8,200,25,837,4,1,6,1.9,59.2,Fashion,Loyal
CUST10276,Hyderabad,59,Female,63,10,14757.53,1475.75,234,3,1,4,4.3,54.3,Books,Loyal
CUST10277,Delhi,44,Female,29,8,11362.57,1420.32,684,4,0,1,4.2,50.5,Fashion,Loyal
CUST10278,Delhi,40,Male,61,11,8600.82,781.89,616,4,1,0,3.5,60.6,Fashion,Loyal
CUST10279,Hyderabad,20,Male,28,13,15204.51,1169.58,489,3,1,3,5,53.2,Beauty,Loyal
CUST10280,Pune,20,Male,32,12,18838.82,1569.9,1187,5,0,3,3.4,78.6,Sports,Loyal
CUST10281,Madurai,37,Male,60,6,9607.35,1601.22,654,4,2,2,2.5,65.6,Sports,AtRisk
CUST10282,Bengaluru,36,Female,19,20,30298.14,1514.91,827,4,1,6,4.4,60.6,Grocery,Champions
CUST10283,Chennai,27,Female,282,1,2236.1,2236.1,685,6,1,2,2.7,63.6,Home,Lost
CUST10284,Mumbai,36,Female,305,2,2478.53,1239.27,531,5,0,0,3.9,87.3,Fashion,Lost
CUST10285,Chennai,51,Female,60,13,15100.92,1161.61,594,5,3,2,4.9,55.3,Grocery,Loyal
CUST10286,Bengaluru,42,Female,275,2,1631.52,815.76,1038,7,1,3,4.2,39.5,Fashion,Lost
CUST10287,Mumbai,21,Male,62,13,10515.23,808.86,926,3,1,3,3.6,45.5,Home,Loyal
CUST10288,Madurai,33,Male,24,22,27696.68,1258.94,1186,3,1,2,3.5,60.3,Fashion,Champions
CUST10289,Mumbai,25,Female,117,2,5820.32,2910.16,666,5,0,2,4.8,74.6,Beauty,AtRisk
CUST10290,Chennai,30,Male,57,11,8226.12,747.83,337,3,0,0,2.8,82.6,Electronics,Loyal
CUST10291,Chennai,29,Male,144,5,2694.57,538.91,468,4,0,3,4.4,98,Grocery,AtRisk
CUST10292,Hyderabad,29,Female,301,3,3570.89,1190.3,244,2,0,2,5,79.8,Grocery,Lost
CUST10293,Bengaluru,20,Male,199,3,2640.34,880.11,830,4,1,3,4.2,47.3,Fashion,Lost
CUST10294,Chennai,33,Female,119,3,6638.39,2212.8,424,1,0,3,3.6,60.9,Electronics,AtRisk
CUST10295,Mumbai,28,Male,233,2,2077.71,1038.86,30,3,1,5,3.7,21.7,Electronics,Lost
CUST10296,Hyderabad,18,Male,6,30,28788.21,959.61,1339,3,1,1,3.4,58.8,Books,Champions
CUST10297,Coimbatore,57,Male,23,19,26396.44,1389.29,429,3,0,0,3.3,52.9,Sports,Champions
CUST10298,Mumbai,46,Female,99,6,8065.73,1344.29,427,1,0,1,3.9,18.7,Electronics,AtRisk
CUST10299,Chennai,30,Male,24,10,12578.51,1257.85,1101,1,1,1,4.3,100,Fashion,Loyal
CUST10300,Chennai,34,Female,36,8,15492.68,1936.58,238,2,0,1,5,57.4,Grocery,Loyal
CUST10301,Mumbai,21,Female,48,9,10451.79,1161.31,941,4,0,5,2.2,22.9,Grocery,Loyal
CUST10302,Mumbai,53,Female,165,6,5936.47,989.41,424,4,1,3,1.8,59.5,Fashion,AtRisk
CUST10303,Delhi,55,Male,28,8,10838.47,1354.81,203,3,1,6,5,98,Sports,Loyal
CUST10304,Delhi,36,Male,241,3,6856.279308,3224.34,1112,2,1,2,3.8,100,Sports,AtRisk
CUST10305,Trichy,45,Female,5,13,28143.78,2164.91,877,4,1,0,3.9,66.2,Electronics,Champions
CUST10306,Mumbai,36,Female,11,22,49584.32,2253.83,876,1,1,1,4.2,66.9,Home,Champions
CUST10307,Madurai,19,Other,72,12,23288,1940.67,710,1,0,5,3.7,89.5,Electronics,Loyal
CUST10308,Hyderabad,29,Male,1,11,16314.61,1483.15,780,3,4,0,5,62,Grocery,Loyal
CUST10309,Coimbatore,35,Female,342,2,1877.35,938.68,230,3,1,4,4.2,74.2,Beauty,Lost
CUST10310,Bengaluru,29,Male,1,27,30493.07,1129.37,633,5,1,2,3.4,81.8,Home,Champions
CUST10311,Chennai,32,Male,19,16,33162.38,2072.65,321,4,1,1,3.5,43.5,Grocery,Champions
CUST10312,Chennai,33,Male,210,7,12869.84775,1134.82,183,6,1,5,3.7,95.7,Books,AtRisk
CUST10313,Kochi,33,Male,129,10,5938.572617,337.72,723,3,4,1,3.2,47.4,Home,AtRisk
CUST10314,Hyderabad,35,Male,9,22,31504.19,1432.01,947,4,0,1,5,52.3,Fashion,Champions
CUST10315,Delhi,22,Male,26,24,25897.47,1079.06,485,3,0,2,3.9,67,Fashion,Champions
CUST10316,Bengaluru,26,Female,280,2,2977.91,1488.96,536,6,0,1,2.9,83.8,Home,Lost
CUST10317,Chennai,20,Male,115,7,4621.42,660.2,259,3,0,7,4.1,78.5,Electronics,AtRisk
CUST10318,Chennai,45,Female,29,12,16600.51,1383.38,602,5,1,5,5,64,Electronics,Loyal
CUST10319,Coimbatore,18,Male,35,7,6158.86,879.84,828,2,0,1,4.6,70.7,Beauty,Loyal
CUST10320,Mumbai,47,Male,1,14,9171.25,655.09,837,3,2,2,3.2,86.5,Electronics,Loyal
CUST10321,Delhi,49,Male,17,9,12298.73,1366.53,764,3,1,0,2.9,65.2,Home,Loyal
CUST10322,Delhi,31,Male,202,5,6565.57,1313.11,414,5,0,3,4.9,48.8,Fashion,AtRisk
CUST10323,Coimbatore,18,Female,300,1,1393.8,1393.8,405,1,0,1,2.5,52.9,Beauty,Lost
CUST10324,Kochi,30,Male,58,7,7995.45,1142.21,839,3,0,3,4.1,83.2,Beauty,Loyal
CUST10325,Delhi,33,Male,247,2,217.12,108.56,844,3,2,0,3.3,48.8,Books,Lost
CUST10326,Mumbai,23,Male,37,23,49469.28631,1667.47,548,1,1,2,4.9,33.6,Electronics,Champions
CUST10327,Mumbai,28,Female,34,9,10409.78156,2044.62,472,3,0,6,3,58.9,Fashion,Loyal
CUST10328,Bengaluru,51,Female,26,19,25670.69,1351.09,950,1,0,3,3.2,63.5,Grocery,Champions
CUST10329,Coimbatore,41,Male,4,15,36440.44,2429.36,492,1,0,1,4.3,82.2,Sports,Champions
CUST10330,Bengaluru,24,Male,281,1,2072.4,2072.4,824,3,0,2,4.4,35.8,Fashion,Lost
CUST10331,Hyderabad,18,Male,147,17,10542.27419,1037.72,559,3,1,2,4.9,71.9,Electronics,Loyal
CUST10332,Chennai,30,Female,25,18,25326.34,1407.02,286,3,1,7,4.2,88,Fashion,Champions
CUST10333,Chennai,32,Male,142,1,3190,3190,1084,4,1,2,4.1,48.7,Grocery,Lost
CUST10334,Chennai,39,Female,331,3,3591.31,1197.1,636,2,2,0,4.6,66.6,Home,Lost
CUST10335,Chennai,28,Male,102,4,1834.53,458.63,387,6,0,3,2.7,22,Home,AtRisk
CUST10336,Pune,40,Female,365,2,1892.71,946.36,183,3,0,3,3.1,82.5,Electronics,Lost
CUST10337,Delhi,55,Female,76,9,9865.82,1096.2,213,5,1,4,2.8,80.9,Home,Loyal
CUST10338,Bengaluru,43,Female,216,3,2043.59,681.2,488,1,0,4,1.7,64.6,Home,Lost
CUST10339,Chennai,33,Male,200,5,6840.89,1368.18,1178,2,0,6,4.5,38.5,Fashion,AtRisk
CUST10340,Bengaluru,32,Female,224,3,2519.53,839.84,425,5,1,1,4.9,78.3,Grocery,Lost
CUST10341,Bengaluru,30,Female,306,2,1735.65,867.82,1034,3,0,1,4.2,60.1,Home,Lost
CUST10342,Chennai,47,Male,54,9,19135.67,2126.19,561,2,1,0,4.1,9.4,Fashion,Loyal
CUST10343,Bengaluru,27,Female,365,2,2516.41,1258.2,246,1,1,4,3.9,80.6,Sports,Lost
CUST10344,Bengaluru,34,Male,51,9,11982.99,1331.44,458,5,0,1,3.8,88.3,Electronics,Loyal
CUST10345,Mumbai,35,Female,46,10,22357.56,2235.76,216,4,0,4,5,91.8,Sports,Loyal
CUST10346,Delhi,28,Female,22,20,34773.42507,1016.01,343,4,0,2,5,39.5,Home,Champions
CUST10347,Chennai,19,Male,280,2,1914.6,957.3,334,3,1,6,3.3,26.7,Home,Lost
CUST10348,Bengaluru,38,Female,1,8,12578.74,1572.34,30,2,0,0,4.7,56.8,Electronics,Loyal
CUST10349,Mumbai,33,Male,81,3,1596.04,532.01,1054,3,2,5,4.8,75.4,Sports,AtRisk
CUST10350,Mumbai,40,Male,17,10,14304.77,1430.48,663,2,1,4,4.3,46.1,Fashion,Loyal
CUST10351,Pune,28,Male,206,1,3011.37,3011.37,394,2,0,4,4.1,33.2,Home,Lost
CUST10352,Delhi,47,Female,47,13,17599.61,1353.82,667,5,1,0,4.1,79.5,Sports,Loyal
CUST10353,Chennai,24,Male,222,1,5201.165786,2722.98,349,1,1,4,2.6,58.1,Fashion,Lost
CUST10354,Chennai,53,Male,218,3,2810.23,936.74,30,5,0,3,2.5,77.5,Sports,Lost
CUST10355,Delhi,18,Female,108,11,26102.36851,1555.5,1487,6,1,0,4.4,65.3,Grocery,Loyal
CUST10356,Chennai,39,Male,51,7,14042.93,2006.13,657,5,1,6,2.9,61.7,Home,Loyal
CUST10357,Mumbai,39,Male,141,6,8558.58,1426.43,423,4,0,2,2.7,63.7,Sports,AtRisk
CUST10358,Kochi,25,Male,240,2,1794.68,897.34,30,3,0,5,2.1,57.8,Grocery,Lost
CUST10359,Mumbai,39,Male,57,3,11766.835,2756.06,152,3,0,2,3.4,55.8,Fashion,AtRisk
CUST10360,Bengaluru,48,Male,27,9,11435.44,1270.6,1096,1,0,4,4.1,43,Home,Loyal
CUST10361,Delhi,18,Male,262,4,3925.93,981.48,1051,4,0,1,4.2,74.7,Grocery,Lost
CUST10362,Bengaluru,40,Other,64,8,14056.53,1757.07,826,3,1,3,4.5,90,Electronics,Loyal
CUST10363,Mumbai,18,Female,165,1,7261.95,7261.95,265,2,0,3,3.5,55,Electronics,AtRisk
CUST10364,Kochi,23,Male,224,3,2483.91,827.97,1053,3,0,2,3.9,100,Electronics,Lost
CUST10365,Bengaluru,52,Male,75,10,8735.26,873.53,735,4,0,1,4.5,72.5,Electronics,Loyal
CUST10366,Kochi,28,Male,233,1,2247.29,2247.29,796,3,1,0,4.2,70.2,Home,Lost
CUST10367,Pune,21,Female,101,5,4310.3,862.06,734,6,0,1,3.3,78.1,Electronics,AtRisk
CUST10368,Coimbatore,32,Male,284,3,1239.06,413.02,148,5,0,4,4,84.5,Fashion,Lost
CUST10369,Chennai,57,Male,23,23,30923.17,1344.49,241,5,1,0,2.2,55.9,Fashion,Champions
CUST10370,Chennai,18,Female,64,14,12608.53,900.61,447,3,1,0,3.8,76.1,Sports,Loyal
CUST10371,Chennai,22,Male,365,2,3567.413916,951.46,793,4,1,0,3.3,85.9,Fashion,Lost
CUST10372,Chennai,50,Male,23,20,19162.65,958.13,186,2,0,3,5,57.4,Beauty,Champions
CUST10373,Delhi,54,Female,17,16,32285.12,2017.82,547,4,0,1,3,65.1,Fashion,Champions
CUST10374,Chennai,33,Female,195,3,2114.38,704.79,547,3,0,5,3.9,49.7,Electronics,Lost
CUST10375,Madurai,20,Male,65,10,7562.77,756.28,838,2,1,4,3.5,55.1,Electronics,Loyal
CUST10376,Hyderabad,57,Female,365,2,990.5796453,606.16,802,3,0,3,3.4,58,Fashion,Lost
CUST10377,Chennai,52,Male,34,10,4876.47,487.65,297,3,0,3,4.1,46.9,Electronics,Loyal
CUST10378,Hyderabad,41,Female,67,15,12201.71,813.45,1034,7,1,1,3.5,63.7,Grocery,Loyal
CUST10379,Madurai,25,Male,132,5,6425.51,1285.1,251,4,0,1,5,71.6,Grocery,AtRisk
CUST10380,Chennai,33,Female,94,4,4716.56,1179.14,928,6,1,4,2.2,73.6,Home,AtRisk
CUST10381,Delhi,32,Female,157,2,3422.96,1711.48,435,5,0,4,4.3,48.8,Electronics,AtRisk
CUST10382,Mumbai,38,Female,94,6,5153.14,858.86,649,4,3,4,3.7,52.9,Grocery,AtRisk
CUST10383,Pune,50,Female,365,1,970.8019375,1707.68,668,3,3,2,3.8,82,Electronics,Lost
CUST10384,Delhi,44,Male,48,13,17049.11,1311.47,659,1,1,2,4,52.8,Home,Loyal
CUST10385,Hyderabad,22,Male,55,12,15703.22,1308.6,802,2,2,1,4.6,81.5,Fashion,Loyal
CUST10386,Madurai,49,Male,9,21,32632.49282,878.42,717,4,0,4,4,50.4,Grocery,Champions
CUST10387,Chennai,37,Female,187,3,7745.66,2581.89,835,3,1,0,4.6,72.5,Sports,AtRisk
CUST10388,Hyderabad,42,Female,52,16,11672.35,729.52,739,4,0,0,3.8,80,Grocery,Loyal
CUST10389,Hyderabad,50,Male,43,11,18987.96,1726.18,221,1,1,0,3,12,Electronics,Loyal
CUST10390,Trichy,22,Female,28,4,9723.75,2430.94,681,4,0,0,3.7,82.4,Sports,Loyal
CUST10391,Bengaluru,34,Female,23,22,25447.94,1156.72,431,5,0,5,4.7,91.1,Fashion,Champions
CUST10392,Bengaluru,28,Other,1,20,16546.16,827.31,267,1,3,4,3.5,58.8,Home,Champions
CUST10393,Hyderabad,18,Female,150,5,10807.26905,1221.91,513,4,0,0,2.9,71.9,Fashion,AtRisk
CUST10394,Madurai,38,Male,43,12,4328.67,360.72,655,6,1,2,4.3,48.2,Fashion,Loyal
CUST10395,Kochi,62,Male,323,1,1834.2,1834.2,675,6,1,5,4.1,72.3,Home,Lost
CUST10396,Pune,18,Male,66,9,9626.77,1069.64,917,3,0,4,3.2,100,Electronics,AtRisk
CUST10397,Bengaluru,34,Male,11,14,50593.34,3613.81,992,5,0,7,3.6,21.1,Beauty,Champions
CUST10398,Hyderabad,41,Female,158,6,7914.45,1319.08,701,6,0,2,3.7,55,Fashion,AtRisk
CUST10399,Hyderabad,35,Female,1,17,14768.32,868.72,755,4,2,1,3.8,80.9,Electronics,Champions
CUST10400,Chennai,33,Female,327,1,2055.92,2055.92,629,5,3,0,4.3,90.2,Fashion,Lost
CUST10401,Pune,20,Female,252,1,200,237.29,830,3,1,3,3.5,37.4,Beauty,Lost
CUST10402,Mumbai,37,Male,96,2,7646.73,3823.36,746,4,2,4,4.4,52.2,Beauty,AtRisk
CUST10403,Hyderabad,26,Male,120,2,1977.68,988.84,584,3,0,3,3.4,53.4,Grocery,AtRisk
CUST10404,Madurai,18,Male,65,5,3271.59,654.32,1246,3,0,2,5,51.9,Fashion,Loyal
CUST10405,Pune,47,Male,36,11,7275.24,661.39,436,4,0,5,5,62.7,Grocery,Loyal
CUST10406,Bengaluru,45,Male,317,1,1864.73,1864.73,1036,2,1,4,3.1,36.4,Beauty,Lost
CUST10407,Chennai,35,Male,8,23,28078.51,1220.8,194,3,0,2,2.8,59.9,Fashion,Champions
CUST10408,Pune,37,Male,63,5,15266.5,3053.3,844,5,1,1,4.6,46.3,Fashion,Loyal
CUST10409,Chennai,46,Male,60,9,9460.79,1051.2,1031,7,1,2,4,63.6,Grocery,Loyal
CUST10410,Madurai,36,Female,107,5,5287.1,1057.42,30,1,0,3,4.2,50.9,Sports,AtRisk
CUST10411,Kochi,44,Male,36,9,19254.57799,1538.2,642,6,0,1,3.3,61.6,Grocery,Loyal
CUST10412,Kochi,31,Male,230,3,1622.65,540.88,815,3,0,0,3.7,44.3,Fashion,Lost
CUST10413,Mumbai,48,Male,21,11,37146.43,3376.95,676,5,1,2,3.5,84.1,Electronics,Champions
CUST10414,Delhi,38,Female,73,8,18585.13,2323.14,713,5,0,2,4,58.5,Electronics,Loyal
CUST10415,Bengaluru,36,Male,67,2,3339.07,1669.54,641,6,0,5,2.8,65.3,Books,AtRisk
CUST10416,Madurai,20,Male,38,9,7599.61,844.4,272,2,1,0,3.7,62.1,Beauty,Loyal
CUST10417,Madurai,37,Female,117,1,5542.49,5542.49,1310,3,0,3,2.8,65.1,Home,AtRisk
CUST10418,Delhi,25,Female,20,8,36291.09,4536.39,449,3,0,2,3.4,65,Grocery,Champions
CUST10419,Hyderabad,27,Female,16,26,34810.74,1338.87,730,3,1,2,3.7,81.1,Home,Champions
CUST10420,Hyderabad,25,Male,17,21,25462.17,1212.48,406,5,1,6,4.2,59.3,Electronics,Champions
CUST10421,Hyderabad,22,Male,359,4,1979.12,494.78,30,3,1,3,4.3,50.6,Grocery,Lost
CUST10422,Chennai,57,Male,171,6,4266.81,711.14,323,1,0,1,4.4,65.8,Beauty,AtRisk
CUST10423,Bengaluru,49,Female,232,1,3035.28,3035.28,166,3,0,4,2.6,52.7,Electronics,Lost
CUST10424,Chennai,55,Male,75,13,13914,1070.31,927,1,1,4,4.8,63.5,Fashion,Loyal
CUST10425,Mumbai,21,Male,160,6,5055.99,842.66,418,3,0,0,3.3,44,Electronics,AtRisk
CUST10426,Bengaluru,35,Female,129,6,8652.91,1442.15,446,5,2,0,3.3,86,Fashion,AtRisk
CUST10427,Pune,20,Female,301,3,4052.4,1350.8,281,3,0,3,4,49.4,Home,Lost
CUST10428,Bengaluru,26,Male,164,6,7188.12,1198.02,628,3,0,2,3.5,89,Fashion,AtRisk
CUST10429,Chennai,24,Female,78,5,8517.79,1703.56,385,3,0,2,4.1,63.8,Home,AtRisk
CUST10430,Chennai,48,Female,1,21,38808.71,1848.03,898,4,2,5,4.2,82.1,Home,Champions
CUST10431,Hyderabad,30,Male,107,4,1998.29,499.57,691,4,1,1,3.2,49.7,Beauty,AtRisk
CUST10432,Mumbai,46,Male,54,8,14155.85,1769.48,428,5,0,3,3.7,25.7,Beauty,Loyal
CUST10433,Chennai,41,Female,269,2,2678.38,1339.19,855,7,1,5,3.7,32,Grocery,Lost
CUST10434,Chennai,59,Female,89,12,15541.52167,713.09,602,4,0,2,4.6,100,Fashion,Loyal
CUST10435,Delhi,18,Male,27,7,17416.84,2488.12,606,5,1,0,3.4,53,Electronics,Loyal
CUST10436,Chennai,48,Male,43,9,10849.17,1205.46,161,1,0,2,3.4,86.9,Grocery,Loyal
CUST10437,Hyderabad,47,Female,41,11,10464.99,951.36,579,3,0,3,3,39,Electronics,Loyal
CUST10438,Delhi,23,Female,11,13,35307.13,2715.93,696,3,0,5,3.1,68.6,Sports,Champions
CUST10439,Chennai,45,Female,219,2,765.58,382.79,1000,2,0,1,2.7,72,Fashion,Lost
CUST10440,Chennai,38,Male,136,6,6144.94,1024.16,374,3,0,6,3.2,100,Beauty,AtRisk
CUST10441,Trichy,31,Male,365,1,2566.164391,1654.59,1283,3,0,0,5,58.6,Home,Lost
CUST10442,Bengaluru,25,Female,243,3,2595.96,865.32,767,3,0,3,4.4,50.8,Beauty,Lost
CUST10443,Bengaluru,26,Male,20,7,20446.45,2920.92,144,7,2,2,4.8,72,Sports,Loyal
CUST10444,Hyderabad,57,Other,115,8,8416.76,1052.1,346,4,1,5,3,46.5,Electronics,AtRisk
CUST10445,Kochi,34,Female,8,22,29698.4,1349.93,1026,7,3,0,2.2,73.2,Home,Champions
CUST10446,Trichy,43,Male,178,1,2483.29,2483.29,973,6,0,3,4.1,63.9,Fashion,Lost
CUST10447,Hyderabad,25,Female,41,6,14091.07,2348.51,605,3,0,2,5,49.9,Books,Loyal
CUST10448,Bengaluru,25,Male,29,11,15701.16,1427.38,645,4,1,6,3.4,74.9,Home,Loyal
CUST10449,Chennai,46,Female,57,13,17419.57,1339.97,251,3,1,1,3.9,67.2,Electronics,Loyal
CUST10450,Hyderabad,19,Male,71,10,9398.1,939.81,996,3,1,3,2.5,80.2,Sports,Loyal
CUST10451,Mumbai,29,Male,20,9,16999.28,1888.81,304,2,1,1,3.8,98,Fashion,Loyal
CUST10452,Bengaluru,34,Female,79,10,9992.42,999.24,853,3,1,3,3.7,55,Fashion,Loyal
CUST10453,Pune,35,Female,168,2,3326.999776,1493.66,1006,4,1,2,2.1,56.8,Grocery,Lost
CUST10454,Chennai,32,Male,227,2,1902.65,951.32,614,4,1,2,3,38.1,Sports,Lost
CUST10455,Bengaluru,38,Female,42,10,9821.51,982.15,890,4,3,0,2.9,75.4,Sports,Loyal
CUST10456,Chennai,42,Male,25,11,10912,992,1154,3,2,3,2.5,52.1,Grocery,Loyal
CUST10457,Bengaluru,42,Male,363,2,1636.5,818.25,680,5,0,0,3.2,71.9,Fashion,Lost
CUST10458,Chennai,23,Male,8,19,29924.65,1574.98,547,3,0,0,4.2,88.3,Fashion,Champions
CUST10459,Chennai,31,Male,355,1,3752.42,3752.42,580,6,0,0,3.3,51.3,Fashion,Lost
CUST10460,Chennai,47,Male,60,2,9511.74,4755.87,377,1,0,0,4.7,55.5,Electronics,Loyal
CUST10461,Delhi,44,Male,110,4,9765.74,2441.44,370,4,0,4,3.5,85.3,Home,AtRisk
CUST10462,Delhi,19,Male,72,3,2129.78,709.93,733,4,0,3,4.1,79.1,Grocery,AtRisk
CUST10463,Mumbai,38,Male,37,3,5121.29,1707.1,551,2,0,4,4.2,77,Home,AtRisk
CUST10464,Kochi,18,Male,237,3,2058.67,686.22,698,3,1,0,5,57.2,Electronics,Lost
CUST10465,Bengaluru,35,Female,21,10,25568.62,2556.86,153,4,0,3,3.2,36.3,Fashion,Champions
CUST10466,Madurai,55,Male,36,7,15288.63,2184.09,572,5,1,1,4.2,50.8,Fashion,Loyal
CUST10467,Pune,24,Female,153,3,8585.57,2861.86,909,1,0,4,3,44.8,Grocery,AtRisk
CUST10468,Coimbatore,25,Female,258,2,983.33,491.66,264,4,1,3,5,76.6,Grocery,Lost
CUST10469,Kochi,42,Female,43,7,13068.84,1866.98,605,3,1,1,3,70.7,Fashion,Loyal
CUST10470,Chennai,18,Female,252,2,3475.13,1737.56,44,5,0,5,4.1,53,Fashion,Lost
CUST10471,Kochi,27,Female,57,10,16535.66746,1003.51,208,1,2,4,5,56.4,Home,Loyal
CUST10472,Chennai,41,Male,38,11,22440.27874,1336.18,842,7,0,0,2.8,74.5,Grocery,Loyal
CUST10473,Pune,27,Male,130,5,5519.3,1103.86,507,2,1,0,4.3,58.6,Fashion,AtRisk
CUST10474,Mumbai,31,Female,6,25,20722.78,828.91,1147,6,1,0,3,53.4,Grocery,Champions
CUST10475,Trichy,42,Female,156,1,3723.96,3723.96,730,3,0,6,5,100,Grocery,AtRisk
CUST10476,Chennai,39,Female,9,19,37897.21,1994.59,759,2,0,0,2.3,54,Electronics,Champions
CUST10477,Mumbai,37,Male,59,12,10899.27,908.27,277,4,0,6,2.6,78.4,Fashion,Loyal
CUST10478,Kochi,30,Female,103,6,2125,354.17,484,5,2,0,2.9,72.9,Fashion,AtRisk
CUST10479,Mumbai,38,Female,91,6,3628.25,604.71,380,1,1,0,2.9,34.5,Fashion,AtRisk
CUST10480,Mumbai,33,Male,39,11,10687.72,971.61,280,5,0,4,4.2,51.4,Fashion,Loyal
CUST10481,Delhi,39,Male,16,6,12194.74,2032.46,799,3,1,4,5,81.4,Fashion,Loyal
CUST10482,Bengaluru,29,Female,56,14,13853.84,989.56,859,4,0,4,4.7,62.4,Fashion,Loyal
CUST10483,Mumbai,32,Female,21,14,13559.39,968.53,720,4,0,4,4,35.7,Sports,Loyal
CUST10484,Mumbai,23,Male,200,3,503.9,167.97,352,3,2,1,3.8,72.9,Fashion,Lost
CUST10485,Pune,34,Female,323,2,200,100,699,2,0,4,3.3,53.4,Fashion,Lost
CUST10486,Chennai,25,Male,1,16,38497.66,2406.1,30,5,0,3,4.1,73.7,Fashion,Champions
CUST10487,Madurai,22,Male,12,16,20927.13,1307.95,997,5,2,2,3.6,100,Books,Champions
CUST10488,Kochi,37,Male,365,3,2981.384768,923.13,211,4,0,3,4,72.6,Grocery,Lost
CUST10489,Pune,36,Male,81,1,2483.620436,1777.75,264,4,0,5,3.2,77.2,Grocery,AtRisk
CUST10490,Bengaluru,43,Male,154,3,6146.15,2048.72,635,5,0,3,2.8,59.9,Home,AtRisk
CUST10491,Mumbai,29,Male,310,2,2910.7,1455.35,661,6,1,0,3.8,42.6,Fashion,Lost
CUST10492,Coimbatore,38,Female,22,6,10547,1757.83,578,1,1,4,3.8,85.5,Books,Loyal
CUST10493,Coimbatore,40,Female,166,5,14235.4276,1648.16,267,1,0,4,3.3,52.9,Electronics,AtRisk
CUST10494,Bengaluru,39,Male,296,2,2414.01,1207.01,940,6,1,2,3.2,60.4,Grocery,Lost
CUST10495,Bengaluru,25,Male,152,5,2847.56,569.51,94,1,1,3,4.2,100,Electronics,AtRisk
CUST10496,Mumbai,36,Male,4,8,26769.72,3346.22,155,2,1,3,4.2,58.2,Beauty,Champions
CUST10497,Chennai,38,Female,11,21,47917.12448,1278.7,568,3,2,0,5,89.3,Electronics,Champions
CUST10498,Trichy,34,Male,69,11,15388.44,1398.95,221,1,0,2,4.9,72.7,Grocery,Loyal
CUST10499,Trichy,18,Male,200,3,697.54,232.51,967,3,0,2,2.8,53.9,Electronics,Lost
CUST10500,Delhi,36,Female,21,8,11110.42,1388.8,247,2,1,2,3.6,71.8,Grocery,Loyal
CUST10501,Mumbai,58,Female,5,19,27738.75,1459.93,1067,3,0,1,2.7,50.7,Fashion,Champions
CUST10502,Madurai,30,Male,286,2,1941.13,970.56,911,4,0,4,2.3,83.1,Sports,Lost
CUST10503,Hyderabad,26,Male,16,17,28514.36,1677.32,971,3,0,1,5,89.9,Electronics,Champions
CUST10504,Delhi,38,Male,14,24,35574.89,1482.29,1166,3,1,4,5,66,Home,Champions
CUST10505,Chennai,37,Female,1,10,9380.06,938.01,624,4,0,4,3.3,91.8,Home,Loyal
CUST10506,Pune,47,Male,29,13,8054.500919,471.38,296,5,0,5,4.8,68.2,Sports,Loyal
CUST10507,Hyderabad,20,Male,39,16,15932.71,995.79,569,6,0,6,4.9,83.3,Beauty,Loyal
CUST10508,Kochi,42,Female,85,1,2507.62599,1721.83,430,3,1,6,2.3,100,Books,Lost
CUST10509,Delhi,40,Male,331,2,1462.71,731.36,387,6,1,0,4.5,100,Fashion,Lost
CUST10510,Mumbai,32,Male,41,12,12049.56,1004.13,645,5,0,3,3.4,61.3,Fashion,Loyal
CUST10511,Bengaluru,38,Male,39,11,12843.49,1167.59,506,2,1,1,4.1,70.9,Fashion,Loyal
CUST10512,Kochi,45,Male,80,6,6644.32,1107.39,374,2,1,9,5,43.9,Grocery,AtRisk
CUST10513,Pune,44,Male,50,9,16183.21,1798.13,526,3,1,4,5,81,Fashion,Loyal
CUST10514,Chennai,21,Male,32,11,22022.26,2002.02,765,6,0,5,3.7,72.8,Home,Champions
CUST10515,Chennai,43,Male,160,3,5551.288656,1137.36,887,3,1,3,4.9,49.5,Electronics,Lost
CUST10516,Bengaluru,33,Male,30,11,10090.38,917.31,119,1,2,0,2.3,88.7,Electronics,Loyal
CUST10517,Hyderabad,35,Female,75,14,6502.4,464.46,509,3,0,1,4.2,59.7,Home,Loyal
CUST10518,Trichy,35,Male,15,10,12279.12,1227.91,558,1,0,1,4.2,54.6,Sports,Loyal
CUST10519,Chennai,32,Male,114,5,8113.18,1622.64,245,2,0,2,4.4,73,Home,AtRisk
CUST10520,Mumbai,47,Female,20,15,21229.22,1415.28,564,3,1,3,3.4,55.7,Electronics,Champions
CUST10521,Bengaluru,33,Female,1,14,37892.96,2706.64,644,4,1,4,4.1,64.4,Sports,Champions
CUST10522,Kochi,22,Female,54,7,13231.85,1890.26,756,5,0,0,4.5,99.9,Grocery,Loyal
CUST10523,Hyderabad,30,Male,117,8,5993.23,749.15,623,5,0,2,1.9,52.7,Home,AtRisk
CUST10524,Hyderabad,36,Male,74,5,21070.89045,2189.72,336,2,2,2,3.5,78.5,Fashion,Loyal
CUST10525,Bengaluru,48,Female,41,12,23225.40554,1491.25,1204,3,1,5,3.1,53.3,Grocery,Loyal
CUST10526,Bengaluru,41,Female,169,4,1973.26,493.32,849,4,2,4,4.3,45.5,Fashion,AtRisk
CUST10527,Coimbatore,25,Male,199,2,953.33,476.66,766,3,1,2,4.9,63.4,Books,Lost
CUST10528,Chennai,61,Female,25,11,2055.33,186.85,901,3,0,3,3.3,100,Grocery,Loyal
CUST10529,Pune,37,Male,2,17,24298.84,1429.34,673,1,0,0,2.9,80.6,Home,Champions
CUST10530,Hyderabad,48,Other,128,3,6965.53,2321.84,986,2,1,4,3.9,74.2,Grocery,AtRisk
CUST10531,Trichy,32,Female,190,3,5863.38,1954.46,617,3,0,2,2.9,54.5,Electronics,AtRisk
CUST10532,Trichy,40,Female,29,18,9880.224423,994.21,601,1,0,1,3.6,57.3,Grocery,Champions
CUST10533,Mumbai,43,Female,70,8,23819.97821,2060.03,791,4,0,5,3.5,35.3,Grocery,Loyal
CUST10534,Hyderabad,47,Female,5,20,22469.77322,1205.95,1073,1,2,3,4.3,100,Home,Champions
CUST10535,Kochi,46,Male,1,16,39212.55468,1584.97,1054,5,0,1,4.1,70.4,Fashion,Champions
CUST10536,Hyderabad,44,Male,66,6,5608.74,934.79,778,4,0,1,3.9,68.6,Beauty,AtRisk
CUST10537,Coimbatore,31,Male,25,13,15164.61,1166.51,755,3,1,3,5,69.1,Grocery,Loyal
CUST10538,Bengaluru,28,Male,365,2,2316.1,1158.05,809,5,2,3,4,100,Electronics,Lost
CUST10539,Chennai,38,Female,125,5,4632.91,926.58,896,5,2,3,3.5,71,Home,AtRisk
CUST10540,Kochi,44,Male,33,9,13827.08,1536.34,990,3,1,0,3.6,61.1,Sports,Loyal
CUST10541,Mumbai,32,Male,63,10,200,20,529,3,0,0,3.2,100,Home,Loyal
CUST10542,Coimbatore,46,Female,127,6,6216.97,1036.16,995,5,0,1,3,62.4,Fashion,AtRisk
CUST10543,Delhi,50,Female,28,14,40439.7,2888.55,703,4,2,2,2.7,31.2,Grocery,Champions
CUST10544,Mumbai,24,Male,172,2,3194.05,1597.02,795,5,1,2,4.7,34.5,Electronics,Lost
CUST10545,Bengaluru,25,Male,312,3,2381.44,793.81,1015,1,1,2,3.2,61.2,Grocery,Lost
CUST10546,Chennai,32,Male,46,10,17135.56,1713.56,824,4,0,2,4.1,70.8,Grocery,Loyal
CUST10547,Delhi,37,Female,22,26,35398.61,1361.48,875,1,0,6,3.6,81.4,Electronics,Champions
CUST10548,Mumbai,28,Male,20,30,37180.16,1239.34,483,3,1,4,3.8,46.6,Fashion,Champions
CUST10549,Hyderabad,49,Female,145,6,7274.54,1212.42,1049,5,1,5,4.7,60.5,Electronics,AtRisk
CUST10550,Mumbai,39,Male,114,1,6649.967434,11976.62,809,6,4,3,3.9,48.8,Fashion,AtRisk
CUST10551,Pune,34,Male,313,2,3241.12,1620.56,638,2,1,3,3.1,87.3,Fashion,Lost
CUST10552,Mumbai,18,Female,187,3,6280.83,2093.61,930,3,1,3,3.3,90.6,Beauty,AtRisk
CUST10553,Mumbai,20,Male,9,9,7894.26,877.14,1376,3,1,3,4.5,100,Home,Loyal
CUST10554,Pune,37,Male,121,3,9777.85,3259.28,249,2,1,4,4.2,72,Home,AtRisk
CUST10555,Bengaluru,18,Male,152,3,8928.17037,2298.13,359,5,0,1,4.5,100,Fashion,AtRisk
CUST10556,Chennai,45,Male,119,4,5751.18,1437.8,1406,3,2,4,3.6,51.1,Electronics,AtRisk
CUST10557,Chennai,32,Male,80,11,9969.23,906.29,728,4,1,3,2.7,69.3,Fashion,Loyal
CUST10558,Hyderabad,70,Male,107,7,6371.37,910.2,657,4,2,0,4.2,43.8,Home,AtRisk
CUST10559,Mumbai,59,Male,365,7,5779.386698,420.81,565,3,1,3,4,76.5,Grocery,AtRisk
CUST10560,Delhi,32,Male,162,4,6764.65,1691.16,963,2,0,0,4,70.7,Grocery,AtRisk
CUST10561,Coimbatore,33,Female,122,4,1019.84,254.96,1383,3,0,1,2.7,15.9,Fashion,AtRisk
CUST10562,Chennai,45,Female,192,4,2143.278838,960.83,400,2,0,2,3.3,87.2,Electronics,AtRisk
CUST10563,Chennai,53,Female,158,5,6274.61,1254.92,571,4,0,0,3,82.1,Beauty,AtRisk
CUST10564,Bengaluru,18,Female,160,5,8984.96,1796.99,495,5,0,2,4.1,53.9,Electronics,AtRisk
CUST10565,Mumbai,18,Male,4,7,9576.56,1368.08,820,2,1,3,4.1,70.6,Electronics,AtRisk
CUST10566,Bengaluru,27,Male,34,13,11317.63,870.59,967,1,0,4,3.8,35.1,Fashion,Loyal
CUST10567,Bengaluru,40,Male,37,7,13629.67,1947.1,1086,4,0,2,4.6,49.6,Grocery,Loyal
CUST10568,Pune,39,Male,9,19,34559.79,1818.94,830,2,3,3,5,98.4,Books,Champions
CUST10569,Madurai,46,Male,146,7,5408.63,772.66,1356,4,0,2,4.1,41.9,Electronics,AtRisk
CUST10570,Mumbai,21,Male,109,1,9885.484879,6389.29,428,4,2,2,4.3,65.2,Grocery,AtRisk
CUST10571,Hyderabad,18,Female,206,2,2563.71,1281.86,350,1,0,0,3.4,37.1,Grocery,Lost
CUST10572,Bengaluru,43,Female,50,11,14557.71,1323.43,1041,5,1,2,3.2,71.8,Beauty,Loyal
CUST10573,Mumbai,25,Male,58,11,15571.36,1415.58,637,2,0,4,4.6,76.3,Home,Loyal
CUST10574,Pune,18,Female,84,10,15263.41,1526.34,187,3,1,1,3.1,79.5,Beauty,Loyal
CUST10575,Kochi,36,Female,10,14,30761.11358,2540.71,505,3,1,2,4.4,74.4,Grocery,Champions
CUST10576,Chennai,43,Female,278,3,2429.35,809.78,677,3,2,2,5,93.5,Fashion,Lost
CUST10577,Kochi,33,Male,12,13,13011.71,1000.9,406,6,0,5,4.3,53.9,Grocery,Loyal
CUST10578,Bengaluru,29,Male,54,5,6900.42219,1692.18,296,4,0,3,3.7,43.8,Sports,AtRisk
CUST10579,Coimbatore,32,Male,280,8,1462.206174,334.53,538,5,2,3,2.7,53.3,Grocery,AtRisk
CUST10580,Bengaluru,30,Male,62,10,13663.69,1366.37,281,4,0,2,3.9,38.1,Grocery,Loyal
CUST10581,Trichy,19,Female,182,1,2366.83,2366.83,791,4,0,2,4.6,66.6,Fashion,Lost
CUST10582,Bengaluru,26,Male,60,11,7636.99,694.27,30,4,1,0,3.7,62.2,Grocery,Loyal
CUST10583,Madurai,40,Male,42,12,8995.89,749.66,627,4,0,2,4.6,74.6,Grocery,Loyal
CUST10584,Delhi,38,Female,109,3,2613.44,871.15,756,5,0,3,4.1,32.7,Home,Lost
CUST10585,Coimbatore,36,Female,216,3,1614.46,538.15,573,4,0,3,4,64.7,Grocery,Lost
CUST10586,Chennai,23,Male,8,25,22495.34,899.81,928,7,0,5,3.5,89.3,Electronics,Champions
CUST10587,Chennai,32,Female,17,11,26411.18,2401.02,189,5,0,4,2.6,76.4,Grocery,Champions
CUST10588,Chennai,18,Male,6,16,20080.68,1255.04,390,2,0,5,3.5,27.1,Fashion,Champions
CUST10589,Chennai,36,Male,61,8,15581.84,1947.73,501,3,1,0,3.5,64.8,Electronics,Loyal
CUST10590,Chennai,50,Male,243,3,698.13,232.71,814,4,2,6,4.3,50.3,Beauty,Lost
CUST10591,Delhi,18,Female,210,4,7011.87,1752.97,666,4,0,3,3.8,65.3,Electronics,AtRisk
CUST10592,Coimbatore,28,Female,64,11,15348.84,1395.35,1243,5,1,3,4.7,57.4,Home,Loyal
CUST10593,Madurai,38,Male,319,1,2954.04,2954.04,358,5,2,4,4,99.8,Books,Lost
CUST10594,Pune,48,Male,17,9,14895.2,1655.02,182,1,1,3,3.4,66.7,Electronics,Loyal
CUST10595,Bengaluru,29,Male,80,10,9942.33,994.23,1137,5,5,0,3.1,71.3,Fashion,Loyal
CUST10596,Delhi,26,Male,284,2,3161.74,1580.87,171,3,0,5,3.3,64.1,Home,Lost
CUST10597,Chennai,18,Male,286,2,2251.98,1125.99,805,3,1,1,3.9,74.5,Electronics,Lost
CUST10598,Coimbatore,35,Male,219,2,1451.62,725.81,306,3,1,1,3.5,60.7,Beauty,Lost
CUST10599,Chennai,56,Female,142,7,3930.27,561.47,30,5,0,2,2.9,80.5,Electronics,AtRisk
CUST10600,Chennai,37,Female,248,2,442.28,221.14,488,3,1,2,4.6,57.2,Sports,Lost
CUST10601,Coimbatore,34,Male,30,15,26316.1,1754.41,870,3,1,3,3.9,92.5,Electronics,Champions
CUST10602,Chennai,38,Male,164,4,5570.44,1392.61,233,3,0,2,4,74.9,Sports,AtRisk
CUST10603,Chennai,34,Male,262,3,1618.278728,695.27,773,1,0,5,3.1,61.9,Beauty,Lost
CUST10604,Chennai,25,Male,14,9,15641.97,1738,829,2,1,3,3,81.8,Grocery,Loyal
CUST10605,Bengaluru,43,Female,207,2,651.05,325.52,218,2,1,1,3.7,74.9,Home,Lost
CUST10606,Coimbatore,36,Female,192,5,4852.44,970.49,532,3,1,1,2.2,81.5,Electronics,AtRisk
CUST10607,Bengaluru,34,Male,1,12,33472.84,2789.4,1073,4,1,2,4.4,66.7,Electronics,Champions
CUST10608,Mumbai,23,Male,169,2,261.6500089,255.5,795,4,0,2,3.2,60.2,Fashion,Lost
CUST10609,Delhi,48,Female,27,17,29076.67,1710.39,522,5,0,1,3.6,67.7,Grocery,Champions
CUST10610,Chennai,41,Male,87,3,7088.4,2362.8,725,5,2,0,4.1,55,Beauty,AtRisk
CUST10611,Hyderabad,28,Female,15,14,38491.85,2749.42,394,3,2,3,3.6,84.6,Grocery,Champions
CUST10612,Mumbai,45,Male,284,2,1979.27,989.64,934,4,1,2,2.9,94.4,Home,Lost
CUST10613,Chennai,29,Female,22,11,7355.02,668.64,934,3,5,1,5,76.6,Home,Loyal
CUST10614,Pune,25,Female,40,10,16309.44,1630.94,636,1,2,3,2.6,93.4,Beauty,Loyal
CUST10615,Kochi,26,Female,10,18,34497.04572,1048.26,669,2,0,4,2,87.5,Home,Champions
CUST10616,Chennai,18,Female,246,3,1236.23,412.08,300,3,0,2,4.5,59.6,Books,Lost
CUST10617,Coimbatore,39,Male,46,3,7375.76,2458.59,194,3,0,6,2.6,81.7,Electronics,AtRisk
CUST10618,Hyderabad,18,Female,146,6,8227.7,1371.28,487,4,1,7,4.8,39.3,Fashion,AtRisk
CUST10619,Delhi,20,Female,110,7,6870.5,981.5,574,4,1,3,4.1,68.7,Sports,AtRisk
CUST10620,Coimbatore,18,Male,83,11,10956.52,996.05,919,1,0,2,4,41.4,Beauty,Loyal
CUST10621,Coimbatore,33,Male,17,18,32001.91,1777.88,877,4,2,3,3.3,62.8,Fashion,Champions
CUST10622,Bengaluru,32,Male,65,5,6429.13,1285.83,655,4,1,0,3.1,36.2,Books,AtRisk
CUST10623,Bengaluru,30,Male,39,10,18736.68,1873.67,957,4,1,1,3.5,86.9,Beauty,Loyal
CUST10624,Mumbai,23,Male,261,2,2345.31,1172.66,317,5,0,0,3.1,57.1,Electronics,Lost
CUST10625,Bengaluru,21,Female,322,1,1840.7,1840.7,923,3,0,1,4.8,83.1,Beauty,Lost
CUST10626,Bengaluru,39,Male,44,5,5914.23,1182.85,363,5,1,0,3.2,63.5,Beauty,Loyal
CUST10627,Delhi,28,Female,22,15,18013.58,1200.91,972,2,1,4,4.2,28.1,Fashion,Champions
CUST10628,Chennai,37,Male,250,1,1393.37,1393.37,596,2,2,1,4.6,55.3,Home,Lost
CUST10629,Coimbatore,24,Male,43,16,31317.02793,1797.09,30,4,1,3,3.1,54.4,Books,Champions
CUST10630,Delhi,36,Male,74,10,19053.62,1905.36,819,3,0,4,4.1,64.7,Home,Loyal
CUST10631,Pune,48,Male,75,10,16322.95902,1055.41,843,4,0,5,3.1,95.2,Beauty,Loyal
CUST10632,Mumbai,40,Male,117,3,10635.06,3545.02,463,6,2,2,3.7,98.5,Electronics,AtRisk
CUST10633,Mumbai,29,Male,200,2,295.08,147.54,489,4,0,3,3.4,60.4,Home,Lost
CUST10634,Chennai,37,Male,21,11,10482.08,952.92,552,4,1,3,3.2,39.8,Fashion,Loyal
CUST10635,Bengaluru,31,Female,18,17,33922.67,1995.45,30,2,1,5,3.9,50.1,Electronics,Champions
CUST10636,Mumbai,34,Female,37,8,12779.36,1597.42,30,1,0,4,2.8,74.6,Grocery,Loyal
CUST10637,Coimbatore,30,Male,149,5,2189.1,437.82,990,3,0,5,4.5,62.8,Home,AtRisk
CUST10638,Coimbatore,32,Female,72,6,9211.68,1535.28,353,5,2,0,2.9,33.5,Grocery,Loyal
CUST10639,Bengaluru,36,Female,46,12,11710.68,975.89,1157,3,2,1,2.8,54.9,Sports,Loyal
CUST10640,Chennai,23,Male,314,1,1147.11,1147.11,1011,4,2,5,3.6,91.2,Home,Lost
CUST10641,Madurai,23,Female,296,3,1183.86,394.62,1070,6,0,4,3.5,70.8,Electronics,Lost
CUST10642,Coimbatore,19,Female,300,1,774.69,774.69,405,6,0,2,4.1,65.9,Sports,Lost
CUST10643,Madurai,18,Male,313,1,945.9646876,1670.96,117,4,5,2,3.9,57.2,Electronics,Lost
CUST10644,Chennai,21,Male,84,9,9049.49,1005.5,274,4,0,4,2.5,55.8,Home,Loyal
CUST10645,Pune,36,Male,60,11,9195.75,835.98,466,1,1,0,4.6,75.9,Electronics,Loyal
CUST10646,Mumbai,24,Male,32,9,13947.54,1549.73,30,3,0,4,3.6,67.8,Books,Loyal
CUST10647,Delhi,40,Female,46,10,8393.74,839.37,457,3,1,3,4,80.4,Fashion,Loyal
CUST10648,Hyderabad,34,Male,365,1,1581.038944,852.75,539,2,0,2,5,75.9,Grocery,Lost
CUST10649,Bengaluru,18,Female,282,2,1836.26,918.13,212,4,2,4,4.8,65.4,Grocery,Lost
CUST10650,Chennai,41,Female,114,8,10239.02,1279.88,288,6,3,2,4,72.7,Electronics,AtRisk
CUST10651,Mumbai,43,Female,28,9,8927.22,991.91,534,6,0,3,2.7,53.1,Grocery,Loyal
CUST10652,Mumbai,23,Female,365,3,2240.41,746.8,707,4,0,2,2.7,64,Electronics,Lost
CUST10653,Delhi,39,Male,203,2,1173.83,586.92,333,5,1,4,4.7,91.8,Beauty,Lost
CUST10654,Bengaluru,25,Male,6,22,26283.98,1194.73,688,2,0,3,3.5,65.2,Books,Champions
CUST10655,Chennai,35,Female,245,1,2425.41,2425.41,641,6,3,0,3.7,60.7,Beauty,Lost
CUST10656,Madurai,20,Male,32,7,6508.84,929.83,614,1,0,0,2.9,69.2,Fashion,Loyal
CUST10657,Bengaluru,18,Male,16,17,32409.01,1906.41,404,5,0,0,4.2,41.7,Electronics,Champions
CUST10658,Delhi,30,Female,89,8,5275.45,659.43,200,4,1,3,4.7,69.4,Electronics,AtRisk
CUST10659,Mumbai,33,Female,111,4,7427.23,1856.81,1109,2,1,4,5,98.9,Grocery,AtRisk
CUST10660,Bengaluru,30,Male,33,22,20322.14,923.73,789,3,1,6,3.4,48.8,Home,Champions
CUST10661,Trichy,21,Female,135,11,9984.28,907.66,902,2,0,0,4.3,70.3,Beauty,Loyal
CUST10662,Mumbai,30,Female,365,1,542.1083355,638.64,575,2,0,5,3.7,64.5,Grocery,Lost
CUST10663,Coimbatore,37,Male,90,2,6343.442668,2592.93,551,1,0,0,4.5,64,Books,AtRisk
CUST10664,Chennai,34,Male,43,7,4243.65,606.24,747,5,0,3,3.8,63.7,Grocery,AtRisk
CUST10665,Chennai,36,Female,65,8,17246.41,2155.8,50,5,2,3,3.1,79.3,Grocery,Loyal
CUST10666,Coimbatore,27,Male,28,21,14690.48,699.55,266,1,0,3,4.9,43,Fashion,Champions
CUST10667,Chennai,47,Male,62,10,8616.27,861.63,361,6,0,2,3.9,78.8,Fashion,Loyal
CUST10668,Coimbatore,21,Male,33,11,9073.47,824.86,464,3,1,3,3.5,66.4,Home,Loyal
CUST10669,Madurai,39,Female,76,8,12775.69,1596.96,336,4,0,0,3.9,29.7,Grocery,Loyal
CUST10670,Chennai,47,Male,67,6,10516.81,1752.8,700,1,2,4,3.2,72.6,Fashion,Loyal
CUST10671,Pune,39,Male,114,4,7211.44,1802.86,624,5,1,3,4.1,67.3,Electronics,AtRisk
CUST10672,Chennai,32,Male,83,17,20912.62,1230.15,1018,4,0,3,3.6,47.6,Fashion,Loyal
CUST10673,Mumbai,28,Other,289,2,887.82,443.91,1342,5,2,2,3.2,68.2,Electronics,Lost
CUST10674,Bengaluru,45,Male,82,8,11349.89,1418.74,221,5,1,2,5,38.7,Grocery,Loyal
CUST10675,Trichy,18,Female,15,12,13340.87,1111.74,644,6,1,4,3,51.3,Fashion,Loyal
CUST10676,Chennai,23,Female,24,21,32456.24,1545.54,644,3,2,6,4.1,65.7,Fashion,Champions
CUST10677,Bengaluru,30,Male,66,7,8605.32,1229.33,596,3,2,0,3.8,31.3,Grocery,AtRisk
CUST10678,Kochi,48,Other,23,25,41952.08,1678.08,275,3,0,0,3,42,Grocery,Champions
CUST10679,Pune,38,Female,325,1,1886.78,1886.78,325,5,0,3,3.5,45,Grocery,Lost
CUST10680,Hyderabad,23,Female,290,2,2687.04,1343.52,672,4,0,2,2.7,66.6,Grocery,Lost
CUST10681,Coimbatore,31,Male,146,6,7182.52,1197.09,316,5,1,3,5,73.8,Grocery,AtRisk
CUST10682,Chennai,27,Female,27,12,30610.51974,1669.3,648,5,2,2,3.6,47.1,Beauty,Champions
CUST10683,Delhi,26,Female,58,3,4644.71,1548.24,526,1,0,4,3.7,46,Grocery,AtRisk
CUST10684,Kochi,45,Other,161,5,15028.38,3005.68,642,6,0,2,5,67.8,Grocery,AtRisk
CUST10685,Mumbai,19,Male,23,16,15775.08,985.94,314,5,1,0,3.1,67.2,Books,Loyal
CUST10686,Mumbai,52,Female,111,8,14899.3313,1124.55,647,3,0,1,4.8,51,Electronics,AtRisk
CUST10687,Coimbatore,43,Male,362,4,2867.4,716.85,336,4,0,2,4.3,100,Home,Lost
CUST10688,Hyderabad,46,Male,220,2,3612.39,1806.2,648,3,0,0,2.2,68.7,Grocery,Lost
CUST10689,Coimbatore,29,Male,361,1,1623.41,1623.41,1002,4,0,2,3.5,61.6,Beauty,Lost
CUST10690,Madurai,32,Female,350,1,1872.5,1872.5,678,3,3,3,4.1,57.3,Fashion,Lost
CUST10691,Bengaluru,18,Male,207,1,967.32,967.32,697,4,3,2,3.8,85.2,Fashion,Lost
CUST10692,Mumbai,28,Female,25,12,15698.31,1308.19,845,4,0,3,3.8,75.9,Fashion,Loyal
CUST10693,Coimbatore,39,Other,98,5,8333.36,1666.67,179,3,3,0,3.3,30.2,Beauty,AtRisk
CUST10694,Chennai,48,Male,318,4,746.23,186.56,1116,4,0,1,3.2,51.1,Home,Lost
CUST10695,Mumbai,22,Female,132,3,5117.59,1705.86,283,8,2,0,3.6,56.1,Electronics,AtRisk
CUST10696,Madurai,30,Male,277,4,2228.57,557.14,864,2,0,4,5,64.8,Home,Lost
CUST10697,Mumbai,32,Male,27,16,37777.55,2361.1,824,3,1,7,3.1,77.5,Electronics,Champions
CUST10698,Chennai,19,Female,26,9,12933.15,1437.02,329,2,0,1,3.4,43.6,Electronics,Loyal
CUST10699,Bengaluru,41,Female,55,10,11545.62058,1135.55,903,3,0,2,3.8,63.4,Grocery,Loyal
CUST10700,Mumbai,26,Female,34,8,20096.11,2512.01,749,5,2,1,2.6,99,Grocery,Loyal
CUST10701,Chennai,32,Female,86,13,11600.96,892.38,1167,5,0,3,4.1,65.6,Beauty,Loyal
CUST10702,Madurai,29,Male,85,2,4437.09,2218.54,658,3,4,1,2.8,51.1,Grocery,AtRisk
CUST10703,Chennai,25,Male,16,27,56029.39245,1049.9,567,5,0,3,2.9,38.3,Books,Champions
CUST10704,Chennai,34,Male,131,3,5300.4,1766.8,446,5,0,4,2.9,55.3,Beauty,AtRisk
CUST10705,Trichy,32,Male,70,4,9894.389249,2175.88,77,3,2,0,2.5,43.4,Fashion,AtRisk
CUST10706,Madurai,30,Male,83,12,10233.24,852.77,505,1,1,3,4.8,57.1,Beauty,Loyal
CUST10707,Hyderabad,26,Male,45,8,9416.6,1177.08,517,5,0,0,4.2,75.8,Beauty,Loyal
CUST10708,Coimbatore,38,Male,98,7,3523.49,503.36,679,4,0,2,4.5,65.7,Books,AtRisk
CUST10709,Delhi,52,Male,244,3,1224.13,408.04,173,4,1,2,4.5,55.4,Electronics,Lost
CUST10710,Hyderabad,36,Male,167,2,3232.38,1616.19,528,3,0,2,3.7,29.2,Beauty,Lost
CUST10711,Mumbai,45,Female,219,3,537.61,179.2,773,5,1,2,3.8,81.6,Electronics,Lost
CUST10712,Bengaluru,19,Female,322,1,2486.35,2486.35,803,4,1,2,4.6,58,Grocery,Lost
CUST10713,Bengaluru,36,Female,136,3,3329.49,1109.83,42,3,1,2,5,67.2,Fashion,AtRisk
CUST10714,Madurai,22,Male,329,3,994.26,331.42,812,2,3,3,2.8,46.8,Sports,Lost
CUST10715,Kochi,18,Female,267,3,1179.55,393.18,526,5,1,3,5,56.8,Fashion,Lost
CUST10716,Hyderabad,26,Female,329,2,2539.11,1269.56,544,4,0,3,2.7,53.4,Grocery,Lost
CUST10717,Kochi,47,Male,1,17,22147.40858,1018.5,30,4,0,1,3.4,38.3,Home,Champions
CUST10718,Chennai,44,Male,337,3,1324.12,441.37,1048,1,1,5,3.9,46.8,Electronics,Lost
CUST10719,Delhi,37,Female,84,7,5092.79,727.54,653,3,0,6,3.9,64.7,Grocery,Loyal
CUST10720,Kochi,18,Female,289,2,1484.22,742.11,141,3,0,0,5,71,Grocery,Lost
CUST10721,Coimbatore,32,Female,16,4,18947.96,4736.99,713,3,1,3,4.6,51.3,Grocery,Champions
CUST10722,Chennai,37,Female,75,6,15286.46,2547.74,703,5,2,2,4.1,40.9,Electronics,Loyal
CUST10723,Delhi,36,Female,36,13,2607.73,200.59,967,5,1,4,4.6,57.9,Electronics,Loyal
CUST10724,Mumbai,18,Other,5,10,11977.11,1197.71,507,4,1,2,4.1,80.6,Electronics,Loyal
CUST10725,Hyderabad,24,Female,7,17,28126.28,1654.49,604,5,0,3,3.3,46.2,Beauty,Champions
CUST10726,Chennai,33,Male,237,1,1187.84,1187.84,407,2,1,3,4.2,65.3,Fashion,Lost
CUST10727,Hyderabad,40,Female,7,19,28012.56585,1303.38,779,3,1,2,3.9,51.8,Fashion,Champions
CUST10728,Coimbatore,18,Male,35,11,19775.41281,1016.41,365,4,1,6,3.1,87.6,Fashion,Loyal
CUST10729,Chennai,32,Female,8,5,17496.7,3499.34,332,3,0,4,4.8,54.9,Home,Champions
CUST10730,Chennai,36,Female,73,8,10667.41963,918.61,580,5,1,4,3.8,78.2,Fashion,AtRisk
CUST10731,Hyderabad,43,Female,32,8,20959.86,2619.98,232,3,1,2,2.9,85.3,Electronics,Loyal
CUST10732,Delhi,42,Female,49,6,4673.4,778.9,1081,5,0,2,3,95.8,Fashion,Loyal
CUST10733,Mumbai,40,Male,69,2,6797.99,3399,1178,2,0,4,4.2,37.9,Home,AtRisk
CUST10734,Bengaluru,25,Male,130,10,4074.22,407.42,464,7,1,4,4.6,37,Sports,AtRisk
CUST10735,Pune,18,Male,40,25,14447.69,577.91,184,7,1,0,4.2,88.3,Electronics,Champions
CUST10736,Bengaluru,30,Female,16,14,21226.25,1516.16,701,3,1,3,4.2,85,Beauty,Champions
CUST10737,Hyderabad,45,Female,47,13,8395.59,645.81,455,5,0,3,3.2,52.7,Electronics,Loyal
CUST10738,Bengaluru,49,Female,306,3,3785.03,1261.68,952,3,0,2,3.9,0.3,Fashion,Lost
CUST10739,Bengaluru,42,Male,46,10,11455.61,1145.56,364,5,0,3,3.5,66.6,Electronics,Loyal
CUST10740,Bengaluru,39,Male,119,8,3271.99,409,763,3,0,2,3.6,34.7,Sports,AtRisk
CUST10741,Madurai,38,Female,55,13,11209.88,862.3,634,2,1,0,3.7,48.4,Home,Loyal
CUST10742,Delhi,28,Male,127,5,9594.74,1918.95,397,1,2,0,3.3,68.6,Fashion,AtRisk
CUST10743,Mumbai,33,Female,30,20,22812.53123,1477.52,672,3,1,4,4.4,71.3,Fashion,Champions
CUST10744,Coimbatore,52,Female,3,17,27948.79,1644.05,864,4,4,2,3,96.6,Home,Champions
CUST10745,Pune,24,Female,21,9,9801.82,1089.09,626,5,0,3,2.8,57.5,Electronics,Loyal
CUST10746,Bengaluru,52,Male,53,9,11676.05,1297.34,629,4,0,2,3.2,45.5,Electronics,Loyal
CUST10747,Mumbai,30,Female,1,12,23990.1,1999.18,338,5,0,1,4.5,83.3,Beauty,Champions
CUST10748,Pune,49,Male,133,2,6892.51,3446.26,943,3,1,2,4.1,72.5,Fashion,AtRisk
CUST10749,Mumbai,19,Other,290,2,821.3927341,691.26,913,3,0,3,2.4,57.7,Home,Lost
CUST10750,Chennai,40,Male,36,12,6961.75,580.15,477,5,1,3,4.3,65.6,Fashion,Loyal
CUST10751,Kochi,26,Male,122,5,2591.16,518.23,563,1,0,7,3.8,57.4,Electronics,AtRisk
CUST10752,Mumbai,18,Female,320,3,2051.55,683.85,1024,4,0,2,3.5,78.8,Sports,Lost
CUST10753,Madurai,36,Male,332,4,1798.09,449.52,260,3,0,6,3.6,98.8,Sports,Lost
CUST10754,Chennai,45,Female,49,12,13428.77,1119.06,781,6,0,1,2.7,50.5,Grocery,Loyal
CUST10755,Hyderabad,25,Female,179,4,5308.556875,691.48,432,3,1,3,3.9,73.4,Grocery,AtRisk
CUST10756,Mumbai,18,Female,7,13,29615.1,2278.08,1133,4,1,3,2.8,34.4,Grocery,Champions
CUST10757,Mumbai,33,Other,124,2,5096.22,2548.11,619,5,0,2,3.5,43.5,Fashion,AtRisk
CUST10758,Pune,33,Male,113,12,4722.378592,226.17,978,1,1,2,3.5,76.3,Home,Loyal
CUST10759,Hyderabad,40,Female,29,13,36320.21,2793.86,372,3,1,1,4.4,63.6,Home,Champions
CUST10760,Chennai,44,Male,21,9,11896.92,1321.88,225,3,1,4,3.8,42.8,Beauty,Loyal
CUST10761,Madurai,33,Male,18,23,31153.01,1354.48,530,5,0,1,4.4,65.2,Grocery,Champions
CUST10762,Coimbatore,54,Female,40,6,7832.1,1305.35,679,5,1,3,2.8,82.6,Beauty,AtRisk
CUST10763,Delhi,36,Male,39,12,9598.57,799.88,447,3,0,4,3.7,36.1,Electronics,Loyal
CUST10764,Chennai,30,Female,50,3,7487.52,2495.84,827,2,0,5,4.2,99.9,Electronics,AtRisk
CUST10765,Mumbai,18,Male,21,17,27029.53,1589.97,537,5,0,4,4.8,76.5,Home,Champions
CUST10766,Hyderabad,31,Female,22,15,35424.58,2361.64,30,3,1,4,2.9,76.9,Electronics,Champions
CUST10767,Pune,30,Other,157,4,11430.98455,2207.3,766,1,1,1,3.1,65,Grocery,AtRisk
CUST10768,Madurai,45,Male,198,1,2221.42,2221.42,335,1,2,1,4.2,99.9,Home,Lost
CUST10769,Hyderabad,39,Female,9,13,20321.2,1563.17,492,4,1,0,5,84.2,Fashion,Champions
CUST10770,Chennai,21,Female,52,13,18517.31629,1235.78,1066,2,3,0,4,57.6,Electronics,Loyal
CUST10771,Hyderabad,36,Male,249,2,1385.26,692.63,1132,6,1,2,2.9,80.1,Sports,Lost
CUST10772,Chennai,41,Male,29,24,26200.64,1091.69,427,2,0,1,2.9,50.3,Electronics,Champions
CUST10773,Bengaluru,51,Female,166,4,1799.18,449.8,773,3,1,5,3.9,59.4,Sports,Lost
CUST10774,Hyderabad,44,Male,120,5,2274.13,454.83,434,4,0,1,4.1,94.3,Electronics,AtRisk
CUST10775,Chennai,42,Male,35,10,19021.24,1902.12,514,2,1,3,3.6,72.8,Home,Loyal
CUST10776,Coimbatore,35,Female,63,8,10675.79,1334.47,418,1,1,2,2.9,78.2,Sports,Loyal
CUST10777,Delhi,38,Female,31,14,17562.9,1254.49,83,4,1,0,4.7,88.4,Sports,Loyal
CUST10778,Delhi,48,Female,34,8,10735.53,1341.94,629,2,0,5,3.5,76,Sports,Loyal
CUST10779,Delhi,19,Female,325,3,2393.95,797.98,686,4,1,4,4.2,48.8,Sports,Lost
CUST10780,Delhi,30,Female,158,4,6559.62,1639.9,399,3,0,4,2.4,98.2,Grocery,AtRisk
CUST10781,Mumbai,26,Male,106,9,9564.78,1062.75,926,4,0,4,4.8,75.3,Grocery,AtRisk
CUST10782,Coimbatore,38,Male,267,1,1136.99,1136.99,469,6,1,1,3.3,76.7,Grocery,Lost
CUST10783,Madurai,48,Male,31,12,8135.49,677.96,409,3,1,1,4.9,66.1,Sports,Loyal
CUST10784,Coimbatore,27,Female,118,4,9332,2333,758,3,0,3,4.3,87.2,Beauty,AtRisk
CUST10785,Pune,18,Male,67,10,18983.61,1898.36,137,1,1,6,2.7,100,Beauty,Loyal
CUST10786,Mumbai,29,Male,306,1,3089.32,3089.32,872,3,1,3,4,57.5,Home,Lost
CUST10787,Bengaluru,44,Male,35,4,14083.11,3520.78,479,4,0,4,5,86.3,Grocery,Loyal
CUST10788,Bengaluru,40,Male,102,6,6897.27,1149.54,897,3,1,1,3.3,65.7,Sports,AtRisk
CUST10789,Kochi,39,Male,191,1,3185.48,3185.48,986,4,0,5,5,25,Electronics,Lost
CUST10790,Chennai,31,Female,29,13,12843.27384,924.44,792,3,1,2,4.1,36.9,Electronics,Loyal
CUST10791,Mumbai,20,Male,9,25,26391.3,1055.65,356,2,0,3,4.9,73.5,Books,Champions
CUST10792,Mumbai,40,Male,219,5,11870.05,2374.01,225,4,1,2,3.9,85.2,Grocery,AtRisk
CUST10793,Mumbai,25,Male,85,2,14748.71,7374.36,170,3,2,4,3.7,77.2,Grocery,Loyal
CUST10794,Chennai,58,Female,130,6,7523.21,1253.87,931,4,1,4,5,80.4,Beauty,AtRisk
CUST10795,Pune,40,Female,365,1,4001.383583,2606.49,560,3,1,0,4.4,100,Beauty,Lost
CUST10796,Kochi,28,Male,99,6,8606.87,1434.48,420,3,0,5,3.6,75.6,Electronics,AtRisk
CUST10797,Mumbai,27,Female,44,4,13096.86,3274.22,560,4,0,7,4.1,59.7,Electronics,Loyal
CUST10798,Delhi,33,Male,59,7,4992.852809,873.02,924,3,1,2,3.3,62.5,Beauty,AtRisk
CUST10799,Kochi,31,Female,29,24,18104.37,754.35,834,6,0,2,3.9,97.7,Beauty,Champions
CUST10800,Delhi,46,Male,67,12,11723.12,976.93,732,5,2,5,4.8,39.6,Fashion,Loyal
CUST10801,Chennai,36,Female,208,2,2069.88,1034.94,791,4,0,3,3.7,89.8,Beauty,Lost
CUST10802,Mumbai,26,Female,199,6,4047.56,674.59,654,3,0,2,3.1,65.3,Grocery,AtRisk
CUST10803,Mumbai,55,Female,19,20,24641.01,1232.05,691,1,1,6,3,48.4,Grocery,Champions
CUST10804,Bengaluru,35,Male,78,12,6694.26,557.86,666,2,1,0,3.9,36,Books,Loyal
CUST10805,Delhi,42,Male,113,5,3811.98,762.4,600,3,0,1,3.2,94.6,Grocery,AtRisk
CUST10806,Kochi,27,Female,326,2,200,100,826,3,2,3,2.7,47.9,Electronics,Lost
CUST10807,Kochi,38,Male,287,2,2424.29,1212.14,708,3,1,0,2.8,66.2,Fashion,Lost
CUST10808,Bengaluru,37,Female,66,8,10917.85,1364.73,336,4,1,2,4.7,45.5,Fashion,Loyal
CUST10809,Chennai,18,Female,269,1,1608.67,1608.67,759,4,1,2,3.7,100,Books,Lost
CUST10810,Trichy,56,Female,150,5,6454.04,1290.81,674,5,1,4,3.8,67,Fashion,AtRisk
CUST10811,Hyderabad,48,Male,154,5,5471.24,1094.25,783,3,0,4,3,38.1,Fashion,AtRisk
CUST10812,Chennai,30,Female,192,3,2496.718543,526.18,569,4,1,0,3.3,56.4,Home,AtRisk
CUST10813,Kochi,22,Female,1,19,11400.32,600.02,844,4,1,1,3.3,92.9,Fashion,Champions
CUST10814,Pune,38,Female,264,2,1753.73,876.86,582,4,0,1,3.6,45.5,Home,Lost
CUST10815,Mumbai,35,Male,8,12,43297.42,3608.12,817,5,0,2,2.5,57.8,Fashion,Champions
CUST10816,Mumbai,38,Male,45,10,14493.02,1449.3,463,5,1,0,4.7,88.7,Fashion,Loyal
CUST10817,Bengaluru,36,Male,242,1,200,200,484,2,0,3,3.8,71.8,Books,Lost
CUST10818,Chennai,40,Male,147,5,3435.52,687.1,781,3,0,1,4,40.6,Fashion,AtRisk
CUST10819,Madurai,50,Female,358,2,2493.59,1246.8,500,3,0,4,4.5,69.5,Home,Lost
CUST10820,Hyderabad,40,Female,96,5,5203.99,1040.8,1262,7,0,2,4.5,61.9,Beauty,AtRisk
CUST10821,Chennai,22,Male,35,2,22948.99687,5754.46,770,3,1,1,3.3,66,Fashion,Loyal
CUST10822,Madurai,49,Female,281,3,551.42,183.81,607,2,0,5,4.3,83.9,Fashion,Lost
CUST10823,Bengaluru,52,Male,1,17,20500.69,1205.92,846,4,0,5,4.3,69.8,Home,Champions
CUST10824,Mumbai,69,Male,204,1,2118.42,2118.42,456,4,0,3,4.1,63.1,Grocery,Lost
CUST10825,Pune,22,Male,19,12,15609.3,1300.77,877,3,1,2,4.6,62.2,Fashion,Loyal
CUST10826,Madurai,37,Male,343,2,4384.477053,1452.33,869,3,1,0,4.4,86.5,Home,Lost
CUST10827,Madurai,18,Female,27,15,40688.91,2712.59,976,5,0,5,4.4,50.6,Beauty,Champions
CUST10828,Delhi,40,Male,80,6,7818.2,1303.03,468,2,1,4,4.9,21.6,Fashion,AtRisk
CUST10829,Bengaluru,28,Female,288,1,1530.67,1530.67,233,3,0,1,3.8,60.5,Electronics,Lost
CUST10830,Coimbatore,55,Male,29,11,13534.62,1230.42,417,3,1,1,3.8,72.6,Fashion,Loyal
CUST10831,Bengaluru,25,Female,167,5,5959.82,1191.96,516,5,0,3,4.5,56.7,Home,AtRisk
CUST10832,Chennai,18,Male,334,3,3216.05,1072.02,1100,4,2,0,3.7,54.5,Sports,Lost
CUST10833,Chennai,29,Male,114,5,5819.84,1163.97,1259,2,0,1,4.2,57.7,Beauty,AtRisk
CUST10834,Bengaluru,18,Male,244,2,1253.01,626.5,703,2,1,0,3.4,64.5,Fashion,Lost
CUST10835,Bengaluru,42,Male,33,10,8487.45,848.75,603,6,0,0,2,39,Sports,Loyal
CUST10836,Pune,18,Male,15,9,28304.68,3144.96,495,5,0,1,4.3,78.2,Beauty,Champions
CUST10837,Bengaluru,34,Female,1,23,32518.91,1413.87,847,5,1,4,2.6,11.8,Home,Champions
CUST10838,Mumbai,18,Female,90,10,6723.31,672.33,1257,4,1,0,3.2,75.8,Home,Loyal
CUST10839,Delhi,30,Female,19,15,24089.6,1605.97,1136,6,0,3,4.5,71.3,Beauty,Champions
CUST10840,Chennai,52,Female,141,5,3532.72,706.54,941,2,1,3,4.5,74.9,Beauty,AtRisk
CUST10841,Delhi,38,Male,15,11,21672.27968,1033.75,937,5,0,4,4.7,26.4,Beauty,Loyal
CUST10842,Chennai,25,Male,10,24,29663.44,1235.98,850,3,2,3,2.2,70.9,Electronics,Champions
CUST10843,Kochi,34,Other,1,22,33203.92,1509.27,586,3,2,2,4,54.1,Home,Champions
CUST10844,Chennai,34,Female,248,2,2600.43,1300.21,379,5,0,1,3.6,97,Beauty,Lost
CUST10845,Bengaluru,39,Female,136,4,6057.92,1514.48,594,3,1,4,4.6,72.2,Electronics,AtRisk
CUST10846,Chennai,19,Female,28,10,9903.09,990.31,727,3,0,3,5,41.5,Fashion,Loyal
CUST10847,Trichy,41,Male,281,2,695.21,347.6,164,3,1,2,2.8,31.2,Beauty,Lost
CUST10848,Mumbai,18,Male,32,21,33316.42,1586.5,554,1,1,4,3.8,52.7,Fashion,Champions
CUST10849,Mumbai,27,Male,332,3,3031.13,1010.38,352,5,0,2,4.5,81.2,Fashion,Lost
CUST10850,Chennai,29,Male,146,6,9297.75,1549.62,904,2,0,2,3.5,88,Fashion,AtRisk
CUST10851,Delhi,41,Male,31,4,17859.47884,3336.32,435,6,3,1,5,68.6,Fashion,Loyal
CUST10852,Coimbatore,34,Male,58,5,6388.94,1277.79,698,3,1,4,3.5,66.6,Sports,AtRisk
CUST10853,Pune,19,Female,198,2,2875.99,1438,390,5,1,1,3.6,58.4,Beauty,Lost
CUST10854,Coimbatore,23,Female,56,17,9127.45,536.91,1079,1,0,2,2.9,64.6,Fashion,Loyal
CUST10855,Coimbatore,36,Female,310,1,2468.36,2468.36,90,5,0,1,3.9,89.3,Electronics,Lost
CUST10856,Chennai,33,Female,16,21,34198.19,1628.49,743,5,1,3,1.4,58.1,Fashion,Champions
CUST10857,Bengaluru,28,Male,48,14,9538.43,681.32,217,5,1,3,3.6,78.2,Fashion,Loyal
CUST10858,Mumbai,29,Male,12,15,25053.34,1670.22,447,1,2,0,4.8,54.4,Electronics,Champions
CUST10859,Chennai,42,Female,67,6,16212.28,2702.05,662,2,0,3,2.7,85.3,Sports,Loyal
CUST10860,Hyderabad,28,Male,58,9,12592.81,1399.2,677,4,1,0,2.5,76.6,Beauty,Loyal
CUST10861,Bengaluru,33,Male,252,2,1606.72,803.36,669,4,1,7,4.7,84.4,Beauty,Lost
CUST10862,Mumbai,58,Male,11,27,24157.12,894.71,646,4,0,1,4.8,100,Beauty,Champions
CUST10863,Bengaluru,18,Male,17,9,9189.09,1021.01,407,3,0,5,2.7,13.4,Home,Loyal
CUST10864,Bengaluru,18,Male,170,5,1394.512669,446.34,551,6,0,3,5,80.1,Home,AtRisk
CUST10865,Mumbai,43,Male,261,2,598,299,609,7,1,3,4.1,74.4,Books,Lost
CUST10866,Chennai,27,Male,365,2,1609.36,804.68,659,4,2,0,4.6,73.9,Home,Lost
CUST10867,Coimbatore,30,Female,107,7,2871.19,410.17,580,4,2,4,3.2,69.8,Home,AtRisk
CUST10868,Pune,25,Male,268,2,3110.31,1555.16,819,4,1,3,5,69.8,Beauty,Lost
CUST10869,Kochi,31,Male,325,1,2129.96,2129.96,628,5,0,3,3.6,71.7,Fashion,Lost
CUST10870,Bengaluru,52,Male,323,2,446.96,223.48,660,5,1,2,3.6,83.1,Books,Lost
CUST10871,Coimbatore,43,Male,87,4,7471.97,1867.99,485,2,2,3,4.2,81.5,Electronics,AtRisk
CUST10872,Delhi,43,Female,1,18,15246.59,847.03,284,3,1,1,3.5,64.5,Home,Champions
CUST10873,Bengaluru,18,Female,29,13,12070.57,928.51,646,2,0,2,2.6,61.3,Electronics,Loyal
CUST10874,Chennai,21,Female,139,6,10674.17938,906.54,962,8,2,2,3.9,65.4,Beauty,AtRisk
CUST10875,Chennai,18,Male,72,4,17515.64,4378.91,733,4,1,1,3.5,56.7,Books,Loyal
CUST10876,Delhi,25,Female,41,9,13175.15,1463.91,355,3,2,3,3.2,100,Fashion,Loyal
CUST10877,Delhi,45,Female,167,5,5813.55,1162.71,844,2,2,3,4.8,39.6,Beauty,AtRisk
CUST10878,Chennai,40,Male,209,2,875.27,437.64,499,5,0,3,5,80,Fashion,Lost
CUST10879,Coimbatore,32,Female,2,20,32185.75,1609.29,814,5,2,2,3.1,79.9,Electronics,Champions
CUST10880,Coimbatore,34,Male,169,3,3253.15,1084.38,489,5,1,3,4,54.4,Fashion,Lost
CUST10881,Delhi,26,Female,174,9,4468.16,496.46,706,3,0,3,3.5,70.9,Fashion,AtRisk
CUST10882,Chennai,36,Female,329,2,2487.91,1243.96,444,4,1,3,5,90.3,Home,Lost
CUST10883,Chennai,42,Male,215,1,766,766,452,4,1,3,4.2,58.4,Beauty,Lost
CUST10884,Hyderabad,18,Female,180,2,234.17,117.08,130,2,0,5,4.5,91.2,Fashion,Lost
CUST10885,Chennai,37,Male,106,5,7258.53,1451.71,754,2,3,0,4.7,87.4,Electronics,AtRisk
CUST10886,Delhi,44,Male,69,5,14371.8,2874.36,711,4,0,2,3.9,50.8,Fashion,Loyal
CUST10887,Coimbatore,29,Other,132,6,5247.71,874.62,728,4,2,3,3.7,42.8,Fashion,AtRisk
CUST10888,Chennai,42,Female,201,1,1657.818487,1374.96,683,4,0,0,5,68.3,Fashion,Lost
CUST10889,Coimbatore,65,Male,219,2,200,100,371,5,0,5,4.4,40.2,Fashion,Lost
CUST10890,Delhi,33,Male,257,1,3570.882681,1844.17,890,6,0,3,3.1,6.9,Grocery,Lost
CUST10891,Pune,38,Male,42,9,8991.06,999.01,898,2,1,4,3.2,55.2,Beauty,Loyal
CUST10892,Hyderabad,26,Male,138,5,5533.47,1106.69,364,4,0,5,3.5,100,Electronics,AtRisk
CUST10893,Bengaluru,36,Female,26,9,16105.68,1789.52,760,5,3,3,4.7,56.1,Beauty,Loyal
CUST10894,Delhi,39,Female,28,15,36659.03,2443.94,862,3,1,0,5,72.6,Grocery,Champions
CUST10895,Coimbatore,36,Female,39,10,21272.41,2127.24,459,4,1,3,5,79,Home,Loyal
CUST10896,Madurai,23,Male,10,13,40927.85,3148.3,511,3,0,3,3.2,64.2,Beauty,Champions
CUST10897,Pune,36,Female,365,1,4451.63,4451.63,760,7,1,0,3.9,58.3,Fashion,Lost
CUST10898,Chennai,50,Male,26,8,8834.13,1104.27,147,4,2,0,3.5,89.6,Books,Loyal
CUST10899,Chennai,39,Female,34,8,7272.42,909.05,273,4,0,3,3.7,65.8,Electronics,Loyal
CUST10900,Coimbatore,45,Female,180,2,403.04,201.52,303,3,0,0,4.5,63.2,Grocery,Lost
CUST10901,Chennai,31,Female,49,12,12702.17,1058.51,61,3,1,7,3.8,80.9,Fashion,Loyal
CUST10902,Coimbatore,42,Male,15,20,30441.38,1522.07,925,2,2,3,4.9,44.4,Fashion,Champions
CUST10903,Mumbai,37,Male,55,11,15502.02,1409.27,30,5,1,5,3.4,39.7,Fashion,Loyal
CUST10904,Bengaluru,24,Male,1,19,21868.16,1150.96,703,5,0,3,4.4,32.5,Sports,Champions
CUST10905,Pune,38,Female,2,14,14423.23,1030.23,844,3,1,4,3.4,76.4,Fashion,Champions
CUST10906,Hyderabad,23,Male,21,11,36333.33,3303.03,512,2,2,3,2.3,61.7,Home,Champions
CUST10907,Madurai,27,Male,145,2,3871.94,1935.97,399,4,0,5,3,81.5,Books,AtRisk
CUST10908,Coimbatore,36,Male,23,12,22340.3251,969.54,670,3,0,0,3.9,66,Grocery,Loyal
CUST10909,Bengaluru,37,Female,47,9,4291.189961,865.24,601,3,0,4,5,37.6,Fashion,Loyal
CUST10910,Mumbai,21,Male,205,4,1813.97,453.49,901,2,0,4,3.4,57.9,Books,Lost
CUST10911,Coimbatore,46,Female,33,8,11565.66,1445.71,30,4,0,2,3.7,82.9,Beauty,Loyal
CUST10912,Mumbai,40,Female,252,1,3311.93,3311.93,324,4,0,2,4.2,59.8,Sports,Lost
CUST10913,Bengaluru,26,Female,85,4,8304.23,2076.06,768,5,1,2,3.3,88.7,Fashion,AtRisk
CUST10914,Mumbai,18,Male,32,10,14392.37,1439.24,615,3,0,3,3.4,55.9,Home,Loyal
CUST10915,Bengaluru,32,Male,193,7,5447.17,778.17,826,3,0,5,3.9,79.4,Fashion,AtRisk
CUST10916,Madurai,29,Male,19,12,13629.79,1135.82,679,1,2,1,3.5,29.3,Beauty,Champions
CUST10917,Kochi,35,Male,33,24,25275.17,1053.13,560,5,0,0,2.4,60.5,Sports,Champions
CUST10918,Hyderabad,30,Male,157,4,7519.7,1879.92,509,5,0,7,3.3,57.3,Fashion,AtRisk
CUST10919,Chennai,18,Female,300,1,2591.757776,3016.02,1298,4,0,4,4.3,37,Electronics,AtRisk
CUST10920,Pune,30,Male,268,2,1834.146053,1374.54,1060,2,1,2,4.3,87.2,Fashion,Lost
CUST10921,Bengaluru,31,Female,226,3,1851.26,617.09,749,2,1,5,4.9,52.2,Home,Lost
CUST10922,Pune,41,Male,48,12,10371.87,864.32,624,3,1,4,4.8,50.1,Fashion,Loyal
CUST10923,Hyderabad,26,Female,168,5,10334.71,2066.94,761,5,1,3,3.1,91,Home,AtRisk
CUST10924,Bengaluru,52,Female,141,3,9193.44,3064.48,848,4,2,2,3.2,68.2,Fashion,AtRisk
CUST10925,Chennai,18,Female,210,3,1853.65,617.88,726,1,1,4,3.2,80.6,Sports,Lost
CUST10926,Coimbatore,48,Female,365,3,1355.684733,281.36,375,4,0,5,3.7,30.9,Grocery,Lost
CUST10927,Mumbai,32,Female,296,3,1732.34,577.45,1135,2,0,0,3.3,49,Grocery,Lost
CUST10928,Delhi,43,Female,34,3,14429.02,4809.67,674,3,1,3,3.7,100,Fashion,Loyal
CUST10929,Coimbatore,35,Male,315,3,2243.44,747.81,1204,5,3,3,3.1,82.1,Electronics,Lost
CUST10930,Chennai,47,Male,73,11,16658.84,1514.44,656,5,0,3,4.4,43.5,Grocery,Loyal
CUST10931,Hyderabad,30,Male,69,11,12960.92,1178.27,526,5,0,3,3,69.5,Home,Loyal
CUST10932,Trichy,22,Male,272,1,3105.11,3105.11,1015,3,2,5,3,45.1,Books,Lost
CUST10933,Mumbai,50,Male,28,15,26205.55,1747.04,690,5,0,2,4.2,92.9,Electronics,Champions
CUST10934,Chennai,33,Male,365,2,2465.057284,689.91,640,3,1,2,4.4,19.6,Beauty,Lost
CUST10935,Coimbatore,36,Male,13,16,27444.36,1715.27,240,3,0,3,3.6,70.5,Fashion,Champions
CUST10936,Chennai,48,Male,336,3,1810.16,603.39,798,3,0,2,4.5,70.2,Beauty,Lost
CUST10937,Pune,23,Male,69,10,11888.21,1188.82,452,4,0,0,4.4,42.7,Fashion,Loyal
CUST10938,Chennai,41,Female,35,10,15317.38,1531.74,466,2,1,3,5,59.5,Electronics,Loyal
CUST10939,Mumbai,28,Male,26,2,8575.6,4287.8,453,3,0,3,4.4,72.5,Grocery,Loyal
CUST10940,Coimbatore,33,Female,79,5,1225.51,245.1,732,6,1,2,5,29.4,Sports,AtRisk
CUST10941,Mumbai,35,Male,47,9,8181.16,909.02,139,2,0,2,3.8,39.4,Electronics,Loyal
CUST10942,Delhi,18,Female,155,8,7647.222369,499.4,537,2,1,0,4.9,61.9,Electronics,AtRisk
CUST10943,Hyderabad,25,Female,20,25,28286.42,1131.46,894,2,0,5,4.9,48.3,Sports,Champions
CUST10944,Coimbatore,49,Female,12,12,29105.18,2425.43,226,7,1,4,3.7,55.7,Home,Champions
CUST10945,Chennai,44,Female,36,14,8677.09,619.79,652,4,1,0,3.2,64.6,Beauty,Champions
CUST10946,Chennai,33,Male,42,15,10933.71,728.91,411,3,0,1,3.4,46.8,Electronics,Loyal
CUST10947,Pune,37,Other,220,1,1050.79,1050.79,479,4,0,5,4.1,64.5,Sports,Lost
CUST10948,Pune,31,Female,365,1,3564.213395,2225.33,1097,4,2,0,2.9,71,Fashion,Lost
CUST10949,Mumbai,49,Female,33,10,10032.48,1003.25,105,3,0,3,3.4,80.6,Sports,Loyal
CUST10950,Mumbai,32,Female,54,7,7194.09,1027.73,830,3,1,2,4.8,40.1,Electronics,AtRisk
CUST10951,Delhi,37,Male,322,1,2783.78,2783.78,457,3,0,3,4.3,52.4,Sports,Lost
CUST10952,Chennai,47,Female,30,9,13605.6415,976.29,442,2,4,3,1.9,76.8,Home,Loyal
CUST10953,Pune,25,Male,44,10,19321.87,1932.19,267,3,2,2,2.7,35.4,Grocery,Loyal
CUST10954,Bengaluru,51,Female,137,8,2700.68,337.58,826,4,0,3,5,67.1,Electronics,AtRisk
CUST10955,Bengaluru,18,Male,26,14,28117.25,2008.38,543,2,1,2,4.7,65.6,Home,Champions
CUST10956,Mumbai,52,Female,17,26,10163.4,390.9,505,7,2,0,3.3,13.3,Grocery,Champions
CUST10957,Chennai,30,Male,17,28,33857.74,1209.2,633,5,0,1,2.6,55.1,Home,Champions
CUST10958,Chennai,31,Male,113,4,5671.01,1417.75,549,2,0,0,2.8,71.6,Home,AtRisk
CUST10959,Delhi,18,Female,29,22,23559,1070.86,30,1,0,0,4.2,60.8,Fashion,Champions
CUST10960,Chennai,29,Female,37,11,20687.97,1880.72,453,2,0,3,5,55.5,Fashion,Loyal
CUST10961,Mumbai,23,Female,61,12,10116.37459,882.1,869,5,1,2,5,68.1,Sports,Loyal
CUST10962,Coimbatore,27,Male,21,22,10743.71,488.35,148,4,0,3,2.5,84.8,Sports,Champions
CUST10963,Bengaluru,32,Male,88,9,10218.61339,1374.1,273,3,1,4,3.6,75.8,Fashion,Loyal
CUST10964,Madurai,45,Female,365,3,2629.65,876.55,472,3,0,4,3.1,49.9,Home,Lost
CUST10965,Bengaluru,36,Other,31,15,21486.36,1432.42,382,2,1,3,3.9,35.8,Fashion,Champions
CUST10966,Delhi,37,Female,118,5,7066.58,1413.32,592,3,1,1,2.7,75.4,Beauty,AtRisk
CUST10967,Madurai,22,Male,101,11,18671.54787,1022.6,272,2,1,4,3.4,41.4,Electronics,Loyal
CUST10968,Mumbai,24,Female,168,3,5538.19,1846.06,484,3,2,3,3.1,54.4,Books,AtRisk
CUST10969,Bengaluru,54,Male,102,4,7347.1,1836.78,586,5,0,7,4.2,69,Grocery,AtRisk
CUST10970,Delhi,26,Female,17,15,27970.00871,1095.33,795,2,1,3,3.4,87.9,Electronics,Loyal
CUST10971,Kochi,52,Male,365,2,829.81,414.9,973,4,1,3,3.5,90.7,Sports,Lost
CUST10972,Delhi,31,Male,110,3,4266.68,1422.23,522,5,0,2,4.2,66.2,Home,AtRisk
CUST10973,Coimbatore,34,Female,284,2,2146.86,1073.43,1166,2,0,3,5,54.8,Home,Lost
CUST10974,Chennai,46,Female,53,13,17222.58,1324.81,545,2,0,2,5,41,Fashion,Loyal
CUST10975,Coimbatore,48,Male,348,1,1322.69,1322.69,849,5,2,2,4.2,100,Fashion,Lost
CUST10976,Mumbai,33,Male,120,2,3011.05,1505.52,1179,2,1,3,3.7,59.2,Sports,Lost
CUST10977,Chennai,30,Male,365,1,1838.69,1838.69,642,3,1,4,4.9,78.6,Home,Lost
CUST10978,Bengaluru,33,Female,121,2,389.55,194.78,188,7,0,2,4.7,68.9,Electronics,AtRisk
CUST10979,Mumbai,38,Male,30,17,4890.94,287.7,627,5,2,4,4.5,55.1,Fashion,Loyal
CUST10980,Madurai,44,Male,46,8,8455.29,1056.91,417,4,0,4,2.5,54.2,Grocery,AtRisk
CUST10981,Hyderabad,34,Female,236,2,480.49,240.24,518,5,1,1,4.8,37.3,Electronics,Lost
CUST10982,Chennai,41,Female,266,1,1780.2,1780.2,1195,3,1,1,4.1,87.4,Electronics,Lost
CUST10983,Chennai,52,Female,21,8,13904.04,1738,233,5,0,3,3.1,62.6,Electronics,Loyal
CUST10984,Delhi,38,Male,306,2,2458.47,1229.23,690,1,1,1,3.3,93.6,Home,Lost
CUST10985,Bengaluru,37,Female,56,15,5565.192257,451.51,337,3,0,0,4.3,56,Fashion,Loyal
CUST10986,Delhi,18,Female,109,1,8439.54,8439.54,508,1,0,6,1.8,59,Fashion,AtRisk
CUST10987,Bengaluru,18,Female,1,28,23439.4,837.12,823,4,1,1,3.7,42.3,Electronics,Champions
CUST10988,Coimbatore,38,Female,66,8,19033.09,2379.14,695,3,0,0,3.3,58.8,Home,Loyal
CUST10989,Hyderabad,33,Male,271,2,2244.01,1122.01,532,6,0,1,3.2,40.2,Home,Lost
CUST10990,Hyderabad,28,Other,20,19,37525.6,1975.03,405,5,0,3,3.4,73.1,Beauty,Champions
CUST10991,Delhi,37,Male,21,8,12259.09,1532.39,695,3,0,3,2.6,67.2,Home,AtRisk
CUST10992,Coimbatore,33,Male,193,7,617.5236086,68.86,1112,3,0,6,4.6,94.5,Home,AtRisk
CUST10993,Mumbai,46,Male,10,22,29573.1,1344.23,330,4,1,1,2.1,35.8,Grocery,Champions
CUST10994,Bengaluru,35,Male,38,11,13760.99,1251,1173,3,0,3,3.9,89.3,Grocery,Loyal
CUST10995,Chennai,26,Other,154,6,7877.08,1312.85,960,3,1,5,3.1,45.4,Fashion,AtRisk
CUST10996,Pune,45,Female,76,12,8706.6,725.55,1011,5,1,1,5,71.9,Electronics,Loyal
CUST10997,Chennai,32,Female,292,1,1488.2,1488.2,693,2,0,4,3.8,42.1,Fashion,Lost
CUST10998,Kochi,40,Female,365,1,1414.73,1414.73,951,3,2,0,2.1,69.1,Home,Lost
CUST10999,Bengaluru,29,Male,56,8,11034.71,1379.34,297,3,0,6,4.2,14.8,Sports,Loyal
CUST11000,Coimbatore,27,Male,37,10,10844.09,1084.41,400,8,0,4,2.9,51.6,Fashion,Loyal
CUST11001,Mumbai,35,Female,68,13,14100.45,1084.65,830,4,0,1,4.6,67.1,Home,Loyal
CUST11002,Pune,34,Female,138,3,1078.29,359.43,689,5,0,4,4.3,100,Grocery,AtRisk
CUST11003,Delhi,39,Male,55,8,27688.20703,2020.96,555,5,3,5,5,22.4,Grocery,Loyal
CUST11004,Hyderabad,31,Female,33,17,30755.56,1809.15,30,5,0,0,3.9,65,Electronics,Champions
CUST11005,Delhi,18,Male,96,2,10391.23,5195.62,469,4,1,1,4.5,54.6,Electronics,AtRisk
CUST11006,Delhi,29,Male,257,1,1012.5,1012.5,248,4,1,5,3.8,26.7,Fashion,Lost
CUST11007,Hyderabad,43,Male,26,15,7407.17,493.81,748,1,0,3,3.3,42.5,Sports,Loyal
CUST11008,Coimbatore,31,Male,82,6,19355.02,3225.84,543,4,2,3,4.7,55.6,Electronics,Loyal
CUST11009,Bengaluru,31,Female,215,2,1605.25,802.62,412,3,3,3,2.8,74.3,Grocery,Lost
CUST11010,Coimbatore,45,Female,122,4,7219.67,1804.92,1393,4,2,4,3.8,66.8,Sports,AtRisk
CUST11011,Trichy,26,Male,77,6,3620.18,603.36,911,3,1,4,3.3,38.8,Home,AtRisk
CUST11012,Kochi,18,Female,120,5,7950.56,1590.11,917,5,0,3,4.5,28.3,Grocery,AtRisk
CUST11013,Chennai,32,Female,365,2,1144.32,572.16,1261,5,0,0,3,73.4,Fashion,Lost
CUST11014,Delhi,29,Male,237,3,4617.39,1539.13,841,1,1,4,3.5,61.1,Grocery,AtRisk
CUST11015,Kochi,23,Male,312,2,2970.09,1485.04,369,3,0,4,3.8,97.2,Grocery,Lost
CUST11016,Coimbatore,32,Other,194,7,6751.04,964.43,334,1,1,0,5,57.9,Home,AtRisk
CUST11017,Mumbai,39,Female,122,8,6514.9,814.36,889,4,1,0,3.4,87.9,Grocery,AtRisk
CUST11018,Pune,34,Other,50,16,18422.76,1151.42,30,3,0,4,3.5,75.9,Grocery,Loyal
CUST11019,Chennai,37,Male,45,13,8498.71,653.75,577,6,0,3,2.7,81.4,Books,Loyal
CUST11020,Delhi,54,Female,365,2,1098.86,549.43,30,4,3,0,3,73.6,Beauty,Lost
CUST11021,Madurai,30,Male,38,10,23070.99778,1229.12,630,3,0,1,4.1,74.1,Grocery,Loyal
CUST11022,Kochi,37,Male,149,5,9896.382121,2072.08,856,5,0,3,3.8,19.2,Grocery,AtRisk
CUST11023,Trichy,28,Male,69,9,18843.23,2093.69,684,3,0,4,3.8,60.3,Home,Loyal
CUST11024,Kochi,25,Male,259,1,3554.73775,2122.28,881,3,0,1,5,51.7,Beauty,Lost
CUST11025,Bengaluru,28,Male,30,17,37449.77,2202.93,1189,4,0,2,2.5,90.4,Fashion,Champions
CUST11026,Pune,29,Male,365,3,2729.758151,684.77,557,6,0,1,5,45,Home,Lost
CUST11027,Hyderabad,38,Male,81,5,10537.31,2107.46,1442,5,0,5,4.7,59.4,Electronics,AtRisk
CUST11028,Madurai,60,Female,55,8,16931.67,2116.46,664,4,1,3,3.5,81,Fashion,Loyal
CUST11029,Hyderabad,26,Male,88,2,4506.84,2253.42,885,8,0,1,4.1,71,Sports,AtRisk
CUST11030,Chennai,29,Male,58,10,10653.03,1065.3,417,2,0,0,3.3,68.3,Fashion,Loyal
CUST11031,Mumbai,33,Male,35,10,15257.36,1525.74,1086,2,2,0,4.1,87.2,Electronics,Loyal
CUST11032,Coimbatore,38,Male,62,14,23988.79,1713.48,913,4,1,6,5,70.2,Electronics,Loyal
CUST11033,Chennai,37,Female,15,26,27230.85,1047.34,1041,6,0,2,3.3,54.1,Fashion,Champions
CUST11034,Chennai,48,Male,319,2,2945.67,1472.84,616,2,2,2,3.6,39.1,Fashion,Lost
CUST11035,Delhi,18,Female,30,21,34033.5,1620.64,223,6,0,2,3.2,74.7,Fashion,Champions
CUST11036,Madurai,18,Male,134,4,8645.26,2161.32,738,1,0,1,3.3,49.6,Home,AtRisk
CUST11037,Delhi,29,Male,63,16,12420.64,776.29,91,3,2,2,3.5,60.2,Sports,Loyal
CUST11038,Chennai,46,Female,99,6,6887.1,1147.85,499,4,0,3,2.9,86.6,Electronics,AtRisk
CUST11039,Madurai,18,Female,32,11,9469.41,860.86,657,2,2,3,3.6,60.6,Home,Loyal
CUST11040,Mumbai,18,Male,156,6,2468.29,411.38,1313,3,1,0,3.8,56.1,Electronics,AtRisk
CUST11041,Hyderabad,40,Female,183,4,4259.43,1064.86,696,5,0,4,3.5,59.4,Fashion,AtRisk
CUST11042,Madurai,37,Male,244,4,12737.8909,2960.09,642,6,0,1,2,59.9,Books,AtRisk
CUST11043,Mumbai,22,Female,33,25,33470.89,1338.84,581,1,0,1,3.7,45.2,Electronics,Champions
CUST11044,Pune,23,Female,124,4,6894.64,1723.66,197,4,0,1,3.8,98.5,Electronics,AtRisk
CUST11045,Mumbai,23,Female,17,7,12689.68,1812.81,626,3,2,0,5,54,Fashion,Loyal
CUST11046,Coimbatore,35,Other,16,19,17708.24,932.01,631,4,0,3,3.8,80.7,Books,Champions
CUST11047,Chennai,27,Male,57,8,12986.21,1623.28,309,3,0,4,4.5,44.6,Electronics,Loyal
CUST11048,Pune,39,Female,14,9,9901.85,1100.21,244,2,1,1,3.5,76,Fashion,Loyal
CUST11049,Chennai,18,Male,48,7,13766.5,1966.64,456,6,0,0,4.8,68.4,Grocery,Loyal
CUST11050,Pune,25,Male,53,4,8499.45,2124.86,619,5,0,0,3,65.5,Fashion,AtRisk
CUST11051,Mumbai,22,Male,36,6,6982.4,1163.73,463,3,0,2,4.2,68.5,Electronics,Loyal
CUST11052,Kochi,31,Male,69,16,9337.86,583.62,285,3,1,0,4.5,73.3,Electronics,Loyal
CUST11053,Hyderabad,28,Female,40,14,39783.87,2841.71,687,3,0,1,4.4,60.5,Grocery,Champions
CUST11054,Trichy,43,Female,150,6,5469.89,911.65,762,1,0,1,5,61.5,Grocery,AtRisk
CUST11055,Bengaluru,18,Female,74,1,4650.15,4650.15,636,4,0,2,3.3,76.5,Home,AtRisk
CUST11056,Hyderabad,35,Male,37,11,15032.98,1366.63,431,5,1,0,4.9,42.2,Electronics,Loyal
CUST11057,Bengaluru,40,Male,103,5,6068.16,1213.63,778,4,0,4,4.7,39.1,Grocery,AtRisk
CUST11058,Bengaluru,54,Female,158,6,5334.74,889.12,543,3,0,6,3.8,68.6,Grocery,AtRisk
CUST11059,Mumbai,29,Male,67,8,4980.52,622.57,243,4,0,5,5,24.8,Fashion,Loyal
CUST11060,Pune,38,Female,161,4,2266.87,566.72,911,2,1,1,3.7,31.3,Grocery,AtRisk
CUST11061,Trichy,18,Female,151,4,3593.163125,872.92,706,3,0,4,3.8,100,Home,AtRisk
CUST11062,Hyderabad,18,Female,104,4,7769.71,1942.43,564,3,1,4,3.8,96,Books,AtRisk
CUST11063,Bengaluru,43,Male,45,12,8347.454113,1301.06,129,5,0,2,2.8,53.6,Grocery,Loyal
CUST11064,Bengaluru,34,Female,15,15,16637.59,1109.17,377,6,1,3,4.4,85,Beauty,Champions
CUST11065,Delhi,47,Male,13,19,35338.93,1859.94,1206,3,1,4,4.3,85.7,Beauty,Champions
CUST11066,Coimbatore,19,Female,92,4,5048.27,1262.07,147,2,2,4,3.7,74.4,Sports,AtRisk
CUST11067,Chennai,40,Male,365,2,5916.272493,1544.68,525,4,1,1,5,63.4,Home,Lost
CUST11068,Bengaluru,55,Male,65,6,3952.07,658.68,595,7,0,4,3.5,77.5,Fashion,Loyal
CUST11069,Madurai,39,Male,24,15,15863.42,1057.56,696,2,1,6,2.4,81,Fashion,Champions
CUST11070,Madurai,37,Female,72,5,6064.26,1212.85,151,5,1,4,5,77.8,Beauty,AtRisk
CUST11071,Coimbatore,34,Male,280,2,2695.97,1347.98,652,6,3,6,4.6,34,Grocery,Lost
CUST11072,Chennai,18,Male,275,2,2352.93,1176.46,94,3,0,0,4.3,100,Fashion,Lost
CUST11073,Chennai,49,Male,95,5,6587.31,1317.46,629,2,1,4,3.5,100,Home,AtRisk
CUST11074,Trichy,27,Female,183,2,951.35,475.68,404,4,1,3,4.1,26.8,Sports,Lost
CUST11075,Bengaluru,40,Female,11,12,32809.89,2734.16,340,4,1,5,2.8,75.2,Fashion,Champions
CUST11076,Bengaluru,18,Female,16,24,42895.32,1787.3,850,5,3,0,3.6,100,Grocery,Champions
CUST11077,Delhi,21,Female,29,15,26296.17,1753.08,529,7,1,1,3.1,85,Grocery,Champions
CUST11078,Coimbatore,50,Male,55,1,6782.63,6782.63,742,4,1,4,4,85.3,Electronics,AtRisk
CUST11079,Kochi,30,Male,15,19,25949.15,1365.74,752,2,0,0,4.5,36.2,Electronics,Champions
CUST11080,Hyderabad,50,Female,147,6,8866.45,1477.74,981,4,0,3,3,80.8,Sports,AtRisk
CUST11081,Chennai,33,Male,86,7,5074.7,724.96,238,4,0,2,4.4,69.8,Sports,Loyal
CUST11082,Bengaluru,18,Male,23,8,18767.72928,1250.51,876,5,0,2,4,80.6,Sports,Loyal
CUST11083,Pune,44,Male,231,2,931.13,465.56,605,3,0,4,4.3,44.3,Fashion,Lost
CUST11084,Kochi,28,Male,1,19,32883.52,1730.71,487,3,0,0,3.6,43.6,Fashion,Champions
CUST11085,Bengaluru,42,Male,51,15,13147.46,876.5,255,1,0,1,4.4,62.1,Sports,Loyal
CUST11086,Mumbai,34,Male,365,2,1154.31,577.16,782,4,0,2,3.2,57.4,Sports,Lost
CUST11087,Chennai,18,Male,19,15,25364.83,1690.99,323,8,1,0,2.5,61.9,Beauty,Champions
CUST11088,Trichy,36,Male,136,4,3253.26,813.32,755,3,1,5,2.6,55.4,Fashion,AtRisk
CUST11089,Coimbatore,58,Male,365,3,3218.586768,917.31,1178,4,0,1,3.4,61,Home,Lost
CUST11090,Kochi,39,Male,269,1,2073.33,2073.33,894,3,0,4,2.5,51.7,Home,Lost
CUST11091,Delhi,33,Male,365,1,2868.66,2868.66,1017,2,2,1,5,64,Grocery,Lost
CUST11092,Mumbai,46,Female,100,9,17301.05,1922.34,384,4,0,4,3.7,36.5,Grocery,Loyal
CUST11093,Mumbai,36,Male,142,9,7425.63,825.07,829,4,3,0,4.5,75.3,Home,AtRisk
CUST11094,Coimbatore,36,Female,8,25,42546.23,1701.85,257,1,1,5,4.4,70.2,Home,Champions
CUST11095,Chennai,22,Female,46,3,12230.49,4076.83,530,6,0,5,3.8,39.8,Fashion,Loyal
CUST11096,Coimbatore,37,Female,24,12,29537.54,2461.46,1122,4,0,1,5,91.5,Fashion,Champions
CUST11097,Coimbatore,45,Male,73,14,17666.09705,786.7,418,4,0,1,5,48.5,Beauty,Loyal
CUST11098,Hyderabad,25,Male,256,1,3002.8,3002.8,933,3,0,3,4.9,88.8,Fashion,Lost
CUST11099,Bengaluru,50,Male,61,9,14318.32,1590.92,905,4,0,0,3.1,71.6,Sports,Loyal
CUST11100,Chennai,33,Female,82,3,7887.57,2629.19,922,4,1,3,4.9,85,Beauty,AtRisk
CUST11101,Kochi,24,Male,91,4,8495.957995,2129.1,220,4,0,1,2.4,68.5,Sports,Loyal
CUST11102,Pune,45,Female,11,9,12557.66,1395.3,758,5,1,2,4.9,76.3,Fashion,Loyal
CUST11103,Kochi,31,Female,275,3,1274.05,424.68,553,5,1,1,1.8,84.8,Electronics,Lost
CUST11104,Trichy,42,Male,68,12,7202.21,600.18,927,7,1,1,3.5,100,Electronics,Loyal
CUST11105,Chennai,31,Male,72,3,8464.63,2821.54,103,2,0,6,4.8,86.5,Grocery,AtRisk
CUST11106,Bengaluru,33,Female,6,11,17878.72377,1120.94,710,3,0,4,4.1,74,Fashion,Loyal
CUST11107,Hyderabad,39,Male,38,19,42726.00663,1338.88,668,4,0,0,2.6,38,Fashion,Champions
CUST11108,Delhi,37,Male,122,5,2467.71,493.54,30,2,1,1,3.9,16.7,Fashion,AtRisk
CUST11109,Chennai,18,Female,339,2,2032.07,1016.04,334,3,1,4,4.1,62.4,Grocery,Lost
CUST11110,Hyderabad,22,Male,30,19,23677.72,1246.2,51,4,1,4,4,50.7,Grocery,Champions
CUST11111,Coimbatore,44,Female,24,18,20536.41,1140.91,382,5,0,0,3.5,51.4,Fashion,Champions
CUST11112,Coimbatore,33,Female,26,12,22977.96,1914.83,765,5,0,4,4.5,63.4,Electronics,Champions
CUST11113,Mumbai,28,Female,256,2,1987.01,993.5,659,3,1,3,4.7,78.3,Sports,Lost
CUST11114,Mumbai,19,Male,123,6,6637.05,1106.18,651,4,1,0,3.7,52.6,Fashion,AtRisk
CUST11115,Mumbai,22,Male,114,1,10290.19,10290.19,288,4,3,2,5,82.9,Electronics,AtRisk
CUST11116,Chennai,18,Female,37,15,11480.65,765.38,936,4,8,2,3.7,65.7,Electronics,Loyal
CUST11117,Pune,33,Male,235,1,1672.21,1672.21,594,2,1,3,3.4,65.8,Electronics,Lost
CUST11118,Coimbatore,27,Male,145,2,1465.16,732.58,610,2,0,0,4.9,100,Fashion,Lost
CUST11119,Chennai,23,Male,224,1,3184.76,3184.76,882,5,0,1,4.9,68.6,Home,Lost
CUST11120,Pune,33,Male,223,1,2051.97,2051.97,303,2,0,1,3.3,63.9,Books,Lost
CUST11121,Kochi,38,Male,108,3,5752.2,1917.4,669,1,3,1,3.2,75.5,Fashion,AtRisk
CUST11122,Pune,57,Female,101,7,6380.651172,1254.7,727,3,0,1,5,100,Beauty,Loyal
CUST11123,Hyderabad,18,Male,290,2,2013.14,1006.57,436,6,1,2,3.7,64.1,Sports,Lost
CUST11124,Delhi,47,Male,282,2,605.011694,598.61,796,1,3,3,3.8,73.8,Fashion,Lost
CUST11125,Mumbai,45,Female,8,22,25194.61,1145.21,743,3,1,6,3.6,62.8,Fashion,Champions
CUST11126,Chennai,25,Other,23,22,24098.89,1095.4,570,5,1,4,4.9,62.9,Grocery,Champions
CUST11127,Bengaluru,36,Male,365,3,2675.21,891.74,560,1,0,5,5,55.2,Sports,Lost
CUST11128,Bengaluru,29,Male,38,10,12660.16,1266.02,757,3,0,2,3.9,53.8,Electronics,Loyal
CUST11129,Coimbatore,36,Female,217,3,994.89,331.63,837,2,1,0,5,98.9,Grocery,Lost
CUST11130,Delhi,51,Female,31,8,12634.2,1579.28,619,2,2,4,3.4,53.9,Home,Loyal
CUST11131,Bengaluru,41,Female,35,15,22734.6,1515.64,936,3,2,2,3.6,34.2,Grocery,Champions
CUST11132,Chennai,40,Female,8,22,44790.73,2035.94,798,2,0,4,4.3,67.5,Grocery,Champions
CUST11133,Coimbatore,29,Male,33,20,19759.24,987.96,63,2,0,1,3.1,85.4,Grocery,Champions
CUST11134,Delhi,18,Female,63,5,16701.82,3340.36,179,3,1,4,4.3,89.9,Grocery,Loyal
CUST11135,Chennai,32,Male,188,6,7208.74,1201.46,955,7,1,2,3.4,41.1,Home,AtRisk
CUST11136,Pune,47,Female,137,3,7950.99,2650.33,526,5,0,2,2.6,87.3,Fashion,AtRisk
CUST11137,Bengaluru,18,Female,364,1,2454.91,2454.91,649,5,0,2,2.4,100,Grocery,Lost
CUST11138,Bengaluru,22,Female,28,13,5577.47,429.04,942,5,2,3,3.5,51.3,Fashion,Loyal
CUST11139,Mumbai,35,Male,199,8,3436.33,429.54,598,2,2,4,4.1,61.5,Books,AtRisk
CUST11140,Hyderabad,23,Male,171,4,10584.56,2646.14,611,4,1,2,2.7,40.4,Electronics,AtRisk
CUST11141,Madurai,25,Female,188,3,7248.75,2416.25,339,5,1,3,3.9,100,Electronics,AtRisk
CUST11142,Delhi,29,Female,77,6,7298.76,1216.46,711,5,0,3,3.9,35.2,Fashion,AtRisk
CUST11143,Mumbai,19,Female,10,12,29173.06,2431.09,776,4,1,4,3.7,57,Sports,Champions
CUST11144,Coimbatore,23,Male,6,14,32740.17,2338.58,427,4,0,4,3.1,80.7,Home,Champions
CUST11145,Pune,42,Male,18,24,33040.86,1376.7,323,7,0,6,4,51.3,Grocery,Champions
CUST11146,Hyderabad,20,Male,22,20,27531.14,1376.56,1388,5,0,2,3.7,45.2,Sports,Champions
CUST11147,Delhi,18,Male,144,8,1844.93,230.62,572,3,0,5,4.6,64,Sports,AtRisk
CUST11148,Pune,27,Female,21,11,11695.8,1063.25,395,3,2,3,2.8,100,Fashion,Loyal
CUST11149,Pune,42,Male,293,2,2482.23,1241.12,812,2,3,0,3.9,59.9,Grocery,Lost
CUST11150,Delhi,32,Female,328,2,1587.48,793.74,585,7,1,1,2.8,60.9,Sports,Lost
CUST11151,Hyderabad,29,Female,325,1,2317.65,2317.65,274,6,1,3,3.6,42.7,Fashion,Lost
CUST11152,Delhi,34,Female,147,2,2185.67,1092.84,745,4,0,4,2.9,72.7,Fashion,Lost
CUST11153,Delhi,18,Male,50,11,8958.95,814.45,344,7,1,0,3.1,82.7,Beauty,Loyal
CUST11154,Mumbai,39,Female,103,6,7986.36,1331.06,1073,4,1,1,3.8,52.9,Home,AtRisk
CUST11155,Hyderabad,38,Male,24,15,26074.38,1738.29,748,3,1,1,3.3,75.7,Electronics,Champions
CUST11156,Chennai,29,Female,279,2,1960.64,980.32,517,5,0,1,5,53,Electronics,Lost
CUST11157,Pune,45,Male,264,3,2012.94,670.98,633,4,1,0,4.7,27.1,Beauty,Lost
CUST11158,Pune,22,Male,212,2,2061.78,1030.89,871,5,0,0,4.4,74.1,Electronics,Lost
CUST11159,Chennai,46,Male,41,11,15479.05,1407.19,656,1,0,2,4.4,100,Sports,Loyal
CUST11160,Hyderabad,36,Male,53,8,7266.03,908.25,1237,2,1,3,3.9,41.1,Fashion,AtRisk
CUST11161,Chennai,30,Female,5,14,31612.38,2258.03,941,6,0,4,4.8,68.6,Grocery,Champions
CUST11162,Madurai,34,Male,19,15,30132.17,2008.81,746,6,1,0,3.6,91.2,Grocery,Champions
CUST11163,Delhi,33,Female,180,8,10060.48,1257.56,319,6,1,0,5,63,Fashion,AtRisk
CUST11164,Chennai,47,Other,20,8,15015.65,1876.96,556,7,0,1,3,36.5,Electronics,Loyal
CUST11165,Hyderabad,22,Male,308,1,2129.91,2129.91,744,4,3,3,2.9,65.9,Electronics,Lost
CUST11166,Hyderabad,26,Female,8,16,25928.33,1620.52,353,4,1,5,2.7,94.8,Grocery,Champions
CUST11167,Mumbai,45,Male,365,3,2060.24,686.75,988,2,0,4,2.8,54.9,Fashion,Lost
CUST11168,Chennai,27,Male,58,7,14031.52,2004.5,308,3,1,2,2.5,69.6,Fashion,Loyal
CUST11169,Madurai,44,Male,120,1,896.14,896.14,409,1,0,3,4,43.9,Electronics,Lost
CUST11170,Mumbai,53,Female,248,2,1847.79,923.9,431,3,1,1,4.5,63,Fashion,Lost
CUST11171,Trichy,30,Male,205,1,2264.95,2264.95,823,1,1,3,3.8,72.7,Grocery,Lost
CUST11172,Delhi,41,Female,54,10,9184.67,918.47,359,5,0,2,2.7,67.5,Electronics,Loyal
CUST11173,Coimbatore,21,Male,284,1,2097.29,2097.29,60,4,1,5,3.4,56.4,Electronics,Lost
CUST11174,Delhi,42,Female,1,14,15504.97,1107.5,926,1,2,3,4.5,73.9,Grocery,Champions
CUST11175,Mumbai,36,Male,6,9,24256.61,2695.18,467,3,0,1,3.5,78.4,Grocery,Champions
CUST11176,Hyderabad,39,Female,49,13,8762.960236,1195.53,279,6,0,1,3.2,79.7,Fashion,Loyal
CUST11177,Chennai,27,Female,260,3,2953.75,984.58,374,3,0,2,2.6,59.1,Fashion,Lost
CUST11178,Hyderabad,18,Female,39,15,5879.48,391.97,1115,2,0,0,3.5,52.6,Beauty,Loyal
CUST11179,Mumbai,40,Female,244,1,2620.09,2620.09,403,1,0,2,3.2,100,Beauty,Lost
CUST11180,Kochi,18,Female,173,3,8293.984631,1740.61,563,1,0,2,3.7,67.8,Fashion,AtRisk
CUST11181,Madurai,31,Male,54,12,5058.76,421.56,466,4,0,3,4.2,59.9,Fashion,Loyal
CUST11182,Delhi,44,Male,321,1,1129.59,1129.59,230,3,0,4,3.6,35.5,Beauty,Lost
CUST11183,Kochi,36,Male,7,24,18827.6,784.48,377,3,1,3,3.9,46.4,Books,Champions
CUST11184,Chennai,55,Male,228,4,2904.692773,458.34,210,3,4,0,4.2,52.2,Fashion,Lost
CUST11185,Kochi,45,Male,69,10,6896.52,689.65,887,3,2,0,2.8,73.8,Beauty,Loyal
CUST11186,Delhi,27,Male,78,7,3530.85,504.41,630,2,0,1,5,57.9,Grocery,AtRisk
CUST11187,Chennai,34,Male,39,11,11866.1,1078.74,1345,4,1,4,3.2,65.3,Fashion,Loyal
CUST11188,Madurai,33,Other,20,23,22662.72,985.34,387,1,2,4,4.2,36.3,Home,Champions
CUST11189,Delhi,18,Male,58,10,14700.66,1470.07,342,2,2,2,2.9,93.1,Grocery,Loyal
CUST11190,Chennai,24,Female,39,7,375.5089885,28.57,1060,5,2,7,3.9,50.3,Fashion,Loyal
CUST11191,Mumbai,28,Male,63,10,17290.97,1729.1,917,4,1,6,3.9,69.7,Electronics,Loyal
CUST11192,Madurai,18,Female,30,6,19847.8392,2087.41,715,5,0,5,5,54.4,Beauty,Loyal
CUST11193,Mumbai,35,Female,103,2,4294.4,2147.2,266,7,0,4,3.6,58.6,Beauty,AtRisk
CUST11194,Chennai,31,Male,365,1,1688.66,1688.66,1123,3,1,3,4.8,49.1,Electronics,Lost
CUST11195,Pune,18,Male,88,6,4737.55,789.59,578,4,0,3,4,70.9,Home,AtRisk
CUST11196,Trichy,38,Male,236,4,1995.65,498.91,471,3,5,0,5,45.4,Electronics,Lost
CUST11197,Kochi,42,Male,92,5,3202.88,640.58,943,3,0,0,2.4,71.3,Home,AtRisk
CUST11198,Delhi,36,Female,111,7,9225.4,1317.91,593,2,3,2,4.2,62.6,Sports,AtRisk
CUST11199,Chennai,30,Female,101,7,13927.38081,1331.32,250,4,1,3,1.7,77.6,Fashion,AtRisk
CUST11200,Hyderabad,41,Male,27,10,5728.91,572.89,612,4,0,2,3.8,79.6,Fashion,Loyal
CUST11201,Chennai,41,Male,93,6,5510.52,918.42,366,4,0,3,4.6,58.6,Beauty,AtRisk
CUST11202,Chennai,37,Male,27,12,28265.79,2355.48,30,4,0,0,5,72.3,Home,Champions
CUST11203,Madurai,25,Male,171,2,1997.02,998.51,335,5,1,4,4.4,56,Fashion,Lost
CUST11204,Bengaluru,37,Female,314,1,2611.52,2611.52,442,4,1,3,3.6,91.3,Beauty,Lost
CUST11205,Hyderabad,47,Male,36,15,12403.79,826.92,253,3,3,2,4.2,57.8,Sports,Loyal
CUST11206,Delhi,27,Female,365,3,2177.33,725.78,773,2,0,4,5,61,Grocery,Lost
CUST11207,Bengaluru,57,Male,1,19,30869.89,1624.73,367,1,0,0,3.9,55.6,Electronics,Champions
CUST11208,Coimbatore,28,Male,52,12,16370.1,1364.18,744,6,0,2,4.6,50.3,Grocery,Loyal
CUST11209,Trichy,34,Female,19,13,42243.62,3249.51,230,2,0,3,3.5,100,Home,Champions
CUST11210,Bengaluru,27,Male,329,3,3230.55,1076.85,873,2,1,1,4.7,74.7,Fashion,Lost
CUST11211,Bengaluru,36,Other,186,6,5018.1,836.35,217,3,0,0,4.5,66.4,Electronics,AtRisk
CUST11212,Chennai,18,Female,365,1,2241,2241,30,3,1,0,3.3,55.5,Fashion,Lost
CUST11213,Hyderabad,28,Male,3,17,23700.75,1394.16,971,6,0,2,4.4,87.3,Electronics,Champions
CUST11214,Delhi,22,Male,154,6,1461.3,243.55,343,3,0,2,4.5,54.1,Home,AtRisk
CUST11215,Coimbatore,35,Female,136,5,7739.9,1547.98,1127,7,1,2,4.4,67.4,Electronics,AtRisk
CUST11216,Chennai,45,Female,21,16,34197.01,2137.31,769,4,1,1,3.8,100,Home,Champions
CUST11217,Delhi,41,Female,150,5,10133.6,2026.72,837,7,0,0,4.8,45.9,Fashion,AtRisk
CUST11218,Delhi,18,Male,9,16,30447.68,1902.98,914,5,1,3,3.1,75.8,Books,Champions
CUST11219,Coimbatore,56,Other,81,7,14397.76,2056.82,634,4,0,2,3.8,70.8,Grocery,Loyal
CUST11220,Kochi,37,Male,35,10,16396.29,1639.63,637,6,1,4,3.9,75.6,Electronics,Loyal
CUST11221,Chennai,25,Female,121,8,4407.01,550.88,984,5,3,1,4.7,59.3,Home,AtRisk
CUST11222,Bengaluru,36,Female,4,28,38367.98,1370.28,633,4,1,0,3,53.2,Fashion,Champions
CUST11223,Kochi,36,Male,61,7,6535.01,933.57,382,7,0,0,4,69.5,Grocery,Loyal
CUST11224,Bengaluru,27,Female,38,10,10343.98,1034.4,776,3,1,2,3.4,55.9,Books,Loyal
CUST11225,Delhi,36,Male,47,13,8301.23,638.56,30,2,1,3,3.9,18.4,Grocery,Loyal
CUST11226,Bengaluru,27,Other,75,12,18870.32,1572.53,996,2,0,2,4.1,48.5,Beauty,Loyal
CUST11227,Coimbatore,30,Male,60,17,14557.45,856.32,1002,6,1,1,2.8,58.7,Fashion,Loyal
CUST11228,Trichy,26,Female,171,8,5708.04,713.5,959,6,0,0,4.8,43.4,Home,AtRisk
CUST11229,Bengaluru,18,Male,20,14,23388.04,1670.57,948,3,1,0,4.1,68,Electronics,Loyal
CUST11230,Pune,36,Female,266,1,1169.41,1169.41,575,1,0,3,3.1,49.8,Sports,Lost
CUST11231,Coimbatore,40,Female,143,5,7085.73,1417.15,568,3,2,2,3.5,64.1,Electronics,AtRisk
CUST11232,Coimbatore,40,Male,23,16,32609.83,2038.11,231,2,1,2,5,100,Fashion,Champions
CUST11233,Chennai,43,Male,13,14,12729.13397,1423.72,1124,3,0,0,4.1,89.5,Books,Champions
CUST11234,Delhi,38,Female,234,3,2205.546183,510.91,454,2,0,1,3,76.8,Electronics,Lost
CUST11235,Bengaluru,28,Male,12,14,14215.63,1015.4,702,1,0,3,3.2,100,Fashion,Champions
CUST11236,Pune,43,Female,1,23,30490.09,1325.66,676,6,0,3,4.3,63.5,Grocery,Champions
CUST11237,Bengaluru,19,Male,24,10,23772.39,2377.24,198,2,0,2,4.4,63.8,Books,Champions
CUST11238,Kochi,24,Female,53,5,10311.05,2062.21,77,6,0,5,4.1,43.9,Home,AtRisk
CUST11239,Coimbatore,23,Male,132,5,6499.44,1299.89,602,3,0,1,3.6,90.6,Electronics,AtRisk
CUST11240,Pune,46,Male,287,2,2603.79,1301.9,464,2,0,5,4.4,100,Home,Lost
CUST11241,Hyderabad,44,Male,260,3,385.83,128.61,573,4,0,3,3.6,83.1,Fashion,Lost
CUST11242,Hyderabad,39,Male,34,11,10129.56,920.87,920,3,1,3,3.1,93.5,Books,Loyal
CUST11243,Hyderabad,46,Male,70,12,9101.3,758.44,667,3,0,4,5,10.3,Grocery,Loyal
CUST11244,Hyderabad,24,Male,77,9,13275.39236,1269.85,828,4,0,1,4.2,100,Grocery,Loyal
CUST11245,Mumbai,38,Female,23,14,20157.49,1439.82,734,2,0,2,3.2,62.9,Grocery,Champions
CUST11246,Chennai,33,Female,15,25,17859.38,714.38,505,1,1,0,3.9,100,Home,Champions
CUST11247,Chennai,43,Female,1,19,29287.8,1541.46,299,3,0,4,3.8,99.6,Home,Champions
CUST11248,Kochi,33,Male,27,19,40061.66,2108.51,679,5,0,3,3.5,80.4,Electronics,Champions
CUST11249,Mumbai,30,Female,22,7,17513.43,2501.92,625,2,0,5,4,58.1,Electronics,Loyal
CUST11250,Hyderabad,40,Male,29,14,10535.52,752.54,875,4,0,3,3.1,68.2,Fashion,Loyal
CUST11251,Bengaluru,44,Female,320,3,654.12,218.04,555,6,0,5,4.5,26.8,Grocery,Lost
CUST11252,Chennai,27,Male,151,2,6488.57,3244.28,511,3,0,1,3.8,83.6,Fashion,AtRisk
CUST11253,Chennai,33,Male,338,4,2010.7,502.68,531,4,2,4,2.5,13.9,Fashion,Lost
CUST11254,Delhi,22,Male,59,13,12497.75,961.37,324,4,1,2,3.6,59,Sports,Loyal
CUST11255,Bengaluru,18,Female,65,9,12386.76,1376.31,1034,2,4,3,3.3,95.9,Electronics,Loyal
CUST11256,Coimbatore,36,Male,45,11,12157.99,1105.27,942,2,1,4,1.4,79.4,Sports,Loyal
CUST11257,Bengaluru,41,Female,95,14,9390.41,670.74,236,2,1,7,3.7,34.4,Sports,Loyal
CUST11258,Chennai,37,Male,4,29,18756.45256,852.78,841,4,2,4,4.6,38.2,Home,Champions
CUST11259,Mumbai,18,Female,343,2,2950.92,1475.46,46,5,0,4,3.7,53.1,Electronics,Lost
CUST11260,Coimbatore,30,Female,311,2,3307.04,1653.52,896,5,1,1,4.4,66.6,Fashion,Lost
CUST11261,Hyderabad,18,Male,10,19,32722.16,1722.22,391,3,0,3,3.8,82.5,Books,Champions
CUST11262,Madurai,49,Male,38,14,27181.87,1941.56,708,5,1,2,3.4,77.1,Sports,Champions
CUST11263,Bengaluru,22,Female,61,13,11450.84,880.83,30,4,0,5,3.2,43.8,Books,Loyal
CUST11264,Chennai,48,Female,40,6,11279.59,1879.93,240,4,1,2,2.8,77.4,Books,Loyal
CUST11265,Chennai,44,Male,29,11,11969.74,1088.16,741,1,3,5,4.5,79.5,Electronics,Loyal
CUST11266,Bengaluru,24,Female,8,17,17684.94,1040.29,390,2,0,0,4.4,74.8,Grocery,Champions
CUST11267,Bengaluru,22,Female,26,9,15774.07,1752.67,348,1,1,5,3.6,100,Beauty,Loyal
CUST11268,Mumbai,38,Male,102,13,29429.75829,1464.81,1019,4,0,1,2.2,79.5,Fashion,Loyal
CUST11269,Madurai,25,Female,35,13,8638.26,664.48,1263,4,0,4,4.2,84.4,Fashion,Loyal
CUST11270,Delhi,35,Male,22,12,33878.49,2823.21,881,2,1,1,3.1,100,Fashion,Champions
CUST11271,Pune,29,Male,78,14,10432.03,745.15,272,4,0,4,3.9,82,Electronics,Loyal
CUST11272,Hyderabad,18,Female,295,2,1782.89,891.44,1129,1,0,1,2.6,54,Electronics,Lost
CUST11273,Chennai,18,Male,74,7,8699.95,1242.85,132,2,0,5,3.9,89.9,Electronics,Loyal
CUST11274,Bengaluru,36,Male,328,2,3060.83,1530.42,509,2,1,4,3.7,57,Grocery,Lost
CUST11275,Chennai,28,Female,162,3,2072.27,690.76,616,4,0,1,1.9,45.3,Grocery,Lost
CUST11276,Coimbatore,28,Female,293,2,468.59,234.3,1177,6,2,4,5,47.1,Fashion,Lost
CUST11277,Trichy,42,Female,283,3,1991.92,663.97,874,3,1,4,3.5,89.6,Beauty,Lost
CUST11278,Chennai,47,Female,86,4,11102.85836,1612.08,461,5,0,1,3.6,77.4,Sports,AtRisk
CUST11279,Bengaluru,31,Female,293,3,1381.09,460.36,317,4,0,0,4.2,86.2,Electronics,Lost
CUST11280,Mumbai,30,Male,21,24,19242.46,801.77,901,4,2,0,3.8,77.5,Electronics,Champions
CUST11281,Delhi,40,Male,58,8,12748.41,1593.55,440,3,1,0,4.1,68.8,Fashion,Loyal
CUST11282,Mumbai,19,Female,275,2,2918.23,1459.12,665,3,1,0,2.9,71.4,Home,Lost
CUST11283,Chennai,36,Male,306,3,1974.32,658.11,189,4,1,4,3.7,76.8,Grocery,Lost
CUST11284,Madurai,40,Female,246,1,722.09,722.09,771,5,0,4,2.3,53,Grocery,Lost
CUST11285,Mumbai,41,Female,365,1,765.9728107,500.29,747,2,1,0,3.6,39.2,Electronics,Lost
CUST11286,Chennai,18,Male,308,3,1979.02,659.67,228,3,1,1,5,55.3,Fashion,Lost
CUST11287,Bengaluru,26,Female,125,8,2437.42,304.68,909,6,0,0,2.6,75.9,Books,AtRisk
CUST11288,Chennai,24,Male,289,3,200,66.67,766,4,3,4,3.5,52,Fashion,Lost
CUST11289,Chennai,35,Male,95,4,2383.02,595.76,822,4,0,2,2.1,100,Grocery,AtRisk
CUST11290,Bengaluru,39,Other,238,1,1481.83,1481.83,486,5,0,0,3.8,73.8,Electronics,Lost
CUST11291,Chennai,50,Male,329,1,2231.03,2231.03,654,3,0,3,4.2,67.4,Electronics,Lost
CUST11292,Mumbai,29,Male,292,2,942.98,471.49,619,3,1,4,4.1,52.9,Fashion,Lost
CUST11293,Delhi,29,Male,65,9,3980.01,442.22,556,5,0,1,3.3,83.3,Grocery,AtRisk
CUST11294,Hyderabad,47,Female,21,13,9846.6,757.43,651,5,0,2,2.1,40.8,Fashion,Loyal
CUST11295,Coimbatore,37,Female,19,21,28173.01,1341.57,977,1,3,1,2.8,71.3,Electronics,Champions
CUST11296,Chennai,48,Female,235,1,2993.99,2993.99,922,2,0,5,4.8,56.3,Home,Lost
CUST11297,Chennai,37,Female,58,7,8532.23,1218.89,245,2,0,2,4.5,67.4,Electronics,AtRisk
CUST11298,Delhi,21,Male,32,8,12959.19,1619.9,896,3,0,1,3.7,74.7,Home,Loyal
CUST11299,Delhi,19,Female,18,24,25267.84,1052.83,957,2,0,2,3.9,42.1,Books,Champions
CUST11300,Chennai,18,Female,277,1,3191.01,3191.01,555,4,0,2,3,31.6,Grocery,Lost
CUST11301,Kochi,41,Male,318,2,983.3,491.65,753,4,0,4,4.8,46.4,Fashion,Lost
CUST11302,Chennai,47,Male,313,4,1701.96,425.49,748,5,1,5,3.2,82.6,Beauty,Lost
CUST11303,Mumbai,54,Other,59,6,5161.61,860.27,345,5,2,5,4.1,72.5,Grocery,AtRisk
CUST11304,Delhi,43,Female,70,5,16414.51,3282.9,485,5,0,2,2.7,56.9,Sports,Loyal
CUST11305,Pune,47,Female,34,12,1896.67,158.06,825,3,1,3,3.7,100,Home,Loyal
CUST11306,Delhi,28,Female,19,24,35144.62,1464.36,451,4,0,5,4.8,90.7,Fashion,Champions
CUST11307,Hyderabad,21,Female,309,1,2994.69,2994.69,893,3,0,6,3,85.9,Grocery,Lost
CUST11308,Madurai,43,Female,18,16,19534.79,1220.92,991,1,1,1,4.4,50.5,Electronics,Champions
CUST11309,Hyderabad,39,Female,147,6,4675.99,779.33,943,5,0,4,2.9,85.6,Fashion,AtRisk
CUST11310,Chennai,35,Male,20,3,4632.06,1544.02,1194,3,1,3,3.1,71.8,Grocery,AtRisk
CUST11311,Pune,38,Female,93,4,5655.86,1413.96,573,1,0,4,3.8,50.6,Grocery,AtRisk
CUST11312,Mumbai,38,Male,365,2,3908.850459,999.34,653,4,4,5,4.6,62.9,Grocery,Lost
CUST11313,Hyderabad,48,Female,12,13,19318.47785,2394.38,696,3,1,0,3.6,44.2,Home,Champions
CUST11314,Bengaluru,48,Male,342,2,605.52,302.76,582,1,0,1,4.3,50.7,Electronics,Lost
CUST11315,Delhi,40,Male,30,18,21281.62,1182.31,763,1,0,4,4.7,42.1,Electronics,Champions
CUST11316,Mumbai,43,Male,2,14,23911.16,1707.94,87,2,0,3,3.2,84.1,Electronics,Champions
CUST11317,Delhi,40,Male,37,8,18298.05649,1745.89,661,4,0,0,2.6,63.6,Beauty,Loyal
CUST11318,Chennai,29,Male,25,19,200,10.53,187,5,1,0,3.5,46.2,Electronics,Champions
CUST11319,Chennai,42,Male,354,3,1856.68,618.89,311,5,2,4,4.8,75.3,Fashion,Lost
CUST11320,Coimbatore,19,Other,89,8,10255.27,1281.91,820,4,0,4,3.1,65,Fashion,AtRisk
CUST11321,Chennai,46,Male,23,24,44736.79,1864.03,540,3,0,0,4.6,86,Home,Champions
CUST11322,Pune,21,Male,22,17,32404.46,1906.14,809,6,0,5,3.6,67.7,Fashion,Champions
CUST11323,Coimbatore,37,Female,98,4,3965.628292,1405.5,534,5,1,2,5,36.3,Electronics,AtRisk
CUST11324,Trichy,25,Female,324,2,1147.07,573.54,932,4,0,0,5,55.1,Fashion,Lost
CUST11325,Madurai,40,Male,66,15,16638.31009,677.28,528,4,2,1,4.6,41.9,Home,Loyal
CUST11326,Coimbatore,34,Female,46,7,4034.26,576.32,30,3,1,0,2.5,76.3,Beauty,AtRisk
CUST11327,Hyderabad,18,Female,245,4,3108.2,777.05,668,3,2,1,1.9,86.7,Electronics,Lost
CUST11328,Delhi,39,Male,136,2,6063.11,3031.56,30,1,0,0,3.8,34.1,Home,AtRisk
CUST11329,Bengaluru,28,Male,46,11,13841.69,1258.34,164,3,1,2,4.5,62.5,Electronics,Loyal
CUST11330,Mumbai,44,Female,98,3,9317.075613,3462.57,335,6,1,4,4.2,88.1,Home,AtRisk
CUST11331,Delhi,34,Female,165,9,4742.94,526.99,298,4,1,0,3.2,33.8,Home,AtRisk
CUST11332,Coimbatore,38,Female,95,5,3047.49,609.5,436,4,0,3,2.6,56.3,Grocery,AtRisk
CUST11333,Trichy,23,Male,116,4,4747.52,1186.88,287,5,5,1,4.5,65,Electronics,AtRisk
CUST11334,Trichy,28,Male,217,2,2605.93,1302.96,178,4,2,4,5,86.3,Home,Lost
CUST11335,Delhi,29,Female,31,10,8414.12,841.41,1063,2,0,0,3.3,75.9,Electronics,Loyal
CUST11336,Coimbatore,43,Male,247,3,1686.24,562.08,397,4,1,4,4.5,80,Sports,Lost
CUST11337,Delhi,52,Male,120,8,6321.91,790.24,30,2,0,0,5,77,Home,AtRisk
CUST11338,Chennai,25,Female,130,7,7720.6,1102.94,492,4,2,2,3.6,57.5,Home,AtRisk
CUST11339,Chennai,46,Male,26,19,21861.22,1150.59,263,2,1,1,3.7,97.9,Home,Champions
CUST11340,Coimbatore,18,Female,43,9,16785.04,1865,335,5,0,2,4.2,51.6,Electronics,Loyal
CUST11341,Bengaluru,21,Female,209,1,1284.661238,2142.15,813,3,0,0,3.6,9.4,Books,Lost
CUST11342,Pune,23,Male,98,7,7211.608904,1216.74,466,2,0,6,4.9,29,Beauty,AtRisk
CUST11343,Delhi,19,Female,14,18,19002.75,1055.71,254,3,0,0,3.5,62.7,Grocery,Champions
CUST11344,Delhi,18,Male,103,4,3385.71,846.43,734,4,0,0,3.8,58.4,Home,AtRisk
CUST11345,Bengaluru,39,Female,1,22,24034.81,1092.49,945,2,1,6,2.6,54.3,Home,Champions
CUST11346,Madurai,32,Male,297,2,691.88,345.94,761,3,1,3,3.6,68,Beauty,Lost
CUST11347,Bengaluru,38,Male,365,1,1246.22,1246.22,30,4,1,0,3,89,Fashion,Lost
CUST11348,Trichy,42,Female,14,15,33735.04,2249,266,6,1,2,4.1,74.1,Fashion,Champions
CUST11349,Chennai,37,Male,273,3,3553.28,1184.43,614,1,0,2,2.5,78,Beauty,Lost
CUST11350,Pune,41,Female,365,2,3510.190659,1026.76,527,4,0,0,4.6,43.4,Home,Lost
CUST11351,Mumbai,33,Male,49,15,15653.12,1043.54,502,3,1,1,3.1,54.6,Grocery,Loyal
CUST11352,Bengaluru,21,Male,134,4,3622.89,905.72,305,3,0,2,5,79,Fashion,AtRisk
CUST11353,Delhi,46,Male,66,11,14273.41,1297.58,178,2,0,5,4.9,67.2,Books,Loyal
CUST11354,Bengaluru,28,Male,139,6,5191.84,865.31,1202,3,0,2,4.2,74.5,Fashion,AtRisk
CUST11355,Pune,24,Male,27,9,15172.9,1685.88,608,4,1,2,2.6,77.3,Home,Loyal
CUST11356,Pune,32,Female,40,8,9017.52,1127.19,793,3,1,1,3.3,68.3,Fashion,Loyal
CUST11357,Bengaluru,24,Female,46,10,9521.5,952.15,602,6,1,5,3.1,96.6,Fashion,Loyal
CUST11358,Coimbatore,29,Female,5,7,12863.32,1837.62,614,4,0,4,3.2,54.4,Home,Champions
CUST11359,Mumbai,38,Other,276,2,2930.09,1465.04,581,4,1,4,5,48.6,Beauty,Lost
CUST11360,Pune,38,Male,58,7,15009.74,2144.25,264,3,0,3,3.7,29.7,Books,Loyal
CUST11361,Coimbatore,24,Female,27,13,8929.08,686.85,146,5,1,0,3.3,80,Electronics,Loyal
CUST11362,Mumbai,29,Male,274,2,2232.01,1116.01,716,6,0,5,3.2,53.6,Beauty,Lost
CUST11363,Delhi,46,Female,89,6,7711.23,1285.2,656,2,2,3,3.4,90.3,Grocery,AtRisk
CUST11364,Delhi,39,Male,137,4,2849.98,712.5,881,2,1,2,4.2,70,Electronics,AtRisk
CUST11365,Chennai,57,Other,234,3,3314.28,1104.76,821,4,1,3,2.5,58.2,Beauty,Lost
CUST11366,Delhi,47,Female,211,2,200,100,357,5,1,3,3.9,43.9,Fashion,Lost
CUST11367,Pune,47,Female,8,20,26867.32,1343.37,940,3,1,0,4.1,81.9,Beauty,Champions
CUST11368,Chennai,19,Female,19,5,17782.54,3556.51,830,2,0,2,2.4,63.9,Electronics,Loyal
CUST11369,Coimbatore,42,Female,310,1,1811.78,1811.78,807,4,1,0,2.7,70.4,Home,Lost
CUST11370,Trichy,33,Female,58,10,10705.64,1070.56,1275,6,1,3,3.8,77.1,Fashion,Loyal
CUST11371,Coimbatore,28,Male,15,12,14007.58,1167.3,1213,4,1,5,5,70.3,Fashion,Loyal
CUST11372,Pune,36,Male,71,11,20397,1854.27,807,2,0,0,4.8,48,Electronics,Loyal
CUST11373,Bengaluru,44,Male,3,23,42165.13,1833.27,770,4,0,3,3.3,75.4,Grocery,Champions
CUST11374,Coimbatore,40,Male,168,5,4481.68,896.34,924,5,1,4,4.9,81.4,Fashion,AtRisk
CUST11375,Pune,24,Female,343,1,3644.78,3644.78,425,3,0,4,3.5,72.2,Electronics,Lost
CUST11376,Bengaluru,42,Male,365,2,2956.17,1478.08,429,5,0,1,3.5,77.6,Fashion,Lost
CUST11377,Mumbai,27,Female,173,3,4538.425385,1108.46,802,5,0,0,3.9,79.5,Grocery,Lost
CUST11378,Bengaluru,36,Other,42,8,9175.11,1146.89,343,3,1,1,4.5,57.1,Beauty,Loyal
CUST11379,Mumbai,31,Female,10,20,18928.43,946.42,778,4,0,5,3.3,56.3,Sports,Champions
CUST11380,Chennai,32,Male,365,4,1866.03723,498.31,647,1,0,0,3.5,100,Grocery,Lost
CUST11381,Bengaluru,42,Male,14,12,12275.05,1022.92,343,5,1,0,2.8,91.5,Fashion,Loyal
CUST11382,Kochi,23,Male,35,7,16216.73,2316.68,608,3,0,2,4.1,64,Books,Loyal
CUST11383,Coimbatore,55,Male,234,2,1462.89,731.44,992,3,1,1,4.5,78.7,Books,Lost
CUST11384,Delhi,18,Female,148,6,4518.14,753.02,625,3,0,2,4.6,46.2,Electronics,AtRisk
CUST11385,Madurai,27,Female,53,10,15805.11,1580.51,626,4,2,5,2.7,53,Grocery,Loyal
CUST11386,Hyderabad,38,Female,348,3,972.84,324.28,699,2,1,0,3.5,40.1,Beauty,Lost
CUST11387,Chennai,40,Female,329,1,903.07,903.07,738,2,0,2,4.8,70.7,Beauty,Lost
CUST11388,Kochi,33,Female,9,15,28643.08,1909.54,501,3,2,2,4,70.9,Home,Champions
CUST11389,Bengaluru,33,Male,277,4,3608.802869,701.76,705,3,1,2,3.8,86.7,Grocery,Lost
CUST11390,Coimbatore,39,Female,34,12,10688.74,890.73,285,4,2,0,3.8,60.8,Fashion,Loyal
CUST11391,Chennai,31,Male,157,8,8354.37,1044.3,360,3,1,1,4.2,86.3,Beauty,AtRisk
CUST11392,Chennai,49,Male,226,3,2513.21,837.74,399,6,0,1,4,78.1,Fashion,Lost
CUST11393,Mumbai,43,Male,337,2,1933.43,966.72,741,5,1,4,3.3,100,Fashion,Lost
CUST11394,Madurai,44,Male,45,11,9933.08,903.01,648,5,0,3,4.5,98.3,Grocery,Loyal
CUST11395,Hyderabad,23,Male,60,8,11067.46,1383.43,560,3,2,0,2.8,94.8,Beauty,Loyal
CUST11396,Bengaluru,33,Male,1,12,45626.48,3802.21,807,7,1,2,4.9,81.7,Fashion,Champions
CUST11397,Coimbatore,31,Female,127,7,7320.65,1045.81,714,3,1,1,3.1,47.1,Grocery,AtRisk
CUST11398,Mumbai,23,Female,22,20,33057.21,1652.86,513,2,2,6,4.2,70.9,Fashion,Champions
CUST11399,Delhi,38,Male,41,14,17791.43,1270.82,289,5,4,3,3.7,100,Beauty,Loyal
CUST11400,Chennai,28,Male,68,19,51420.75202,1526.7,354,4,0,0,3.4,75.1,Beauty,Champions
CUST11401,Chennai,41,Female,41,10,12675.78003,1088.36,160,2,1,1,4.9,48.6,Beauty,Loyal
CUST11402,Chennai,22,Male,21,17,32053.09,1885.48,642,7,1,2,4.4,71.7,Electronics,Champions
CUST11403,Delhi,53,Female,303,2,2508.19,1254.1,341,5,0,3,3.8,45.2,Grocery,Lost
CUST11404,Delhi,24,Female,39,12,12312.46,1026.04,451,4,3,3,5,47.9,Electronics,Loyal
CUST11405,Bengaluru,36,Male,73,15,10292.85,686.19,562,7,2,3,4.6,73.3,Home,Loyal
CUST11406,Hyderabad,43,Male,326,1,2142.45,2142.45,913,5,1,2,3.2,79.8,Fashion,Lost
CUST11407,Hyderabad,28,Male,83,2,8259.3,4129.65,879,3,0,2,2,49,Home,AtRisk
CUST11408,Mumbai,43,Male,79,13,14822.19,1140.17,584,7,1,2,3.9,53.8,Electronics,Loyal
CUST11409,Pune,20,Male,12,27,43110.97208,918.26,980,4,1,0,4.9,36.5,Grocery,Champions
CUST11410,Coimbatore,50,Female,88,5,9346.69,1869.34,30,4,0,2,4.3,62.4,Electronics,AtRisk
CUST11411,Chennai,34,Male,5,13,12622.1,970.93,1163,3,0,1,5,26.1,Grocery,Loyal
CUST11412,Coimbatore,27,Female,227,1,2962.22,2962.22,808,4,0,0,3.3,59,Grocery,Lost
CUST11413,Chennai,31,Female,67,11,7986.26,726.02,631,3,1,7,3.7,66.6,Grocery,Loyal
CUST11414,Mumbai,43,Male,50,12,8124.7,677.06,333,6,1,3,3.7,29.9,Fashion,Loyal
CUST11415,Kochi,28,Male,63,11,4005.58,364.14,469,1,0,3,4,44.9,Electronics,Loyal
CUST11416,Chennai,26,Male,133,3,5235.87,1745.29,783,6,1,2,4.4,63.8,Home,AtRisk
CUST11417,Chennai,32,Male,167,4,2952.69,738.17,790,2,0,4,5,61.1,Beauty,Lost
CUST11418,Bengaluru,21,Female,26,13,56284.25814,2953.62,801,3,1,0,5,62,Home,Champions
CUST11419,Kochi,54,Male,158,6,3031.48,505.25,381,3,1,2,5,70.8,Sports,AtRisk
CUST11420,Madurai,28,Female,11,27,24805.36,918.72,321,3,1,1,4.3,31.6,Sports,Champions
CUST11421,Mumbai,43,Male,34,6,8674.71,1445.78,659,5,1,4,3.5,79.2,Fashion,Loyal
CUST11422,Chennai,36,Male,228,1,934.13,934.13,831,3,0,1,4,58.6,Home,Lost
CUST11423,Chennai,23,Male,10,11,15175.78,1379.62,601,2,0,5,4.3,53.1,Fashion,Loyal
CUST11424,Trichy,34,Female,321,1,2273.65,2273.65,1044,4,1,2,3.9,27.7,Sports,Lost
CUST11425,Kochi,43,Male,231,7,3047.59,435.37,610,2,1,4,3.1,59.6,Grocery,AtRisk
CUST11426,Chennai,32,Male,365,1,331.13,331.13,600,3,0,3,3.4,75.2,Home,Lost
CUST11427,Kochi,47,Female,159,5,1404.73,280.95,801,1,0,5,4.5,67.8,Electronics,AtRisk
CUST11428,Delhi,45,Male,16,18,12326.55,684.81,966,3,0,1,3.6,68.4,Grocery,Champions
CUST11429,Pune,44,Male,57,11,17295.04,1572.28,195,4,0,4,3.8,58.2,Home,Loyal
CUST11430,Bengaluru,29,Female,22,12,17222.65266,1228.52,265,4,0,0,3.7,63.8,Fashion,Loyal
CUST11431,Mumbai,22,Male,15,9,24869.58,2763.29,506,6,1,3,3.1,42.9,Electronics,Champions
CUST11432,Bengaluru,27,Female,73,4,4853.08,1213.27,1548,7,1,1,3.7,64.9,Home,AtRisk
CUST11433,Delhi,36,Female,17,10,14218.53,1421.85,522,3,0,0,3.4,55.2,Fashion,Loyal
CUST11434,Chennai,40,Female,365,1,2494.442828,2133.02,563,2,2,1,3.2,42.5,Fashion,Lost
CUST11435,Chennai,18,Female,19,8,11493.9,1436.74,786,5,1,1,3,80.1,Grocery,Loyal
CUST11436,Madurai,34,Female,365,2,2604.3,1302.15,893,4,0,2,3.7,33.5,Electronics,Lost
CUST11437,Delhi,36,Female,330,3,686.28,228.76,651,5,0,1,4.3,75.5,Electronics,Lost
CUST11438,Coimbatore,31,Female,196,1,1583.54,1583.54,949,4,1,3,4.7,76.7,Books,Lost
CUST11439,Delhi,48,Male,57,12,15099.66,1258.3,242,3,1,1,2.7,54.5,Fashion,Loyal
CUST11440,Kochi,39,Male,89,5,5039.44,1007.89,370,3,1,2,5,85.6,Fashion,AtRisk
CUST11441,Chennai,48,Female,48,6,13145.11,2190.85,949,4,2,2,4,54,Electronics,Loyal
CUST11442,Delhi,32,Female,61,14,19217.8,1372.7,603,3,1,3,2.9,52.8,Electronics,Loyal
CUST11443,Bengaluru,44,Male,58,9,11606.22,1289.58,221,5,2,4,3.5,41,Fashion,Loyal
CUST11444,Pune,52,Female,293,1,2009.53,2009.53,203,2,0,4,2.3,64.8,Fashion,Lost
CUST11445,Chennai,48,Male,37,11,17372.03,1579.28,357,5,0,3,2.5,45.8,Fashion,Loyal
CUST11446,Delhi,22,Female,211,5,7968.88,1593.78,601,1,0,3,5,49.2,Home,AtRisk
CUST11447,Hyderabad,31,Female,332,2,2233.91,1116.96,740,4,1,3,3.2,63.7,Home,Lost
CUST11448,Kochi,30,Female,7,17,20266.12,1192.12,501,3,0,2,4.2,64.5,Grocery,Champions
CUST11449,Delhi,39,Male,111,4,6042.29,1510.57,715,1,1,4,3.7,90.1,Beauty,AtRisk
CUST11450,Bengaluru,42,Female,134,2,1721.4,860.7,469,1,0,1,3.8,83.6,Beauty,Lost
CUST11451,Mumbai,25,Male,32,23,25750.45,1119.58,967,2,0,0,4.1,76,Grocery,Champions
CUST11452,Pune,35,Male,122,3,4774.18,1591.39,1366,4,0,0,2.1,62.1,Electronics,AtRisk
CUST11453,Mumbai,18,Male,44,12,15496.46,1291.37,482,3,0,5,4.9,56.9,Fashion,Loyal
CUST11454,Chennai,50,Female,319,3,827.71,275.9,744,2,0,2,3.7,64.5,Home,Lost
CUST11455,Kochi,28,Male,35,12,14941.77,1245.15,720,6,0,3,3.4,53.9,Electronics,Loyal
CUST11456,Delhi,35,Male,41,6,3954.03,659,642,2,0,2,4.2,51,Electronics,Loyal
CUST11457,Delhi,31,Female,82,1,5710,5710,796,5,1,4,3.2,63.4,Sports,AtRisk
CUST11458,Coimbatore,47,Female,20,12,25711.7288,1309.73,744,2,0,3,4,47.4,Home,Loyal
CUST11459,Delhi,18,Female,53,11,11489.97,1044.54,459,2,0,2,3.7,48.7,Electronics,Loyal
CUST11460,Bengaluru,34,Female,67,8,10224.29,1278.04,995,3,0,4,4.4,84.1,Fashion,Loyal
CUST11461,Delhi,33,Male,29,8,6068.35,758.54,660,4,2,2,3.6,37.4,Electronics,Loyal
CUST11462,Chennai,29,Female,318,8,4497.981883,425.32,485,1,1,3,3,44.2,Electronics,AtRisk
CUST11463,Delhi,53,Female,140,6,8563.52,1427.25,1333,4,3,2,4.1,90.5,Fashion,AtRisk
CUST11464,Trichy,24,Male,83,6,7735.69268,672.54,565,2,1,2,3.6,57.2,Home,AtRisk
CUST11465,Chennai,42,Male,126,8,2489.011191,393.77,676,2,3,1,2.3,92.5,Books,AtRisk
CUST11466,Trichy,38,Male,71,9,11977.65,1330.85,653,4,0,2,4,41.7,Home,Loyal
CUST11467,Bengaluru,48,Male,1,16,25927.33,1620.46,561,7,0,1,3.4,66.5,Fashion,Champions
CUST11468,Pune,27,Female,350,2,1945.99,973,735,2,1,5,4.1,80.4,Fashion,Lost
CUST11469,Hyderabad,26,Female,304,2,347.76,173.88,347,5,3,0,3.1,46.9,Grocery,Lost
CUST11470,Mumbai,46,Female,47,6,12134.21,2022.37,779,3,1,4,2.8,98.5,Electronics,Loyal
CUST11471,Delhi,39,Male,47,15,5627.642152,452.53,72,3,1,0,4.7,57.2,Beauty,Loyal
CUST11472,Pune,18,Male,132,2,8044.7,4022.35,211,5,0,4,4.5,75.2,Electronics,AtRisk
CUST11473,Bengaluru,28,Female,122,2,7435.41,3717.7,1148,2,0,1,3.8,51.4,Fashion,AtRisk
CUST11474,Madurai,38,Male,153,6,1690.79,281.8,223,2,0,4,4.2,94.8,Grocery,AtRisk
CUST11475,Delhi,43,Other,22,11,37579.39,3416.31,30,4,0,2,4.4,71.1,Electronics,Champions
CUST11476,Hyderabad,27,Male,142,6,8137.5,1356.25,231,6,0,0,3.8,100,Grocery,AtRisk
CUST11477,Hyderabad,18,Female,14,17,33562.34,1974.26,1122,5,0,5,2.8,88.6,Sports,Champions
CUST11478,Hyderabad,40,Male,11,14,6106.88,436.21,62,1,1,4,4,81.7,Home,Loyal
CUST11479,Bengaluru,21,Male,276,2,1767.36,883.68,313,3,0,4,4.6,45.9,Beauty,Lost
CUST11480,Hyderabad,18,Male,9,11,13946.48,1267.86,163,5,0,1,4.3,66.7,Fashion,Loyal
CUST11481,Chennai,18,Female,34,14,30106.12,2150.44,518,6,0,4,3.8,58.7,Fashion,Champions
CUST11482,Mumbai,43,Female,270,2,1558.63,779.32,469,4,0,0,4.3,65.5,Fashion,Lost
CUST11483,Chennai,35,Male,266,2,1865.73,932.86,456,3,0,0,3.6,68,Home,Lost
CUST11484,Madurai,32,Female,209,1,1440.68,1440.68,1157,6,0,0,4.6,47,Grocery,Lost
CUST11485,Bengaluru,49,Female,48,9,15486.82,1720.76,240,3,2,1,4.9,61.9,Grocery,Loyal
CUST11486,Bengaluru,41,Female,61,9,12761.13,1417.9,569,3,0,1,2.8,63.1,Electronics,Loyal
CUST11487,Delhi,52,Female,239,1,492.32,492.32,702,2,0,2,4.7,44.8,Home,Lost
CUST11488,Bengaluru,19,Male,109,2,4146.02,2073.01,306,2,1,2,5,81,Home,AtRisk
CUST11489,Bengaluru,34,Male,255,1,1633.66,1633.66,746,8,0,1,4.2,69.4,Electronics,Lost
CUST11490,Coimbatore,18,Female,32,12,16603.34,1383.61,480,6,0,0,4.6,81.3,Home,Loyal
CUST11491,Bengaluru,31,Female,78,15,11654.46,776.96,712,3,0,3,3.3,74.7,Beauty,Loyal
CUST11492,Coimbatore,31,Other,287,3,2930.82,976.94,568,6,0,2,3.4,30.7,Electronics,Lost
CUST11493,Chennai,41,Female,98,6,5064.74,844.12,30,4,1,1,3.6,48.3,Grocery,AtRisk
CUST11494,Mumbai,35,Male,18,20,27976.44,1398.82,992,4,1,5,3.5,98.1,Beauty,Champions
CUST11495,Delhi,41,Female,60,8,11782.59,1472.82,1221,2,0,2,2.8,80.7,Grocery,Loyal
CUST11496,Mumbai,42,Male,114,4,6467.55,1616.89,547,3,1,3,3.7,32.6,Beauty,AtRisk
CUST11497,Bengaluru,58,Other,11,22,19529.14,887.69,331,3,0,4,4.5,74.4,Fashion,Champions
CUST11498,Bengaluru,31,Male,27,7,8331.89,1190.27,1052,1,0,0,2.8,48.4,Electronics,Loyal
CUST11499,Pune,24,Female,46,15,5759.03,383.94,1167,3,0,2,3.9,23.1,Electronics,Loyal
CUST11500,Mumbai,37,Female,247,3,3261.46,1087.15,549,4,1,4,3.9,98.1,Books,Lost
CUST11501,Bengaluru,25,Male,95,5,19418.65,3883.73,534,5,0,2,3.6,66.5,Electronics,Loyal
CUST11502,Chennai,50,Male,228,2,4439.33,2219.66,576,3,1,0,4.2,69.3,Beauty,Lost
CUST11503,Madurai,31,Female,20,7,16525.2,2360.74,98,5,1,2,4.1,39.9,Fashion,Loyal
CUST11504,Bengaluru,28,Female,98,3,7466.56,2488.85,513,1,2,3,3.5,41.9,Electronics,AtRisk
CUST11505,Bengaluru,29,Male,13,13,10550.6,811.58,1114,5,0,0,4.6,33.2,Fashion,Champions
CUST11506,Mumbai,42,Female,220,4,13009.5637,1778.42,549,2,0,0,4.2,93.3,Grocery,AtRisk
CUST11507,Mumbai,32,Female,326,3,3691.65,1230.55,288,4,0,6,5,32.1,Electronics,Lost
CUST11508,Mumbai,27,Male,302,2,803.06,401.53,749,4,2,3,3.7,97.3,Sports,Lost
CUST11509,Hyderabad,52,Male,121,1,5875.45,5875.45,400,4,1,5,3.5,45.3,Sports,AtRisk
CUST11510,Hyderabad,25,Female,84,4,4938.39,1234.6,580,3,1,4,3.6,40.4,Electronics,AtRisk
CUST11511,Delhi,34,Female,248,1,1591.56,1591.56,219,2,1,3,4.7,63.9,Home,Lost
CUST11512,Kochi,41,Female,310,1,1977.21,1977.21,289,2,1,2,3.7,51.3,Grocery,Lost
CUST11513,Chennai,18,Female,365,3,3442.995989,638.15,821,5,0,3,3.7,66.9,Books,Lost
CUST11514,Coimbatore,39,Male,56,9,6429.95,714.44,635,3,1,5,5,47.5,Electronics,Loyal
CUST11515,Chennai,22,Male,284,2,2069.53,1034.77,367,3,1,4,2.7,58.7,Grocery,Lost
CUST11516,Delhi,43,Male,15,14,28905.28,2064.66,636,1,0,3,4.1,49.8,Fashion,Champions
CUST11517,Pune,23,Male,39,5,12623.01,2524.6,418,5,0,2,3.8,82.2,Home,Loyal
CUST11518,Coimbatore,42,Female,4,22,34357.13,1561.69,365,2,1,3,3.6,75.3,Electronics,Champions
CUST11519,Kochi,46,Female,59,13,11599.81,892.29,949,5,0,1,3,70,Grocery,Loyal
CUST11520,Chennai,43,Male,339,1,4407.59,4407.59,835,2,2,3,3.3,86.1,Sports,Lost
CUST11521,Kochi,37,Male,244,1,917.95,917.95,594,5,0,1,3.5,70.3,Grocery,Lost
CUST11522,Bengaluru,31,Female,365,2,1103.369428,643.24,643,4,0,2,4.2,68.6,Grocery,Lost
CUST11523,Chennai,28,Female,145,4,7030.55,1757.64,597,3,1,0,4.5,62.6,Grocery,AtRisk
CUST11524,Bengaluru,50,Female,105,6,5704.03,950.67,746,6,1,2,2.4,50.7,Fashion,AtRisk
CUST11525,Coimbatore,26,Female,86,5,10513.39,2102.68,360,3,0,1,2.8,50.7,Fashion,AtRisk
CUST11526,Madurai,23,Female,70,13,10904.03,838.77,859,3,2,6,4.2,67.9,Grocery,Loyal
CUST11527,Madurai,41,Female,271,2,3643.83,1821.92,706,5,3,1,4.3,85.4,Books,Lost
CUST11528,Hyderabad,25,Male,106,6,7466.02,1244.34,521,1,1,3,2.6,76.4,Electronics,AtRisk
CUST11529,Mumbai,24,Male,130,1,3691.46,3691.46,454,1,1,1,4.5,76.3,Fashion,AtRisk
CUST11530,Madurai,18,Male,123,3,4806,1602,852,5,1,3,3.8,42.9,Fashion,AtRisk
CUST11531,Mumbai,29,Male,198,1,1384.02,1384.02,555,2,1,3,4.4,75.5,Grocery,Lost
CUST11532,Delhi,33,Female,49,8,12603.70303,1295.49,390,5,2,0,3.1,57,Electronics,Loyal
CUST11533,Coimbatore,37,Female,67,14,13525.08,966.08,485,4,0,0,2.7,68.5,Sports,Loyal
CUST11534,Bengaluru,44,Male,263,1,2393.58,2393.58,831,2,0,1,3.6,76,Grocery,Lost
CUST11535,Chennai,40,Male,137,6,6120.48,1020.08,117,4,2,0,3.6,41.9,Sports,AtRisk
CUST11536,Coimbatore,32,Male,263,1,3034.66,3034.66,493,3,0,3,3.5,68.1,Fashion,Lost
CUST11537,Delhi,32,Male,89,14,15272.7,1090.91,921,2,1,3,3.5,69.7,Electronics,Loyal
CUST11538,Coimbatore,40,Female,46,10,13609.56,1360.96,550,2,0,0,5,85,Electronics,Loyal
CUST11539,Mumbai,48,Female,132,3,2486.5,828.83,682,1,3,3,2.4,54.7,Grocery,Lost
CUST11540,Delhi,35,Female,61,9,11517.93,1279.77,926,4,1,2,3.1,63.8,Electronics,Loyal
CUST11541,Chennai,29,Female,156,4,9248.58,2312.14,868,2,2,2,3.5,68.4,Beauty,AtRisk
CUST11542,Mumbai,23,Female,33,17,11371.09,668.89,468,3,2,1,3.8,54.7,Beauty,Loyal
CUST11543,Coimbatore,18,Female,45,12,15747.26,1312.27,561,3,0,3,4.4,54.3,Home,Loyal
CUST11544,Kochi,41,Male,172,7,9527.76,1361.11,871,2,0,6,4.5,53.5,Sports,AtRisk
CUST11545,Bengaluru,40,Female,7,14,27133.33,1938.1,882,1,1,4,4.7,62.4,Grocery,Champions
CUST11546,Hyderabad,40,Female,247,1,3844.323818,2191.77,574,7,1,5,4.2,99.9,Grocery,Lost
CUST11547,Mumbai,33,Female,269,1,2938.61,2938.61,584,3,0,0,2.4,63.2,Grocery,Lost
CUST11548,Chennai,49,Male,41,11,13853.78,1259.43,680,6,2,1,2.5,74.8,Electronics,Loyal
CUST11549,Delhi,29,Male,131,1,5009.66,5009.66,1010,5,0,4,4.7,65.6,Grocery,AtRisk
CUST11550,Kochi,45,Male,77,6,3665.91,610.98,920,3,2,6,4.7,58.8,Grocery,AtRisk
CUST11551,Mumbai,34,Female,61,14,12290.76,877.91,808,4,1,4,4.3,64.5,Home,Loyal
CUST11552,Hyderabad,27,Male,69,11,11856.39,1077.85,276,4,1,0,3.1,80.4,Fashion,Loyal
CUST11553,Pune,41,Female,43,8,13381.08,1672.64,518,6,0,2,3.5,63.9,Electronics,Loyal
CUST11554,Coimbatore,39,Female,109,4,3346.26,836.56,533,5,0,3,3.5,61.8,Grocery,AtRisk
CUST11555,Coimbatore,38,Male,80,4,6631.07,1657.77,1026,2,0,2,3,60.3,Beauty,AtRisk
CUST11556,Mumbai,35,Female,188,7,11759.46,1679.92,528,4,0,1,4,45.1,Books,AtRisk
CUST11557,Bengaluru,34,Female,351,3,1106.93,368.98,976,5,1,2,5,85.8,Electronics,Lost
CUST11558,Hyderabad,60,Male,199,7,7347.74,1049.68,429,2,1,2,3.4,56.1,Home,AtRisk
CUST11559,Pune,47,Female,146,7,2015.22,287.89,453,4,0,0,4.8,94.4,Grocery,AtRisk
CUST11560,Bengaluru,42,Male,293,2,1503.64,751.82,744,6,0,4,3.1,69.9,Electronics,Lost
CUST11561,Coimbatore,35,Male,76,10,10126.61,1012.66,1070,2,2,2,2.6,93.1,Home,Loyal
CUST11562,Hyderabad,45,Female,365,2,4945.445308,1267.82,536,2,1,2,4.6,61,Electronics,Lost
CUST11563,Coimbatore,40,Female,154,9,4184.99,465,30,5,0,5,3.6,50.3,Beauty,AtRisk
CUST11564,Hyderabad,34,Other,351,1,200,200,131,3,1,2,4.8,85.9,Home,Lost
CUST11565,Bengaluru,31,Female,130,8,4440.21,555.03,689,2,4,4,5,53.8,Home,AtRisk
CUST11566,Delhi,33,Female,76,13,15286.16,1175.86,158,5,2,0,3.6,90.7,Electronics,Loyal
CUST11567,Chennai,18,Female,135,3,3944.99,1315,340,4,1,3,4.9,76.6,Sports,AtRisk
CUST11568,Mumbai,36,Female,43,4,4076.795252,1924.14,604,4,1,4,3.1,94.3,Sports,Loyal
CUST11569,Bengaluru,29,Female,56,5,5030.27,1006.05,30,5,0,1,3.1,45.5,Sports,AtRisk
CUST11570,Mumbai,52,Male,35,9,10354.17,1150.46,486,5,1,2,4.7,84.1,Fashion,Loyal
CUST11571,Chennai,34,Female,272,2,3416.58,1708.29,251,3,1,2,2.6,50.1,Grocery,Lost
CUST11572,Delhi,21,Male,117,4,6923.49,1730.87,150,6,0,3,3.8,17.1,Electronics,AtRisk
CUST11573,Pune,33,Female,111,9,7917.784264,856.11,359,6,0,3,4.8,82.9,Electronics,AtRisk
CUST11574,Coimbatore,22,Male,33,14,14444.42,1031.74,279,1,0,1,4.9,64.9,Electronics,Loyal
CUST11575,Chennai,39,Female,280,1,2303.39,2303.39,741,2,1,2,3.5,84.2,Grocery,Lost
CUST11576,Chennai,37,Male,186,1,2153.03,2153.03,959,1,0,6,4.6,66.8,Fashion,Lost
CUST11577,Delhi,45,Male,354,1,369.49,369.49,491,3,1,5,2.9,65.4,Grocery,Lost
CUST11578,Mumbai,25,Female,53,8,13315.11711,933.56,421,2,2,4,3.3,95,Grocery,Loyal
CUST11579,Mumbai,34,Male,131,7,8729.41,1247.06,476,2,0,2,4,67.4,Sports,AtRisk
CUST11580,Coimbatore,19,Female,1,13,23721.17,1824.71,268,5,3,7,4.1,55.5,Sports,Champions
CUST11581,Bengaluru,42,Male,118,5,7310.51,1462.1,213,1,1,5,3,63.2,Home,AtRisk
CUST11582,Mumbai,40,Male,6,12,31716.02,2643,106,4,0,3,5,68.2,Beauty,Champions
CUST11583,Bengaluru,39,Male,127,7,1339.62107,159.23,201,4,0,3,2.3,8.1,Electronics,AtRisk
CUST11584,Trichy,34,Female,157,3,3356.74,1118.91,1090,3,0,2,3.8,74.8,Electronics,AtRisk
CUST11585,Chennai,39,Male,64,15,5707.97,380.53,393,4,0,3,4,92.2,Grocery,Loyal
CUST11586,Delhi,52,Female,131,6,5604.76,934.13,30,1,1,4,2.4,64,Home,AtRisk
CUST11587,Bengaluru,31,Male,162,3,749.9501065,237.8,424,2,1,4,4.9,56.6,Beauty,Lost
CUST11588,Bengaluru,36,Male,16,20,27333.34,1366.67,123,6,2,2,3.2,72.8,Fashion,Champions
CUST11589,Delhi,22,Male,220,2,1601.42,800.71,618,2,1,0,3.9,99.9,Sports,Lost
CUST11590,Delhi,24,Male,18,20,41485.95,2074.3,585,6,0,3,4.1,74.4,Beauty,Champions
CUST11591,Trichy,35,Female,1,15,37861.83,2524.12,617,1,0,4,2.6,69.3,Electronics,Champions
CUST11592,Chennai,46,Female,21,14,12252.31,875.16,588,1,1,1,2.9,57.2,Fashion,Loyal
CUST11593,Chennai,31,Female,324,2,2807.43,1403.72,488,2,1,2,5,43.6,Books,Lost
CUST11594,Delhi,31,Male,59,10,5214.17,521.42,163,5,0,5,3.7,65.5,Fashion,Loyal
CUST11595,Mumbai,30,Male,149,2,200,100,578,3,2,0,1.6,65.8,Fashion,Lost
CUST11596,Coimbatore,28,Male,109,3,6368.2,2122.73,906,4,1,2,3.6,26.4,Fashion,AtRisk
CUST11597,Chennai,37,Female,15,18,56688.04986,1982,1144,4,1,5,3.8,50.5,Grocery,Champions
CUST11598,Chennai,18,Male,187,2,8153.55,4076.78,529,3,1,3,4,88.2,Home,AtRisk
CUST11599,Pune,48,Female,21,26,34061.87,1310.07,561,5,0,1,2.2,59.8,Electronics,Champions
CUST11600,Coimbatore,27,Male,254,2,2788.36,1394.18,750,5,1,2,3.8,15.9,Beauty,Lost
CUST11601,Madurai,42,Male,13,13,17678.66,1359.9,1048,2,0,4,3.1,97,Sports,Champions
CUST11602,Coimbatore,20,Male,22,8,11255.17347,850.6,454,3,1,2,4,47.2,Beauty,Loyal
CUST11603,Bengaluru,41,Male,334,2,1639.97,819.98,808,6,0,4,4.2,55.6,Sports,Lost
CUST11604,Chennai,41,Female,186,2,2271.144044,888.29,353,4,0,3,4.1,86.2,Electronics,Lost
CUST11605,Mumbai,38,Male,61,9,15026.38,1669.6,699,1,0,3,4.9,50.2,Grocery,Loyal
CUST11606,Chennai,23,Female,237,1,2253.59,2253.59,891,1,0,4,5,25.6,Electronics,Lost
CUST11607,Hyderabad,37,Male,45,18,11180.86,621.16,213,5,0,2,2.9,69.4,Beauty,Loyal
CUST11608,Coimbatore,21,Female,255,1,2269.32,2269.32,442,5,1,1,3.5,80.9,Books,Lost
CUST11609,Mumbai,31,Male,119,7,6107.96,872.57,886,2,1,3,4.4,55.6,Fashion,AtRisk
CUST11610,Pune,45,Female,72,16,17141.95,1071.37,785,5,0,2,3.7,62.5,Grocery,Loyal
CUST11611,Delhi,43,Female,68,10,7180.74,718.07,911,6,1,2,1.6,41.4,Fashion,Loyal
CUST11612,Mumbai,34,Female,9,8,33303.95,4162.99,855,6,1,4,3.6,45.1,Fashion,Champions
CUST11613,Madurai,23,Male,74,8,11624.19,1453.02,498,6,0,5,4.8,58.6,Grocery,Loyal
CUST11614,Madurai,41,Female,74,10,13598.34,1359.83,1260,4,1,2,2.7,78,Beauty,Loyal
CUST11615,Delhi,34,Male,133,7,6126.77,875.25,641,3,1,3,4,67,Electronics,AtRisk
CUST11616,Trichy,18,Male,159,1,1287.57,1287.57,30,3,2,0,2.3,85.4,Electronics,Lost
CUST11617,Delhi,43,Male,11,20,31010.61,1550.53,515,3,1,2,4.5,98.1,Fashion,Champions
CUST11618,Mumbai,34,Male,122,6,6594.49,1099.08,459,2,0,3,4,82.7,Electronics,AtRisk
CUST11619,Delhi,47,Other,104,5,5362.45,1072.49,839,3,0,2,3.3,33.2,Home,AtRisk
CUST11620,Bengaluru,22,Male,323,2,2624.91,1312.46,465,5,1,2,3.5,59.3,Electronics,Lost
CUST11621,Chennai,18,Female,121,2,6217.21,3108.6,930,1,0,4,2.6,82.5,Fashion,AtRisk
CUST11622,Mumbai,37,Female,42,3,8814.58,2938.19,767,1,2,3,4.6,62.6,Home,AtRisk
CUST11623,Kochi,37,Female,48,11,7317.94,665.27,300,5,0,8,3.2,32.6,Fashion,Loyal
CUST11624,Chennai,18,Female,22,6,16127.05,2687.84,558,3,0,3,4.2,54,Sports,Loyal
CUST11625,Delhi,23,Male,10,17,32851.4,1932.44,367,1,0,0,3,19.6,Home,Champions
CUST11626,Coimbatore,64,Female,24,10,14042.72,1404.27,655,3,1,0,5,59.5,Fashion,Loyal
CUST11627,Mumbai,31,Male,9,14,31940.88,2281.49,366,3,0,4,5,51.3,Electronics,Champions
CUST11628,Chennai,42,Female,87,3,6485.179358,1930.07,622,3,0,1,5,57.8,Sports,AtRisk
CUST11629,Bengaluru,27,Female,3,14,5562.85,397.35,518,5,2,1,5,88.6,Fashion,Loyal
CUST11630,Hyderabad,18,Other,134,5,5924.47,1184.89,554,2,0,0,3.3,38.4,Fashion,AtRisk
CUST11631,Madurai,32,Male,10,21,26873.39295,1505.81,1215,4,0,2,3.1,50.6,Beauty,Champions
CUST11632,Delhi,31,Male,273,1,200,200,492,3,0,3,5,42.2,Electronics,Lost
CUST11633,Hyderabad,30,Male,264,1,1549.58,1549.58,30,4,2,3,3.7,86.4,Grocery,Lost
CUST11634,Kochi,33,Male,23,5,11849.03,2369.81,905,1,1,0,4.5,87.6,Home,Loyal
CUST11635,Coimbatore,37,Male,46,12,13543.83,1128.65,902,3,1,4,3.3,72.2,Beauty,Loyal
CUST11636,Bengaluru,32,Female,183,7,5916.04,845.15,30,4,0,0,3.3,71.2,Sports,AtRisk
CUST11637,Chennai,20,Male,38,22,49606.93,2254.86,390,4,1,3,4.5,41,Grocery,Champions
CUST11638,Trichy,39,Male,34,14,9639.77,688.56,731,6,1,3,2.2,69,Beauty,Loyal
CUST11639,Kochi,18,Female,41,8,6080.54,760.07,757,5,0,1,4.4,42.6,Electronics,Loyal
CUST11640,Mumbai,18,Female,264,3,2153.68,717.89,599,4,0,0,4.2,65.8,Fashion,Lost
CUST11641,Hyderabad,42,Male,281,2,1655.05,827.52,605,5,2,3,3.4,58.1,Electronics,Lost
CUST11642,Mumbai,40,Male,134,7,9244.43,1320.63,318,3,0,1,3.8,53.1,Electronics,AtRisk
CUST11643,Mumbai,33,Male,91,2,3229.87,1614.94,30,6,1,2,3.9,65.6,Home,AtRisk
CUST11644,Chennai,19,Male,308,2,213.9748218,100,1215,5,0,4,4,78.5,Electronics,Lost
CUST11645,Hyderabad,26,Female,249,4,5424.822788,689.51,309,3,1,3,4.4,100,Grocery,Lost
CUST11646,Chennai,31,Male,198,1,751.61,751.61,653,6,0,1,3.1,76,Fashion,Lost
CUST11647,Hyderabad,18,Female,8,7,27390.51,3912.93,552,4,0,2,5,100,Electronics,Champions
CUST11648,Hyderabad,26,Female,12,15,35490.7,2366.05,869,7,1,1,3.6,69,Home,Champions
CUST11649,Delhi,41,Female,62,4,10439.62,2609.91,634,4,3,4,3.7,100,Home,AtRisk
CUST11650,Chennai,50,Male,151,4,3059.05,764.76,646,3,3,6,5,73.7,Home,AtRisk
CUST11651,Madurai,29,Male,14,30,24232.08,807.74,30,2,0,1,2.3,69.8,Home,Champions
CUST11652,Coimbatore,42,Female,8,21,34325.13,1634.53,350,3,0,2,5,61.6,Fashion,Champions
CUST11653,Bengaluru,18,Male,315,3,1932.49,644.16,823,3,1,4,3.9,71,Books,Lost
CUST11654,Chennai,41,Male,310,2,2153.03,1076.52,796,5,0,3,3.4,73.6,Electronics,Lost
CUST11655,Kochi,25,Male,55,15,13113.84,874.26,315,3,1,4,2.9,36.7,Home,Loyal
CUST11656,Mumbai,37,Male,292,3,2019.83,673.28,127,1,1,3,2.8,79,Books,Lost
CUST11657,Madurai,31,Female,97,1,4364.45,4364.45,638,4,1,0,3.5,35.3,Fashion,AtRisk
CUST11658,Bengaluru,49,Male,345,2,3169.01,1584.5,30,4,1,3,4,79,Fashion,Lost
CUST11659,Bengaluru,24,Female,39,8,20844.97,2605.62,255,3,0,5,4.3,77,Grocery,Loyal
CUST11660,Mumbai,41,Male,24,21,40955.07279,1691.17,1128,4,1,3,4,93.4,Beauty,Champions
CUST11661,Mumbai,31,Female,23,11,10452.06,950.19,1034,3,1,6,3.4,47.8,Fashion,Loyal
CUST11662,Pune,32,Female,44,9,18276.96,2030.77,746,4,1,0,4.9,45.3,Beauty,Loyal
CUST11663,Bengaluru,32,Female,146,6,7861.85,1310.31,692,4,0,3,5,87.1,Fashion,AtRisk
CUST11664,Trichy,25,Male,1,24,30915.41,1288.14,30,4,0,1,5,43.5,Beauty,Champions
CUST11665,Pune,34,Male,282,1,1946.74,1946.74,378,2,2,1,3.5,41.5,Fashion,Lost
CUST11666,Coimbatore,33,Male,27,9,8990.84,998.98,511,7,1,5,4.2,69.2,Grocery,Loyal
CUST11667,Kochi,37,Female,40,8,12862.18,1607.77,384,1,2,2,4.3,64.1,Fashion,Loyal
CUST11668,Chennai,35,Female,136,5,8575.79,1715.16,495,3,1,2,5,68.1,Fashion,AtRisk
CUST11669,Hyderabad,43,Female,139,5,2491.25,498.25,990,2,2,3,3.5,75.8,Fashion,AtRisk
CUST11670,Bengaluru,44,Male,72,12,15086.09,1257.17,437,4,0,0,3,75.9,Grocery,Loyal
CUST11671,Pune,22,Female,347,2,2427.46,1213.73,498,4,0,5,4.7,63.4,Beauty,Lost
CUST11672,Pune,44,Male,121,8,3268.25,408.53,822,3,1,6,4.1,66,Home,AtRisk
CUST11673,Hyderabad,21,Female,135,5,6694.61,1338.92,174,6,1,4,2.9,63.7,Fashion,AtRisk
CUST11674,Hyderabad,40,Male,115,4,11861.05,2965.26,348,5,1,3,4.4,65.7,Fashion,AtRisk
CUST11675,Madurai,41,Female,10,18,41353.98,2297.44,379,3,1,2,5,37.3,Beauty,Champions
CUST11676,Chennai,18,Male,95,6,9115.66,1519.28,617,5,2,0,3.2,80.1,Beauty,AtRisk
CUST11677,Bengaluru,35,Male,364,2,1944.1,972.05,497,6,0,5,3.1,86,Grocery,Lost
CUST11678,Chennai,29,Female,23,22,20925.79,951.17,506,5,1,4,3.8,77.7,Home,Champions
CUST11679,Delhi,26,Male,40,13,11966.35,920.49,401,3,0,3,4.3,76.2,Fashion,Loyal
CUST11680,Madurai,49,Female,315,1,2612.96,2612.96,279,1,0,3,3.7,45.2,Electronics,Lost
CUST11681,Trichy,27,Female,80,10,10809.06,1080.91,783,4,0,3,4.7,36.7,Fashion,Loyal
CUST11682,Delhi,25,Female,38,6,21083.21334,2484.08,499,5,1,1,4,81.6,Home,Loyal
CUST11683,Hyderabad,35,Male,235,4,3393.5,848.38,786,2,1,8,4.6,65.6,Home,Lost
CUST11684,Chennai,42,Male,33,11,19565.82,1778.71,267,4,3,2,3.2,68.4,Beauty,Loyal
CUST11685,Pune,32,Female,12,22,24102.23,1095.56,400,3,0,2,2.8,69.3,Electronics,Champions
CUST11686,Kochi,47,Male,272,2,2137.54,1068.77,534,6,0,5,3.5,70.1,Grocery,Lost
CUST11687,Bengaluru,40,Female,354,3,2781.85,927.28,562,6,0,2,2.7,77.9,Fashion,Lost
CUST11688,Mumbai,18,Male,23,11,13202.35,1200.21,826,5,0,2,4.1,63.1,Home,Loyal
CUST11689,Hyderabad,28,Male,116,7,8806.906078,768.54,471,3,0,5,2.2,26.9,Fashion,AtRisk
CUST11690,Chennai,28,Male,190,1,3455.33,3455.33,824,5,0,4,3.4,78.8,Grocery,Lost
CUST11691,Mumbai,39,Male,25,6,200,33.33,712,4,0,4,3.6,76.6,Home,AtRisk
CUST11692,Bengaluru,18,Male,44,9,9935.76,1103.97,568,3,0,0,3,39.1,Home,Loyal
CUST11693,Chennai,62,Female,7,21,29699.04,1414.24,315,7,1,3,3.6,41.7,Fashion,Champions
CUST11694,Bengaluru,40,Female,68,16,11240.99,702.56,827,2,2,0,3.8,82.7,Electronics,Loyal
CUST11695,Chennai,36,Male,256,3,3357.18,1119.06,322,4,1,2,4.8,87.4,Fashion,Lost
CUST11696,Chennai,47,Female,365,3,3157.723202,538.24,594,5,1,3,3,11.7,Grocery,Lost
CUST11697,Chennai,60,Male,228,2,3036.43,1518.22,584,3,1,2,4.1,73.8,Electronics,Lost
CUST11698,Kochi,44,Female,332,2,2248.77,1124.38,538,4,0,4,4.2,60.6,Electronics,Lost
CUST11699,Mumbai,44,Female,113,6,6204.11,1034.02,483,5,1,4,3.8,66.5,Books,AtRisk
CUST11700,Kochi,35,Female,35,5,22078.83,4415.77,353,4,1,4,3.4,67.6,Fashion,Loyal
CUST11701,Bengaluru,32,Male,303,1,3117.23,3117.23,115,4,0,0,2.9,49.8,Grocery,Lost
CUST11702,Madurai,29,Male,181,5,6905.74,1381.15,1021,4,2,7,5,78.1,Electronics,AtRisk
CUST11703,Mumbai,25,Male,149,5,5043.26,1008.65,452,5,0,2,3.9,51.2,Grocery,AtRisk
CUST11704,Bengaluru,26,Female,19,16,35046.45,2190.4,562,3,0,5,3.5,79.9,Fashion,Champions
CUST11705,Chennai,19,Male,237,2,2568.63,1284.32,560,3,1,0,5,84.4,Grocery,Lost
CUST11706,Delhi,33,Female,63,3,12539.63,4179.88,929,4,1,2,4,47.6,Grocery,Loyal
CUST11707,Coimbatore,18,Male,69,8,9622.35,1202.79,1180,5,1,0,5,48,Books,Loyal
CUST11708,Mumbai,36,Female,129,5,3873.19,774.64,648,1,0,1,2.7,67.3,Fashion,AtRisk
CUST11709,Delhi,34,Male,91,3,6397.91,2132.64,553,2,1,3,3.6,95.1,Grocery,AtRisk
CUST11710,Chennai,36,Male,30,12,7419.73,618.31,263,7,0,2,2.7,53.1,Fashion,Loyal
CUST11711,Chennai,28,Male,316,1,2275.67,2275.67,167,4,3,5,3.7,56.9,Fashion,Lost
CUST11712,Hyderabad,68,Male,56,7,7997.352448,670.91,68,3,1,6,3.7,71.4,Electronics,Loyal
CUST11713,Bengaluru,49,Male,59,7,13454.34,1922.05,361,5,1,1,3.4,78.1,Home,Loyal
CUST11714,Chennai,20,Female,48,13,14618.57,1124.51,30,2,0,2,3.8,75.5,Electronics,Loyal
CUST11715,Trichy,37,Male,160,4,3644.35,911.09,924,1,0,0,3.5,65.6,Grocery,AtRisk
CUST11716,Chennai,27,Male,344,3,1771.63926,811.32,727,4,0,5,3.7,58.9,Fashion,Lost
CUST11717,Delhi,23,Female,227,1,2255.24,2255.24,525,2,1,3,3.2,71.6,Grocery,Lost
CUST11718,Trichy,19,Male,237,3,2294.33,764.78,933,4,0,3,5,1,Fashion,Lost
CUST11719,Coimbatore,39,Female,24,19,29435.44,1549.23,279,4,1,3,2.9,100,Fashion,Champions
CUST11720,Chennai,27,Other,17,15,38286.07,2552.4,354,4,0,2,4,61.3,Fashion,Champions
CUST11721,Chennai,45,Male,115,8,10681.12,1335.14,30,1,1,1,2.8,68.6,Electronics,AtRisk
CUST11722,Madurai,45,Male,31,11,10413.22,946.66,832,4,0,3,3.1,100,Fashion,Loyal
CUST11723,Chennai,49,Male,306,1,1841.17,1841.17,357,4,0,2,3.2,50.2,Beauty,Lost
CUST11724,Delhi,25,Female,183,9,9791.86,1087.98,605,1,1,3,3.7,100,Beauty,AtRisk
CUST11725,Chennai,39,Female,336,2,1748.28,874.14,901,1,1,0,3.9,79.8,Home,Lost
CUST11726,Mumbai,41,Female,38,11,11940.12,1085.47,1011,2,1,3,2.9,73.9,Home,Loyal
CUST11727,Trichy,29,Female,81,8,7644.78,955.6,591,5,1,1,3.5,77.9,Beauty,AtRisk
CUST11728,Hyderabad,26,Male,149,2,3551.848708,3112.14,715,1,2,3,3,48.2,Electronics,AtRisk
CUST11729,Mumbai,52,Female,44,12,7318.15,609.85,329,5,0,4,3,32,Grocery,Loyal
CUST11730,Madurai,37,Female,86,2,4349.59,2174.8,1105,4,0,1,4.7,41.4,Electronics,AtRisk
CUST11731,Mumbai,41,Female,14,9,12531.71,1392.41,550,3,1,5,2.7,86.7,Home,Loyal
CUST11732,Mumbai,25,Female,60,9,13925.98,1547.33,624,1,2,0,3.9,46.3,Grocery,Loyal
CUST11733,Bengaluru,21,Female,35,12,9859.34,821.61,478,2,1,6,5,31.9,Beauty,Loyal
CUST11734,Chennai,28,Male,7,18,22706.48,1261.47,960,5,0,5,4.8,63.4,Beauty,Champions
CUST11735,Pune,33,Male,61,3,5948.03,1982.68,660,5,0,1,4.1,76.5,Grocery,AtRisk
CUST11736,Bengaluru,22,Male,1,6,18761.81,3126.97,828,2,1,1,3.8,65.8,Grocery,Loyal
CUST11737,Coimbatore,34,Male,20,12,18875.37,1572.95,706,5,0,0,4.4,77.1,Electronics,Champions
CUST11738,Bengaluru,18,Female,45,4,8651.57,2162.89,534,5,1,4,4.1,88.1,Grocery,Loyal
CUST11739,Bengaluru,22,Male,30,9,13133.91,1459.32,879,3,0,2,4.9,76.4,Home,Loyal
CUST11740,Hyderabad,41,Female,79,13,15393.27,1184.1,704,2,0,2,3.7,61.9,Fashion,Loyal
CUST11741,Delhi,41,Male,11,14,30465.03,2176.07,312,3,0,0,4.6,54.1,Books,Champions
CUST11742,Hyderabad,30,Male,83,5,10098.24,2019.65,303,6,0,6,3.5,80.4,Books,AtRisk
CUST11743,Chennai,23,Female,124,1,8171.64,8171.64,645,4,0,1,5,70.5,Fashion,AtRisk
CUST11744,Bengaluru,23,Female,92,4,6509.23,1627.31,872,5,0,3,3.7,47.8,Home,AtRisk
CUST11745,Bengaluru,30,Female,251,3,3763.17,1254.39,1092,4,1,3,2.5,91,Electronics,Lost
CUST11746,Chennai,41,Male,33,11,11690.84,1062.8,67,3,1,2,3.9,70.2,Home,Loyal
CUST11747,Coimbatore,44,Male,1,8,8309.94,1038.74,608,4,0,1,4.4,78.1,Grocery,AtRisk
CUST11748,Hyderabad,29,Male,313,1,2477.53,2477.53,747,7,1,2,5,57.2,Beauty,Lost
CUST11749,Chennai,21,Male,23,13,11246.09,865.08,689,3,2,4,3,87.6,Fashion,Loyal
CUST11750,Mumbai,37,Male,163,7,7364.03,1052,903,5,0,2,2.4,33.3,Beauty,AtRisk
CUST11751,Coimbatore,25,Female,55,4,6284.54,1571.14,797,4,1,6,4.2,98.5,Beauty,Loyal
CUST11752,Chennai,28,Female,32,11,17429.37,1584.49,304,1,1,1,4.2,26.2,Home,Loyal
CUST11753,Coimbatore,49,Female,365,3,1426.7,475.57,296,1,0,4,2.7,37.5,Grocery,Lost
CUST11754,Trichy,43,Female,22,17,27382.56,1610.74,694,3,0,0,3.5,70,Grocery,Champions
CUST11755,Hyderabad,36,Male,29,12,11320.43,943.37,897,4,0,1,3.6,54.4,Home,Loyal
CUST11756,Kochi,20,Female,55,6,14149.46,2358.24,643,5,0,1,4.5,58.4,Books,Loyal
CUST11757,Bengaluru,36,Male,24,13,14690.88,1130.07,127,1,1,0,3.5,54.4,Electronics,Loyal
CUST11758,Chennai,46,Female,16,10,9486.81,948.68,286,4,0,3,3.5,49.3,Fashion,Loyal
CUST11759,Mumbai,30,Male,53,4,6990.69,1747.67,807,3,2,2,3.9,71.3,Beauty,AtRisk
CUST11760,Bengaluru,49,Male,204,3,1722.58,574.19,495,4,1,0,2.7,64,Fashion,Lost
CUST11761,Hyderabad,48,Female,301,2,3056.26,1528.13,635,4,1,6,5,82.7,Home,Lost
CUST11762,Chennai,52,Female,94,19,15305.72485,589.99,920,6,1,3,4.5,66.6,Electronics,Loyal
CUST11763,Bengaluru,37,Female,330,3,1263.81,421.27,239,4,0,3,3.2,56.7,Home,Lost
CUST11764,Chennai,40,Female,144,4,8451.41,2112.85,476,1,1,5,2.9,80.5,Home,AtRisk
CUST11765,Madurai,50,Male,57,3,17337.93,5779.31,443,3,2,4,3,28.4,Grocery,Loyal
CUST11766,Delhi,39,Male,274,2,517.97,258.98,707,5,0,2,4.3,13.4,Home,Lost
CUST11767,Bengaluru,28,Male,121,6,7292.57,1215.43,832,5,0,0,3,33.2,Sports,AtRisk
CUST11768,Bengaluru,29,Female,205,7,8146.38,1163.77,156,4,0,4,3.6,58.1,Beauty,AtRisk
CUST11769,Bengaluru,37,Female,40,14,7531.21,537.94,598,3,1,1,2.4,72.8,Electronics,Loyal
CUST11770,Bengaluru,20,Male,45,9,20511.67,2279.07,861,1,0,5,4.2,11.6,Home,Loyal
CUST11771,Hyderabad,32,Female,354,3,591.55,197.18,44,4,1,1,4.3,64.8,Fashion,Lost
CUST11772,Pune,46,Female,160,4,6403.47,1600.87,581,2,1,2,3.7,57.9,Fashion,AtRisk
CUST11773,Kochi,18,Male,100,5,5364.69,1072.94,235,5,0,0,4,67.7,Beauty,AtRisk
CUST11774,Hyderabad,51,Female,92,4,4629.59,1157.4,408,5,1,0,4.4,26.8,Grocery,AtRisk
CUST11775,Madurai,46,Female,365,4,271.02,67.76,30,3,0,2,3.9,100,Grocery,Lost
CUST11776,Delhi,29,Female,55,5,9020.51,1804.1,1018,3,0,2,4.4,65.7,Beauty,Loyal
CUST11777,Bengaluru,40,Male,180,2,4331.73,2165.86,493,4,0,2,2.9,40.7,Grocery,AtRisk
CUST11778,Coimbatore,34,Male,30,13,32342.91,2487.92,358,3,1,7,4.1,67.6,Beauty,Champions
CUST11779,Hyderabad,48,Male,61,5,1987.07,397.41,698,1,2,4,4,94.9,Electronics,AtRisk
CUST11780,Chennai,45,Male,128,4,3720.15,930.04,287,3,0,3,4.8,39.3,Home,AtRisk
CUST11781,Pune,19,Female,1,15,27780.78,1852.05,259,4,0,0,3.8,35.1,Electronics,Champions
CUST11782,Bengaluru,40,Male,115,2,3647.87,1823.94,1053,6,2,4,3.7,62.6,Fashion,AtRisk
CUST11783,Delhi,32,Female,64,8,7281.93,910.24,1143,2,1,8,3.4,64.3,Electronics,Loyal
CUST11784,Delhi,35,Female,16,17,25279.84,1487.05,422,5,0,2,5,79.2,Fashion,Champions
CUST11785,Pune,26,Male,30,11,12529.24,1139.02,920,2,1,1,1.9,94.5,Home,Loyal
CUST11786,Delhi,53,Male,52,13,20833.39,1602.57,707,1,2,3,4.2,80.6,Home,Loyal
CUST11787,Mumbai,45,Female,68,15,7992.266893,290.41,176,3,0,0,3.8,37.2,Fashion,Loyal
CUST11788,Chennai,26,Female,41,14,11435.94,816.85,322,2,0,3,3.7,43.6,Fashion,Loyal
CUST11789,Mumbai,19,Male,106,6,4731.64,788.61,1065,1,0,6,3.5,49,Electronics,AtRisk
CUST11790,Chennai,30,Female,301,2,701.19,350.6,172,6,1,1,3.8,80.6,Fashion,Lost
CUST11791,Delhi,39,Male,134,6,9905.61,1650.94,1284,3,0,1,4.2,77.1,Fashion,AtRisk
CUST11792,Mumbai,37,Male,1,20,27400.5,1370.02,429,7,1,2,3.2,90.2,Electronics,Champions
CUST11793,Delhi,48,Female,266,3,819.13,273.04,1074,2,1,1,3.9,76.2,Beauty,Lost
CUST11794,Chennai,43,Male,217,6,5544.397051,934.35,508,1,1,0,4.1,52.5,Beauty,AtRisk
CUST11795,Chennai,45,Female,39,23,28230.79,1227.43,840,5,0,2,3,61.1,Electronics,Champions
CUST11796,Delhi,38,Male,339,1,3385.24,3385.24,1019,2,4,1,4.2,35.8,Fashion,Lost
CUST11797,Chennai,19,Male,48,7,13905.06,1986.44,1017,4,1,5,4.1,77.6,Home,Loyal
CUST11798,Chennai,32,Male,138,3,6604.42,2201.47,425,1,0,5,3.2,52.5,Beauty,AtRisk
CUST11799,Chennai,46,Female,45,13,12134.6,933.43,343,3,4,5,2.8,89.5,Electronics,Loyal
CUST11800,Kochi,33,Male,50,11,9292.385969,1229.79,576,1,2,4,3.2,77,Sports,Loyal
CUST11801,Delhi,40,Female,331,1,1953.82,1953.82,210,3,0,3,3.9,100,Electronics,Lost
CUST11802,Bengaluru,30,Male,55,8,9127.87,1140.98,672,3,0,1,3.7,73.4,Home,Loyal
CUST11803,Madurai,23,Male,10,16,25560.15,1597.51,354,4,0,5,4.9,73,Electronics,Champions
CUST11804,Madurai,33,Female,129,2,1636.74,818.37,925,4,2,3,3.5,61.3,Sports,Lost
CUST11805,Hyderabad,37,Male,280,1,556.59,556.59,429,4,1,0,3.1,57.3,Fashion,Lost
CUST11806,Delhi,27,Female,126,1,6683.3,6683.3,77,4,0,1,4.3,59.8,Home,AtRisk
CUST11807,Coimbatore,31,Male,15,9,9601.11,1066.79,1020,3,1,0,3,85,Electronics,Loyal
CUST11808,Chennai,24,Female,22,25,26374.94,1055,655,3,1,0,3.2,38,Fashion,Champions
CUST11809,Chennai,46,Male,256,1,1856.87,1856.87,609,4,0,3,3.2,66.3,Home,Lost
CUST11810,Delhi,31,Female,15,23,24771.25,1077.01,928,3,1,0,1.4,31.7,Books,Champions
CUST11811,Hyderabad,50,Male,7,21,34853.32,1659.68,861,3,0,1,4.3,72.5,Books,Champions
CUST11812,Coimbatore,51,Male,205,6,14356.99768,1661.49,371,4,1,3,4.6,55.8,Beauty,AtRisk
CUST11813,Chennai,33,Male,6,19,29552.17,1555.38,465,2,0,2,4.5,75.1,Beauty,Champions
CUST11814,Chennai,23,Male,31,20,46054.02,2302.7,266,6,1,1,5,50.2,Books,Champions
CUST11815,Kochi,18,Male,18,8,11406.31,1425.79,161,3,0,6,5,59.9,Electronics,Loyal
CUST11816,Madurai,18,Male,25,24,29285.64,1220.23,774,4,0,0,3.5,77.6,Electronics,Champions
CUST11817,Hyderabad,19,Female,34,24,23593.14,983.05,718,3,0,0,4.7,67.5,Electronics,Champions
CUST11818,Mumbai,49,Female,16,25,49365.4,1974.62,828,4,1,3,3.7,95.9,Grocery,Champions
CUST11819,Bengaluru,35,Female,38,10,7480.45,748.04,984,4,0,1,3.5,55.4,Books,Loyal
CUST11820,Coimbatore,38,Female,124,4,4561.04,1140.26,832,3,1,1,3.2,53.6,Grocery,AtRisk
CUST11821,Chennai,18,Male,197,3,384.88817,87.56,859,6,0,0,3.6,89.7,Grocery,Lost
CUST11822,Mumbai,21,Male,82,8,11821.25,1477.66,30,1,1,3,4.1,57.7,Beauty,Loyal
CUST11823,Hyderabad,44,Male,94,3,5443.69,1814.56,508,5,1,3,5,56.7,Sports,AtRisk
CUST11824,Delhi,37,Female,34,18,48218.6376,1739.39,889,5,0,3,4.4,72.7,Home,Champions
CUST11825,Mumbai,32,Male,12,21,35921,1710.52,250,1,0,1,3.2,61.7,Sports,Champions
CUST11826,Chennai,40,Male,28,7,10445.02,1492.15,628,5,0,1,3,58.8,Electronics,Loyal
CUST11827,Kochi,52,Female,120,2,5734.5,2867.25,756,5,1,2,4.3,51.1,Grocery,AtRisk
CUST11828,Hyderabad,32,Male,91,4,8841.34,2210.34,733,4,1,4,4.5,92.2,Fashion,AtRisk
CUST11829,Madurai,35,Female,67,8,15560.70332,1170.03,711,1,0,6,4.8,62,Fashion,AtRisk
CUST11830,Trichy,36,Female,41,11,10119.82,919.98,780,5,1,5,3.6,53.8,Fashion,Loyal
CUST11831,Mumbai,60,Male,12,25,32736.82,1309.47,654,5,0,4,4.2,59.1,Sports,Champions
CUST11832,Mumbai,18,Male,268,1,1630.58,1630.58,161,3,0,4,4.5,72.1,Grocery,Lost
CUST11833,Delhi,42,Male,34,12,13282.03,1106.84,752,4,1,0,2.7,94.2,Grocery,Loyal
CUST11834,Hyderabad,33,Female,61,4,11440.95745,1796.62,685,3,0,1,4,61.6,Fashion,AtRisk
CUST11835,Delhi,40,Male,115,3,9082.27,3027.42,165,5,1,4,4.5,47.7,Books,AtRisk
CUST11836,Chennai,27,Female,121,6,6444.15,1074.02,1014,3,2,2,4.2,100,Grocery,AtRisk
CUST11837,Madurai,33,Female,275,3,4064.49,1354.83,760,3,0,3,3.7,67.7,Electronics,Lost
CUST11838,Kochi,42,Male,228,2,2663.8,1331.9,186,3,1,4,5,62.9,Fashion,Lost
CUST11839,Coimbatore,68,Male,157,5,5568.49,1113.7,355,1,2,4,5,66.4,Books,AtRisk
CUST11840,Bengaluru,43,Female,100,1,8946.81,8946.81,431,3,0,0,3.8,40.1,Books,AtRisk
CUST11841,Bengaluru,25,Male,34,9,4717.36,524.15,431,4,0,3,3.6,64.1,Grocery,Loyal
CUST11842,Bengaluru,29,Female,324,4,1790.2,447.55,688,5,0,1,4.4,80.2,Grocery,Lost
CUST11843,Mumbai,29,Male,49,14,11083.64,791.69,307,4,1,1,3.8,89.4,Sports,Loyal
CUST11844,Kochi,18,Female,5,15,32984.09,2198.94,938,1,1,0,4.8,57.8,Home,Champions
CUST11845,Coimbatore,30,Female,73,9,21269.42,2363.27,914,6,1,3,2.8,68.8,Sports,Loyal
CUST11846,Chennai,42,Female,16,16,32285.23,2017.83,786,6,1,0,3.6,89.8,Grocery,Champions
CUST11847,Coimbatore,20,Male,128,6,7219.04,1203.17,613,4,1,3,4.3,65.8,Books,AtRisk
CUST11848,Pune,46,Male,125,9,4161.17,462.35,881,2,0,5,4.6,79.4,Grocery,AtRisk
CUST11849,Delhi,39,Female,54,9,7655.56,850.62,517,3,3,4,2.6,73.5,Home,Loyal
CUST11850,Madurai,26,Male,7,18,19183.32,1065.74,383,3,0,3,3,51.7,Electronics,Champions
CUST11851,Hyderabad,32,Male,365,3,2698.12,899.37,957,4,0,6,2.5,46.7,Grocery,Lost
CUST11852,Pune,52,Female,229,3,1478.46,492.82,695,3,2,3,3.1,86.2,Home,Lost
CUST11853,Hyderabad,42,Male,196,2,1199.32,599.66,395,2,1,1,2.8,11.5,Fashion,Lost
CUST11854,Pune,34,Male,29,12,17142,1428.5,475,5,1,3,4.2,51.6,Grocery,Loyal
CUST11855,Coimbatore,31,Male,281,2,3704.13,1852.06,379,4,0,6,4,37.1,Fashion,Lost
CUST11856,Hyderabad,35,Female,96,1,8493.55,8493.55,1207,2,1,0,3.7,86.2,Books,AtRisk
CUST11857,Bengaluru,28,Female,100,10,12218.62,1221.86,601,4,1,0,3.8,92.3,Grocery,Loyal
CUST11858,Hyderabad,18,Male,19,22,30940.23,1406.37,647,4,1,4,4.8,50.5,Electronics,Champions
CUST11859,Delhi,56,Male,47,10,9588.17,958.82,816,2,3,2,3,100,Electronics,Loyal
CUST11860,Hyderabad,36,Male,17,23,17401.11,756.57,235,5,0,1,2.3,92.5,Home,Champions
CUST11861,Delhi,38,Female,278,3,857.73,285.91,929,4,1,0,4.4,68.9,Grocery,Lost
CUST11862,Chennai,33,Male,15,17,27277.41992,1565.01,418,3,1,0,3.5,95,Electronics,Champions
CUST11863,Mumbai,26,Female,33,2,6717.43,3358.72,1149,3,0,0,3,52.2,Fashion,Loyal
CUST11864,Trichy,32,Male,73,10,12558.73,1255.87,506,4,0,6,4.2,59.5,Sports,Loyal
CUST11865,Kochi,18,Other,36,5,17813.59,3562.72,911,3,0,2,2.2,74.3,Sports,Loyal
CUST11866,Chennai,59,Male,123,3,5478.77,1826.26,30,3,1,0,3.1,51.2,Electronics,AtRisk
CUST11867,Chennai,20,Female,32,10,22195.06,2219.51,247,5,0,5,1.9,39.3,Electronics,Champions
CUST11868,Chennai,23,Male,350,3,1645.88,548.63,512,1,0,5,4,46.2,Electronics,Lost
CUST11869,Delhi,29,Male,78,6,10443.16,1740.53,30,2,0,5,5,61.1,Beauty,Loyal
CUST11870,Hyderabad,48,Female,160,1,5172.94,5172.94,780,5,0,2,3.3,74.4,Electronics,AtRisk
CUST11871,Coimbatore,34,Female,127,5,8232.51,1646.5,694,7,0,2,3.2,58.2,Electronics,AtRisk
CUST11872,Mumbai,20,Male,206,2,2306.03,1153.02,303,5,0,3,5,32.2,Fashion,Lost
CUST11873,Hyderabad,48,Female,248,2,1063.77,531.88,595,6,2,5,4.3,74.4,Sports,Lost
CUST11874,Delhi,42,Female,129,7,5777.92,825.42,842,3,0,1,5,90.5,Home,AtRisk
CUST11875,Mumbai,40,Female,35,6,13780.72549,1946.02,30,3,1,1,3.9,51.8,Grocery,Loyal
CUST11876,Mumbai,42,Male,92,5,6972.4,1394.48,218,4,1,4,4,98.3,Beauty,AtRisk
CUST11877,Mumbai,60,Female,151,3,2650.6,883.53,499,5,1,5,5,82.4,Home,Lost
CUST11878,Madurai,58,Male,362,1,1693.41,1693.41,607,2,0,2,3.7,43.9,Home,Lost
CUST11879,Mumbai,26,Male,15,19,30859.76,1624.2,582,3,2,4,4,52,Electronics,Champions
CUST11880,Delhi,52,Female,74,7,16041.48,2291.64,867,3,1,3,1.9,58.7,Grocery,Loyal
CUST11881,Pune,38,Male,342,1,4718.111057,2663.91,743,2,0,2,5,61.3,Home,Lost
CUST11882,Delhi,39,Male,49,8,13363.48,1670.44,809,3,0,1,4.1,16.2,Grocery,Loyal
CUST11883,Hyderabad,18,Female,71,9,5710.9,634.54,183,5,0,0,3.7,49.9,Electronics,Loyal
CUST11884,Chennai,32,Female,83,12,12395.55,1032.96,643,4,0,1,4.5,53.9,Fashion,Loyal
CUST11885,Bengaluru,25,Male,199,8,7654.85,956.86,508,5,1,1,2.9,100,Books,AtRisk
CUST11886,Chennai,43,Male,252,3,2585.98,861.99,1039,4,0,3,3.4,69.5,Home,Lost
CUST11887,Coimbatore,46,Female,94,7,4042.64,577.52,652,2,1,5,4.2,49,Home,AtRisk
CUST11888,Delhi,18,Male,22,11,18048.94,1640.81,399,4,2,3,3.8,56.2,Home,Loyal
CUST11889,Trichy,34,Female,23,13,30673.01,2359.46,856,2,0,1,4.2,73.5,Electronics,Champions
CUST11890,Chennai,46,Female,36,11,31849.17,2895.38,769,3,0,4,4,57.4,Electronics,Champions
CUST11891,Bengaluru,32,Male,53,8,6962.13,870.27,354,2,1,3,4.3,53.3,Fashion,AtRisk
CUST11892,Hyderabad,42,Female,279,7,7610.235082,1339.1,495,3,1,3,2.7,53.9,Fashion,AtRisk
CUST11893,Coimbatore,38,Female,71,4,11852.24,2963.06,501,4,0,1,4.8,74.6,Beauty,Loyal
CUST11894,Mumbai,38,Male,115,4,3608.83,902.21,968,3,1,5,3.4,37.4,Electronics,AtRisk
CUST11895,Delhi,31,Female,108,5,7124.77,1424.95,661,2,2,5,3.8,43.3,Fashion,AtRisk
CUST11896,Mumbai,21,Female,16,10,1089.159204,103.4,818,5,1,2,3.3,46.4,Electronics,Loyal
CUST11897,Coimbatore,22,Female,24,11,13552.86,1232.08,452,3,0,4,3.6,42.9,Fashion,Loyal
CUST11898,Bengaluru,42,Female,201,4,1756.99,439.25,700,3,1,5,4,48.5,Fashion,Lost
CUST11899,Hyderabad,34,Male,29,9,11206.17,1245.13,991,2,1,2,4.4,82.9,Fashion,Loyal
CUST11900,Mumbai,32,Male,310,1,2891.334117,3710.66,492,1,0,2,4.5,85.7,Fashion,Lost
CUST11901,Chennai,29,Male,55,10,4683.62,468.36,635,3,0,3,4.1,70.4,Fashion,Loyal
CUST11902,Hyderabad,31,Male,305,1,1334.66,1334.66,191,1,1,0,3.3,69.3,Fashion,Lost
CUST11903,Chennai,46,Male,214,3,3348.87,1116.29,370,5,0,3,4.1,51.6,Grocery,Lost
CUST11904,Delhi,30,Female,98,3,3926.33,1308.78,500,4,0,5,4,23.4,Fashion,AtRisk
CUST11905,Coimbatore,19,Female,286,3,3174.93,1058.31,282,6,2,2,3.8,67.9,Electronics,Lost
CUST11906,Kochi,42,Female,365,3,3770.88,1256.96,997,4,2,3,4.2,71,Fashion,Lost
CUST11907,Bengaluru,32,Female,195,5,8553.49,1710.7,349,2,1,5,2.8,51.5,Beauty,AtRisk
CUST11908,Madurai,34,Female,46,11,5283.17,480.29,836,1,0,2,2.2,43.5,Electronics,Loyal
CUST11909,Chennai,52,Male,42,12,15900.43,1325.04,656,5,0,3,4.8,39.5,Sports,Loyal
CUST11910,Madurai,34,Female,134,5,8529.76,1705.95,609,2,1,1,3.7,68.4,Fashion,AtRisk
CUST11911,Pune,37,Male,142,5,5114.19,1022.84,1046,3,1,1,4.1,66.6,Electronics,AtRisk
CUST11912,Trichy,21,Female,20,12,35906.87608,2524.86,30,6,1,3,3.1,88.9,Fashion,Champions
CUST11913,Bengaluru,32,Female,27,20,23145.4,1157.27,541,4,0,3,4.8,48.9,Electronics,Champions
CUST11914,Bengaluru,41,Male,127,8,11524.07,1440.51,276,4,1,4,4.1,59.2,Grocery,AtRisk
CUST11915,Delhi,18,Female,48,5,9070.47,1814.09,30,5,2,3,3.7,65.3,Fashion,Loyal
CUST11916,Pune,36,Female,131,4,8766.56,2191.64,242,5,0,3,4,54,Beauty,AtRisk
CUST11917,Mumbai,35,Male,176,3,7767.32,2589.11,605,6,0,6,2.4,81.8,Home,AtRisk
CUST11918,Bengaluru,34,Female,110,3,7626.53,2542.18,382,3,1,5,4.1,89.8,Grocery,AtRisk
CUST11919,Bengaluru,45,Male,12,25,25911.97,1036.48,869,3,1,3,5,42.9,Grocery,Champions
CUST11920,Delhi,38,Male,57,9,8370.01,930,536,2,0,4,4.1,55.8,Grocery,Loyal
CUST11921,Chennai,50,Female,58,15,11857.45,790.5,503,3,2,2,3.9,91.5,Fashion,Loyal
CUST11922,Mumbai,23,Female,67,14,9423.19,673.08,504,3,0,2,3.5,71.5,Electronics,Loyal
CUST11923,Bengaluru,35,Female,62,6,8459.82,1409.97,570,1,2,3,4.7,67.3,Fashion,AtRisk
CUST11924,Hyderabad,35,Female,161,2,2909.004009,1755.44,474,3,0,3,4.8,71.8,Electronics,AtRisk
CUST11925,Chennai,22,Male,81,13,12400.19,953.86,345,6,0,4,3.5,78.1,Fashion,Loyal
CUST11926,Mumbai,45,Male,17,18,35363.17,1964.62,897,4,1,5,4.1,72.8,Grocery,Champions
CUST11927,Bengaluru,60,Female,2,19,36542.85,1923.31,413,5,2,2,4,69.3,Grocery,Champions
CUST11928,Delhi,34,Female,259,3,2174.06,724.69,485,3,3,0,4.1,65.2,Electronics,Lost
CUST11929,Chennai,40,Male,45,12,11189.12,932.43,729,1,0,7,3.2,92,Electronics,Loyal
CUST11930,Mumbai,35,Female,222,2,1211.41,605.71,696,3,1,1,4.7,59.7,Electronics,Lost
CUST11931,Mumbai,26,Female,303,2,4076.8,2038.4,332,5,0,3,4.3,65,Electronics,Lost
CUST11932,Mumbai,18,Female,157,5,7931.663411,1297.3,826,2,0,4,4.8,96,Fashion,AtRisk
CUST11933,Mumbai,26,Female,124,8,6957.98,869.75,761,5,0,5,2.9,71.5,Fashion,AtRisk
CUST11934,Delhi,19,Male,35,15,7200.02,480,653,1,0,6,3,63.7,Fashion,Loyal
CUST11935,Hyderabad,53,Female,136,6,5041.853515,833.28,471,4,2,2,5,77.6,Fashion,AtRisk
CUST11936,Coimbatore,33,Female,57,16,9955.21,622.2,478,4,0,5,4.7,69.5,Fashion,Loyal
CUST11937,Hyderabad,30,Male,361,2,2150.909265,832.65,539,3,1,3,3.1,50.2,Electronics,Lost
CUST11938,Bengaluru,44,Female,20,24,18825.74,784.41,230,7,1,8,4.5,69.9,Fashion,Champions
CUST11939,Chennai,22,Male,365,1,1186.46,1186.46,588,3,0,5,3.4,48.8,Fashion,Lost
CUST11940,Chennai,26,Male,18,10,15752.58,1575.26,868,3,5,2,2.4,100,Electronics,Champions
CUST11941,Madurai,35,Female,364,2,1810.21,905.1,863,4,0,1,2.1,69.8,Beauty,Lost
CUST11942,Hyderabad,45,Male,22,10,13771.01,1377.1,486,2,2,0,3.8,46.2,Home,Loyal
CUST11943,Delhi,40,Male,105,5,7161.99,1432.4,919,1,2,4,5,57.1,Fashion,AtRisk
CUST11944,Hyderabad,37,Female,121,5,9079.24,1815.85,1172,2,2,5,5,80.2,Electronics,AtRisk
CUST11945,Mumbai,35,Male,21,7,6980.902962,1738.24,505,5,1,4,4.8,43.2,Electronics,Loyal
CUST11946,Bengaluru,38,Male,115,3,4945.58,1648.53,807,3,0,0,4.5,100,Electronics,AtRisk
CUST11947,Chennai,36,Male,270,3,1018.31,339.44,30,6,0,0,4.1,35.9,Electronics,Lost
CUST11948,Madurai,23,Male,20,21,25148.9448,1056.42,223,3,1,3,4.7,83.5,Fashion,Champions
CUST11949,Bengaluru,35,Female,226,2,2526.15,1263.08,627,5,0,6,2.2,55.3,Fashion,Lost
CUST11950,Chennai,22,Female,121,3,3958.503033,1954.65,298,4,1,2,4.6,48.8,Sports,AtRisk
CUST11951,Coimbatore,35,Female,254,2,1394.33,697.16,1212,3,1,5,2.9,75.8,Books,Lost
CUST11952,Mumbai,29,Female,65,9,11672.23,1296.91,779,2,0,0,3.1,55.9,Home,Loyal
CUST11953,Delhi,62,Male,46,19,20726.50383,1039.45,890,1,0,3,4.4,96.8,Beauty,Loyal
CUST11954,Trichy,34,Female,262,2,1712.52,856.26,591,4,0,2,4.5,37,Fashion,Lost
CUST11955,Kochi,19,Female,21,5,14924.15,2984.83,299,5,1,5,3.3,76.2,Home,Loyal
CUST11956,Delhi,33,Female,168,5,3948.54,789.71,444,1,0,1,4.3,59.5,Electronics,AtRisk
CUST11957,Bengaluru,40,Female,25,18,36361.66,2020.09,676,3,1,6,4.3,70.9,Books,Champions
CUST11958,Delhi,52,Female,3,21,37719.07,1796.15,409,2,1,2,3.6,75.3,Home,Champions
CUST11959,Hyderabad,28,Female,64,6,1532.53,255.42,801,4,0,0,3.9,30.4,Fashion,AtRisk
CUST11960,Chennai,18,Male,214,7,7947.33,1135.33,813,3,1,0,5,69.7,Home,AtRisk
CUST11961,Bengaluru,43,Female,155,5,5935.67,1187.13,601,5,1,1,3.6,86.8,Electronics,AtRisk
CUST11962,Hyderabad,19,Male,31,16,20602.3,1287.64,52,3,1,3,3.6,74.3,Fashion,Champions
CUST11963,Bengaluru,29,Male,15,9,15409.77,1712.2,1114,2,2,1,3.9,57.6,Sports,Loyal
CUST11964,Mumbai,31,Male,46,6,11336.13,1889.35,536,3,0,1,3.7,36.7,Fashion,Loyal
CUST11965,Mumbai,33,Male,61,8,4476.52802,764.87,1413,3,0,4,4.4,75.2,Home,AtRisk
CUST11966,Coimbatore,42,Male,303,2,2967.78,1483.89,796,4,2,0,5,100,Fashion,Lost
CUST11967,Bengaluru,26,Male,342,3,2623.69,874.56,537,3,0,2,3.6,78.2,Fashion,Lost
CUST11968,Madurai,31,Female,24,14,30458.47,2175.6,734,4,0,0,3.1,88.2,Home,Champions
CUST11969,Chennai,34,Female,218,1,2015.58,2015.58,30,2,1,1,5,83.7,Sports,Lost
CUST11970,Chennai,36,Other,48,10,18233.89413,1288.06,908,3,1,3,3.9,57.1,Electronics,Loyal
CUST11971,Hyderabad,35,Male,111,8,3533.07,441.63,1370,2,0,2,2.4,66.8,Fashion,AtRisk
CUST11972,Coimbatore,39,Female,14,19,42675.45,2246.08,30,2,0,2,5,82.4,Grocery,Champions
CUST11973,Mumbai,43,Female,113,7,5536.24,790.89,514,5,0,5,4.7,33.4,Grocery,AtRisk
CUST11974,Madurai,38,Male,88,6,7101.247624,1712.6,568,2,1,2,5,78,Grocery,Loyal
CUST11975,Kochi,39,Female,47,10,15110.2,1511.02,863,3,1,6,4.9,90.2,Beauty,Loyal
CUST11976,Coimbatore,18,Female,14,26,31322.49,1204.71,1232,5,1,4,5,64,Home,Champions
CUST11977,Bengaluru,35,Male,18,22,46618.72782,1789.64,715,5,1,1,3,81.3,Fashion,Champions
CUST11978,Pune,39,Female,53,15,40326.42259,2399.32,1243,6,0,6,3.2,53.9,Electronics,Champions
CUST11979,Hyderabad,42,Female,85,4,11558.4,2889.6,651,4,0,3,3.4,65.8,Electronics,Loyal
CUST11980,Coimbatore,26,Male,16,11,20718.41,1883.49,735,3,0,6,3.4,59.5,Grocery,Champions
CUST11981,Hyderabad,27,Male,136,7,8741.48,1248.78,698,7,0,2,3.9,74.2,Sports,AtRisk
CUST11982,Bengaluru,28,Male,16,10,26480.15,2648.02,966,4,1,3,3.4,62.9,Grocery,Champions
CUST11983,Bengaluru,40,Male,80,3,6002.05,2000.68,473,3,1,3,2.8,31.5,Grocery,AtRisk
CUST11984,Chennai,45,Male,15,25,28278.04,1131.12,845,4,0,2,3.1,50.6,Home,Champions
CUST11985,Chennai,30,Female,341,3,2170.87,723.62,231,4,2,5,3.6,100,Electronics,Lost
CUST11986,Delhi,44,Male,317,3,2012.26,670.75,515,3,0,6,4.7,76.4,Electronics,Lost
CUST11987,Bengaluru,35,Female,43,12,12889.51,1074.13,409,1,0,0,3.3,23,Fashion,Loyal
CUST11988,Bengaluru,33,Male,125,3,8209.083268,2024.32,626,6,0,4,4.4,89.2,Books,AtRisk
CUST11989,Delhi,32,Male,33,13,28833.07,2217.93,505,3,1,1,2.7,41.9,Beauty,Champions
CUST11990,Hyderabad,42,Male,250,1,1568.84,1568.84,940,4,0,0,1.2,82.9,Home,Lost
CUST11991,Chennai,38,Female,115,6,6518.82,1086.47,336,7,2,4,3.7,90.8,Fashion,AtRisk
CUST11992,Mumbai,59,Male,11,16,35330.63,2208.16,81,2,1,4,3.3,67,Grocery,Champions
CUST11993,Chennai,25,Male,42,14,12642.45,903.03,193,4,2,4,3.1,45.1,Fashion,Loyal
CUST11994,Hyderabad,40,Male,15,25,31269.48,1250.78,898,2,0,3,3,50.7,Home,Champions
CUST11995,Delhi,28,Female,1,9,11927.33,1325.26,309,4,1,4,3.2,77.6,Fashion,Loyal
CUST11996,Kochi,24,Other,90,2,2909.04,1454.52,719,4,2,1,3,42.3,Electronics,AtRisk
CUST11997,Chennai,34,Male,36,10,23752.75,2375.28,512,5,0,3,3.1,53.4,Fashion,Loyal
CUST11998,Chennai,36,Male,62,10,9333.52,933.35,847,5,0,4,2.7,75.3,Grocery,Loyal
CUST11999,Madurai,66,Female,30,10,4510.39,451.04,531,3,0,5,2.1,52,Home,Champions
CUST12000,Coimbatore,32,Female,76,11,9297.15,845.2,1429,6,3,3,2,93.4,Electronics,Loyal
CUST12001,Coimbatore,22,Male,30,25,20860.10172,699.89,1169,6,1,2,5,44.2,Beauty,Champions
CUST12002,Pune,37,Female,215,4,1997.47,499.37,505,3,1,2,3.7,0,Beauty,Lost
CUST12003,Coimbatore,18,Female,26,17,10500.95,617.7,464,3,1,0,5,49.4,Home,Champions
CUST12004,Coimbatore,33,Male,85,4,7562.3,1890.58,1540,3,0,4,3.7,71.2,Home,AtRisk
CUST12005,Hyderabad,34,Female,28,10,14776.39,1477.64,276,3,0,0,3.7,82.3,Fashion,Loyal
CUST12006,Bengaluru,43,Female,54,12,9619.32,801.61,583,2,0,3,4,56.8,Sports,Loyal
CUST12007,Hyderabad,45,Female,157,7,2862,408.86,607,5,0,3,4.3,59.5,Fashion,AtRisk
CUST12008,Chennai,28,Male,50,14,5656.660402,773.88,599,1,1,0,2.8,64.4,Electronics,Loyal
CUST12009,Bengaluru,32,Male,44,8,13109.79383,956.8,78,2,1,0,3.5,99.8,Home,Loyal
CUST12010,Chennai,26,Male,52,8,3650.96,456.37,749,3,4,1,4,72.6,Fashion,AtRisk
CUST12011,Chennai,22,Male,139,4,3376.96,844.24,309,5,0,2,2.3,55.1,Sports,AtRisk
CUST12012,Pune,37,Female,1,9,13966.23,1551.8,1031,3,0,5,4.8,100,Grocery,Loyal
CUST12013,Chennai,20,Female,152,4,5561.94,1390.48,163,4,1,2,4.7,65.2,Electronics,AtRisk
CUST12014,Mumbai,29,Female,111,6,5118.87,853.14,618,3,0,4,2.1,23.5,Books,AtRisk
CUST12015,Bengaluru,23,Other,6,12,29402.92,2450.24,30,5,0,5,3.1,37.3,Grocery,Champions
CUST12016,Madurai,40,Male,93,13,12798.06061,1078.23,30,4,0,5,3.9,76.2,Grocery,Loyal
CUST12017,Pune,54,Female,13,17,29923.9,1760.23,348,5,0,2,4.5,29.5,Fashion,Champions
CUST12018,Chennai,20,Female,60,6,10739.23,1789.87,391,3,3,1,5,75,Beauty,Loyal
CUST12019,Delhi,18,Male,122,3,5996.94,1998.98,1040,2,0,3,3.3,49.4,Fashion,AtRisk
CUST12020,Kochi,33,Female,261,2,2731.331651,1245.42,588,4,2,1,5,88.6,Electronics,Lost
CUST12021,Mumbai,34,Male,216,1,1873.84,1873.84,988,3,2,6,3.8,68.4,Grocery,Lost
CUST12022,Kochi,36,Female,30,14,30265.8,2161.84,486,4,0,4,3.6,32.3,Sports,Champions
CUST12023,Chennai,29,Female,26,4,14859.27,3714.82,782,4,1,3,4.2,83.3,Fashion,Loyal
CUST12024,Bengaluru,32,Male,167,5,3736.86,747.37,382,5,0,4,4,92.3,Fashion,AtRisk
CUST12025,Coimbatore,38,Female,15,20,22939.01461,1016.43,362,5,0,3,4,39.5,Home,Champions
CUST12026,Delhi,45,Female,341,3,2419.77,806.59,54,2,2,2,5,48.9,Home,Lost
CUST12027,Trichy,18,Male,92,5,8513.74,1702.75,701,2,0,3,4,75,Fashion,AtRisk
CUST12028,Coimbatore,30,Male,213,2,1163.33,581.66,679,6,0,2,3,78.6,Beauty,Lost
CUST12029,Delhi,36,Male,13,15,33393.15,2226.21,833,1,0,6,3.1,100,Electronics,Champions
CUST12030,Coimbatore,24,Female,40,11,4567.5,415.23,664,3,0,1,5,82.8,Fashion,Loyal
CUST12031,Mumbai,53,Female,313,1,1396.11,1396.11,1208,4,0,4,4.3,100,Fashion,Lost
CUST12032,Bengaluru,27,Female,149,5,4232.115043,1617.01,653,6,0,1,2.6,65.4,Fashion,AtRisk
CUST12033,Trichy,34,Female,275,1,1265.68,1265.68,898,3,0,1,2.5,72.7,Fashion,Lost
CUST12034,Mumbai,40,Female,18,8,33730.1,4216.26,503,4,2,0,3.8,53.6,Fashion,Champions
CUST12035,Madurai,27,Male,100,5,5565.47,1113.09,327,2,0,3,4.3,54.5,Electronics,AtRisk
CUST12036,Chennai,18,Female,167,3,4804.08,1601.36,815,4,0,1,3.3,67.9,Home,AtRisk
CUST12037,Chennai,29,Male,3,17,28561.56291,1056.4,573,2,0,5,2.5,53.3,Home,Champions
CUST12038,Coimbatore,45,Male,172,4,4551.61,1137.9,850,2,1,3,2.9,13.7,Grocery,AtRisk
CUST12039,Coimbatore,30,Female,78,4,8813.016275,1306.16,706,5,1,3,5,51.7,Fashion,AtRisk
CUST12040,Pune,25,Male,22,11,9172.59,833.87,362,3,2,0,4.2,86.5,Fashion,Loyal
CUST12041,Mumbai,44,Female,1,8,11320.08,1415.01,922,5,1,4,4.6,66.5,Sports,Loyal
CUST12042,Mumbai,30,Female,160,2,2499.39,1249.7,339,3,0,1,4.7,66.6,Grocery,AtRisk
CUST12043,Chennai,28,Male,66,8,7310.87,913.86,788,1,0,0,3.3,49.7,Home,Loyal
CUST12044,Pune,36,Male,365,2,2618.811343,717.44,984,5,1,3,3.5,71.7,Fashion,Lost
CUST12045,Delhi,42,Female,45,8,5005.15,625.64,485,2,1,0,3.7,98.2,Electronics,Loyal
CUST12046,Chennai,60,Female,77,7,10768.42,1538.35,947,3,0,0,4.1,93,Electronics,Loyal
CUST12047,Delhi,43,Male,365,1,3857.513671,3287.18,719,3,1,5,4.7,72.3,Grocery,Lost
CUST12048,Mumbai,47,Male,345,2,2726.04,1363.02,856,5,2,1,5,47.9,Home,Lost
CUST12049,Chennai,28,Female,11,11,16271.69,1479.24,349,3,1,0,4.5,100,Home,Champions
CUST12050,Bengaluru,23,Female,208,2,923.08,461.54,664,2,1,1,4.5,86.2,Home,Lost
CUST12051,Bengaluru,35,Male,16,19,37802.43807,1473.63,178,4,1,1,5,35.4,Sports,Champions
CUST12052,Chennai,35,Male,15,12,42334.26,3527.86,1113,3,0,5,3.6,29.9,Electronics,Champions
CUST12053,Kochi,22,Female,62,12,14776.08,1231.34,30,3,0,0,4.8,36.5,Beauty,Loyal
CUST12054,Hyderabad,32,Female,38,6,17128.43,2854.74,494,4,0,0,4.3,55.1,Home,Loyal
CUST12055,Delhi,38,Other,255,1,2437.5,2437.5,320,2,0,4,4.3,83,Electronics,Lost
CUST12056,Bengaluru,38,Female,153,6,3600.98,600.16,802,1,2,2,3.6,82.6,Home,AtRisk
CUST12057,Bengaluru,40,Female,235,2,1609.42,804.71,1177,7,0,3,2.7,71.8,Grocery,Lost
CUST12058,Delhi,37,Male,182,7,8150.3,1164.33,796,4,1,2,4.1,62.2,Fashion,AtRisk
CUST12059,Mumbai,28,Female,43,9,9810.85,1090.09,1488,4,1,7,4.1,100,Fashion,Loyal
CUST12060,Chennai,28,Male,135,7,6754.53,964.93,187,2,1,0,3.3,65.7,Grocery,AtRisk
CUST12061,Mumbai,21,Female,278,2,1317.62,658.81,210,5,1,3,3.7,63.3,Fashion,Lost
CUST12062,Hyderabad,54,Male,118,4,10085.69,2521.42,332,3,1,6,3.1,54.8,Electronics,AtRisk
CUST12063,Bengaluru,34,Male,239,1,514.26,514.26,636,1,0,2,3.1,100,Beauty,Lost
CUST12064,Chennai,32,Female,174,3,2971.92,990.64,292,3,2,1,3.4,79.4,Grocery,Lost
CUST12065,Hyderabad,24,Female,28,16,41597.94,2599.87,375,3,0,4,2.7,44.3,Fashion,Champions
CUST12066,Coimbatore,66,Male,166,3,5252.01,1750.67,786,3,0,5,3.3,41.9,Fashion,AtRisk
CUST12067,Coimbatore,22,Female,252,3,1237.877504,212.05,228,3,1,1,4.4,31.4,Beauty,Lost
CUST12068,Chennai,29,Male,365,2,1948.04,974.02,260,3,0,5,5,63.1,Fashion,Lost
CUST12069,Madurai,39,Male,56,7,14932.86,2133.27,480,2,0,3,5,35,Fashion,Loyal
CUST12070,Hyderabad,41,Female,148,6,5096.22,849.37,509,3,5,4,3.5,41.6,Home,AtRisk
CUST12071,Mumbai,45,Male,210,6,4980.25,830.04,903,1,1,5,4.8,86.4,Fashion,AtRisk
CUST12072,Coimbatore,54,Female,64,6,14546.17,2424.36,330,1,2,4,4.1,82.8,Home,Loyal
CUST12073,Pune,40,Male,158,5,5202.09,1040.42,384,4,0,2,3.6,94.8,Fashion,AtRisk
CUST12074,Pune,22,Female,51,13,16874.43,1298.03,775,4,0,1,4.1,35.6,Grocery,Loyal
CUST12075,Pune,31,Female,67,8,10599.24,1324.9,840,5,1,8,4.7,45,Beauty,Loyal
CUST12076,Coimbatore,37,Male,39,11,4806,436.91,1029,3,1,1,3.4,52.4,Books,Loyal
CUST12077,Bengaluru,57,Male,126,8,4350.11,543.76,741,2,1,3,3.4,97.8,Beauty,AtRisk
CUST12078,Trichy,19,Female,25,5,12280.74,2456.15,639,1,2,4,3.5,66.3,Electronics,Loyal
CUST12079,Hyderabad,47,Female,73,5,6677.47,1335.49,773,2,3,4,3.3,100,Fashion,AtRisk
CUST12080,Chennai,36,Male,44,8,7944.83,993.1,520,4,1,7,4.8,77.5,Fashion,Loyal
CUST12081,Chennai,43,Female,30,19,32507.23,1710.91,518,6,0,3,3.2,62.8,Home,Champions
CUST12082,Bengaluru,33,Male,9,17,16715.88673,1303.53,68,4,1,2,3.3,76.5,Grocery,Champions
CUST12083,Pune,25,Male,49,12,9105.98,758.83,868,2,4,6,4,30.4,Sports,Loyal
CUST12084,Mumbai,42,Male,97,4,6072.76,1518.19,663,2,0,2,4,23.9,Electronics,AtRisk
CUST12085,Bengaluru,41,Male,295,2,1053.69,526.84,833,2,1,4,3.5,70.2,Fashion,Lost
CUST12086,Chennai,45,Female,16,19,35094.74,1847.09,30,3,1,3,5,65.3,Fashion,Champions
CUST12087,Delhi,34,Female,22,21,24380.61,1160.98,586,5,0,4,3.3,100,Home,Champions
CUST12088,Hyderabad,27,Female,63,4,4725.21,1181.3,343,5,1,4,3.7,37.4,Grocery,AtRisk
CUST12089,Bengaluru,18,Female,21,18,10795.12,599.73,1050,3,0,2,2.3,72.4,Electronics,Loyal
CUST12090,Hyderabad,43,Female,293,3,2775.84,925.28,784,4,2,0,3.6,78.9,Home,Lost
CUST12091,Kochi,39,Female,111,2,9127.87,4563.94,670,2,1,0,2.7,71.9,Fashion,AtRisk
CUST12092,Coimbatore,23,Female,18,4,10644.29,2661.07,470,1,1,0,3.1,87,Fashion,Loyal
CUST12093,Mumbai,28,Other,54,9,12566.24,1396.25,719,6,0,2,2.2,52.4,Electronics,Loyal
CUST12094,Madurai,29,Female,157,6,10741.46,1790.24,322,1,0,0,3.1,81.6,Sports,AtRisk
CUST12095,Hyderabad,18,Male,30,12,21859.94,1821.66,570,1,2,2,3.7,76.2,Sports,Champions
CUST12096,Mumbai,25,Female,22,18,10848.27,602.68,426,6,0,3,3.6,88.3,Electronics,Champions
CUST12097,Delhi,22,Female,18,1,28819.06,28819.06,1280,4,0,4,3.5,54.8,Fashion,Champions
CUST12098,Hyderabad,29,Female,263,2,1665.65,832.82,1041,2,0,4,3.5,41.3,Home,Lost
CUST12099,Bengaluru,26,Female,120,5,8916.44,1783.29,919,5,1,4,3.4,52.4,Home,AtRisk
CUST12100,Pune,18,Female,22,19,22961.06,1208.48,153,5,0,3,3.8,43.7,Fashion,Champions
CUST12101,Mumbai,56,Other,161,6,7395.31,1232.55,859,2,1,2,3.7,53.7,Grocery,AtRisk
CUST12102,Chennai,48,Male,37,11,14812.63,1346.6,656,3,1,2,4,58.3,Home,Loyal
CUST12103,Delhi,25,Female,134,9,7904.42,878.27,967,5,1,1,3.6,46.8,Books,AtRisk
CUST12104,Hyderabad,37,Male,42,8,10529.06,1316.13,697,2,2,3,3.5,65.2,Home,Loyal
CUST12105,Madurai,39,Female,104,4,10641.04,2660.26,598,4,0,0,4.4,41.4,Electronics,AtRisk
CUST12106,Pune,47,Female,277,1,1865.54,1865.54,670,6,1,5,4.3,63.5,Home,Lost
CUST12107,Pune,25,Male,22,16,28771.44,1798.22,58,1,0,1,3.8,55.1,Electronics,Champions
CUST12108,Coimbatore,46,Male,38,13,13582.79,1044.83,370,3,2,3,4.8,62.6,Grocery,Loyal
CUST12109,Trichy,28,Female,75,7,12059.26,1722.75,712,4,2,3,3.9,72.9,Grocery,Loyal
CUST12110,Chennai,19,Male,70,10,15741.98,1574.2,942,1,0,5,3.7,56.6,Home,Loyal
CUST12111,Coimbatore,42,Male,38,8,6040.00257,1405.7,435,3,0,0,3.7,49.4,Electronics,Loyal
CUST12112,Coimbatore,48,Female,254,2,1899.27,949.64,588,5,0,2,3.9,51.9,Beauty,Lost
CUST12113,Pune,62,Male,312,1,2302.57,2302.57,120,2,2,4,3.1,85.5,Home,Lost
CUST12114,Delhi,21,Male,60,14,13752.65523,834.59,1038,1,1,6,2.3,90.5,Electronics,Loyal
CUST12115,Chennai,42,Female,124,1,7900.8,7900.8,934,5,2,2,4,54.7,Electronics,AtRisk
CUST12116,Bengaluru,29,Male,139,6,4537.04,756.17,796,4,0,1,4.5,61.9,Electronics,AtRisk
CUST12117,Mumbai,43,Male,126,5,6980.68,1396.14,722,3,1,7,3,30.9,Home,AtRisk
CUST12118,Chennai,18,Female,62,8,10502.4,1312.8,1066,3,1,4,4.7,61.4,Electronics,Loyal
CUST12119,Pune,20,Female,57,9,11351.01,1261.22,358,5,2,5,2.5,36,Electronics,Loyal
CUST12120,Hyderabad,25,Female,126,4,7565.61,1891.4,326,4,0,0,3.4,55.2,Electronics,AtRisk
CUST12121,Mumbai,35,Female,44,13,8866.05,682,918,4,0,4,5,86.5,Grocery,Loyal
CUST12122,Kochi,27,Female,286,2,2013,1006.5,898,2,2,0,4.1,35,Grocery,Lost
CUST12123,Bengaluru,41,Male,210,3,1956.73,652.24,242,1,0,0,3.6,47,Fashion,Lost
CUST12124,Trichy,45,Male,6,13,9605.14,738.86,441,4,1,4,4,47.1,Sports,Champions
CUST12125,Delhi,41,Male,22,20,31594.63631,1467.93,1107,5,0,4,4.8,31.6,Beauty,Champions
CUST12126,Delhi,52,Male,295,2,1481.6,740.8,724,3,0,2,2.6,82.3,Fashion,Lost
CUST12127,Chennai,39,Female,89,6,3513.21,585.54,836,5,0,5,4.9,70.5,Grocery,AtRisk
CUST12128,Pune,21,Female,132,2,425.27,212.64,252,3,1,2,3.4,100,Grocery,Lost
CUST12129,Bengaluru,49,Male,30,24,8551.03,356.29,797,3,0,2,4.4,45.1,Home,Champions
CUST12130,Chennai,27,Female,150,7,3174.078044,755.38,174,6,0,2,3.3,29.6,Fashion,AtRisk
CUST12131,Chennai,44,Male,210,3,8750.98,2916.99,30,3,1,2,5,83.8,Grocery,AtRisk
CUST12132,Mumbai,51,Male,305,3,881.45,293.82,818,3,4,5,3.8,57.8,Fashion,Lost
CUST12133,Mumbai,39,Female,13,16,36703.52,2293.97,1030,1,1,0,2.7,55.7,Home,Champions
CUST12134,Delhi,18,Male,36,7,10022.8361,1209.94,524,5,1,1,4.2,94.6,Grocery,Loyal
CUST12135,Pune,24,Male,31,10,15103.06,1510.31,436,2,2,0,4.8,68.4,Beauty,Loyal
CUST12136,Chennai,49,Male,195,3,2718.48,906.16,1113,4,1,6,4.8,83.1,Electronics,Lost
CUST12137,Delhi,32,Male,274,1,1694.18,1694.18,542,3,3,2,3.9,52.5,Sports,Lost
CUST12138,Coimbatore,35,Female,208,2,1335.99,668,580,3,1,1,4.4,50.5,Beauty,Lost
CUST12139,Pune,42,Female,365,2,714.1224761,297.14,1108,3,1,2,3.5,57.7,Beauty,Lost
CUST12140,Hyderabad,42,Male,16,13,32175.13,2475.01,494,3,1,4,4.3,78.4,Electronics,Champions
CUST12141,Mumbai,37,Male,16,19,13104.86995,1356.35,404,5,2,4,4.1,66,Fashion,Champions
CUST12142,Delhi,32,Female,1,11,32501.76,2954.71,845,6,1,1,1.5,74.4,Books,Champions
CUST12143,Madurai,31,Female,35,5,7667.19,1533.44,386,4,1,2,3,12.9,Books,Loyal
CUST12144,Bengaluru,43,Male,315,2,280.35,140.18,557,5,0,0,4,27.4,Fashion,Lost
CUST12145,Hyderabad,40,Male,365,2,2575.362597,648.4,204,5,2,3,3.9,21.9,Fashion,Lost
CUST12146,Bengaluru,31,Female,70,7,11234.24128,1531.93,656,4,0,5,3.8,57.4,Electronics,Loyal
CUST12147,Bengaluru,46,Female,169,4,1441.27,360.32,620,6,0,1,3.9,37,Fashion,AtRisk
CUST12148,Bengaluru,33,Male,188,5,2888.05,577.61,890,2,1,4,4.8,98.8,Electronics,Lost
CUST12149,Hyderabad,25,Female,79,11,16061.37,1460.12,857,2,0,1,4.1,64.6,Electronics,Loyal
CUST12150,Madurai,26,Male,15,15,20175.41,1345.03,765,2,0,0,1.9,69.3,Grocery,Champions
CUST12151,Chennai,23,Male,31,7,10589.2,1512.74,718,3,0,4,5,43.2,Fashion,Loyal
CUST12152,Delhi,31,Female,24,8,15314.96,1914.37,578,5,0,7,2.3,42.6,Books,Loyal
CUST12153,Hyderabad,48,Female,48,8,3646.715975,359.24,783,2,0,4,4.6,96,Grocery,AtRisk
CUST12154,Chennai,25,Male,43,11,9635.82,875.98,266,4,1,2,2.5,100,Fashion,Loyal
CUST12155,Coimbatore,36,Male,18,24,28579,1190.79,30,3,2,2,4.9,73.3,Sports,Champions
CUST12156,Chennai,27,Male,365,1,2538.408334,1442.93,949,3,0,6,3.6,24.4,Grocery,Lost
CUST12157,Madurai,31,Female,25,4,5558.98,1389.74,802,4,1,3,4.1,56.5,Electronics,AtRisk
CUST12158,Bengaluru,18,Male,66,8,7795.35,974.42,562,6,1,1,2.2,71.3,Grocery,Loyal
CUST12159,Delhi,32,Male,236,3,3061.897542,800.16,922,2,0,2,4.4,60.4,Fashion,Lost
CUST12160,Delhi,32,Male,10,18,34358.19,1908.79,381,3,1,3,4.1,22.6,Home,Champions
CUST12161,Mumbai,40,Female,16,12,5620.7,468.39,388,2,0,3,4.3,100,Home,Loyal
CUST12162,Bengaluru,36,Male,253,3,1396.94,465.65,347,2,1,6,4.6,48.3,Fashion,Lost
CUST12163,Hyderabad,21,Male,110,11,22806.43292,1568.26,770,2,0,5,3.9,38.2,Grocery,Loyal
CUST12164,Bengaluru,46,Male,326,2,2638.87,1319.44,125,4,3,3,3.6,64.4,Grocery,Lost
CUST12165,Trichy,36,Female,42,11,7452.52,677.5,370,4,0,2,3.2,88.7,Fashion,Loyal
CUST12166,Delhi,36,Female,3,9,5778.619049,360.63,687,5,1,3,3.4,75.3,Electronics,Champions
CUST12167,Chennai,34,Female,123,5,6884.2,1376.84,239,2,0,1,4.8,38.7,Sports,AtRisk
CUST12168,Delhi,28,Female,30,14,14988.75,1070.62,402,4,1,4,3.1,35.4,Home,Loyal
CUST12169,Madurai,36,Female,156,1,2605.92,2605.92,30,4,0,2,2.3,21.2,Grocery,AtRisk
CUST12170,Delhi,39,Male,99,2,5683.03,2841.52,782,3,0,3,3,59.2,Grocery,AtRisk
CUST12171,Chennai,18,Female,266,1,1648.25,1648.25,394,2,0,6,4.3,55.5,Fashion,Lost
CUST12172,Chennai,28,Male,323,4,768.12,192.03,270,4,0,4,3.6,75.3,Grocery,Lost
CUST12173,Pune,31,Male,13,11,8000.21,727.29,211,4,1,3,4.3,51.3,Home,Loyal
CUST12174,Coimbatore,37,Female,220,1,1731.05,1731.05,475,4,0,1,2.2,84.5,Grocery,Lost
CUST12175,Hyderabad,47,Male,136,5,13271.61475,1776.88,126,4,1,2,1.4,78.1,Grocery,AtRisk
CUST12176,Coimbatore,26,Male,122,7,6171.63,881.66,1183,5,1,0,4,50.4,Grocery,AtRisk
CUST12177,Delhi,29,Male,242,1,3834,3834,30,2,0,4,4.6,72.8,Home,Lost
CUST12178,Delhi,28,Female,113,2,8347.72,4173.86,465,3,0,0,2.4,91.6,Home,AtRisk
CUST12179,Mumbai,25,Male,97,15,24671.15736,1151.3,632,4,2,4,4.2,45.8,Home,Loyal
CUST12180,Madurai,30,Female,150,5,4519.71,903.94,367,3,1,4,4.8,60.7,Fashion,AtRisk
CUST12181,Coimbatore,42,Female,42,13,20827.13,1602.09,664,5,0,3,3.8,60.3,Grocery,Loyal
CUST12182,Chennai,22,Female,48,8,5253.88,656.74,360,4,1,1,4.5,57.8,Home,Loyal
CUST12183,Madurai,39,Male,168,4,7878.231801,993.8,1059,1,1,2,4,81,Grocery,AtRisk
CUST12184,Delhi,18,Female,27,14,7660.97,547.21,264,5,0,0,3.6,82.6,Home,Loyal
CUST12185,Kochi,28,Male,6,9,24422.21,2713.58,30,3,1,4,4.5,73.1,Beauty,Champions
CUST12186,Pune,30,Male,23,19,27818.85,1464.15,210,1,0,2,5,72.2,Electronics,Champions
CUST12187,Hyderabad,52,Male,214,7,5179.977169,1160.31,716,3,0,6,3.4,53.8,Fashion,AtRisk
CUST12188,Hyderabad,31,Female,39,11,15092.53,1372.05,565,2,0,3,3.7,71.6,Grocery,Loyal
CUST12189,Delhi,18,Male,147,3,6923.16,2307.72,826,5,1,3,3,39.3,Fashion,AtRisk
CUST12190,Coimbatore,18,Male,57,9,15782.01898,1561.35,751,3,0,3,3.9,100,Sports,Loyal
CUST12191,Pune,34,Male,119,6,3036.01,506,409,2,0,1,3.7,92,Electronics,AtRisk
CUST12192,Delhi,41,Male,43,11,15107.69,1373.43,453,5,0,2,4.7,84.1,Fashion,Loyal
CUST12193,Mumbai,38,Female,196,4,3997.9,999.48,484,4,0,3,4.9,73.2,Books,AtRisk
CUST12194,Chennai,36,Female,32,13,9704.98,746.54,1165,3,0,2,4.4,73.2,Electronics,Loyal
CUST12195,Bengaluru,47,Female,337,3,3789.88,1263.29,807,2,1,1,4.6,31.2,Fashion,Lost
CUST12196,Bengaluru,28,Male,365,2,2486.53,1243.27,1168,2,0,2,3.2,39.8,Fashion,Lost
CUST12197,Pune,44,Male,278,4,1862.94,465.74,852,2,1,3,3,42.3,Beauty,Lost
CUST12198,Mumbai,18,Female,113,1,2303.9,2303.9,581,5,0,7,4.1,66.2,Fashion,Lost
CUST12199,Bengaluru,24,Male,11,11,18695.93182,1813.65,294,1,1,2,3.8,59.4,Electronics,Loyal
CUST12200,Trichy,18,Female,148,5,9911.45,1982.29,660,3,0,1,5,81.2,Sports,AtRisk
CUST12201,Chennai,31,Male,145,5,3688.61,737.72,582,3,1,2,2.3,45.7,Fashion,AtRisk
CUST12202,Bengaluru,33,Female,118,4,8335.82,2083.96,572,5,1,6,4.3,85.5,Home,AtRisk
CUST12203,Chennai,35,Male,268,1,2316.85,2316.85,537,4,0,6,4.3,48.6,Fashion,Lost
CUST12204,Delhi,35,Male,155,6,4804.53,800.76,30,4,1,6,3.2,56.6,Electronics,AtRisk
CUST12205,Pune,24,Female,272,1,1015.211012,1960.11,978,3,0,3,3,82.9,Beauty,Lost
CUST12206,Madurai,32,Female,100,15,12472.2,831.48,585,2,0,4,3.5,75.1,Electronics,Loyal
CUST12207,Pune,18,Male,266,2,2440.94,1220.47,176,3,2,0,2.5,40,Fashion,Lost
CUST12208,Madurai,49,Female,107,5,5992.06,1198.41,745,5,0,2,5,86.3,Beauty,AtRisk
CUST12209,Pune,31,Female,131,5,6736.48,1347.3,343,5,0,0,5,66.8,Grocery,AtRisk
CUST12210,Hyderabad,29,Male,18,13,7132.15,548.63,769,3,0,3,3.5,22.2,Home,Loyal
CUST12211,Hyderabad,51,Male,300,2,2208.23,1104.12,864,2,1,3,3.3,48.1,Electronics,Lost
CUST12212,Chennai,20,Male,251,2,1684.03,842.02,906,2,2,3,2.8,56.8,Home,Lost
CUST12213,Kochi,22,Male,27,12,15514.92691,915.62,552,3,0,1,2.9,41.6,Electronics,Loyal
CUST12214,Delhi,22,Female,83,4,747.55,186.89,476,4,1,4,3.3,91.9,Beauty,AtRisk
CUST12215,Madurai,33,Male,8,7,6735.625155,1026.53,412,6,0,0,4.8,57.5,Grocery,Loyal
CUST12216,Hyderabad,39,Male,330,3,804.74,268.25,383,4,0,2,5,74.2,Home,Lost
CUST12217,Madurai,42,Male,5,9,18363.77,2040.42,595,4,1,2,3.2,69.1,Fashion,Loyal
CUST12218,Pune,62,Female,47,10,9358.67,935.87,537,2,1,0,3.1,79.1,Fashion,Loyal
CUST12219,Chennai,18,Male,48,12,13969.93,1164.16,352,4,0,3,2.9,98.5,Beauty,Loyal
CUST12220,Delhi,41,Male,162,5,2343.21,468.64,257,4,2,2,4.2,78.5,Sports,AtRisk
CUST12221,Mumbai,28,Male,35,22,26429.65,1201.35,567,3,0,4,4.1,99.9,Fashion,Champions
CUST12222,Chennai,28,Female,132,5,6215.83,1243.17,470,3,0,6,3.9,79,Beauty,AtRisk
CUST12223,Coimbatore,27,Male,210,4,1539.94,384.98,258,4,4,3,3.4,67.6,Electronics,Lost
CUST12224,Chennai,24,Female,354,2,2799.52,1399.76,849,4,1,4,4.9,71.4,Fashion,Lost
CUST12225,Bengaluru,53,Male,29,10,39656.81,3965.68,1132,5,1,5,4.4,12.5,Sports,Champions
CUST12226,Madurai,43,Male,365,1,1968.54,1968.54,889,1,1,3,4.4,55.9,Sports,Lost
CUST12227,Mumbai,34,Male,144,3,3044.075824,1396.41,384,5,0,1,4.1,62.1,Fashion,AtRisk
CUST12228,Madurai,49,Male,2,20,19008.79,950.44,585,1,1,0,3.6,73.8,Electronics,Champions
CUST12229,Madurai,18,Female,24,25,23030.73,921.23,1062,4,0,3,3.2,64.5,Electronics,Champions
CUST12230,Delhi,19,Female,8,27,12673.05,469.37,248,7,1,2,4.2,71.7,Grocery,Champions
CUST12231,Chennai,18,Female,225,1,2300.29,2300.29,835,3,1,5,4.1,38.5,Electronics,Lost
CUST12232,Pune,26,Female,9,20,40082.29,2004.11,166,4,3,2,4.3,33.4,Fashion,Champions
CUST12233,Pune,36,Male,70,12,10117.31,843.11,1105,3,1,2,2.5,41.3,Electronics,Loyal
CUST12234,Delhi,35,Male,357,4,11662.54412,2122.86,471,5,0,0,4.1,96.4,Fashion,AtRisk
CUST12235,Mumbai,36,Female,151,3,1984.7,661.57,1269,4,1,2,3.6,39.6,Sports,AtRisk
CUST12236,Pune,18,Female,225,2,1716.98,858.49,1118,2,0,1,3.1,49.2,Fashion,Lost
CUST12237,Coimbatore,43,Female,123,5,7413.14,1482.63,568,3,1,1,4.4,67.1,Electronics,AtRisk
CUST12238,Chennai,37,Male,10,21,26029.68,1239.51,384,2,1,2,3.9,33.2,Home,Champions
CUST12239,Coimbatore,42,Male,365,3,533.7775532,313.47,658,3,0,1,5,47.6,Books,Lost
CUST12240,Hyderabad,18,Female,94,11,13690.16553,867.13,546,3,3,8,4.2,78.5,Grocery,Loyal
CUST12241,Chennai,37,Male,82,4,2559.45,639.86,480,4,2,4,3.6,56.2,Grocery,AtRisk
CUST12242,Mumbai,21,Male,156,7,5119.74,731.39,103,2,2,5,3.7,98.7,Sports,AtRisk
CUST12243,Trichy,30,Male,22,7,24492.73,3498.96,446,3,0,2,2.9,31,Fashion,Champions
CUST12244,Pune,40,Female,209,2,1761.37,880.68,267,4,1,3,4.8,58.1,Home,Lost
CUST12245,Mumbai,35,Male,128,6,3339.06,556.51,765,4,2,2,4.1,56.2,Fashion,AtRisk
CUST12246,Chennai,25,Female,25,28,27580.14,985,897,4,1,8,4.1,64.8,Books,Champions
CUST12247,Hyderabad,34,Male,250,2,977.54,488.77,822,3,0,2,2.9,40.5,Grocery,Lost
CUST12248,Mumbai,18,Female,142,3,10756.07,3585.36,703,2,1,1,4.4,53.4,Sports,AtRisk
CUST12249,Chennai,47,Female,189,5,2651.27,530.25,344,4,2,1,3.1,80.8,Grocery,AtRisk
CUST12250,Chennai,32,Male,87,6,5694.85,949.14,662,3,1,3,3.4,59.6,Home,AtRisk
CUST12251,Pune,46,Female,346,1,913.71,913.71,838,5,0,5,3.9,43.6,Fashion,Lost
CUST12252,Delhi,28,Male,14,15,33089.89,2205.99,424,5,0,5,3.3,100,Sports,Champions
CUST12253,Hyderabad,28,Male,42,10,4358.98,435.9,636,1,1,1,3.2,66,Home,Loyal
CUST12254,Pune,26,Female,15,12,20589.2744,1199.39,556,4,1,1,3.8,77.3,Electronics,Loyal
CUST12255,Mumbai,44,Male,14,13,30778.91,2367.61,1099,5,1,5,4.6,80.3,Electronics,Champions
CUST12256,Mumbai,26,Male,83,5,1682.91,336.58,855,1,0,7,4.5,63.6,Home,AtRisk
CUST12257,Bengaluru,41,Male,75,7,17196.73,2456.68,783,4,0,2,4.4,49.2,Electronics,Loyal
CUST12258,Madurai,30,Male,64,15,8336.13,555.74,85,5,0,5,4.2,69,Home,Loyal
CUST12259,Bengaluru,18,Female,20,17,49183.07,2893.12,652,2,0,0,3.4,51,Fashion,Champions
CUST12260,Hyderabad,28,Male,111,4,9998.93,2499.73,553,3,1,1,4.7,72.4,Grocery,AtRisk
CUST12261,Mumbai,21,Female,324,3,3205.64,1068.55,551,4,0,0,2.4,61.7,Electronics,Lost
CUST12262,Pune,34,Female,20,4,5819.08,1454.77,131,4,1,3,4.1,85.6,Fashion,Loyal
CUST12263,Bengaluru,21,Male,153,3,7003.21,2334.4,274,2,1,2,4.5,42.2,Fashion,AtRisk
CUST12264,Mumbai,44,Male,46,14,15213.26,1086.66,580,5,0,3,3.7,79.4,Home,Loyal
CUST12265,Delhi,33,Female,142,7,6342.43,906.06,934,1,2,5,3.2,77.3,Electronics,AtRisk
CUST12266,Mumbai,32,Male,21,26,31631.49,1216.6,423,5,1,1,3.8,60.2,Fashion,Champions
CUST12267,Delhi,41,Male,84,7,9685.78,1383.68,480,4,1,3,3.2,79.6,Fashion,AtRisk
CUST12268,Coimbatore,45,Male,150,5,6368.56,1273.71,1134,3,2,0,4.2,73.4,Beauty,AtRisk
CUST12269,Mumbai,34,Female,365,4,1579.91,394.98,511,5,0,5,4.6,78.3,Home,Lost
CUST12270,Chennai,26,Female,48,10,5415.03,541.5,561,2,0,5,4.2,77.1,Grocery,Loyal
CUST12271,Bengaluru,18,Male,290,1,1258.52,1258.52,565,4,0,3,4.1,66,Sports,Lost
CUST12272,Bengaluru,26,Male,124,7,10349.48232,935.56,196,4,0,3,4.4,53.1,Home,AtRisk
CUST12273,Delhi,27,Female,243,2,3617.96,1808.98,772,4,1,1,4.5,52.8,Sports,Lost
CUST12274,Kochi,35,Female,38,13,16878.13,1298.32,404,2,1,0,3.2,60.7,Grocery,Loyal
CUST12275,Mumbai,30,Female,60,11,8382.42,762.04,591,3,0,3,2.6,81.9,Electronics,Loyal
CUST12276,Delhi,42,Female,283,1,2814.99,2814.99,733,4,0,4,4,77.6,Home,Lost
CUST12277,Mumbai,27,Male,27,29,24278.04,837.17,1183,2,0,7,4.5,85.1,Fashion,Champions
CUST12278,Delhi,33,Female,2,19,23509.15,1237.32,205,4,0,2,2.5,87.1,Fashion,Champions
CUST12279,Chennai,47,Male,15,23,24857.93,1080.78,859,3,1,3,3.9,60.7,Grocery,Champions
CUST12280,Coimbatore,38,Male,271,1,1628.49,1628.49,861,5,1,5,4.7,100,Electronics,Lost
CUST12281,Bengaluru,33,Female,4,18,15985.3,888.07,409,6,0,5,3.7,62.9,Electronics,Champions
CUST12282,Bengaluru,27,Male,272,1,2427.64,2427.64,780,3,0,1,5,55.1,Fashion,Lost
CUST12283,Chennai,27,Other,62,11,7586.83,689.71,1093,5,0,2,4.9,71.7,Beauty,Loyal
CUST12284,Chennai,25,Male,21,13,38822.36866,2178.38,371,3,1,1,3.7,74.7,Electronics,Champions
CUST12285,Coimbatore,28,Female,41,12,12993.85,1082.82,672,2,4,1,3.5,50.2,Electronics,Loyal
CUST12286,Trichy,42,Female,39,12,7847.44,653.95,721,3,0,5,3.5,61.8,Beauty,Loyal
CUST12287,Madurai,32,Male,86,1,6329.31,6329.31,760,4,1,3,3.9,56.1,Fashion,AtRisk
CUST12288,Bengaluru,19,Female,115,8,7409.09,926.14,831,1,2,2,2.9,67.8,Sports,AtRisk
CUST12289,Coimbatore,53,Male,98,5,4768.9,953.78,650,4,0,3,2.7,80.9,Fashion,AtRisk
CUST12290,Mumbai,38,Female,8,25,44750.06645,1370.71,754,4,2,3,2,59.7,Beauty,Champions
CUST12291,Madurai,19,Male,156,5,5464.28,1092.86,327,5,1,2,3.8,76.5,Fashion,AtRisk
CUST12292,Coimbatore,29,Female,279,2,1764.21,882.1,649,4,3,1,5,37.2,Electronics,Lost
CUST12293,Mumbai,35,Male,131,4,8025.84,2006.46,457,4,1,6,2.2,82.8,Sports,AtRisk
CUST12294,Chennai,53,Male,224,2,1307.32,653.66,231,3,0,1,3.7,55.9,Sports,Lost
CUST12295,Chennai,22,Male,75,9,9171.56,1019.06,447,6,3,1,3.6,55.6,Home,Loyal
CUST12296,Coimbatore,45,Male,297,3,2474.69,824.9,681,7,0,2,3.7,73,Home,Lost
CUST12297,Chennai,49,Female,64,13,13415.93,1031.99,731,3,2,7,4.8,74.1,Electronics,Loyal
CUST12298,Chennai,27,Female,15,15,23093.09,1539.54,219,5,0,1,3.1,62.8,Home,Champions
CUST12299,Madurai,31,Female,195,2,1675.7,837.85,319,2,1,4,2.2,47.2,Grocery,Lost
CUST12300,Hyderabad,23,Male,237,1,2075.5,2075.5,817,3,0,2,3.4,55.4,Grocery,Lost
CUST12301,Mumbai,32,Male,191,8,6693.43,836.68,752,3,3,3,3.3,66.9,Grocery,AtRisk
CUST12302,Mumbai,34,Male,46,7,2283.55,326.22,866,5,0,4,2,74.8,Fashion,Loyal
CUST12303,Madurai,41,Female,12,10,18569.68,1856.97,1010,2,0,0,4,48.5,Home,Loyal
CUST12304,Kochi,46,Other,52,13,12174.56,936.5,761,6,1,1,2.9,52.2,Fashion,Loyal
CUST12305,Bengaluru,26,Male,365,2,5624.227991,1510.68,476,5,3,4,3.7,70.3,Grocery,Lost
CUST12306,Chennai,18,Male,7,26,21540.96,828.5,634,4,0,3,3.5,63.3,Electronics,Champions
CUST12307,Mumbai,34,Male,144,1,2911.21,2911.21,1098,3,0,3,2.9,67.9,Home,Lost
CUST12308,Chennai,37,Female,59,13,6828.14,525.24,1429,5,0,4,4.5,12.7,Electronics,Loyal
CUST12309,Madurai,37,Female,326,1,1449.91,1449.91,739,1,0,1,3.6,59.1,Electronics,Lost
CUST12310,Mumbai,30,Female,157,3,2486.03,828.68,761,4,1,5,3.8,82.1,Electronics,Lost
CUST12311,Pune,35,Male,1,11,7931.02,721,818,4,0,4,4.3,52.7,Electronics,Loyal
CUST12312,Bengaluru,51,Female,50,9,15966.59,1774.07,607,1,1,3,4,74.7,Fashion,Loyal
CUST12313,Delhi,38,Female,320,2,872.14,436.07,949,4,1,3,3.9,40.8,Fashion,Lost
CUST12314,Trichy,30,Male,110,3,5714.39,1904.8,902,4,0,5,3.1,33.7,Fashion,AtRisk
CUST12315,Chennai,28,Female,115,8,2498.69,312.34,706,1,1,1,2.9,73.4,Electronics,AtRisk
CUST12316,Coimbatore,32,Male,305,6,15877.88313,1624.19,505,2,1,4,3.9,63.9,Sports,AtRisk
CUST12317,Bengaluru,52,Male,1,24,40127.56,1671.98,144,7,0,6,3,58.3,Electronics,Champions
CUST12318,Bengaluru,32,Female,202,3,2450.41,816.8,820,3,0,4,4.4,81.9,Home,Lost
CUST12319,Bengaluru,34,Male,37,13,14404.21,1108.02,664,5,0,2,3.7,58.8,Grocery,Loyal
CUST12320,Pune,29,Female,256,2,2148.5,1074.25,379,5,1,7,4.3,52.3,Grocery,Lost
CUST12321,Delhi,46,Female,41,8,17547.12,2193.39,261,4,0,3,3,50.2,Electronics,Loyal
CUST12322,Mumbai,56,Male,116,6,4346.36,724.39,798,5,2,5,2.9,46,Fashion,AtRisk
CUST12323,Madurai,39,Female,27,15,9269.03,617.94,120,1,1,2,5,74.3,Home,Loyal
CUST12324,Hyderabad,35,Male,42,10,13186.34,1318.63,690,3,0,5,3.7,58.8,Grocery,Loyal
CUST12325,Kochi,34,Male,42,5,8473.511842,2741.25,853,1,1,1,4.5,87.9,Grocery,Loyal
CUST12326,Hyderabad,18,Male,180,4,8468.09,2117.02,765,1,0,3,2.7,6,Grocery,AtRisk
CUST12327,Chennai,42,Male,142,2,6439.38,3219.69,483,3,2,1,3.6,83.5,Fashion,AtRisk
CUST12328,Delhi,35,Male,365,3,2381.556201,792.99,225,3,0,6,4.8,72.2,Beauty,Lost
CUST12329,Chennai,39,Male,36,6,14781.07,2463.51,776,4,0,2,2.5,63.2,Home,Loyal
CUST12330,Coimbatore,26,Male,26,7,2766.37,395.2,960,3,1,0,5,39.2,Fashion,AtRisk
CUST12331,Chennai,30,Male,241,6,5311.498014,1521.78,428,4,1,3,4,31.8,Beauty,AtRisk
CUST12332,Mumbai,29,Female,1,21,16588.13,789.91,752,4,1,4,3.1,80,Grocery,Champions
CUST12333,Delhi,45,Male,64,10,16509.12,1650.91,1074,4,2,2,4.1,69.8,Grocery,Loyal
CUST12334,Chennai,30,Female,157,8,6636.35,829.54,702,2,0,1,4.7,69.5,Beauty,AtRisk
CUST12335,Bengaluru,57,Female,29,10,9130.94,913.09,481,2,0,5,3.1,63,Grocery,Loyal
CUST12336,Bengaluru,39,Female,60,16,11543.32,721.46,912,3,1,5,3.3,82,Home,Loyal
CUST12337,Bengaluru,20,Male,158,5,9338.36,1867.67,379,3,2,0,4,53.3,Grocery,AtRisk
CUST12338,Chennai,33,Female,45,7,9559.4,1365.63,211,2,3,1,4.2,58.3,Fashion,Loyal
CUST12339,Bengaluru,27,Female,44,4,5543.98,1386,844,5,3,2,3.6,61.5,Beauty,AtRisk
CUST12340,Hyderabad,18,Female,365,2,1702.56,851.28,478,5,0,1,4.1,60.7,Electronics,Lost
CUST12341,Chennai,52,Male,93,8,7760.13,970.02,505,2,1,4,4.5,91.7,Grocery,AtRisk
CUST12342,Chennai,42,Male,96,9,1593.68,177.08,412,3,0,6,3.9,39.9,Electronics,AtRisk
CUST12343,Bengaluru,40,Female,14,27,11457.45,424.35,458,7,0,2,3.2,25.9,Electronics,Champions
CUST12344,Kochi,36,Male,287,3,4084.07,1361.36,1021,4,0,6,3.8,35.9,Grocery,Lost
CUST12345,Delhi,19,Male,52,10,11789.55,1178.96,1099,4,0,0,5,78.7,Fashion,Loyal
CUST12346,Delhi,29,Male,86,5,4749.46,949.89,1138,3,0,3,4.1,63,Fashion,AtRisk
CUST12347,Bengaluru,43,Female,161,2,1098.7,549.35,927,3,0,1,4.8,33,Books,Lost
CUST12348,Mumbai,22,Other,190,3,2817.52,939.17,740,6,0,3,3.4,67,Fashion,AtRisk
CUST12349,Chennai,18,Male,178,7,9146.522861,723.29,170,4,0,0,4,58.5,Grocery,AtRisk
CUST12350,Delhi,32,Female,45,7,14793.73,2113.39,544,3,1,0,4.4,76.2,Grocery,Loyal
CUST12351,Pune,32,Male,11,29,18776.78,647.48,1247,4,0,3,5,80.9,Electronics,Champions
CUST12352,Mumbai,35,Male,337,2,2971.55,1485.78,469,7,1,1,4.8,100,Home,Lost
CUST12353,Pune,42,Female,8,17,15676.54,922.15,1054,4,0,2,2.9,41.4,Grocery,Champions
CUST12354,Delhi,41,Female,119,4,7179.53,1794.88,617,2,1,6,4.7,27.7,Fashion,AtRisk
CUST12355,Chennai,37,Female,28,14,31089.81,2220.7,30,3,0,3,5,76.8,Electronics,Champions
CUST12356,Pune,47,Male,266,2,968.3,484.15,792,5,0,4,3.3,84.7,Fashion,Lost
CUST12357,Chennai,18,Female,6,9,25114.36,2790.48,980,1,1,1,3.1,39.5,Sports,Champions
CUST12358,Mumbai,40,Male,209,6,6439.122446,748.09,585,4,2,0,3.8,39.5,Electronics,AtRisk
CUST12359,Chennai,41,Male,143,4,8159.61,2039.9,970,2,0,2,3.9,71.9,Fashion,AtRisk
CUST12360,Chennai,20,Male,58,9,5383.86,598.21,100,1,0,0,3.5,99.3,Fashion,Loyal
CUST12361,Bengaluru,18,Female,1,15,16437.49,1095.83,184,2,2,1,2.9,47.5,Sports,Loyal
CUST12362,Madurai,26,Female,17,7,7443.27,1063.32,661,4,0,3,5,66.7,Home,Loyal
CUST12363,Bengaluru,27,Male,53,12,10770.52,897.54,743,6,0,2,3.1,27,Sports,Loyal
CUST12364,Mumbai,42,Male,4,11,16975.77,1543.25,1007,5,2,3,3.4,61,Sports,Loyal
CUST12365,Chennai,27,Female,34,10,13312.04,1331.2,792,3,1,4,3.9,62.7,Sports,Loyal
CUST12366,Chennai,25,Male,1,8,3858.47,482.31,242,5,0,0,2.6,94.4,Grocery,AtRisk
CUST12367,Mumbai,27,Female,44,12,13358.12,1113.18,664,3,2,1,2.6,50.9,Grocery,Loyal
CUST12368,Madurai,46,Male,284,2,2504.34,1252.17,780,1,1,0,3.5,78.7,Beauty,Lost
CUST12369,Delhi,34,Male,94,4,8213.09,2053.27,38,4,0,2,4.5,49.6,Fashion,AtRisk
CUST12370,Delhi,32,Other,28,7,7277.5,1039.64,587,1,1,4,4,66.8,Electronics,Loyal
CUST12371,Hyderabad,33,Male,31,15,7823.66,521.58,499,5,1,5,2.2,100,Fashion,Loyal
CUST12372,Delhi,48,Male,313,4,2575.79,643.95,404,5,1,3,4.9,100,Home,Lost
CUST12373,Bengaluru,26,Male,29,29,26242.5,904.91,750,2,4,5,4.4,100,Electronics,Champions
CUST12374,Delhi,48,Female,63,6,9274.39,1545.73,255,4,0,3,4,73,Beauty,AtRisk
CUST12375,Coimbatore,36,Female,136,4,8533.82,2133.46,725,4,1,3,3.9,60.8,Beauty,AtRisk
CUST12376,Madurai,32,Male,31,16,37223.47,2326.47,768,5,0,1,4.3,70.7,Electronics,Champions
CUST12377,Hyderabad,62,Male,233,2,3094.835368,1027.49,925,2,0,0,5,74.3,Electronics,Lost
CUST12378,Bengaluru,22,Female,50,16,15765.03,985.31,263,4,1,5,4.5,72.8,Electronics,Loyal
CUST12379,Hyderabad,30,Male,65,10,9643.43,964.34,148,2,1,2,4,50.8,Fashion,Loyal
CUST12380,Hyderabad,20,Female,365,2,1293.970407,752.34,684,5,2,5,2.8,50,Grocery,Lost
CUST12381,Pune,44,Male,108,4,5139.53,1284.88,514,5,2,1,3.9,53.1,Grocery,AtRisk
CUST12382,Pune,53,Male,255,2,2141.13,1070.56,1471,2,1,7,4.4,86.4,Beauty,Lost
CUST12383,Bengaluru,52,Female,121,4,686.37,171.59,738,5,0,2,3.7,88.6,Electronics,AtRisk
CUST12384,Madurai,47,Male,37,6,7455.42,1242.57,617,1,1,1,3.4,100,Home,AtRisk
CUST12385,Mumbai,32,Female,353,3,2267.01,755.67,548,5,0,2,4.2,73.5,Grocery,Lost
CUST12386,Bengaluru,30,Male,1,24,22469.32,936.22,235,6,0,3,3,49.2,Home,Champions
CUST12387,Mumbai,18,Male,324,3,3789.94,1263.31,769,4,1,2,4.5,55.4,Fashion,Lost
CUST12388,Delhi,56,Other,108,7,5686.91,812.42,576,3,1,1,3.5,61.8,Grocery,AtRisk
CUST12389,Delhi,39,Male,16,14,34200.72,2442.91,577,4,1,0,2.1,95.1,Electronics,Champions
CUST12390,Bengaluru,29,Female,165,6,3554.02,592.34,628,3,2,1,3.4,79.7,Electronics,AtRisk
CUST12391,Chennai,49,Male,11,26,40090.58,1541.95,666,7,0,5,3.8,38.1,Fashion,Champions
CUST12392,Bengaluru,23,Female,176,5,4609.3,921.86,78,3,0,1,4.2,63.9,Grocery,AtRisk
CUST12393,Chennai,38,Female,105,5,11296.46963,1917.21,851,5,1,0,4.1,35.6,Electronics,AtRisk
CUST12394,Pune,32,Male,182,2,1127.66,563.83,346,2,1,0,2.8,76.8,Beauty,Lost
CUST12395,Madurai,41,Female,26,17,10020.35,589.43,559,6,0,2,3.9,50.9,Sports,Loyal
CUST12396,Chennai,33,Female,67,7,3156.65,450.95,986,7,0,1,3.4,52.8,Grocery,AtRisk
CUST12397,Chennai,18,Male,33,9,15855.81,1761.76,1134,4,0,2,3.5,27.4,Electronics,Loyal
CUST12398,Delhi,35,Female,170,7,7170.77,1024.4,90,4,1,1,3,80.1,Home,AtRisk
CUST12399,Delhi,46,Female,149,1,6544.9,6544.9,609,2,2,5,3.8,89.2,Fashion,AtRisk
CUST12400,Madurai,34,Male,115,4,5106.53,1276.63,682,2,0,3,5,51.1,Home,AtRisk
CUST12401,Chennai,43,Male,356,1,1444.09,1444.09,148,4,0,7,5,61.8,Fashion,Lost
CUST12402,Bengaluru,22,Male,307,1,2284.74,2284.74,841,6,0,2,3,55.4,Electronics,Lost
CUST12403,Madurai,34,Male,1,14,43924.77091,1739.62,635,3,0,2,3.9,60.6,Fashion,Champions
CUST12404,Delhi,27,Female,30,11,7800.35,709.12,658,7,0,5,3.5,48.6,Fashion,Loyal
CUST12405,Mumbai,42,Male,39,5,7611.33,1522.27,325,3,0,3,3.9,43,Home,AtRisk
CUST12406,Bengaluru,34,Female,158,6,10080.61,1680.1,724,4,1,1,4.5,92.4,Electronics,AtRisk
CUST12407,Coimbatore,42,Male,1,14,13076.94,934.07,851,4,0,4,3.7,12.2,Fashion,Loyal
CUST12408,Trichy,46,Male,96,5,5260.07,1052.01,638,3,1,3,3.2,75.1,Electronics,AtRisk
CUST12409,Bengaluru,42,Female,48,9,12171.63,1352.4,446,1,0,0,4.7,70.7,Grocery,Loyal
CUST12410,Delhi,37,Female,64,6,11989.26,1998.21,469,3,1,1,2.8,98.1,Grocery,Loyal
CUST12411,Chennai,23,Female,187,2,1743.95,871.98,666,4,2,3,4,60.3,Sports,Lost
CUST12412,Bengaluru,34,Male,65,5,9926.26,1985.25,615,3,0,5,2.6,57.6,Home,Loyal
CUST12413,Chennai,28,Male,1,12,33896.18,2824.68,871,4,0,4,3,48.8,Home,Champions
CUST12414,Mumbai,30,Male,23,17,26065.46,1533.26,456,5,0,1,4.4,72.1,Electronics,Champions
CUST12415,Kochi,30,Other,283,3,1899.96,633.32,234,3,0,1,3.3,50.8,Fashion,Lost
CUST12416,Bengaluru,23,Male,342,2,3070.35,1535.18,708,2,0,4,2.3,42.4,Grocery,Lost
CUST12417,Chennai,18,Female,134,6,5392.05,898.68,457,6,1,0,3.2,50.3,Electronics,AtRisk
CUST12418,Chennai,27,Female,28,16,9680.58,605.04,835,1,1,1,3.1,46.1,Beauty,Loyal
CUST12419,Bengaluru,36,Male,207,1,200,200,602,3,0,5,2.8,44.9,Home,Lost
CUST12420,Chennai,19,Female,123,3,7555.16,2518.39,796,2,1,3,4.2,66.7,Electronics,AtRisk
CUST12421,Chennai,34,Female,363,1,1402.05,1402.05,296,5,0,1,2.6,61.1,Beauty,Lost
CUST12422,Hyderabad,55,Female,189,4,257.63,64.41,643,5,0,0,3.3,76,Electronics,Lost
CUST12423,Bengaluru,45,Male,20,8,7686.54,960.82,390,3,1,4,3.9,67.9,Electronics,Loyal
CUST12424,Madurai,52,Male,45,9,13930.66,1547.85,234,4,0,3,3.5,40.9,Electronics,Loyal
CUST12425,Pune,38,Male,62,7,9327.4,1332.49,342,4,1,2,3.5,22.5,Grocery,Loyal
CUST12426,Chennai,47,Male,48,13,15874.98,1221.15,437,6,3,3,3.2,43.9,Beauty,Loyal
CUST12427,Kochi,26,Female,233,3,804.18,268.06,973,1,1,3,2.8,80.3,Electronics,Lost
CUST12428,Madurai,27,Female,223,3,4404.62,1468.21,429,5,0,3,3.3,79.8,Home,Lost
CUST12429,Pune,18,Male,182,6,8295.61,1382.6,219,4,1,0,4.3,84.7,Electronics,AtRisk
CUST12430,Mumbai,47,Female,51,8,11101.78,1387.72,639,3,0,0,3.5,81.8,Books,Loyal
CUST12431,Hyderabad,51,Female,35,15,35392.79,2359.52,609,4,4,4,3.9,86.7,Beauty,Champions
CUST12432,Trichy,28,Male,33,21,12240.7763,734.67,452,5,3,4,4.7,73.1,Home,Champions
CUST12433,Madurai,31,Male,68,9,7766.2,862.91,552,4,0,3,4.3,100,Grocery,Loyal
CUST12434,Kochi,26,Female,30,11,11048.74,1004.43,893,7,2,1,2.8,70.9,Fashion,Loyal
CUST12435,Bengaluru,38,Female,115,7,5680.73,811.53,801,4,0,4,4.2,100,Electronics,AtRisk
CUST12436,Bengaluru,46,Female,18,18,14835.9,824.22,775,4,0,2,4.6,52.5,Grocery,Champions
CUST12437,Madurai,18,Male,363,3,2598.17,866.06,245,3,0,5,3.3,52,Fashion,Lost
CUST12438,Mumbai,39,Male,41,7,10356.57,1479.51,1466,4,0,1,2.5,61.2,Home,Loyal
CUST12439,Chennai,31,Male,251,2,2951.56,1475.78,915,3,2,1,3.4,64.3,Electronics,Lost
CUST12440,Mumbai,35,Female,77,2,5409.207335,2618.28,755,4,0,2,4,58.6,Grocery,AtRisk
CUST12441,Mumbai,39,Female,15,21,24869.86,1184.28,251,4,1,4,4.3,75.8,Home,Champions
CUST12442,Hyderabad,32,Male,194,2,2518.411224,959.74,884,3,4,2,3.4,63,Fashion,Lost
CUST12443,Hyderabad,33,Female,183,10,455.88,45.59,450,3,1,3,2.2,52.9,Beauty,AtRisk
CUST12444,Bengaluru,32,Female,94,7,4054.98,579.28,542,4,0,2,2.8,57.1,Fashion,AtRisk
CUST12445,Madurai,45,Female,153,5,3151.72,630.34,96,3,1,3,4.1,89.4,Electronics,AtRisk
CUST12446,Coimbatore,39,Other,32,17,20888.6,1228.74,228,4,1,2,5,71.3,Electronics,Champions
CUST12447,Coimbatore,36,Male,112,3,7711.56,2570.52,732,4,1,1,3.8,31.5,Fashion,AtRisk
CUST12448,Chennai,20,Female,307,3,2758.71,919.57,902,3,0,3,4.9,95.2,Electronics,Lost
CUST12449,Madurai,30,Male,36,15,23866.33,1591.09,805,6,1,3,3,73.7,Grocery,Champions
CUST12450,Coimbatore,44,Male,78,9,16036.41,1781.82,795,3,1,7,3.3,77.8,Sports,Loyal
CUST12451,Kochi,34,Female,320,2,233.44,116.72,581,4,1,1,1.9,83.6,Sports,Lost
CUST12452,Mumbai,41,Female,41,14,10524,751.71,478,2,3,1,4.1,84.6,Fashion,Loyal
CUST12453,Madurai,53,Male,80,5,5390.24,1078.05,687,1,0,3,3.1,46.6,Beauty,AtRisk
CUST12454,Mumbai,45,Female,198,5,4588.232428,1058.49,846,3,0,1,4.3,43.6,Books,AtRisk
CUST12455,Chennai,35,Female,148,6,5977.36,996.23,601,1,1,0,3.4,100,Fashion,AtRisk
CUST12456,Bengaluru,28,Female,20,11,10895.16,990.47,963,3,0,0,5,51,Sports,Loyal
CUST12457,Mumbai,18,Male,32,10,17646.19,1764.62,535,6,0,1,5,72.6,Books,Loyal
CUST12458,Bengaluru,32,Female,9,15,26243.79,1749.59,306,2,0,1,2,97.6,Beauty,Champions
CUST12459,Bengaluru,30,Male,89,8,4156.332353,478.07,597,1,1,0,4.3,56.1,Fashion,AtRisk
CUST12460,Trichy,38,Male,179,4,9883.12,2470.78,632,6,2,2,3.2,57.8,Grocery,AtRisk
CUST12461,Pune,32,Male,108,6,9245.48,1540.91,575,3,0,0,4.3,83.5,Fashion,AtRisk
CUST12462,Mumbai,30,Male,81,2,10045.27,5022.64,984,3,0,3,2.7,69.3,Books,AtRisk
CUST12463,Mumbai,18,Female,26,11,14033.07,1275.73,842,5,0,1,5,74.9,Electronics,Loyal
CUST12464,Mumbai,24,Female,1,28,22354.97873,1205.72,171,4,1,2,4.6,63.4,Sports,Champions
CUST12465,Coimbatore,39,Female,320,3,3038.3,1012.77,1060,5,1,4,2.7,54.5,Electronics,Lost
CUST12466,Bengaluru,53,Male,107,4,7708.54,1927.14,30,5,0,3,3.7,58.3,Electronics,AtRisk
CUST12467,Chennai,33,Female,52,9,18650.82,2072.31,1245,1,1,1,3.9,88.9,Sports,Loyal
CUST12468,Bengaluru,38,Female,1,19,24738.72,1302.04,514,1,0,3,4.4,59.1,Beauty,Champions
CUST12469,Mumbai,44,Female,28,8,21409.11,2676.14,543,5,3,6,3.8,73.6,Fashion,Champions
CUST12470,Coimbatore,25,Female,27,16,17036.18,1064.76,582,2,2,0,4.4,45.6,Books,Loyal
CUST12471,Kochi,38,Female,365,3,1310.746499,393.39,716,2,2,4,3.7,100,Beauty,Lost
CUST12472,Pune,26,Female,295,3,1468.68,489.56,600,2,0,0,4.3,71.4,Sports,Lost
CUST12473,Delhi,44,Female,241,2,2505.15,1252.58,560,3,1,5,2.7,71.8,Grocery,Lost
CUST12474,Mumbai,36,Male,365,2,2316.45,1158.22,993,3,0,1,3.8,83.5,Books,Lost
CUST12475,Pune,37,Female,349,3,2084.62,694.87,770,2,1,1,4.7,55.4,Beauty,Lost
CUST12476,Chennai,25,Male,69,6,11672.76461,987.72,312,2,0,5,4.9,88.9,Sports,AtRisk
CUST12477,Hyderabad,42,Male,50,8,8451.35,1056.42,822,4,1,4,3.9,34.7,Fashion,Loyal
CUST12478,Chennai,57,Female,345,3,636.9,212.3,757,2,1,1,3.7,52.7,Grocery,Lost
CUST12479,Hyderabad,23,Male,30,11,15959.8,1450.89,436,3,1,3,4.9,49,Beauty,Loyal
CUST12480,Coimbatore,30,Female,3,10,18101.21,1810.12,838,1,1,1,3.7,27.4,Grocery,Loyal
CUST12481,Pune,37,Male,51,13,18131.25,1394.71,553,6,1,0,4.7,54.4,Beauty,Loyal
CUST12482,Kochi,43,Male,111,6,10036.82,1672.8,533,5,0,3,3.7,64,Books,AtRisk
CUST12483,Chennai,28,Male,48,13,15952.38,1227.11,525,3,1,2,3.8,43.2,Beauty,Loyal
CUST12484,Bengaluru,18,Male,15,15,25187.89,1679.19,30,2,3,1,2.9,40.3,Fashion,Champions
CUST12485,Trichy,49,Female,55,10,15870.09,1587.01,442,4,1,5,2.8,65.8,Electronics,Loyal
CUST12486,Bengaluru,42,Male,328,3,2099.81,699.94,814,3,1,1,4.6,63.4,Fashion,Lost
CUST12487,Pune,18,Male,138,3,5236.67937,1432.53,593,2,2,3,5,59.7,Home,AtRisk
CUST12488,Mumbai,27,Male,311,3,2960.56,986.85,214,1,1,5,3.9,39.7,Electronics,Lost
CUST12489,Bengaluru,51,Male,32,11,10789.36,980.85,889,3,4,2,3.7,57.1,Electronics,Loyal
CUST12490,Madurai,50,Female,17,18,21846.84,1213.71,510,1,0,1,4.6,51.7,Fashion,Champions
CUST12491,Coimbatore,44,Male,149,4,3821.98,955.5,234,4,1,3,4.1,66.7,Beauty,AtRisk
CUST12492,Hyderabad,32,Female,29,11,8650.47,786.41,1262,4,0,3,1.9,53.8,Electronics,Loyal
CUST12493,Bengaluru,35,Female,32,8,4496.22,562.03,284,2,0,4,4.6,64.2,Electronics,AtRisk
CUST12494,Mumbai,33,Female,205,3,1467.51,489.17,864,3,0,6,2.7,38.8,Grocery,Lost
CUST12495,Bengaluru,46,Female,91,7,7307.18,1043.88,369,6,0,2,3.8,37.1,Electronics,AtRisk
CUST12496,Mumbai,24,Male,318,2,3314.94,1657.47,641,5,0,3,3.4,76.2,Fashion,Lost
CUST12497,Pune,25,Male,53,3,10591.13,3530.38,329,3,0,0,3.3,80.3,Electronics,Loyal
CUST12498,Trichy,45,Female,75,5,5340.84,1068.17,228,7,0,4,3.8,57.1,Grocery,Loyal
CUST12499,Bengaluru,34,Female,91,5,4094.74,818.95,757,2,1,3,4.5,65.6,Electronics,AtRisk
CUST12500,Hyderabad,49,Female,1,27,20527.96,760.29,722,2,0,2,3.8,56,Sports,Champions
CUST12501,Hyderabad,27,Female,45,8,17371.18,2171.4,943,3,0,1,4.9,86.9,Electronics,Loyal
CUST12502,Mumbai,33,Male,85,8,20530.25749,1358.35,590,1,0,2,5,60.9,Books,Loyal
CUST12503,Kochi,24,Male,39,6,17165.32,2860.89,1266,6,0,3,5,55,Home,Loyal
CUST12504,Coimbatore,34,Female,7,23,15095.87,656.34,681,4,2,1,3.8,84.3,Beauty,Champions
CUST12505,Chennai,18,Female,12,13,28555.82,2196.6,770,2,1,2,3.4,49.5,Electronics,Champions
CUST12506,Pune,29,Male,167,1,5611.57,5611.57,192,4,1,3,3.8,68.1,Home,AtRisk
CUST12507,Bengaluru,18,Female,75,10,1995.36,199.54,416,4,0,0,4.7,44,Beauty,AtRisk
CUST12508,Hyderabad,42,Male,129,5,7202.74,1440.55,756,3,0,0,4.7,78.3,Grocery,AtRisk
CUST12509,Pune,42,Male,115,4,2207.24,551.81,575,2,0,1,1.7,81.3,Grocery,AtRisk
CUST12510,Chennai,18,Female,17,30,23450.35,781.68,656,1,1,6,4,39.2,Electronics,Champions
CUST12511,Pune,49,Female,14,12,7074,589.5,355,7,1,1,1.9,36.1,Fashion,Loyal
CUST12512,Bengaluru,61,Male,11,18,35730.23,1985.01,637,1,2,2,3.8,70.8,Electronics,Champions
CUST12513,Mumbai,35,Male,287,1,1127.31,1127.31,636,6,0,0,3.4,100,Books,Lost
CUST12514,Mumbai,27,Male,162,4,3669.6,917.4,246,2,0,1,3.1,82.7,Home,AtRisk
CUST12515,Kochi,65,Female,64,10,16330.5,1633.05,793,5,0,0,4.5,60.8,Electronics,Loyal
CUST12516,Chennai,19,Male,63,9,10020.48,1113.39,90,4,1,4,3.3,47.9,Grocery,Loyal
CUST12517,Bengaluru,34,Female,356,3,2006.55,668.85,655,4,0,0,3.8,40.7,Home,Lost
CUST12518,Delhi,36,Female,144,6,9042.92,1507.15,1130,5,1,4,3.1,79.3,Electronics,AtRisk
CUST12519,Delhi,49,Female,365,1,2694.978478,3535.33,804,1,2,3,3.9,83.5,Home,Lost
CUST12520,Delhi,38,Male,59,6,6862.52,1143.75,802,2,1,2,4.6,52.4,Electronics,Loyal
CUST12521,Chennai,29,Female,41,10,18508.47,1850.85,331,1,0,4,3.1,60.1,Fashion,Loyal
CUST12522,Madurai,24,Male,313,2,1318.6,659.3,1131,4,0,9,4.3,65.9,Grocery,Lost
CUST12523,Bengaluru,30,Male,212,6,13151.47623,1491.8,1013,2,1,3,3.8,100,Fashion,AtRisk
CUST12524,Hyderabad,23,Male,98,7,6935.78,990.83,347,1,1,0,3.8,66.3,Fashion,AtRisk
CUST12525,Coimbatore,35,Male,46,3,6689.16,2229.72,458,3,1,5,3.5,45.4,Beauty,AtRisk
CUST12526,Coimbatore,28,Female,130,4,4672.6,1168.15,976,1,0,3,4.4,41.9,Fashion,AtRisk
CUST12527,Kochi,18,Male,141,9,4067.74,451.97,1139,4,2,7,4.3,46.8,Home,AtRisk
CUST12528,Chennai,48,Male,113,2,17639.46409,8214.62,221,2,1,1,3.7,90.3,Beauty,Loyal
CUST12529,Trichy,29,Female,63,10,12847.17,1284.72,299,2,2,5,4,75.3,Electronics,Loyal
CUST12530,Delhi,20,Male,179,3,3053.99,1018,557,1,0,2,4.4,58.1,Electronics,Lost
CUST12531,Hyderabad,32,Female,134,10,22247.28543,1213.58,30,6,0,8,4.2,6.5,Beauty,Loyal
CUST12532,Madurai,35,Male,57,5,5094.4,1018.88,606,1,0,2,3.6,47.9,Grocery,AtRisk
CUST12533,Chennai,18,Male,112,5,3892.797405,443.17,956,3,2,9,4.7,71.9,Beauty,AtRisk
CUST12534,Delhi,38,Female,275,3,3974.65,1324.88,168,1,0,3,4.5,72,Fashion,Lost
CUST12535,Hyderabad,22,Male,65,11,13758.04,1250.73,638,2,0,4,5,71.9,Beauty,Loyal
CUST12536,Delhi,53,Female,46,5,12778.51,2555.7,425,6,0,6,2.5,38.1,Electronics,Loyal
CUST12537,Chennai,40,Male,247,2,2171.04,1085.52,1092,4,1,1,4.4,68.5,Sports,Lost
CUST12538,Hyderabad,30,Male,295,2,1472.98,736.49,429,2,2,4,4.7,45.5,Beauty,Lost
CUST12539,Hyderabad,26,Male,130,3,6631.12,2210.37,1056,3,1,2,4.6,65,Grocery,AtRisk
CUST12540,Delhi,33,Male,19,11,8830.9,802.81,421,3,1,3,3.6,49.6,Grocery,Loyal
CUST12541,Hyderabad,41,Male,48,7,10351.79,1478.83,831,3,4,3,2.7,86.4,Fashion,Loyal
CUST12542,Hyderabad,34,Female,134,6,6122.08,1020.35,676,5,0,4,5,71.7,Fashion,AtRisk
CUST12543,Mumbai,32,Male,255,2,1227.26,613.63,559,3,2,4,3.4,62.1,Grocery,Lost
CUST12544,Chennai,35,Male,263,3,3304.6,1101.53,363,4,0,1,3.6,92.6,Home,Lost
CUST12545,Bengaluru,27,Male,5,24,16420.83,684.2,697,4,0,3,5,57.6,Books,Champions
CUST12546,Chennai,30,Female,93,8,25551.02377,2480.36,468,3,0,0,2.8,36.7,Beauty,Loyal
CUST12547,Bengaluru,18,Female,59,12,22688.63,1890.72,393,2,0,4,4.5,86.1,Fashion,Loyal
CUST12548,Bengaluru,45,Female,289,2,2678.404361,1638.34,1042,3,0,6,3.2,70,Home,Lost
CUST12549,Chennai,37,Female,80,7,3666.45,523.78,764,5,0,3,3.2,58.6,Electronics,AtRisk
CUST12550,Madurai,25,Male,72,16,18250.67,1140.67,793,5,1,0,3.9,52.1,Fashion,Loyal
CUST12551,Chennai,55,Male,7,12,23663.33,1971.94,483,2,0,4,4.3,75.2,Fashion,Champions
CUST12552,Hyderabad,35,Female,97,7,9921.7,1417.39,544,3,0,1,4.6,81.3,Books,AtRisk
CUST12553,Kochi,23,Female,27,6,42503.26,7083.88,525,2,2,3,4.7,49.7,Fashion,Champions
CUST12554,Chennai,43,Male,254,1,3449.31,3449.31,701,5,2,4,3.2,76.3,Electronics,Lost
CUST12555,Kochi,38,Male,47,4,7517.28,1879.32,793,3,3,4,2.9,70,Electronics,AtRisk
CUST12556,Mumbai,38,Other,43,10,13912.9,1391.29,591,7,1,5,3.5,48.4,Home,Loyal
CUST12557,Madurai,29,Female,87,8,10649,1331.12,362,4,1,3,4.1,65.1,Fashion,Loyal
CUST12558,Chennai,39,Male,287,3,1967.16,655.72,828,5,1,3,3.6,54.1,Beauty,Lost
CUST12559,Mumbai,31,Female,10,11,8807.26,800.66,610,2,1,4,1,89.8,Grocery,Loyal
CUST12560,Hyderabad,40,Male,53,13,9070.87,697.76,168,4,0,2,2.3,52,Fashion,Loyal
CUST12561,Delhi,18,Male,189,2,3037.81,1518.9,30,4,0,1,3.6,95.2,Home,Lost
CUST12562,Chennai,29,Male,230,1,1951.16,1951.16,689,2,0,3,4.5,67.6,Fashion,Lost
CUST12563,Chennai,53,Male,319,2,1116.94,558.47,351,4,1,0,3.1,30.1,Home,Lost
CUST12564,Bengaluru,26,Male,29,12,9786.93,815.58,729,5,1,2,4.4,21.5,Home,Loyal
CUST12565,Madurai,27,Female,17,11,20483.12,1862.1,367,3,0,0,2.6,60.8,Home,Champions
CUST12566,Coimbatore,29,Male,21,2,26107.73,13053.86,640,2,0,1,4,91.7,Beauty,Champions
CUST12567,Madurai,21,Female,7,18,20604.66,1144.7,486,6,0,1,4,89.6,Beauty,Loyal
CUST12568,Hyderabad,18,Male,206,3,3124.18,1041.39,1126,2,1,1,4.2,68.3,Home,Lost
CUST12569,Kochi,31,Male,41,8,19225.13,2403.14,885,4,1,5,3,50.3,Books,Loyal
CUST12570,Bengaluru,35,Female,175,6,7729.6,1288.27,1004,2,0,5,2.6,56.7,Electronics,AtRisk
CUST12571,Pune,33,Female,16,11,14985.11,1362.28,607,2,0,5,4.4,69.1,Sports,Loyal
CUST12572,Madurai,32,Female,42,15,8157.55,543.84,847,5,1,2,2.6,86.7,Electronics,Loyal
CUST12573,Bengaluru,34,Other,365,1,4401.757998,3633.87,627,3,3,2,3.2,76.4,Fashion,Lost
CUST12574,Coimbatore,45,Male,46,14,15572.22,1112.3,1041,4,2,4,4.9,84.4,Beauty,Loyal
CUST12575,Delhi,32,Male,67,4,11045.53,2761.38,578,1,0,3,3.9,77.9,Fashion,Loyal
CUST12576,Trichy,28,Female,10,10,5175.974278,338.8,181,4,1,3,4.1,83.8,Fashion,Loyal
CUST12577,Mumbai,31,Other,7,29,25065.54288,630.11,30,2,0,0,4.3,19.8,Fashion,Champions
CUST12578,Bengaluru,40,Female,68,8,4781.65,597.71,1100,1,1,4,4.3,47.1,Fashion,AtRisk
CUST12579,Delhi,50,Female,63,14,13148.4,939.17,744,6,1,4,3.8,42.9,Electronics,Loyal
CUST12580,Chennai,27,Female,199,7,9532.244557,856.67,763,4,0,2,3.1,41,Electronics,AtRisk
CUST12581,Pune,35,Male,338,2,979.4,489.7,1047,4,1,4,5,65.1,Grocery,Lost
CUST12582,Mumbai,38,Female,119,3,7568.43,2522.81,104,5,1,4,3.6,36.1,Home,AtRisk
CUST12583,Bengaluru,23,Female,1,19,17212.58,905.93,492,4,4,1,4.1,46.1,Home,Champions
CUST12584,Mumbai,34,Female,172,1,6381.96,6381.96,529,2,0,2,4.2,63,Fashion,AtRisk
CUST12585,Mumbai,18,Male,10,13,40378.49,3106.04,823,3,0,0,3.4,32.9,Sports,Champions
CUST12586,Chennai,18,Male,88,6,10004.75,1667.46,392,2,1,5,3.5,55.3,Fashion,AtRisk
CUST12587,Delhi,38,Male,122,7,5490.53,784.36,240,3,1,4,5,77.8,Electronics,AtRisk
CUST12588,Coimbatore,30,Male,47,19,8632.35,454.33,237,2,1,1,3.2,40.5,Sports,Loyal
CUST12589,Delhi,36,Female,264,2,960.57,480.28,945,2,3,4,4.1,80.9,Grocery,Lost
CUST12590,Hyderabad,34,Male,365,2,2039.98,1019.99,377,5,0,3,4.5,48.9,Books,Lost
CUST12591,Hyderabad,23,Male,355,3,2956.13,985.38,434,4,0,1,3.6,70.4,Fashion,Lost
CUST12592,Mumbai,34,Male,66,12,8767.79,730.65,790,3,2,3,3.7,42.9,Home,Loyal
CUST12593,Mumbai,20,Female,52,3,4738.6,1579.53,390,2,1,4,4.6,74.1,Electronics,AtRisk
CUST12594,Chennai,49,Female,223,1,866.18,866.18,89,3,0,4,3.7,58.9,Beauty,Lost
CUST12595,Hyderabad,19,Male,36,9,10998.37,1222.04,125,1,1,7,2.1,74.3,Electronics,Loyal
CUST12596,Coimbatore,32,Male,325,1,2227.02,2227.02,583,4,1,3,5,54.1,Electronics,Lost
CUST12597,Bengaluru,23,Male,6,20,29368.32,1468.42,749,5,0,2,3,76.1,Electronics,Champions
CUST12598,Madurai,40,Male,18,19,29069.43,1529.97,539,7,0,4,4,81.9,Grocery,Champions
CUST12599,Chennai,30,Male,69,5,11630.46472,1517.13,729,2,0,2,2.7,67.4,Fashion,AtRisk
CUST12600,Mumbai,28,Female,284,3,1409.57,469.86,116,5,0,1,3.4,55.4,Books,Lost
CUST12601,Chennai,43,Male,233,1,2700.83,2700.83,136,2,2,1,3.5,60.3,Beauty,Lost
CUST12602,Delhi,34,Male,216,2,1202.11,601.05,1276,2,0,0,3.9,39.7,Beauty,Lost
CUST12603,Madurai,40,Female,48,21,14429.47,687.12,970,2,0,4,3.1,69.1,Beauty,Champions
CUST12604,Chennai,23,Male,18,7,10006.71,1429.53,831,4,1,0,5,77.5,Sports,Loyal
CUST12605,Mumbai,19,Female,197,2,1938.493245,1385.9,402,2,1,1,3.8,96.3,Beauty,Lost
CUST12606,Chennai,35,Male,22,24,30869.93,1286.25,529,3,1,3,4.5,91.2,Sports,Champions
CUST12607,Coimbatore,30,Female,144,4,2838.38,709.6,599,3,0,2,3.8,45.5,Sports,AtRisk
CUST12608,Delhi,41,Female,49,5,8310.74,1662.15,994,2,2,7,4.6,69.2,Fashion,AtRisk
CUST12609,Chennai,33,Female,42,17,37259.38,2191.73,721,2,1,0,2.1,62.3,Fashion,Champions
CUST12610,Hyderabad,36,Male,29,17,16492.73556,697.82,758,1,0,7,3.2,89.4,Home,Loyal
CUST12611,Chennai,18,Male,111,4,2748.22,687.06,550,4,1,5,3.4,50.8,Electronics,AtRisk
CUST12612,Coimbatore,55,Male,365,2,1680.519067,920.9,838,4,0,4,3.4,82.6,Fashion,Lost
CUST12613,Delhi,32,Female,160,8,7596.46,949.56,691,2,2,5,4.2,45.3,Home,AtRisk
CUST12614,Madurai,42,Female,150,5,4379.32,875.86,613,4,1,3,4.3,62.9,Home,AtRisk
CUST12615,Chennai,25,Male,141,3,10846.28267,2397.15,377,6,2,0,3.7,47.3,Home,AtRisk
CUST12616,Bengaluru,37,Male,19,12,11670.68,972.56,566,4,0,4,3.8,25.7,Books,Loyal
CUST12617,Coimbatore,20,Male,21,14,37195.82,2656.84,276,5,2,0,5,46.9,Home,Champions
CUST12618,Hyderabad,39,Male,48,7,6973.858598,642.39,588,7,1,1,4.1,59.8,Fashion,Loyal
CUST12619,Madurai,30,Male,9,22,33346.67,1515.76,627,7,1,2,2,93.5,Fashion,Champions
CUST12620,Hyderabad,34,Male,121,9,23733.94311,2009.01,30,2,0,1,4.4,43.3,Fashion,Loyal
CUST12621,Pune,42,Female,34,11,9812.405679,733.32,531,2,3,4,4.2,52.9,Fashion,Loyal
CUST12622,Bengaluru,20,Female,58,12,8190.41,682.53,247,3,0,2,4.7,36.2,Electronics,Loyal
CUST12623,Pune,26,Other,18,22,18964.12,862.01,750,4,1,3,4.3,88.1,Fashion,Champions
CUST12624,Bengaluru,39,Male,56,7,8268.36,1181.19,791,6,1,2,3.1,55.8,Beauty,AtRisk
CUST12625,Kochi,57,Female,140,2,6383.55,3191.78,472,4,0,3,4.5,58.2,Home,AtRisk
CUST12626,Chennai,32,Female,33,19,30504.99,1605.53,765,2,0,1,3.9,58,Grocery,Champions
CUST12627,Delhi,41,Male,274,4,1062.86,265.71,777,3,1,0,4.6,26,Sports,Lost
CUST12628,Bengaluru,33,Female,33,29,33340.68,1149.68,531,3,0,2,5,35.7,Fashion,Champions
CUST12629,Bengaluru,55,Male,225,5,2063.69,412.74,1060,1,1,1,3.7,46,Grocery,Lost
CUST12630,Delhi,18,Male,9,16,13644.45,852.78,382,4,1,5,4.5,77.3,Electronics,Champions
CUST12631,Delhi,35,Male,235,1,200,200,1041,2,1,0,4.6,15,Sports,Lost
CUST12632,Chennai,18,Male,18,14,19029.76,1359.27,532,1,0,7,3.9,75.8,Fashion,Champions
CUST12633,Chennai,18,Female,174,8,3000.95,375.12,347,2,1,3,5,71.9,Electronics,AtRisk
CUST12634,Delhi,37,Male,15,7,10685.79,1526.54,495,4,1,3,4.6,28.7,Fashion,Loyal
CUST12635,Delhi,36,Male,161,7,7086.291837,536.87,270,4,1,1,3.3,58.7,Beauty,AtRisk
CUST12636,Kochi,31,Male,49,8,11566.66,1445.83,835,4,0,4,4,88.3,Electronics,Loyal
CUST12637,Hyderabad,33,Female,1,20,62202.27404,1755.26,119,5,0,2,4.5,43.6,Sports,Champions
CUST12638,Kochi,68,Male,272,3,1440.91,480.3,1017,5,1,3,5,54,Fashion,Lost
CUST12639,Delhi,31,Female,23,15,35008.37,2333.89,319,4,1,4,4.3,100,Fashion,Champions
CUST12640,Madurai,40,Female,303,2,2337.4,1168.7,851,4,0,4,4,71.5,Fashion,Lost
CUST12641,Chennai,27,Male,31,20,15611.34,780.57,607,4,1,5,4.8,59.8,Fashion,Champions
CUST12642,Hyderabad,37,Male,58,5,17835.92,3567.18,681,3,2,4,3.6,55.5,Grocery,Loyal
CUST12643,Delhi,31,Female,88,8,4178.35,522.29,423,1,0,1,3,72.5,Grocery,AtRisk
CUST12644,Chennai,29,Male,16,13,13077.69,1005.98,706,5,1,0,4.4,78.7,Fashion,Loyal
CUST12645,Bengaluru,54,Male,41,9,14265.86,1585.1,640,4,2,3,3.5,21.9,Fashion,Loyal
CUST12646,Kochi,47,Female,99,5,1262.48,252.5,163,2,4,3,5,20.3,Fashion,AtRisk
CUST12647,Mumbai,36,Male,125,3,228.25,76.08,311,6,0,6,4,45,Fashion,Lost
CUST12648,Bengaluru,18,Male,281,3,200,66.67,438,3,0,2,4.4,61.9,Grocery,Lost
CUST12649,Bengaluru,30,Male,59,11,13098.14,1190.74,374,3,3,3,3.3,66.5,Grocery,Loyal
CUST12650,Coimbatore,64,Male,143,4,8818.69,2204.67,976,5,0,4,4.8,30.9,Electronics,AtRisk
CUST12651,Bengaluru,31,Female,1,14,12925.85,923.28,602,4,1,4,3.8,60.9,Home,Loyal
CUST12652,Bengaluru,46,Female,72,11,13238.92,1203.54,366,6,1,4,3.7,63.6,Home,Loyal
CUST12653,Chennai,50,Female,169,5,6275.27,1255.05,453,3,1,1,3.7,48,Fashion,AtRisk
CUST12654,Hyderabad,36,Female,43,10,7483.819999,426.91,449,6,0,1,2.8,54.3,Grocery,Loyal
CUST12655,Bengaluru,25,Male,60,11,14552.11817,1000.03,514,2,2,2,3.6,50.5,Sports,Loyal
CUST12656,Hyderabad,18,Male,37,10,16649.04,1664.9,277,5,0,0,4.2,74.3,Electronics,Loyal
CUST12657,Pune,42,Male,70,5,3161.2,632.24,356,1,1,2,2.6,65.1,Beauty,AtRisk
CUST12658,Coimbatore,25,Male,235,3,200,66.67,830,2,1,1,4.6,42.2,Grocery,Lost
CUST12659,Delhi,36,Other,60,4,9639.19,2409.8,656,4,0,3,3.6,84.1,Grocery,AtRisk
CUST12660,Bengaluru,20,Female,11,14,27769.32,1983.52,554,3,0,2,4,37.7,Home,Loyal
CUST12661,Pune,31,Male,364,2,3327.13,1663.56,601,3,3,0,2,30.7,Grocery,Lost
CUST12662,Coimbatore,34,Male,214,4,4246.68,1061.67,586,4,1,5,4,60.1,Electronics,AtRisk
CUST12663,Delhi,37,Male,15,14,34360.17,2454.3,537,2,1,3,3,60,Sports,Champions
CUST12664,Mumbai,22,Male,8,16,28762.43,1797.65,755,2,1,4,3.5,66.5,Home,Champions
CUST12665,Madurai,47,Male,19,27,34248.07,1268.45,733,4,0,3,2.5,41.4,Grocery,Champions
CUST12666,Chennai,27,Female,50,11,7148.665644,652.98,128,3,1,3,3.1,82.9,Fashion,Loyal
CUST12667,Delhi,18,Female,365,1,1923.24,1923.24,561,6,0,0,3.7,99.3,Grocery,Lost
CUST12668,Delhi,33,Female,43,8,13692.32,1711.54,148,3,1,5,3.6,64.6,Beauty,Loyal
CUST12669,Madurai,34,Male,46,13,9715.81,747.37,791,5,0,4,4.5,71.3,Electronics,Loyal
CUST12670,Delhi,36,Male,258,3,1467.53,489.18,830,4,1,2,2.3,22.7,Beauty,Lost
CUST12671,Bengaluru,49,Male,177,2,2945.15,1472.58,417,3,1,3,3.8,56.3,Electronics,Lost
CUST12672,Delhi,31,Female,113,4,6626.43,1656.61,565,1,0,5,3.7,51.1,Grocery,AtRisk
CUST12673,Coimbatore,33,Female,67,14,20190.61,1442.19,30,5,0,2,3.4,47.8,Fashion,Loyal
CUST12674,Pune,22,Female,19,16,22923.83,1432.74,892,2,0,0,3.1,51.8,Home,Champions
CUST12675,Madurai,43,Male,16,14,33161.47,2368.68,813,3,2,2,4.7,53.8,Electronics,Champions
CUST12676,Bengaluru,36,Female,17,24,34750.63,1447.94,945,3,0,3,5,35.9,Grocery,Champions
CUST12677,Chennai,29,Male,60,6,6584.87,1097.48,1046,3,1,2,2.4,55.3,Beauty,Loyal
CUST12678,Chennai,18,Female,130,3,3936.82,1312.27,233,5,0,5,3.1,44.2,Grocery,AtRisk
CUST12679,Mumbai,50,Male,13,13,25189.32,1937.64,866,4,4,1,3,80.8,Electronics,Champions
CUST12680,Coimbatore,20,Male,25,15,28142.02,1876.13,1044,3,1,1,3.6,71.6,Electronics,Champions
CUST12681,Hyderabad,27,Female,83,15,14499.76,966.65,152,5,0,0,4.8,71.6,Grocery,Loyal
CUST12682,Chennai,38,Male,92,6,954.35,159.06,549,4,1,3,4.2,84.5,Electronics,AtRisk
CUST12683,Bengaluru,21,Male,140,5,2588.9,517.78,491,2,4,0,3.7,48.5,Electronics,AtRisk
CUST12684,Madurai,18,Male,158,4,4878.77,1219.69,857,2,1,4,3.8,70.4,Fashion,AtRisk
CUST12685,Chennai,18,Male,48,11,6371.16,579.2,30,2,0,1,3.5,86.4,Fashion,Loyal
CUST12686,Chennai,42,Male,31,11,10725.73,975.07,1145,3,0,1,4.4,47.1,Fashion,Loyal
CUST12687,Bengaluru,28,Male,22,21,22811.83,1086.28,566,2,0,6,4.5,24.4,Grocery,Champions
CUST12688,Bengaluru,66,Male,41,13,11862.75,912.52,875,4,0,5,4.3,51.2,Fashion,Loyal
CUST12689,Bengaluru,23,Male,287,2,1595.55,797.78,582,3,1,3,2,84.1,Fashion,Lost
CUST12690,Mumbai,24,Other,175,2,1149.759595,1134.23,748,1,1,0,3.8,45.9,Grocery,Lost
CUST12691,Mumbai,28,Male,132,3,8245.74,2748.58,30,1,2,7,3.7,55.7,Fashion,AtRisk
CUST12692,Chennai,37,Male,365,3,2025.76,675.25,485,1,1,2,4.6,49.4,Electronics,Lost
CUST12693,Bengaluru,29,Female,190,3,6866.33,2288.78,854,3,0,3,4,61.2,Home,AtRisk
CUST12694,Kochi,41,Female,5,23,41213.11,1791.87,687,5,1,4,4.2,44,Grocery,Champions
CUST12695,Mumbai,23,Female,365,4,1529,382.25,109,1,1,0,3.4,35.3,Fashion,Lost
CUST12696,Delhi,19,Male,5,24,27037.82,1126.58,618,2,1,1,4.6,56.2,Grocery,Champions
CUST12697,Madurai,18,Female,134,9,6313.014392,705.61,354,3,1,2,4.8,59.6,Books,AtRisk
CUST12698,Hyderabad,18,Female,53,8,16278.77,2034.85,328,2,0,3,2.5,87.3,Books,Loyal
CUST12699,Hyderabad,28,Female,129,13,9244.663852,591.64,144,2,0,0,2.8,66.3,Grocery,Loyal
CUST12700,Mumbai,31,Female,109,4,974.93,243.73,786,4,1,3,4.4,41.6,Electronics,AtRisk
CUST12701,Trichy,27,Female,16,9,14653.53,1628.17,934,3,0,3,3.7,50.4,Grocery,Loyal
CUST12702,Chennai,48,Female,45,6,12075.11,2012.52,1236,1,1,6,4.6,79.3,Electronics,Loyal
CUST12703,Chennai,48,Female,77,7,13091.17,1870.17,158,1,0,5,4,56.5,Fashion,Loyal
CUST12704,Hyderabad,30,Male,40,12,15833.33,1319.44,830,7,2,2,4.4,43.1,Sports,Loyal
CUST12705,Hyderabad,18,Female,332,1,2294.15,2294.15,850,5,2,2,3.2,66.6,Grocery,Lost
CUST12706,Chennai,28,Female,245,3,2773.26,924.42,426,3,3,5,4.1,49.2,Grocery,Lost
CUST12707,Coimbatore,27,Male,64,7,6869.77,981.4,325,4,2,3,4.1,74.6,Electronics,Loyal
CUST12708,Chennai,27,Other,55,15,15242.38,1016.16,274,3,3,0,3.2,72.3,Electronics,Loyal
CUST12709,Madurai,26,Male,321,2,1815.09,907.54,442,4,1,7,4.6,42.1,Books,Lost
CUST12710,Hyderabad,27,Male,11,14,18586.73789,1473.13,661,2,3,1,2.3,100,Fashion,Champions
CUST12711,Mumbai,30,Female,64,14,9724.38,694.6,1008,3,1,7,4,62.5,Fashion,Loyal
CUST12712,Madurai,27,Male,29,14,16383.49,1170.25,932,4,1,3,2.8,11.7,Grocery,Loyal
CUST12713,Bengaluru,36,Male,296,1,1539.44,1539.44,115,6,0,1,3,72.6,Home,Lost
CUST12714,Chennai,38,Male,22,21,22273.39,1060.64,363,5,1,0,4.6,13,Fashion,Champions
CUST12715,Madurai,24,Male,16,16,29014.16,1813.38,990,5,2,4,2.9,85.8,Grocery,Champions
CUST12716,Delhi,48,Male,72,6,6083.969095,1529.2,381,3,1,0,2.9,66.1,Fashion,AtRisk
CUST12717,Trichy,23,Male,29,10,13338.23,1333.82,583,3,0,3,4.3,62.1,Grocery,Loyal
CUST12718,Hyderabad,18,Male,139,5,6559.2,1311.84,88,1,1,6,2.9,63.3,Electronics,AtRisk
CUST12719,Chennai,38,Other,45,11,11161.89,1014.72,946,4,1,0,4.6,75,Grocery,Loyal
CUST12720,Pune,25,Other,14,6,9639.9,1606.65,30,4,1,4,4.3,53.7,Electronics,Loyal
CUST12721,Hyderabad,38,Male,9,15,34026.65,2268.44,107,3,1,1,3.2,63.1,Beauty,Champions
CUST12722,Hyderabad,18,Female,18,24,17313.39,721.39,915,2,0,5,4.6,65.7,Grocery,Champions
CUST12723,Bengaluru,49,Male,294,2,1657.49,828.74,1176,5,2,3,2.2,5.7,Sports,Lost
CUST12724,Bengaluru,41,Male,187,1,200,200,513,4,1,2,4.2,75.2,Grocery,Lost
CUST12725,Madurai,18,Male,40,13,15293.18,1176.4,586,5,0,5,2.8,78.6,Electronics,Loyal
CUST12726,Chennai,18,Female,12,15,42781.28,2852.09,872,2,1,4,3.4,72.3,Grocery,Champions
CUST12727,Coimbatore,52,Female,24,19,30469.4,1603.65,687,2,0,1,3.4,70.9,Home,Champions
CUST12728,Coimbatore,26,Male,129,1,5701.46,5701.46,488,5,0,6,4.8,95.2,Fashion,AtRisk
CUST12729,Bengaluru,25,Male,69,9,8831.06,981.23,454,3,2,0,3.4,62.4,Grocery,AtRisk
CUST12730,Delhi,18,Male,50,11,17043.81,1549.44,130,3,2,3,3.7,63.1,Electronics,Loyal
CUST12731,Bengaluru,30,Male,133,6,9118.74,1519.79,670,3,0,1,3.4,50.3,Home,AtRisk
CUST12732,Chennai,31,Female,105,3,8886.48,2962.16,572,3,0,0,3,25,Sports,AtRisk
CUST12733,Kochi,42,Male,344,1,2283.06,2283.06,469,5,0,0,3,72.5,Fashion,Lost
CUST12734,Kochi,19,Female,18,19,31731.65,1670.09,299,3,2,2,4,52.4,Beauty,Champions
CUST12735,Hyderabad,18,Male,81,12,9868.59,822.38,330,5,2,3,3.8,24.8,Electronics,Loyal
CUST12736,Trichy,39,Female,12,13,27222.48,2094.04,786,4,0,5,4.4,61.8,Fashion,Champions
CUST12737,Mumbai,45,Female,286,1,790.89,790.89,864,2,0,5,3.6,61.2,Grocery,Lost
CUST12738,Kochi,18,Male,365,1,3527.892073,2629.72,502,2,0,3,3.6,58.7,Fashion,Lost
CUST12739,Chennai,46,Female,97,5,5382.28,1076.46,470,3,2,2,4.4,66,Grocery,AtRisk
CUST12740,Bengaluru,34,Female,17,23,28154.07,1224.09,344,1,0,5,3.5,32.1,Grocery,Champions
CUST12741,Coimbatore,46,Male,53,15,7467.97,497.86,881,3,1,1,2.6,83.1,Electronics,Loyal
CUST12742,Coimbatore,33,Male,42,8,26004.24705,1847.1,609,6,1,0,4.5,72,Electronics,Loyal
CUST12743,Chennai,18,Female,121,3,3491.31,1163.77,710,3,0,4,3.3,88.2,Electronics,AtRisk
CUST12744,Mumbai,32,Male,68,10,6205.88,620.59,708,2,0,5,3.9,52.2,Books,Loyal
CUST12745,Hyderabad,46,Male,28,21,26813.73,1276.84,508,6,0,1,3.3,71.9,Home,Champions
CUST12746,Mumbai,24,Male,82,9,8472.31,941.37,250,2,1,6,3,25.9,Beauty,AtRisk
CUST12747,Chennai,30,Female,26,11,6777.95,616.18,301,2,1,4,2.3,46.6,Grocery,Loyal
CUST12748,Hyderabad,32,Female,42,7,7749.2,1107.03,938,5,1,3,4.1,35.9,Electronics,Loyal
CUST12749,Delhi,18,Female,9,8,36142.37,4517.8,382,4,0,1,1.1,68.5,Grocery,Champions
CUST12750,Bengaluru,52,Female,244,1,1909.58,1909.58,477,3,0,5,4.8,41.2,Grocery,Lost
CUST12751,Delhi,24,Male,75,3,2587.36,862.45,260,5,0,0,4.6,54.6,Fashion,AtRisk
CUST12752,Coimbatore,40,Female,232,1,2105.12,2105.12,235,4,0,2,3.1,63.2,Fashion,Lost
CUST12753,Madurai,33,Female,15,4,10868.14,2717.04,369,2,1,1,5,55.2,Home,AtRisk
CUST12754,Pune,48,Male,299,2,2700.33,1350.16,1107,1,3,0,5,37,Grocery,Lost
CUST12755,Madurai,38,Male,175,1,1073.48,1073.48,797,3,1,4,3.6,96.2,Electronics,Lost
CUST12756,Bengaluru,31,Male,190,4,6070,1517.5,442,5,1,3,4.1,65.6,Beauty,AtRisk
CUST12757,Pune,24,Female,365,2,4491.84937,1184.62,925,3,1,4,3.9,96.4,Home,Lost
CUST12758,Delhi,43,Female,94,9,10338.2,1148.69,554,4,2,2,5,42.7,Grocery,Loyal
CUST12759,Chennai,18,Female,43,11,6654.67,604.97,1006,4,1,4,2.7,55.8,Home,Loyal
CUST12760,Chennai,41,Other,19,19,27936.57,1470.35,1264,1,1,3,3.6,65,Electronics,Champions
CUST12761,Chennai,22,Male,142,5,3347.79,669.56,908,3,0,2,4.5,93.9,Sports,AtRisk
CUST12762,Delhi,48,Female,115,8,2920.33,365.04,628,4,0,1,4.5,96.3,Fashion,AtRisk
CUST12763,Bengaluru,36,Female,217,3,2267.62,755.87,810,2,0,0,3.8,54.6,Fashion,Lost
CUST12764,Chennai,41,Male,14,14,34136.4,2438.31,605,3,2,5,4.9,48.7,Beauty,Champions
CUST12765,Kochi,35,Other,114,9,2808.254643,471.64,49,4,1,5,4,63.2,Fashion,Loyal
CUST12766,Mumbai,18,Male,19,23,24529.22,1066.49,404,4,0,8,3.9,87.3,Beauty,Champions
CUST12767,Coimbatore,25,Female,93,9,2805.99,311.78,315,5,1,2,4.4,66,Fashion,AtRisk
CUST12768,Mumbai,41,Female,8,11,29565.12,2687.74,397,4,1,1,3.8,69.7,Grocery,Champions
CUST12769,Delhi,36,Female,156,2,1815.22,907.61,1138,2,2,0,3.8,87.1,Fashion,Lost
CUST12770,Chennai,47,Female,64,14,7458.22,532.73,937,3,0,4,3.2,83.9,Home,Loyal
CUST12771,Coimbatore,38,Male,15,5,14569.9,2913.98,732,4,1,4,5,84.7,Electronics,Loyal
CUST12772,Hyderabad,23,Female,365,2,1071.81,535.9,844,6,1,6,3.4,77.4,Sports,Lost
CUST12773,Bengaluru,25,Male,51,13,6913.82,531.83,32,3,3,1,4.4,92,Fashion,Loyal
CUST12774,Mumbai,35,Female,16,16,21568.64,1348.04,818,1,1,4,5,40.7,Grocery,Champions
CUST12775,Bengaluru,18,Female,5,4,6350.91,1587.73,882,4,2,1,2.7,100,Electronics,AtRisk
CUST12776,Chennai,52,Female,26,20,37732.23,1886.61,30,2,0,5,4.3,86.2,Books,Champions
CUST12777,Chennai,39,Male,229,2,2595.24,1297.62,830,2,0,4,3.8,61.8,Beauty,Lost
CUST12778,Bengaluru,47,Female,91,6,5984.02,997.34,173,4,0,0,5,87.2,Fashion,AtRisk
CUST12779,Coimbatore,18,Female,48,12,10638.92,886.58,30,5,1,2,3.1,58.1,Sports,Loyal
CUST12780,Chennai,48,Female,149,5,2910.19,582.04,998,3,0,0,3.2,74.5,Sports,AtRisk
CUST12781,Hyderabad,59,Male,6,18,21330.02,1185,298,4,0,0,3.8,76.8,Grocery,Champions
CUST12782,Trichy,19,Male,237,1,2703.45,2703.45,385,5,1,0,3.4,82.2,Fashion,Lost
CUST12783,Hyderabad,42,Male,332,1,2373.729866,2113.6,897,5,1,1,3.4,55.8,Grocery,Lost
CUST12784,Pune,34,Female,233,3,1612.541684,309.9,508,2,1,2,5,82.7,Fashion,Lost
CUST12785,Coimbatore,18,Female,52,8,19786.79,2473.35,546,2,0,3,3.9,56.2,Fashion,Loyal
CUST12786,Kochi,39,Other,30,7,11803.3,1686.19,539,2,2,3,3.2,79.6,Sports,Loyal
CUST12787,Coimbatore,43,Male,2,22,25400.16,1154.55,704,5,1,2,3.5,64.6,Fashion,Champions
CUST12788,Kochi,27,Male,158,3,5108.86,1702.95,532,5,0,3,4.1,28.5,Beauty,AtRisk
CUST12789,Trichy,47,Female,146,10,2580.16,258.02,634,2,1,0,4.1,50.3,Sports,AtRisk
CUST12790,Delhi,18,Female,23,4,13370.12,3342.53,449,7,0,3,3.3,82,Beauty,Loyal
CUST12791,Trichy,18,Female,188,1,1472.55,1472.55,706,2,1,5,2.5,58.9,Grocery,Lost
CUST12792,Mumbai,36,Female,2,10,25480.32,2548.03,694,5,0,2,3.8,89.3,Grocery,Champions
CUST12793,Coimbatore,34,Male,3,26,25168.39,968.02,1169,6,2,3,3.7,40.7,Beauty,Champions
CUST12794,Bengaluru,26,Female,21,21,33779.97,1608.57,486,4,4,3,3.3,78.9,Electronics,Champions
CUST12795,Mumbai,43,Female,35,8,8215.84,1026.98,545,2,0,4,4.8,64,Home,Loyal
CUST12796,Chennai,40,Male,1,25,25466.74,1018.67,672,2,0,3,4.3,60.1,Grocery,Champions
CUST12797,Mumbai,43,Male,126,8,7473.25,934.16,889,3,0,4,3.9,41.4,Fashion,AtRisk
CUST12798,Trichy,33,Male,43,13,20653.9,1588.76,273,5,1,4,3.5,69.2,Home,Loyal
CUST12799,Coimbatore,41,Male,69,10,9834.82,983.48,631,2,0,4,5,44.8,Fashion,Loyal
CUST12800,Hyderabad,29,Female,172,5,5863.52,1172.7,30,1,1,3,2.9,52.3,Sports,AtRisk
CUST12801,Pune,57,Male,81,13,11087.58,852.89,519,4,0,0,3.4,62.2,Home,Loyal
CUST12802,Kochi,25,Male,107,8,5053.99,631.75,922,4,1,0,3.4,57.7,Grocery,AtRisk
CUST12803,Kochi,57,Male,73,8,17268.23,2158.53,382,6,0,2,4,85.6,Grocery,Loyal
CUST12804,Mumbai,34,Female,244,7,4992.523272,397.1,653,1,2,6,4.3,13.2,Fashion,AtRisk
CUST12805,Trichy,19,Male,223,2,1939.67,969.84,441,3,0,2,2.7,61.4,Grocery,Lost
CUST12806,Hyderabad,49,Female,12,22,39151.4,1779.61,342,5,1,3,3.3,57.7,Home,Champions
CUST12807,Chennai,35,Male,167,5,2999.223754,1049.92,891,4,1,0,4.2,64.8,Electronics,AtRisk
CUST12808,Bengaluru,43,Male,227,2,2688.49,1344.24,286,3,1,3,3.3,54.1,Fashion,Lost
CUST12809,Delhi,47,Male,85,6,4963.18,827.2,688,5,0,3,3.5,85.5,Beauty,AtRisk
CUST12810,Coimbatore,38,Male,62,12,11273.06,939.42,693,3,0,0,3.9,59.8,Home,Loyal
CUST12811,Delhi,27,Male,29,8,14955.47711,1523.94,344,5,1,3,3,67.7,Grocery,Loyal
CUST12812,Delhi,45,Male,79,8,6356.723893,849.29,647,2,1,0,4,82.8,Fashion,AtRisk
CUST12813,Chennai,34,Female,336,3,416.51,138.84,320,1,0,1,4.3,66,Home,Lost
CUST12814,Mumbai,42,Female,21,18,21452.2,1191.79,757,3,0,4,3.8,39.6,Beauty,Champions
CUST12815,Hyderabad,18,Male,19,12,29355.02,2446.25,206,1,0,3,4.9,56.5,Fashion,Champions
CUST12816,Bengaluru,39,Male,37,7,10873.25,1553.32,498,4,1,2,4.4,62.5,Electronics,Loyal
CUST12817,Chennai,27,Other,49,10,10900.67,1090.07,524,1,1,1,3.8,32.1,Electronics,Loyal
CUST12818,Chennai,52,Female,32,8,13482.01,1685.25,934,4,1,2,3.5,50.8,Grocery,Loyal
CUST12819,Bengaluru,41,Male,57,5,14211.77,2842.35,642,4,0,3,5,63.6,Home,Loyal
CUST12820,Kochi,37,Female,59,9,9427.01,1047.45,887,3,0,0,3.3,100,Electronics,Loyal
CUST12821,Coimbatore,39,Female,11,15,21793.71,1452.91,766,4,1,5,3.6,72.4,Fashion,Champions
CUST12822,Delhi,23,Female,365,1,1436.2,1436.2,764,4,0,0,3.5,68.2,Grocery,Lost
CUST12823,Coimbatore,52,Male,17,26,31367.78,1206.45,500,3,0,0,4.1,98.8,Electronics,Champions
CUST12824,Madurai,56,Male,56,10,8935.68,893.57,906,6,1,4,5,76.8,Fashion,Loyal
CUST12825,Hyderabad,38,Male,66,14,9563.46,683.1,493,4,0,2,4,79.6,Grocery,Loyal
CUST12826,Delhi,51,Female,349,2,2203.233341,798.66,81,5,1,3,3.5,56.9,Home,Lost
CUST12827,Chennai,28,Female,77,3,6417.54,2139.18,536,5,0,4,4,39.7,Home,AtRisk
CUST12828,Bengaluru,25,Male,365,2,1916.78,958.39,736,5,0,1,2.7,70.2,Home,Lost
CUST12829,Chennai,34,Female,16,25,27872.4,1114.9,118,7,0,3,3.6,100,Grocery,Champions
CUST12830,Bengaluru,39,Female,237,1,698.67,698.67,334,4,1,4,5,95.3,Beauty,Lost
CUST12831,Delhi,30,Other,27,13,6394.98,491.92,231,3,1,6,4.3,78.2,Beauty,Loyal
CUST12832,Chennai,40,Female,64,14,5638.28,402.73,836,3,1,1,4.8,51.3,Beauty,Loyal
CUST12833,Madurai,37,Other,146,8,7980.15,997.52,1102,3,0,2,4.6,34,Grocery,AtRisk
CUST12834,Bengaluru,23,Male,300,1,1782.47,1782.47,537,2,0,4,3.2,48.6,Books,Lost
CUST12835,Pune,40,Female,204,2,1689.52,844.76,759,5,0,3,5,69.4,Electronics,Lost
CUST12836,Trichy,43,Female,273,3,962.41,320.8,752,2,6,2,2.4,55.6,Electronics,Lost
CUST12837,Chennai,36,Male,273,2,1882.03,941.02,1066,4,0,6,4.1,85,Beauty,Lost
CUST12838,Hyderabad,47,Male,31,12,13188.67,1099.06,404,4,1,0,2.2,35.2,Beauty,Loyal
CUST12839,Bengaluru,21,Other,26,11,15754.38,1432.22,534,4,2,0,2.4,62.4,Beauty,Loyal
CUST12840,Bengaluru,39,Male,13,15,26759.5,1783.97,498,2,0,0,4.5,49.7,Beauty,Champions
CUST12841,Hyderabad,21,Female,261,3,1458.83,486.28,623,5,1,5,3.2,84.8,Fashion,Lost
CUST12842,Pune,22,Male,13,4,37507.8,9376.95,1351,3,0,4,4.8,75.9,Sports,Champions
CUST12843,Kochi,27,Male,303,1,2495.59,2495.59,609,1,0,0,2.1,48.4,Fashion,Lost
CUST12844,Mumbai,24,Male,56,6,15484.18,2580.7,344,2,0,2,3.7,82.1,Sports,Loyal
CUST12845,Bengaluru,28,Male,69,10,2472.03,247.2,254,6,1,2,2.8,32.5,Grocery,Loyal
CUST12846,Hyderabad,32,Female,37,17,22765.27,1339.13,976,6,0,0,3.5,29.3,Electronics,Champions
CUST12847,Coimbatore,43,Female,55,12,11019.74,918.31,342,4,0,3,5,47.3,Home,Loyal
CUST12848,Mumbai,30,Male,220,1,1114.67,1114.67,799,5,0,0,5,25.3,Fashion,Lost
CUST12849,Bengaluru,18,Male,23,17,32692.12,1923.07,396,2,0,4,4.2,62.7,Fashion,Champions
CUST12850,Delhi,47,Male,45,14,7591.63,542.26,220,3,2,0,2.5,63.4,Electronics,Loyal
CUST12851,Coimbatore,25,Male,40,17,21848.32,1285.2,782,5,0,3,2.8,56.9,Electronics,Champions
CUST12852,Coimbatore,33,Female,51,12,12574.95,1047.91,411,4,2,5,3.9,75.8,Home,Loyal
CUST12853,Pune,39,Male,10,21,28901.48,1376.26,728,4,1,4,3.2,50.5,Grocery,Champions
CUST12854,Chennai,36,Male,48,14,10328.71,737.76,750,3,1,4,4.3,39,Books,Loyal
CUST12855,Mumbai,46,Male,227,2,2089.83,1044.92,764,5,0,2,5,49.1,Fashion,Lost
CUST12856,Coimbatore,39,Male,22,7,14367.65,2052.52,520,5,0,0,3,40.6,Beauty,Loyal
CUST12857,Chennai,25,Male,20,9,11923.39,1324.82,806,4,1,2,3.1,52.8,Books,Loyal
CUST12858,Chennai,58,Male,90,5,4788.56,957.71,323,4,0,2,2.9,76.9,Electronics,AtRisk
CUST12859,Chennai,36,Female,14,22,18435.4,837.97,30,3,1,2,3.6,29.9,Electronics,Champions
CUST12860,Pune,32,Female,43,11,4415.99,401.45,812,5,0,0,3.8,58.2,Fashion,Loyal
CUST12861,Madurai,45,Female,79,8,1348.97,168.62,650,2,3,3,3.8,84.2,Beauty,AtRisk
CUST12862,Kochi,37,Male,28,13,7513.371916,625.51,417,2,0,0,4.5,86.4,Beauty,Loyal
CUST12863,Mumbai,38,Male,227,5,7957.980034,1695.55,159,1,0,6,4.1,51.4,Fashion,AtRisk
CUST12864,Bengaluru,61,Female,182,6,7100.029648,609.99,30,5,1,3,3.8,100,Electronics,AtRisk
CUST12865,Mumbai,31,Female,306,1,1191.61,1191.61,616,2,0,4,3.8,44,Beauty,Lost
CUST12866,Mumbai,31,Other,361,1,1400.25,1400.25,1095,4,0,4,3.9,60.4,Grocery,Lost
CUST12867,Hyderabad,35,Male,3,23,21196.24513,986.95,558,3,0,7,3.8,41.6,Electronics,Champions
CUST12868,Madurai,46,Male,45,10,12023.14,1202.31,492,8,0,3,3.3,73.7,Beauty,Loyal
CUST12869,Bengaluru,18,Female,59,10,12360.44,1236.04,593,4,0,2,2.8,100,Books,Loyal
CUST12870,Pune,18,Female,7,20,27342.86,1367.14,1254,1,0,2,3.9,100,Electronics,Champions
CUST12871,Kochi,28,Female,279,3,2297.29,765.76,826,5,1,5,3.4,81.9,Fashion,Lost
CUST12872,Pune,18,Female,159,5,3232.71,646.54,320,3,0,0,4.2,52.9,Beauty,AtRisk
CUST12873,Bengaluru,29,Female,141,4,5892.21,1473.05,608,3,1,1,3.9,61.6,Grocery,AtRisk
CUST12874,Hyderabad,40,Male,90,4,6755.68,1688.92,700,2,1,3,3.8,87.3,Books,AtRisk
CUST12875,Bengaluru,24,Female,34,9,42517.19,4724.13,283,4,0,2,4.6,80,Sports,Champions
CUST12876,Bengaluru,18,Female,123,8,4672.91,584.11,828,4,0,4,2.7,66.7,Electronics,AtRisk
CUST12877,Coimbatore,35,Female,365,2,2323.988592,1117.36,355,3,2,0,5,67.8,Home,Lost
CUST12878,Mumbai,43,Male,125,1,4653.27,4653.27,147,3,1,2,2.1,86.1,Home,AtRisk
CUST12879,Coimbatore,18,Male,41,12,6377.29,531.44,623,4,0,2,5,91.1,Electronics,Loyal
CUST12880,Madurai,43,Female,83,3,5022.43,1674.14,575,1,3,0,4,35,Electronics,AtRisk
CUST12881,Pune,43,Male,56,7,5854.16,836.31,600,1,1,4,3.4,69.5,Grocery,Loyal
CUST12882,Coimbatore,44,Female,76,4,9541.35,2385.34,371,6,0,2,2.6,76.6,Fashion,AtRisk
CUST12883,Chennai,47,Male,93,3,5993.3,1997.77,412,4,3,2,3.3,54.4,Grocery,AtRisk
CUST12884,Chennai,58,Male,42,15,12224.98,815,939,3,0,1,3.7,90.6,Fashion,Loyal
CUST12885,Kochi,30,Female,201,8,3580.09,447.51,732,1,3,2,4,59.2,Grocery,AtRisk
CUST12886,Mumbai,35,Male,325,1,1582.98,1582.98,313,3,0,0,5,91.1,Fashion,Lost
CUST12887,Bengaluru,29,Male,10,16,28806.43,1800.4,30,5,0,4,3.9,57.6,Sports,Champions
CUST12888,Hyderabad,34,Male,330,1,1730.59,1730.59,326,7,1,5,4.1,70.2,Fashion,Lost
CUST12889,Hyderabad,51,Female,203,8,7150.034316,450.69,647,6,0,6,4.1,69.7,Beauty,AtRisk
CUST12890,Madurai,19,Male,169,6,5372.79,895.46,410,2,0,3,3.5,98.3,Fashion,AtRisk
CUST12891,Delhi,25,Female,223,3,546.39,182.13,387,3,1,2,3.6,79.8,Grocery,Lost
CUST12892,Hyderabad,49,Male,81,7,6385.33,912.19,423,1,0,2,3.7,55.8,Fashion,Loyal
CUST12893,Delhi,45,Female,233,2,3402.76,1701.38,578,2,2,3,4.3,59.6,Beauty,Lost
CUST12894,Chennai,30,Male,34,30,41237.35,1374.58,835,3,0,3,3.1,59.5,Beauty,Champions
CUST12895,Pune,43,Male,3,20,29762.59,1488.13,600,3,2,2,3.4,65.4,Beauty,Champions
CUST12896,Mumbai,38,Male,101,4,6594.64,1648.66,619,7,0,2,4.1,46.1,Home,AtRisk
CUST12897,Madurai,51,Male,239,1,2687.46,2687.46,533,2,1,5,2.9,63.4,Fashion,Lost
CUST12898,Bengaluru,35,Female,365,1,2651.45,2651.45,450,3,0,2,3.9,92.4,Home,Lost
CUST12899,Chennai,45,Male,180,8,4009.577003,901.24,868,1,1,5,3.4,91.5,Books,AtRisk
CUST12900,Chennai,63,Male,156,2,6310.4,3155.2,823,4,0,3,4.2,33.7,Home,AtRisk
CUST12901,Hyderabad,41,Female,47,4,5325.48,1331.37,1214,1,0,2,4.9,30.5,Books,Loyal
CUST12902,Chennai,35,Male,310,4,404.97,101.24,783,5,0,1,3.4,53.1,Fashion,Lost
CUST12903,Bengaluru,42,Male,171,10,13834.76523,1021.94,450,3,0,2,4.4,29.4,Beauty,Loyal
CUST12904,Mumbai,30,Female,293,9,7588.323524,432.81,329,1,0,4,4,39.7,Home,AtRisk
CUST12905,Chennai,60,Female,136,4,4940.15,1235.04,886,1,1,2,3.5,72,Beauty,AtRisk
CUST12906,Trichy,36,Male,175,4,7834.77,1958.69,356,2,0,4,3.8,64.2,Home,AtRisk
CUST12907,Coimbatore,31,Male,52,15,10046.22,669.75,843,4,0,2,4.8,30.6,Grocery,Loyal
CUST12908,Madurai,25,Female,308,1,1404.51,1404.51,372,4,2,2,3.7,88.4,Home,Lost
CUST12909,Madurai,46,Male,135,4,3134.77,783.69,705,3,1,0,4.8,56.6,Sports,AtRisk
CUST12910,Coimbatore,44,Other,302,3,1665.45,555.15,282,5,2,4,3.7,54.6,Fashion,Lost
CUST12911,Chennai,29,Male,4,20,24903.33,1245.17,834,2,2,2,2.7,85.3,Books,Champions
CUST12912,Delhi,40,Female,189,3,4835.62,1611.87,230,1,0,6,3.7,73.2,Electronics,AtRisk
CUST12913,Kochi,18,Male,55,9,7493.66,832.63,682,4,2,4,2.6,64.2,Electronics,AtRisk
CUST12914,Coimbatore,36,Female,134,7,8188.2,1169.74,541,5,0,3,3.5,55.1,Grocery,AtRisk
CUST12915,Delhi,39,Male,201,4,200,50,631,5,2,5,3.5,76.4,Beauty,Lost
CUST12916,Delhi,53,Female,12,20,40314.85,2015.74,481,2,1,3,5,56.3,Fashion,Champions
CUST12917,Hyderabad,26,Male,14,20,31496.14,1574.81,474,3,1,5,5,60.4,Home,Champions
CUST12918,Bengaluru,20,Male,41,12,8486.4,707.2,646,5,1,1,3.9,41.5,Grocery,Loyal
CUST12919,Madurai,24,Female,24,6,22858.23,3809.7,299,3,2,3,4.8,87.9,Fashion,Champions
CUST12920,Madurai,19,Female,365,2,2889.95,1444.98,298,4,1,4,3.5,96.1,Fashion,Lost
CUST12921,Delhi,49,Female,27,12,9185.05,765.42,492,2,0,0,2.7,69.2,Electronics,Loyal
CUST12922,Hyderabad,51,Male,16,10,12055.34,1205.53,481,2,0,6,4.2,55.3,Grocery,Loyal
CUST12923,Coimbatore,38,Female,23,17,38320.91345,1868.5,298,2,1,0,4.1,83.7,Grocery,Champions
CUST12924,Bengaluru,47,Male,131,7,5517.71,788.24,877,5,0,0,3,76.8,Fashion,AtRisk
CUST12925,Pune,35,Other,25,10,9119.35,911.94,500,4,1,0,3.1,56.1,Books,Loyal
CUST12926,Hyderabad,33,Female,11,18,25659.24,1425.51,532,5,1,3,4.6,88,Beauty,Champions
CUST12927,Trichy,30,Male,27,5,12282.79,2456.56,202,4,0,0,2.5,56.5,Grocery,Loyal
CUST12928,Hyderabad,31,Female,53,3,10478.13,3492.71,1221,6,1,1,4.2,39.3,Grocery,Loyal
CUST12929,Bengaluru,18,Female,212,1,2855.533777,3453.88,1328,5,1,4,3.5,63.7,Electronics,Lost
CUST12930,Mumbai,37,Male,34,11,12670.6,1151.87,366,5,2,3,4.2,86.7,Home,Loyal
CUST12931,Delhi,34,Female,83,3,4971.98,1657.33,968,3,0,1,4.6,67.1,Books,AtRisk
CUST12932,Chennai,42,Male,323,1,4061.93,4061.93,572,8,2,0,3.1,41.5,Sports,Lost
CUST12933,Mumbai,35,Female,174,1,954.12,954.12,1081,4,3,2,2.9,56.9,Electronics,Lost
CUST12934,Delhi,32,Male,327,2,2117.32,1058.66,701,1,1,4,5,88.9,Electronics,Lost
CUST12935,Chennai,24,Male,259,3,3322.82,1107.61,630,4,2,4,3.8,70.5,Books,Lost
CUST12936,Hyderabad,35,Male,143,5,2694.71,538.94,30,2,1,6,4.1,64.6,Electronics,AtRisk
CUST12937,Mumbai,42,Female,34,6,3849.935026,1219.02,336,5,0,1,4.5,62.4,Grocery,AtRisk
CUST12938,Kochi,21,Female,14,24,12087.73,503.66,606,5,1,0,3,86.6,Electronics,Champions
CUST12939,Chennai,35,Other,49,14,15512.82,1108.06,660,3,1,3,4.5,85.3,Beauty,Loyal
CUST12940,Coimbatore,37,Male,201,2,1746.38,873.19,236,2,2,3,4.3,37,Electronics,Lost
CUST12941,Mumbai,26,Male,94,6,9296.95,1549.49,381,4,1,2,5,83.8,Home,AtRisk
CUST12942,Madurai,28,Female,30,3,17256.42282,4137.63,766,3,1,1,5,75.3,Electronics,AtRisk
CUST12943,Delhi,37,Female,182,7,6966.12,995.16,185,5,1,0,3.9,96.9,Electronics,AtRisk
CUST12944,Hyderabad,22,Male,71,11,15356.99,1396.09,640,4,0,0,4.4,63.6,Grocery,Loyal
CUST12945,Chennai,38,Male,223,1,1433.01,1433.01,971,8,0,4,3.8,87.7,Electronics,Lost
CUST12946,Mumbai,24,Male,43,12,17152.84,1429.4,716,3,1,3,3.9,74.4,Electronics,Loyal
CUST12947,Mumbai,46,Male,156,15,18491.56388,1023.51,701,3,0,4,2.9,42.7,Electronics,Loyal
CUST12948,Bengaluru,60,Female,204,3,200,66.67,30,3,0,3,3.6,85.4,Electronics,Lost
CUST12949,Kochi,25,Female,21,11,12954.23,1177.66,353,3,1,4,2.4,81.2,Books,Loyal
CUST12950,Hyderabad,40,Female,111,5,5872.8,1174.56,1216,5,1,4,3.7,52,Grocery,AtRisk
CUST12951,Delhi,26,Female,207,3,3700.47,1233.49,420,3,1,3,4.9,70.8,Beauty,AtRisk
CUST12952,Delhi,45,Male,42,10,10266.27,1026.63,979,6,2,3,4.4,100,Fashion,Loyal
CUST12953,Bengaluru,20,Female,365,1,3885.349733,3132.62,417,4,0,0,3.9,55.3,Electronics,Lost
CUST12954,Kochi,39,Female,109,1,1943.206811,1302.86,517,3,0,1,3.6,79.5,Home,AtRisk
CUST12955,Delhi,24,Male,34,8,10448.96,1306.12,755,2,1,1,3.4,43.1,Electronics,Loyal
CUST12956,Delhi,32,Female,16,18,20913.89423,1971.54,630,5,1,2,3.1,53.6,Grocery,Champions
CUST12957,Pune,23,Male,268,2,2572.322251,990.37,714,4,1,1,4.5,81.2,Electronics,Lost
CUST12958,Coimbatore,43,Female,6,10,36759.47,3675.95,354,4,0,4,2.6,70.1,Home,Champions
CUST12959,Hyderabad,25,Male,257,2,1270.66,635.33,259,3,1,1,2.6,61,Sports,Lost
CUST12960,Coimbatore,40,Female,64,16,8488.89,530.56,334,3,1,5,4.5,99,Books,Loyal
CUST12961,Madurai,30,Male,138,6,6442.4,1073.73,440,3,0,1,4,46.6,Grocery,AtRisk
CUST12962,Madurai,33,Male,300,2,2283.86,1141.93,531,6,0,1,3.8,62.1,Grocery,Lost
CUST12963,Trichy,36,Other,6,20,42703.54,2135.18,911,5,1,1,4,74.8,Electronics,Champions
CUST12964,Pune,26,Female,97,10,11875.85,1187.58,626,3,0,2,5,47.6,Home,AtRisk
CUST12965,Delhi,36,Male,365,2,2707.409192,1076.51,745,3,0,5,3.8,75.2,Books,Lost
CUST12966,Delhi,51,Male,78,3,9177.03,3059.01,642,4,0,2,4,86.5,Fashion,AtRisk
CUST12967,Mumbai,25,Male,141,5,8791.41,1758.28,265,3,0,2,5,62.7,Beauty,AtRisk
CUST12968,Kochi,47,Female,117,7,6614.01,944.86,605,2,0,1,3.7,51.3,Beauty,AtRisk
CUST12969,Bengaluru,50,Female,66,2,6898.81,3449.4,639,1,0,2,5,58.8,Beauty,AtRisk
CUST12970,Bengaluru,25,Female,272,4,2168.26,542.07,828,2,0,3,2.1,11.4,Home,Lost
CUST12971,Chennai,18,Male,145,3,1782.9,594.3,279,3,1,2,2.9,85.1,Fashion,Lost
CUST12972,Hyderabad,37,Female,1,12,22535.94536,1001.51,30,2,0,2,3.3,70.3,Home,Loyal
CUST12973,Delhi,28,Male,265,3,3622.36,1207.45,653,5,1,5,4.3,61.5,Electronics,Lost
CUST12974,Bengaluru,55,Male,16,7,14789.55,2112.79,706,3,1,3,5,31.7,Home,Loyal
CUST12975,Chennai,34,Female,25,14,31377.15,2241.22,546,6,0,0,3.3,87.2,Electronics,Champions
CUST12976,Hyderabad,25,Female,43,6,9097.33,1516.22,608,3,0,2,4.6,56.2,Sports,Loyal
CUST12977,Chennai,21,Female,1,12,26010.21,2167.52,864,4,1,1,5,76.3,Beauty,Champions
CUST12978,Delhi,46,Female,31,14,34679.92,2477.14,462,3,0,4,5,64.8,Home,Champions
CUST12979,Trichy,28,Female,76,14,11851.13,846.51,516,4,1,3,3.5,32.7,Electronics,Loyal
CUST12980,Bengaluru,34,Female,12,21,34798.56,1657.07,624,5,1,5,4.5,90.4,Beauty,Champions
CUST12981,Coimbatore,45,Male,59,4,200,50,234,4,0,1,4.1,86.6,Beauty,AtRisk
CUST12982,Delhi,29,Male,7,24,41106.25,1712.76,554,1,1,2,3.3,80.3,Home,Champions
CUST12983,Hyderabad,33,Other,50,7,9290.55,1327.22,581,4,2,0,4.1,71.3,Books,Loyal
CUST12984,Mumbai,34,Female,22,20,27642.98,1382.15,1091,2,0,2,3.4,41.1,Electronics,Champions
CUST12985,Kochi,42,Male,30,21,26675.37,1270.26,511,3,0,0,3.9,82.4,Home,Champions
CUST12986,Chennai,40,Male,18,16,12837.42,802.34,660,5,1,3,2.7,100,Grocery,Loyal
CUST12987,Mumbai,32,Male,82,3,7906.28,2635.43,876,2,3,2,2.4,67.3,Electronics,AtRisk
CUST12988,Delhi,35,Male,352,1,1866.34,1866.34,349,5,0,3,3.6,67.7,Home,Lost
CUST12989,Pune,30,Female,275,3,3619.32,1206.44,1013,3,0,4,4.1,43,Beauty,Lost
CUST12990,Chennai,18,Male,365,3,2564.12,854.71,1129,7,0,3,2.9,23.6,Electronics,Lost
CUST12991,Hyderabad,37,Female,26,20,22275.64,1113.78,591,4,0,0,4.2,57.8,Beauty,Champions
CUST12992,Mumbai,55,Male,21,2,9802.47,4901.23,438,6,0,1,3.8,94.6,Electronics,Loyal
CUST12993,Bengaluru,24,Female,20,19,32299.7,1699.98,1088,5,0,2,4.3,91.9,Grocery,Champions
CUST12994,Chennai,25,Male,307,1,2351.17,2351.17,839,3,1,2,4.6,63.7,Beauty,Lost
CUST12995,Pune,24,Female,26,21,15613.91,743.52,625,2,3,2,4.9,73.6,Electronics,Champions
CUST12996,Chennai,42,Female,193,7,4551.65,650.24,1028,4,1,6,4.3,40.6,Grocery,AtRisk
CUST12997,Madurai,39,Female,78,14,9041.96,645.85,996,3,1,3,3.6,67.2,Fashion,Loyal
CUST12998,Madurai,32,Male,55,11,13011.07295,843.65,499,6,0,3,4,54.5,Grocery,Loyal
CUST12999,Pune,24,Male,170,3,1886.73,628.91,675,3,0,0,5,66.1,Fashion,Lost
CUST13000,Delhi,35,Male,209,8,4245.68,530.71,773,3,1,4,4.6,59.5,Fashion,AtRisk
CUST13001,Hyderabad,18,Male,287,1,2973.96,2973.96,609,1,1,8,3.9,59.1,Fashion,Lost
CUST13002,Coimbatore,36,Female,128,5,5191.86,1038.37,183,4,1,5,3.7,84.9,Beauty,AtRisk
CUST13003,Mumbai,44,Female,298,1,2112.99,2112.99,319,2,0,2,3.3,100,Electronics,Lost
CUST13004,Mumbai,20,Female,126,3,5107.49,1702.5,193,4,1,7,2.9,61.6,Electronics,AtRisk
CUST13005,Hyderabad,18,Female,345,2,1067.87,533.93,748,4,0,3,5,93.4,Electronics,Lost
CUST13006,Pune,51,Male,26,10,14013.32,1401.33,245,2,0,3,4.2,40.2,Electronics,Loyal
CUST13007,Chennai,27,Male,107,4,4205.91,1051.48,658,5,0,2,2.8,63.2,Electronics,AtRisk
CUST13008,Delhi,46,Male,83,4,6034.68,1508.67,1150,3,2,2,3.7,39.1,Electronics,AtRisk
CUST13009,Chennai,32,Female,75,9,11613,1290.33,1028,1,0,0,4.8,58.8,Electronics,Loyal
CUST13010,Mumbai,32,Female,365,3,1034.51,344.84,49,6,2,4,3.4,79.3,Fashion,Lost
CUST13011,Madurai,39,Male,334,2,2422.48,1211.24,216,2,2,2,3.1,87.4,Electronics,Lost
CUST13012,Madurai,24,Male,175,3,4604.31,1534.77,367,4,1,2,4.1,49.4,Electronics,AtRisk
CUST13013,Bengaluru,35,Female,65,16,10286.31,642.89,249,4,3,3,4.3,74.2,Grocery,Loyal
CUST13014,Mumbai,30,Female,70,12,13045.62,1087.14,104,4,0,2,3.4,89.6,Home,Loyal
CUST13015,Madurai,19,Female,306,2,1092.62,546.31,597,4,1,3,3.3,86.8,Home,Lost
CUST13016,Delhi,38,Male,195,5,6250.81,1250.16,812,2,2,5,4.2,70.2,Grocery,AtRisk
CUST13017,Bengaluru,31,Male,1,6,34208.7,5701.45,886,6,0,3,2.9,53.2,Fashion,Champions
CUST13018,Chennai,32,Other,84,6,2282.06,380.34,458,5,1,2,3.4,51.2,Home,AtRisk
CUST13019,Hyderabad,21,Female,10,19,32702.68,1721.19,518,4,0,2,3.7,48.1,Sports,Champions
CUST13020,Madurai,52,Male,365,2,2879.463802,968.88,707,2,0,3,4.4,64.4,Grocery,Lost
CUST13021,Bengaluru,44,Female,26,7,10341.94,1477.42,567,2,2,1,3.5,48.5,Electronics,Loyal
CUST13022,Delhi,45,Female,14,5,16506.07,3301.21,843,4,1,3,4.3,78.6,Grocery,Loyal
CUST13023,Madurai,31,Male,270,4,3057.18,764.3,729,1,0,4,4.7,69.6,Grocery,Lost
CUST13024,Chennai,18,Male,6,13,32680.56,2513.89,487,4,2,3,3.4,68.7,Grocery,Champions
CUST13025,Bengaluru,55,Male,27,24,29105.8,1212.74,43,2,0,2,5,28.2,Grocery,Champions
CUST13026,Kochi,33,Male,48,11,8104.54,736.78,1050,2,2,2,4.9,65.6,Home,Loyal
CUST13027,Delhi,26,Female,52,10,11252.11,1125.21,394,1,3,4,4,55.8,Electronics,Loyal
CUST13028,Delhi,39,Male,52,5,6380.94,1276.19,707,4,2,0,3.7,100,Grocery,Loyal
CUST13029,Delhi,47,Female,192,1,2303.97,2303.97,30,5,1,1,3.4,39.4,Beauty,Lost
CUST13030,Coimbatore,34,Other,282,3,1277.87,425.96,597,4,1,0,5,60.9,Grocery,Lost
CUST13031,Bengaluru,48,Male,302,2,3409.99,1705,630,4,1,3,4,72.7,Electronics,Lost
CUST13032,Hyderabad,46,Male,208,1,2547.88,2547.88,645,4,0,4,2.6,45.5,Home,Lost
CUST13033,Chennai,22,Female,75,10,10612.5,1061.25,1504,5,0,5,2.4,100,Sports,Loyal
CUST13034,Coimbatore,27,Female,10,8,5281.46,660.18,411,4,0,6,3.9,100,Beauty,Loyal
CUST13035,Coimbatore,45,Female,62,10,14985.27,1498.53,846,1,1,1,3.9,47.8,Fashion,Loyal
CUST13036,Bengaluru,18,Male,360,2,3017.79,1508.9,757,5,1,3,3.1,53.2,Grocery,Lost
CUST13037,Trichy,32,Male,183,6,6610.326396,910.81,396,5,1,2,2.6,100,Grocery,AtRisk
CUST13038,Chennai,18,Female,23,12,15066.02,1255.5,842,3,1,6,2.2,92.9,Home,Loyal
CUST13039,Mumbai,29,Other,62,14,15136.68,1081.19,551,1,1,5,3.2,57.6,Home,Loyal
CUST13040,Chennai,31,Male,102,5,3259.26,651.85,863,4,1,3,3.5,73.6,Electronics,AtRisk
CUST13041,Trichy,30,Female,103,5,4396.38,879.28,1188,4,0,1,4.4,37.3,Beauty,AtRisk
CUST13042,Chennai,28,Male,340,1,200,200,645,3,0,0,3.7,100,Beauty,Lost
CUST13043,Bengaluru,22,Other,36,13,12115.49,931.96,516,4,0,0,4.7,66.5,Fashion,Loyal
CUST13044,Delhi,59,Female,198,1,2330.85,2330.85,915,5,1,0,4.3,76.7,Electronics,Lost
CUST13045,Delhi,55,Male,29,8,8480.52,1060.06,1019,7,0,0,4.2,46.3,Grocery,Loyal
CUST13046,Bengaluru,21,Female,167,5,6358.5,1271.7,335,4,1,6,4.6,42.3,Fashion,AtRisk
CUST13047,Madurai,51,Male,362,2,2842.16,1421.08,464,4,0,0,2.7,74,Home,Lost
CUST13048,Bengaluru,30,Male,262,1,3700.29,3700.29,803,2,0,0,3.4,100,Fashion,Lost
CUST13049,Coimbatore,35,Male,11,17,40263.83,2368.46,560,3,1,1,5,54.2,Fashion,Champions
CUST13050,Coimbatore,33,Male,33,11,8798.64,799.88,314,3,0,8,2.3,45.4,Beauty,Loyal
CUST13051,Bengaluru,27,Male,16,10,18120.69,1812.07,762,5,1,2,3.6,71.1,Grocery,Loyal
CUST13052,Coimbatore,45,Female,46,6,17742.71,2957.12,801,5,2,4,4.2,97.7,Electronics,Loyal
CUST13053,Madurai,35,Female,68,2,1990.01,995,500,6,1,3,2.3,52.2,Home,AtRisk
CUST13054,Delhi,29,Male,233,3,536.18,178.73,618,1,1,0,3.2,60,Home,Lost
CUST13055,Kochi,20,Female,23,18,34975.95,1943.11,427,2,1,6,5,81.7,Fashion,Champions
CUST13056,Mumbai,24,Female,30,11,12490.22,1135.47,271,5,0,3,3.9,83.9,Books,Loyal
CUST13057,Chennai,18,Female,61,16,9937.46,621.09,451,6,1,2,3.3,59.3,Fashion,Loyal
CUST13058,Chennai,34,Female,345,1,3206.11,3206.11,622,4,0,6,4,86.9,Sports,Lost
CUST13059,Kochi,21,Male,242,1,7074.93243,3644.38,157,1,0,2,3.3,75.6,Fashion,Lost
CUST13060,Madurai,31,Male,58,10,17474.49,1747.45,473,2,0,2,5,65.3,Grocery,Loyal
CUST13061,Chennai,49,Female,12,10,39757.367,2314.34,626,4,1,2,3,83,Grocery,Champions
CUST13062,Mumbai,47,Male,365,1,340.1423682,200,958,2,1,5,3.4,80.3,Books,Lost
CUST13063,Mumbai,34,Male,139,5,3943.98,788.8,506,4,2,4,2.6,44.1,Fashion,AtRisk
CUST13064,Delhi,33,Male,79,5,9221.99,1844.4,226,6,0,3,3.6,94.7,Electronics,Loyal
CUST13065,Coimbatore,55,Male,229,4,2478.59,619.65,537,6,0,0,3.7,71.9,Beauty,Lost
CUST13066,Chennai,40,Male,176,1,2617.62,2617.62,430,5,1,2,4.8,92.5,Electronics,Lost
CUST13067,Kochi,30,Male,149,4,7422.41,1855.6,766,3,1,0,3,66,Sports,AtRisk
CUST13068,Coimbatore,18,Male,114,2,2467.06,1233.53,499,3,0,5,4.2,70,Electronics,AtRisk
CUST13069,Delhi,38,Female,52,10,12915.4,1291.54,30,5,0,0,3.9,73,Grocery,Loyal
CUST13070,Delhi,43,Female,156,6,10444.67,1740.78,1707,4,1,6,2.3,75.9,Home,AtRisk
CUST13071,Mumbai,27,Male,55,6,17407.83,2901.3,643,4,0,5,3.2,95.6,Fashion,Loyal
CUST13072,Madurai,37,Male,73,13,8654.65,665.74,627,1,1,1,3.2,74.3,Beauty,Loyal
CUST13073,Coimbatore,30,Male,6,23,23286.57,1012.46,138,2,1,2,5,64.4,Grocery,Champions
CUST13074,Mumbai,32,Male,32,12,15316.89,1276.41,161,5,0,1,4.2,85.2,Fashion,Loyal
CUST13075,Pune,18,Male,15,9,14082.24,1564.69,572,2,0,3,3.9,73.6,Fashion,Loyal
CUST13076,Kochi,32,Male,126,4,9011.02,2252.76,701,4,2,5,1,100,Electronics,AtRisk
CUST13077,Chennai,45,Female,198,5,5807.401726,952.74,811,4,0,5,2.3,70.8,Home,AtRisk
CUST13078,Chennai,27,Female,59,7,4031.98,576,671,4,0,2,4.4,89.8,Fashion,AtRisk
CUST13079,Kochi,35,Male,49,9,11841.93,1315.77,244,4,1,5,4.4,82.6,Fashion,Loyal
CUST13080,Delhi,26,Male,17,9,8026.27,891.81,30,4,1,5,3.2,24,Sports,Loyal
CUST13081,Pune,38,Female,263,2,1672.99,836.5,570,3,1,2,3.8,50.3,Fashion,Lost
CUST13082,Coimbatore,32,Female,94,10,9102.24,910.22,440,1,1,2,3.8,56.2,Beauty,Loyal
CUST13083,Mumbai,24,Female,365,1,941.2427356,1509.91,221,2,3,6,3.9,35,Books,Lost
CUST13084,Delhi,49,Female,74,8,13157.8,1644.72,848,5,0,5,3.5,57.1,Beauty,Loyal
CUST13085,Delhi,44,Male,106,3,6504.85,2168.28,127,2,1,5,4.5,37.6,Electronics,AtRisk
CUST13086,Bengaluru,27,Male,9,21,20962.61,998.22,785,2,1,8,4.7,42.8,Beauty,Champions
CUST13087,Chennai,39,Female,117,5,2381.34,476.27,177,2,0,4,3,69.8,Fashion,AtRisk
CUST13088,Mumbai,40,Male,224,2,2667.85,1333.92,640,1,0,3,2.8,100,Fashion,Lost
CUST13089,Coimbatore,41,Other,200,3,1385.02,461.67,880,2,1,5,3.2,37.8,Books,Lost
CUST13090,Bengaluru,18,Female,294,3,1782.75,594.25,499,5,1,6,3.8,40.7,Fashion,Lost
CUST13091,Kochi,45,Female,88,6,6306.65,1051.11,1107,2,2,1,4.1,54.3,Home,Loyal
CUST13092,Bengaluru,28,Male,13,1,994.64,994.64,1175,1,1,2,4.4,62.1,Fashion,AtRisk
CUST13093,Hyderabad,30,Female,46,13,12522.98,963.31,671,3,1,0,4.6,34.2,Fashion,Loyal
CUST13094,Coimbatore,63,Male,77,8,4851.66,606.46,762,4,1,3,4.1,51,Grocery,AtRisk
CUST13095,Delhi,37,Male,28,21,32410.27,1543.35,918,1,1,4,4,49.2,Sports,Champions
CUST13096,Trichy,30,Male,192,1,2812.43,2812.43,763,5,1,1,5,71.4,Fashion,Lost
CUST13097,Chennai,18,Female,298,1,3754.04,3754.04,731,1,1,5,3.8,73.5,Fashion,Lost
CUST13098,Chennai,49,Female,56,9,14164.2,1573.8,443,3,1,2,4.3,61.9,Electronics,Loyal
CUST13099,Bengaluru,19,Male,55,11,25239.27052,1449.17,94,3,1,1,4.1,57.4,Fashion,Loyal
CUST13100,Chennai,23,Male,7,14,19998.89,1428.49,183,3,0,5,3.7,50.8,Fashion,Champions
CUST13101,Delhi,30,Female,87,2,5664.88,2832.44,1315,3,1,1,3.7,66,Electronics,AtRisk
CUST13102,Pune,50,Female,63,11,6406.57,582.42,697,5,0,0,4.9,45.5,Grocery,Loyal
CUST13103,Bengaluru,43,Female,260,3,2537.98,845.99,526,3,1,4,3.7,95.9,Electronics,Lost
CUST13104,Coimbatore,32,Male,158,4,6236.07,1559.02,979,3,0,2,3.5,35,Grocery,AtRisk
CUST13105,Bengaluru,37,Male,92,8,4463.15,557.89,375,4,1,5,3.2,51.9,Electronics,AtRisk
CUST13106,Delhi,27,Female,87,5,9184.87,1836.97,775,4,3,4,4.1,82.4,Sports,AtRisk
CUST13107,Chennai,36,Male,16,14,36667.14,2619.08,623,2,1,0,3.4,57,Fashion,Champions
CUST13108,Mumbai,35,Female,310,3,2133.48,711.16,738,4,1,5,4.1,78.4,Electronics,Lost
CUST13109,Mumbai,45,Female,195,3,1756.572527,754.05,499,2,1,6,3.9,99.3,Beauty,AtRisk
CUST13110,Delhi,45,Male,197,2,1483.6,741.8,311,2,1,5,3.5,81.7,Fashion,Lost
CUST13111,Coimbatore,39,Male,55,6,3154.34,525.72,353,5,0,5,2.7,41,Beauty,AtRisk
CUST13112,Delhi,30,Female,37,6,7216.59,1202.77,365,4,0,2,3,41.9,Fashion,AtRisk
CUST13113,Chennai,42,Male,7,19,38583.79,2030.73,599,5,0,2,3.1,61.3,Grocery,Champions
CUST13114,Coimbatore,33,Male,106,4,3095.88,773.97,133,4,2,3,3,73.9,Fashion,AtRisk
CUST13115,Pune,22,Female,358,2,989.4,494.7,226,2,0,4,4.2,89.1,Grocery,Lost
CUST13116,Delhi,30,Male,212,2,4701.582544,1554.79,641,5,1,4,5,49.3,Fashion,Lost
CUST13117,Chennai,35,Female,326,1,1846.55,1846.55,562,3,2,2,3.4,55.3,Grocery,Lost
CUST13118,Coimbatore,44,Male,21,11,17264.99,1569.54,657,5,1,1,3.5,60,Home,Loyal
CUST13119,Coimbatore,32,Female,338,2,3150.7,1575.35,586,3,0,0,3.3,59.6,Fashion,Lost
CUST13120,Coimbatore,21,Male,211,3,1670.45,556.82,1356,4,0,4,4.5,94.9,Home,Lost
CUST13121,Coimbatore,35,Male,12,15,20967.87,1397.86,638,4,0,2,4.1,62.9,Home,Champions
CUST13122,Chennai,35,Female,333,2,1350.71,675.36,486,5,1,2,3.8,68.1,Home,Lost
CUST13123,Bengaluru,36,Female,1,6,18781.45,3130.24,630,1,0,6,2.8,83.2,Grocery,Loyal
CUST13124,Delhi,44,Male,62,4,2999.2,749.8,906,1,1,4,3,96.8,Electronics,AtRisk
CUST13125,Mumbai,45,Male,29,5,13640.61,2728.12,585,5,2,3,3.9,64.3,Home,Loyal
CUST13126,Delhi,27,Female,194,3,2420.8,806.93,805,4,0,4,4,90.2,Sports,Lost
CUST13127,Chennai,27,Male,15,20,26515.61,1325.78,719,2,0,5,3.8,100,Home,Champions
CUST13128,Kochi,23,Other,64,4,6308.39,1577.1,513,4,1,0,4.3,62.8,Grocery,AtRisk
CUST13129,Hyderabad,42,Other,16,8,7847.81,980.98,633,1,0,1,2.8,53.7,Grocery,Loyal
CUST13130,Hyderabad,50,Female,75,11,10687.56,971.6,1080,8,1,2,4,100,Home,Loyal
CUST13131,Hyderabad,31,Male,143,5,3366.19,673.24,673,5,1,1,4,87.4,Books,AtRisk
CUST13132,Kochi,31,Male,7,7,28132.97,4019,304,4,0,2,3,65.2,Electronics,Champions
CUST13133,Mumbai,50,Female,155,1,5667.29,5667.29,504,4,2,0,3.3,78,Electronics,AtRisk
CUST13134,Coimbatore,40,Male,198,1,1923.46,1923.46,30,3,0,4,4.4,44.1,Books,Lost
CUST13135,Mumbai,39,Male,365,4,794.47,198.62,641,2,0,1,2.9,87.2,Fashion,Lost
CUST13136,Delhi,21,Male,189,2,5292.263627,1908.68,994,3,2,3,5,29,Grocery,Lost
CUST13137,Delhi,41,Male,81,8,11809.61,1476.2,198,2,0,3,4.2,86.4,Home,Loyal
CUST13138,Mumbai,24,Male,17,9,13081.85,1453.54,645,2,0,4,3.8,50.6,Home,Loyal
CUST13139,Chennai,22,Male,152,5,4250.36,850.07,896,1,2,0,3.6,31.9,Home,AtRisk
CUST13140,Bengaluru,30,Female,7,16,53289.82217,2191.99,927,4,0,3,4.4,25,Grocery,Champions
CUST13141,Kochi,28,Male,365,2,1373.02,686.51,984,3,0,2,3.5,55.5,Grocery,Lost
CUST13142,Mumbai,32,Male,18,27,40874.75,1513.88,40,4,1,3,3.5,79.2,Home,Champions
CUST13143,Mumbai,18,Male,258,1,2927.59,2927.59,751,4,0,0,5,37.2,Beauty,Lost
CUST13144,Coimbatore,45,Female,11,20,25500.78614,725.8,148,4,1,3,3.4,40.3,Electronics,Champions
CUST13145,Bengaluru,46,Male,365,2,4437.786829,1420.93,301,7,0,5,3.9,55.1,Fashion,Lost
CUST13146,Pune,18,Female,7,19,25454.55,1339.71,846,5,1,3,3.2,81.2,Fashion,Champions
CUST13147,Delhi,45,Other,6,28,25871.87,924,647,2,0,1,4,83.7,Home,Champions
CUST13148,Hyderabad,25,Male,126,9,7361.6484,427.32,818,4,2,1,4.3,67.8,Fashion,AtRisk
CUST13149,Bengaluru,43,Male,71,16,12087.93,755.5,321,3,0,4,5,84.7,Fashion,Loyal
CUST13150,Delhi,33,Male,170,3,744.24,248.08,1042,1,1,4,3.1,78.8,Electronics,AtRisk
CUST13151,Coimbatore,34,Female,35,4,6348.91,1587.23,807,1,2,3,2.6,56.7,Beauty,AtRisk
CUST13152,Delhi,32,Female,14,6,16794.64,2799.11,867,4,0,2,3.6,83.2,Fashion,Champions
CUST13153,Bengaluru,47,Female,312,3,740.54,246.85,276,5,0,3,3.3,39.3,Fashion,Lost
CUST13154,Bengaluru,20,Male,64,4,13124.66,3281.16,951,2,0,2,3.8,74.7,Grocery,Loyal
CUST13155,Delhi,41,Other,138,3,2882.03,960.68,505,5,3,2,4.2,41.7,Electronics,AtRisk
CUST13156,Kochi,46,Male,99,6,5579.39,929.9,417,4,1,4,5,67.9,Fashion,AtRisk
CUST13157,Chennai,42,Male,90,7,4719.74,674.25,788,5,2,3,3.4,89.4,Home,AtRisk
CUST13158,Hyderabad,60,Female,14,8,11637.01,1454.63,775,5,1,5,2,69.3,Home,Loyal
CUST13159,Madurai,28,Female,37,16,13060.43,816.28,346,3,0,5,3.6,64.7,Home,Loyal
CUST13160,Bengaluru,45,Male,142,7,5483.73,783.39,1217,6,0,3,4.1,69.5,Grocery,AtRisk
CUST13161,Chennai,33,Male,33,10,10157.91,1015.79,1144,2,2,4,3,78.3,Fashion,Loyal
CUST13162,Madurai,48,Male,60,8,10647.25,1330.91,782,7,1,1,4,100,Beauty,Loyal
CUST13163,Mumbai,34,Male,51,3,5625.81,1875.27,729,2,0,2,3.9,78,Electronics,AtRisk
CUST13164,Chennai,30,Male,50,6,6484.07,1080.68,699,3,1,3,4,54.9,Home,AtRisk
CUST13165,Bengaluru,48,Other,24,14,24119.12,1722.79,135,3,0,0,4.4,60.8,Sports,Champions
CUST13166,Kochi,29,Female,20,14,9695.9,692.56,634,3,0,3,3.7,47,Fashion,Loyal
CUST13167,Chennai,18,Female,43,10,19669.04,1966.9,630,8,1,1,4.2,40.2,Electronics,Loyal
CUST13168,Hyderabad,28,Female,30,16,31422.15,1963.88,427,3,0,1,2.4,16.4,Grocery,Champions
CUST13169,Bengaluru,41,Female,31,9,17855.6,1983.96,507,5,0,1,3,55.8,Fashion,Loyal
CUST13170,Delhi,49,Female,8,22,25770.57,1171.39,30,3,1,2,3.5,36.9,Beauty,Champions
CUST13171,Coimbatore,35,Female,279,3,997.61,332.54,271,5,1,0,3,66.9,Fashion,Lost
CUST13172,Chennai,49,Male,145,8,4180.6,522.58,877,3,0,4,3.8,54.8,Fashion,AtRisk
CUST13173,Chennai,19,Female,37,22,15643.03,711.05,1119,4,0,3,3.5,43.3,Sports,Champions
CUST13174,Chennai,29,Female,5,14,50992.66,3642.33,317,4,3,6,3.4,22.9,Fashion,Champions
CUST13175,Coimbatore,31,Female,140,6,9106.74,1517.79,655,2,0,3,4.5,58,Sports,AtRisk
CUST13176,Delhi,33,Other,54,11,14221.18,1292.83,930,8,0,4,3.9,30,Fashion,Loyal
CUST13177,Pune,35,Male,235,4,1698.49,424.62,444,5,0,1,2.9,79.1,Sports,Lost
CUST13178,Hyderabad,42,Female,226,3,1134.35,378.12,803,3,0,0,3.3,70.1,Fashion,Lost
CUST13179,Delhi,29,Male,91,6,2039.35818,230.25,590,2,1,4,4.4,60.5,Fashion,AtRisk
CUST13180,Chennai,36,Female,41,8,17301.24,2162.66,957,4,2,0,4,94,Grocery,Loyal
CUST13181,Madurai,34,Male,293,2,3726.46,1863.23,215,2,1,4,4.8,65.2,Fashion,Lost
CUST13182,Madurai,24,Male,216,2,1799.82,899.91,269,6,1,6,4.5,72.7,Fashion,Lost
CUST13183,Coimbatore,33,Male,85,4,5433.52,1358.38,684,4,2,4,3.5,78.7,Fashion,AtRisk
CUST13184,Mumbai,32,Female,150,5,8090.58,1618.12,629,3,0,4,4.9,54.7,Home,AtRisk
CUST13185,Mumbai,32,Male,34,7,15193.85,2170.55,583,5,1,3,5,54.8,Beauty,Loyal
CUST13186,Bengaluru,34,Female,41,10,12725.08,1272.51,773,2,1,2,2.4,65.8,Beauty,Loyal
CUST13187,Bengaluru,35,Male,147,7,7191.93,1027.42,321,2,0,2,3.8,38.1,Home,AtRisk
CUST13188,Hyderabad,29,Female,365,1,5574.45433,2889.75,189,3,1,1,3.4,100,Electronics,Lost
CUST13189,Hyderabad,48,Female,123,6,3562.91,593.82,450,4,1,0,3.6,68.2,Fashion,AtRisk
CUST13190,Madurai,21,Male,304,3,2513.64,837.88,484,4,0,3,3.1,61,Electronics,Lost
CUST13191,Pune,26,Male,26,23,30129.42,1309.97,515,1,0,5,3,100,Electronics,Champions
CUST13192,Kochi,65,Female,86,7,5977.71,853.96,981,3,0,0,4.5,43,Home,Loyal
CUST13193,Madurai,23,Female,73,3,3979.39,1326.46,831,1,0,5,2.9,95.7,Beauty,AtRisk
CUST13194,Bengaluru,19,Female,8,16,28893.55,1805.85,760,2,0,5,3.9,81.3,Beauty,Champions
CUST13195,Mumbai,42,Male,103,4,3483.02,870.76,667,5,1,3,2.7,87.3,Sports,AtRisk
CUST13196,Kochi,18,Male,37,10,10951.34,1095.13,470,5,0,3,4.8,61.5,Grocery,Loyal
CUST13197,Pune,31,Other,274,3,2264.02,754.67,344,2,1,2,3.8,66.1,Books,Lost
CUST13198,Chennai,58,Male,336,1,2040.32,2040.32,241,3,0,3,4.4,58.1,Grocery,Lost
CUST13199,Bengaluru,18,Male,24,11,10659.85,969.08,392,4,1,2,4,84.9,Sports,Loyal
CUST13200,Mumbai,18,Male,57,13,7467.7,574.44,587,5,2,3,3.6,72.8,Electronics,Loyal
CUST13201,Mumbai,18,Female,154,7,7498.07,1071.15,254,6,1,3,3.9,53.8,Electronics,AtRisk
CUST13202,Coimbatore,44,Female,255,3,3237.13,1079.04,651,4,1,6,5,54.7,Grocery,Lost
CUST13203,Pune,46,Male,173,6,4150.19,691.7,542,3,0,4,3.1,64.7,Electronics,AtRisk
CUST13204,Delhi,28,Male,6,24,19216.59,800.69,481,1,0,2,1.8,58.4,Electronics,Champions
CUST13205,Hyderabad,42,Male,8,13,30085.65,2314.28,948,4,0,2,3.2,93.8,Electronics,Champions
CUST13206,Pune,49,Male,42,13,6055.35,465.8,30,7,3,1,2.8,81.2,Beauty,Loyal
CUST13207,Delhi,54,Male,17,9,13970.88,1552.32,485,5,1,1,4.6,81.1,Sports,Loyal
CUST13208,Bengaluru,31,Other,245,3,1174.91,391.64,30,4,1,4,3.7,69.7,Fashion,Lost
CUST13209,Mumbai,18,Male,365,1,6179.210175,3726.34,672,4,1,2,4.5,48.5,Books,Lost
CUST13210,Chennai,25,Male,90,11,13298.02,1208.91,829,2,1,1,3.8,78.9,Beauty,Loyal
CUST13211,Delhi,29,Female,38,11,7330.41,666.4,195,3,1,1,3.8,23,Fashion,Loyal
CUST13212,Chennai,31,Male,60,11,14744.27877,819.68,233,4,0,1,3.9,68.5,Grocery,Loyal
CUST13213,Delhi,32,Female,231,3,712.78,237.59,91,4,0,5,5,48.8,Books,Lost
CUST13214,Coimbatore,46,Male,107,5,6637.81,1327.56,619,5,1,3,3.9,47.2,Beauty,AtRisk
CUST13215,Chennai,48,Male,110,4,6660.75,1665.19,498,5,2,2,4.7,55.7,Fashion,AtRisk
CUST13216,Chennai,32,Female,48,9,16644.89,1849.43,516,4,0,3,4.6,63.3,Fashion,Loyal
CUST13217,Chennai,46,Female,176,7,10538.04416,1703,490,2,1,3,3.7,64.5,Beauty,AtRisk
CUST13218,Delhi,38,Male,80,7,8489.21,1212.74,308,2,0,1,3.7,80.8,Grocery,Loyal
CUST13219,Delhi,35,Female,11,12,12683.2,1056.93,940,2,0,0,3.5,61.5,Electronics,Loyal
CUST13220,Mumbai,44,Female,131,8,6783.13,847.89,682,4,0,5,4.8,63,Fashion,AtRisk
CUST13221,Chennai,35,Male,151,8,6896.82934,496.52,245,1,1,4,3,37.1,Home,AtRisk
CUST13222,Chennai,57,Male,51,5,11240.89,2248.18,390,3,1,3,3.2,39.7,Electronics,Loyal
CUST13223,Chennai,18,Female,14,17,26686.29,1569.78,338,6,1,4,3.6,70.7,Home,Champions
CUST13224,Chennai,28,Male,132,9,8796.727017,1558.38,1022,5,0,6,2.9,77.6,Home,Loyal
CUST13225,Pune,33,Female,48,2,8575.57,4287.78,813,3,1,1,3.3,59.8,Fashion,Loyal
CUST13226,Coimbatore,39,Female,4,8,2349.62,293.7,562,2,0,0,4.7,83.7,Fashion,AtRisk
CUST13227,Bengaluru,48,Female,241,1,2781.51,2781.51,1112,5,0,4,4.3,36.8,Sports,Lost
CUST13228,Chennai,34,Male,21,16,12891.81,805.74,1036,4,0,0,3.5,73,Home,Champions
CUST13229,Coimbatore,18,Male,20,6,12360.33,2060.05,531,3,0,3,4.4,48,Beauty,Loyal
CUST13230,Mumbai,43,Female,33,7,12674.89,1810.7,477,3,0,2,5,46.4,Grocery,Loyal
CUST13231,Mumbai,42,Male,168,4,5310.37,1327.59,491,4,2,4,4.1,49.7,Fashion,AtRisk
CUST13232,Coimbatore,18,Male,49,13,12920.72,993.9,314,3,0,2,4.9,63.4,Grocery,Loyal
CUST13233,Chennai,34,Male,192,4,5702.29,1425.57,1120,5,1,5,4.5,73.8,Home,AtRisk
CUST13234,Bengaluru,18,Male,72,12,12316.3,1026.36,298,5,1,1,3.6,72.3,Electronics,Loyal
CUST13235,Coimbatore,27,Other,62,5,618.37704,94.65,860,1,1,4,4,59.2,Electronics,AtRisk
CUST13236,Coimbatore,24,Male,243,1,594.84,594.84,807,2,1,1,4.2,77.6,Grocery,Lost
CUST13237,Kochi,43,Female,267,2,1684.29,842.14,509,6,1,4,3.2,98.7,Fashion,Lost
CUST13238,Mumbai,35,Male,365,2,2093.31,1046.66,1143,4,1,0,1.7,62.6,Books,Lost
CUST13239,Mumbai,20,Female,197,2,1513.3,756.65,132,2,0,2,3.1,66.9,Electronics,Lost
CUST13240,Bengaluru,44,Male,358,5,1818.33,363.67,576,5,1,5,2.1,52.8,Fashion,Lost
CUST13241,Bengaluru,18,Female,38,8,25965.93908,1672.3,453,4,0,3,3.2,57.2,Beauty,Loyal
CUST13242,Mumbai,38,Female,104,12,11761.11392,1730.59,888,7,0,5,2.4,90,Grocery,Loyal
CUST13243,Delhi,25,Male,22,23,19437.96,845.13,706,3,1,2,4.5,90.2,Grocery,Champions
CUST13244,Delhi,30,Female,77,5,4215.36,843.07,82,5,2,1,2.9,61,Home,AtRisk
CUST13245,Chennai,40,Male,324,2,613.03,306.52,972,1,1,3,4.2,74.8,Electronics,Lost
CUST13246,Mumbai,40,Female,16,13,22245.19,1711.17,746,6,1,4,4.4,83.4,Sports,Loyal
CUST13247,Bengaluru,49,Other,115,8,6743.38,842.92,289,5,0,0,4.4,56.1,Electronics,AtRisk
CUST13248,Pune,33,Female,112,7,4669.11,667.02,495,6,0,4,2.3,38.9,Electronics,AtRisk
CUST13249,Delhi,37,Female,365,2,1012.55,506.28,210,5,0,1,4.7,78.8,Fashion,Lost
CUST13250,Mumbai,29,Male,160,6,8421.56,1403.59,549,3,1,0,4.1,82.9,Home,AtRisk
CUST13251,Chennai,36,Male,365,2,2498.26,1249.13,645,2,0,4,4.4,80,Fashion,Lost
CUST13252,Mumbai,39,Male,16,10,9443.14,944.31,500,3,1,5,5,57.5,Electronics,Loyal
CUST13253,Chennai,33,Male,35,6,2727.03,454.51,465,1,2,3,4.4,95.5,Electronics,Loyal
CUST13254,Madurai,18,Female,122,2,2104.11,1052.06,116,2,2,0,2.9,70.7,Fashion,AtRisk
CUST13255,Chennai,38,Male,74,9,14381.98,1598,701,4,2,1,4.3,42,Electronics,Loyal
CUST13256,Delhi,38,Female,6,15,34359.41,2290.63,30,3,0,2,2.6,33.1,Fashion,Champions
CUST13257,Coimbatore,27,Male,88,2,7692.21,3846.1,609,3,2,3,3.7,59.1,Electronics,AtRisk
CUST13258,Bengaluru,20,Male,67,5,8284.72,1656.94,60,2,1,2,3.4,69.5,Fashion,AtRisk
CUST13259,Pune,50,Female,155,7,8391.24,1198.75,615,1,2,3,3.8,59.2,Fashion,AtRisk
CUST13260,Coimbatore,39,Male,46,10,12745.01,1274.5,598,4,2,4,2.6,100,Home,Loyal
CUST13261,Mumbai,31,Female,144,5,2085.36,417.07,721,4,2,3,2.7,73.1,Fashion,AtRisk
CUST13262,Bengaluru,21,Male,51,6,16244.17,2707.36,859,2,0,4,3.4,45.5,Grocery,Loyal
CUST13263,Chennai,25,Female,5,18,43552.14,2419.56,914,3,0,2,3.6,19.6,Beauty,Champions
CUST13264,Hyderabad,48,Male,162,9,6786.38,754.04,117,6,1,9,3.5,69.7,Books,AtRisk
CUST13265,Chennai,36,Male,10,21,41483.3479,1473.21,583,5,1,4,5,84.8,Grocery,Champions
CUST13266,Bengaluru,28,Female,10,21,57004.38828,1753.56,1203,1,0,4,4.1,100,Fashion,Champions
CUST13267,Mumbai,40,Female,116,3,5027.85597,1442.7,636,3,1,6,4.1,61,Home,AtRisk
CUST13268,Mumbai,25,Male,13,22,26753.96,1216.09,351,6,0,3,3.5,99.4,Grocery,Champions
CUST13269,Delhi,51,Male,365,2,2029.67,1014.84,576,3,0,1,2.7,37.8,Electronics,Lost
CUST13270,Coimbatore,49,Female,194,3,2484.64,828.21,485,3,0,5,3.8,58.1,Grocery,AtRisk
CUST13271,Chennai,29,Male,309,3,1343.739973,436.49,247,5,0,5,5,44.7,Books,Lost
CUST13272,Delhi,27,Female,5,19,27307.63,1437.24,861,5,1,3,4,80.8,Home,Champions
CUST13273,Mumbai,18,Female,50,4,4965.33,1241.33,775,5,2,6,4.7,39,Fashion,AtRisk
CUST13274,Hyderabad,18,Male,51,11,13139.54,1194.5,200,3,1,2,4.8,73,Sports,Loyal
CUST13275,Hyderabad,19,Male,201,2,3324.28,1662.14,572,4,1,4,4.2,40.2,Fashion,Lost
CUST13276,Hyderabad,35,Female,67,11,12234.42,1112.22,430,6,0,6,4,100,Fashion,Loyal
CUST13277,Bengaluru,30,Male,33,11,16515.63,1501.42,120,3,1,3,3,57.5,Grocery,Loyal
CUST13278,Madurai,19,Female,209,2,780.07,390.04,176,3,1,3,3.6,72.6,Grocery,Lost
CUST13279,Hyderabad,31,Male,59,11,17075.12,1552.28,220,5,1,5,3.5,29.2,Fashion,Loyal
CUST13280,Bengaluru,40,Female,25,16,47144.64925,2295.49,582,7,0,2,4.1,35.1,Grocery,Champions
CUST13281,Coimbatore,40,Male,28,12,6453.76,537.81,463,7,2,1,2.7,49.5,Fashion,Loyal
CUST13282,Pune,18,Female,148,4,3737.56,934.39,312,3,3,5,3.4,82,Home,AtRisk
CUST13283,Pune,33,Male,85,9,8733.58,970.4,482,3,0,3,4.1,78.2,Electronics,Loyal
CUST13284,Bengaluru,19,Male,29,11,11577.63,1052.51,824,2,0,1,3.2,86.7,Home,Loyal
CUST13285,Chennai,44,Female,38,16,41302.22,2581.39,707,4,0,3,3.1,34.8,Electronics,Champions
CUST13286,Bengaluru,43,Male,44,6,8301.88,1383.65,901,2,0,4,3.2,75.1,Fashion,AtRisk
CUST13287,Hyderabad,24,Male,129,4,11367.10583,1820.66,532,3,2,0,3.6,53.8,Fashion,AtRisk
CUST13288,Pune,26,Male,27,9,12393.75,1377.08,1081,5,2,4,1.9,48.8,Books,Loyal
CUST13289,Coimbatore,29,Male,56,8,11096.07,1387.01,704,4,1,3,3.2,54.3,Grocery,Loyal
CUST13290,Chennai,18,Female,10,18,38408.77,2133.82,453,1,1,6,4.6,62.7,Home,Champions
CUST13291,Pune,38,Female,47,14,13736.83,981.2,628,6,1,2,4.1,78.2,Grocery,Loyal
CUST13292,Bengaluru,31,Male,11,19,19469.1,1024.69,226,2,0,5,4.1,87.5,Books,Champions
CUST13293,Mumbai,45,Female,182,2,3118.89,1559.44,508,2,1,2,2.3,75.4,Electronics,AtRisk
CUST13294,Kochi,22,Female,153,7,4189.45,598.49,729,2,1,3,3.5,77.7,Grocery,AtRisk
CUST13295,Chennai,27,Female,302,1,1638.41,1638.41,784,3,1,3,3.7,100,Beauty,Lost
CUST13296,Delhi,18,Male,21,17,27464.33,1615.55,477,2,0,7,4.2,78.9,Grocery,Champions
CUST13297,Chennai,23,Female,98,1,5048.26,5048.26,1420,2,0,0,4.7,60.7,Sports,AtRisk
CUST13298,Bengaluru,21,Male,99,3,5818.99,1939.66,548,1,0,3,4.6,76.6,Grocery,AtRisk
CUST13299,Hyderabad,45,Male,124,2,8515.95,4257.98,96,4,1,3,3.3,99.2,Beauty,AtRisk
CUST13300,Bengaluru,26,Male,178,1,1494.34,1494.34,964,4,1,2,3.4,47.6,Electronics,Lost
CUST13301,Trichy,35,Male,52,4,15984.42,3996.1,782,7,0,4,4.9,56.4,Fashion,Loyal
CUST13302,Mumbai,30,Female,9,18,30220.2,1678.9,670,4,1,5,3.5,94,Fashion,Champions
CUST13303,Madurai,20,Male,141,5,7726.96,1545.39,461,3,1,4,2.9,59.2,Beauty,AtRisk
CUST13304,Coimbatore,32,Female,50,13,18890.84,1453.14,718,2,0,5,3.6,80.3,Fashion,Loyal
CUST13305,Bengaluru,41,Male,22,10,25922.58,2592.26,1086,3,2,2,4.9,90.8,Grocery,Champions
CUST13306,Bengaluru,21,Female,23,8,14315.65,1789.46,660,4,0,2,3.1,39.9,Fashion,Loyal
CUST13307,Chennai,43,Female,77,8,8590.67,1073.83,159,3,0,0,3.5,56.8,Beauty,Loyal
CUST13308,Bengaluru,25,Female,170,5,6128.48,1225.7,30,4,0,6,3.1,89.1,Fashion,AtRisk
CUST13309,Bengaluru,29,Female,5,21,55835.0573,1481.09,715,6,0,2,4.6,62.5,Grocery,Champions
CUST13310,Delhi,40,Female,74,11,22737.93521,1037.32,304,3,1,2,4,24.6,Grocery,Loyal
CUST13311,Delhi,27,Male,102,9,5348.38,594.26,570,1,1,4,4.5,54.8,Fashion,AtRisk
CUST13312,Delhi,34,Female,72,6,11698.59,1949.76,357,5,0,5,5,80.9,Home,Loyal
CUST13313,Chennai,31,Male,317,1,2615.04,2615.04,336,4,0,1,2.6,90.5,Electronics,Lost
CUST13314,Coimbatore,35,Female,33,19,34564.61,1819.19,370,1,0,5,3.2,66,Beauty,Champions
CUST13315,Delhi,18,Male,152,2,2048.16,1024.08,398,4,1,2,3.5,74.7,Fashion,Lost
CUST13316,Bengaluru,18,Female,56,7,1566.61,223.8,833,2,1,5,3.9,57.6,Beauty,AtRisk
CUST13317,Chennai,41,Female,349,2,1891.83,945.92,772,4,0,1,4.2,83.1,Fashion,Lost
CUST13318,Hyderabad,45,Male,34,8,14058.56,1757.32,238,6,0,4,3.4,93.5,Electronics,Loyal
CUST13319,Hyderabad,24,Male,53,7,13552.67,1936.1,278,3,0,3,3.2,80.4,Fashion,Loyal
CUST13320,Mumbai,31,Other,261,2,200,100,714,5,0,0,4.6,62.6,Beauty,Lost
CUST13321,Chennai,37,Male,288,2,2865.03,1432.52,916,2,0,0,4.2,73.7,Home,Lost
CUST13322,Hyderabad,42,Male,49,9,20201.59,2244.62,911,1,1,1,4.1,84,Fashion,Loyal
CUST13323,Mumbai,18,Male,68,8,10153.95,1269.24,299,7,0,4,2.1,65.6,Sports,Loyal
CUST13324,Hyderabad,24,Other,126,8,9229.99,1153.75,897,4,0,0,4.8,81,Fashion,AtRisk
CUST13325,Hyderabad,30,Other,235,2,1782.17,891.08,67,4,1,3,3.9,72.4,Fashion,Lost
CUST13326,Hyderabad,42,Female,68,15,13539,902.6,539,5,1,3,3.7,93.4,Electronics,Loyal
CUST13327,Mumbai,61,Female,92,6,3088.817135,813.71,746,3,0,0,3.1,79,Electronics,AtRisk
CUST13328,Chennai,31,Male,68,3,9887.1,3295.7,30,5,0,1,3.3,55,Fashion,AtRisk
CUST13329,Delhi,19,Other,166,1,2115.66,2115.66,1228,5,1,1,3.1,93.1,Electronics,Lost
CUST13330,Mumbai,38,Male,132,5,6490.27,1298.05,998,2,1,3,2.2,74.2,Grocery,AtRisk
CUST13331,Delhi,49,Male,49,15,21418.85,1427.92,794,6,0,5,3.1,62.2,Beauty,Loyal
CUST13332,Chennai,35,Male,354,2,1251.44,625.72,310,5,0,5,2.5,37.9,Grocery,Lost
CUST13333,Coimbatore,24,Female,111,6,11063.21,1843.87,580,2,0,2,3.8,69.6,Grocery,AtRisk
CUST13334,Pune,45,Female,132,6,7515.8,1252.63,837,4,1,1,2.9,100,Fashion,AtRisk
CUST13335,Delhi,41,Male,15,4,9659.17,2414.79,263,3,1,0,4.4,10.4,Electronics,Loyal
CUST13336,Pune,23,Other,84,4,2419.95,604.99,546,6,0,2,2.5,11.2,Fashion,AtRisk
CUST13337,Hyderabad,38,Male,55,12,14920.34536,1048.38,873,1,0,1,4.8,80.3,Grocery,Loyal
CUST13338,Mumbai,45,Male,56,13,8220.48,632.34,152,8,2,2,4.5,69.7,Grocery,Loyal
CUST13339,Delhi,47,Male,139,6,4463.96,743.99,700,3,0,3,2.9,78.4,Fashion,AtRisk
CUST13340,Pune,33,Female,67,3,5577.16,1859.05,74,5,0,2,3.7,54.5,Fashion,AtRisk
CUST13341,Mumbai,30,Female,87,3,3815.54,1271.85,317,6,1,2,3.1,22.2,Grocery,AtRisk
CUST13342,Delhi,48,Male,54,12,19099.85232,1027.36,449,3,0,1,4.3,48.4,Home,Loyal
CUST13343,Chennai,21,Female,110,3,5057.35,1685.78,754,3,1,1,5,96.2,Fashion,AtRisk
CUST13344,Bengaluru,39,Male,54,8,4457.807232,1109.89,390,3,1,5,4.7,56,Fashion,Loyal
CUST13345,Delhi,19,Female,190,5,2582.65,516.53,638,2,2,4,3.2,56.1,Home,AtRisk
CUST13346,Coimbatore,46,Other,15,9,16187.2,1798.58,394,4,1,4,3.9,12.4,Grocery,Loyal
CUST13347,Coimbatore,31,Male,151,3,6014.3,2004.77,441,3,0,5,5,28.9,Beauty,AtRisk
CUST13348,Madurai,48,Female,360,1,1094.17,1094.17,975,3,1,4,4.2,87.2,Fashion,Lost
CUST13349,Coimbatore,39,Female,98,8,11401.09576,1573.66,255,3,2,5,4.6,59.8,Home,Loyal
CUST13350,Coimbatore,21,Male,16,9,8258.41,917.6,828,4,1,4,4.3,84.8,Electronics,Loyal
CUST13351,Bengaluru,50,Female,163,4,6593.53,1648.38,600,2,0,3,3.9,49.9,Grocery,AtRisk
CUST13352,Pune,51,Male,265,7,3211.825664,498.53,427,3,2,1,3.7,35.6,Fashion,AtRisk
CUST13353,Mumbai,44,Male,264,3,10850.64,3616.88,235,5,0,1,2.8,59.8,Electronics,AtRisk
CUST13354,Coimbatore,26,Male,122,4,6158.78,1539.7,256,4,0,4,3.2,53.5,Grocery,AtRisk
CUST13355,Chennai,31,Male,41,6,15362.27,2560.38,378,2,0,2,3.1,48.3,Grocery,Loyal
CUST13356,Delhi,36,Female,66,10,15700.05153,1271.87,555,3,0,0,3.5,48.9,Grocery,Loyal
CUST13357,Bengaluru,26,Female,66,5,15811.28,3162.26,781,4,1,0,3.9,62.3,Grocery,Loyal
CUST13358,Hyderabad,53,Female,14,23,30571.16597,1566.19,510,5,0,7,3.7,55.2,Fashion,Champions
CUST13359,Delhi,36,Male,177,5,3958.15,791.63,530,2,0,1,4,46.4,Home,AtRisk
CUST13360,Hyderabad,18,Male,9,18,41486.96,2304.83,575,3,1,1,4.3,100,Electronics,Champions
CUST13361,Coimbatore,38,Male,259,1,3499.29,3499.29,743,2,1,5,3.5,74.2,Home,Lost
CUST13362,Delhi,30,Male,365,2,266.3286647,113.38,793,3,1,0,4.4,68.2,Grocery,Lost
CUST13363,Coimbatore,33,Other,257,4,945.8,236.45,184,4,0,4,4.7,63.7,Grocery,Lost
CUST13364,Kochi,30,Female,297,1,3480.49,3480.49,515,4,0,6,4.1,78.3,Electronics,Lost
CUST13365,Delhi,43,Male,47,9,7409.35,823.26,968,5,1,7,3.4,75.6,Fashion,Loyal
CUST13366,Madurai,46,Female,326,2,2640.75,1320.38,205,3,0,2,4.6,44.3,Fashion,Lost
CUST13367,Coimbatore,37,Female,9,9,25364.47,2818.27,622,1,0,2,4.2,34.4,Fashion,Champions
CUST13368,Coimbatore,30,Male,10,16,17087.73,1067.98,549,5,1,2,4.3,19.5,Books,Champions
CUST13369,Delhi,34,Female,313,3,1674.54,558.18,430,4,0,2,5,100,Sports,Lost
CUST13370,Coimbatore,34,Male,54,17,54345.70918,1815.64,1077,4,1,5,4.4,56.1,Grocery,Champions
CUST13371,Mumbai,25,Male,360,4,3246.6,811.65,611,2,1,0,5,76.8,Fashion,Lost
CUST13372,Coimbatore,40,Male,161,5,1926.15,385.23,1053,3,0,4,3.7,69,Sports,AtRisk
CUST13373,Delhi,39,Male,160,4,6149.86,1537.46,602,2,0,2,3.5,83.3,Home,AtRisk
CUST13374,Hyderabad,51,Male,58,6,13475.3,2245.88,738,4,0,5,4.7,63.7,Electronics,Loyal
CUST13375,Hyderabad,48,Male,95,7,5931.411439,764.11,427,3,0,5,3,38.4,Grocery,AtRisk
CUST13376,Hyderabad,26,Male,2,22,43070.49,1957.75,430,3,3,2,5,44.3,Grocery,Champions
CUST13377,Coimbatore,43,Female,311,2,2446.86,1223.43,723,1,1,2,4.8,58,Electronics,Lost
CUST13378,Chennai,24,Other,8,8,24184.19,3023.02,728,5,0,4,3.9,33.3,Electronics,Champions
CUST13379,Delhi,42,Female,103,6,7957.6,1326.27,779,3,0,4,4.8,47.9,Grocery,AtRisk
CUST13380,Bengaluru,28,Male,44,11,15093.37,1372.12,713,4,0,0,4.3,41,Electronics,Loyal
CUST13381,Bengaluru,23,Male,9,18,33494.78,1860.82,199,2,1,4,2.8,58.4,Electronics,Champions
CUST13382,Chennai,37,Male,100,7,5641.57,805.94,358,1,2,6,3.1,55.1,Electronics,AtRisk
CUST13383,Coimbatore,18,Male,26,21,32739.8284,1598.38,855,3,0,3,4,67.4,Sports,Champions
CUST13384,Chennai,18,Female,133,5,3015.7,603.14,30,3,2,4,3.9,82.1,Home,AtRisk
CUST13385,Pune,32,Female,44,8,10306.49,1288.31,688,4,0,5,4.8,60.1,Grocery,Loyal
CUST13386,Coimbatore,35,Female,47,11,6963.99,633.09,566,3,0,3,4,35,Grocery,Loyal
CUST13387,Mumbai,30,Female,188,4,10275.37572,2544.2,855,2,0,4,2.8,24,Home,AtRisk
CUST13388,Chennai,18,Male,41,13,11833.57,910.27,725,1,1,3,3.4,68.2,Grocery,Loyal
CUST13389,Delhi,25,Male,11,15,16912.46,1127.5,401,4,1,2,4.4,51.7,Electronics,Loyal
CUST13390,Madurai,38,Female,147,1,2862.673702,2232.66,387,2,1,1,2.3,61.9,Home,Lost
CUST13391,Pune,40,Male,12,15,29531.54,1968.77,443,5,0,3,2.7,71.6,Electronics,Champions
CUST13392,Pune,34,Male,1,18,17062.93965,1558.63,774,4,1,6,3.5,93.9,Grocery,Champions
CUST13393,Madurai,47,Male,30,2,16503.72,8251.86,30,4,0,1,4.5,30,Beauty,Loyal
CUST13394,Pune,38,Male,50,7,10286.29,1469.47,647,3,0,4,3.6,44.8,Electronics,Loyal
CUST13395,Trichy,26,Male,133,4,7089.06,1772.26,335,4,0,3,4.2,63.3,Home,AtRisk
CUST13396,Hyderabad,31,Female,40,9,6867.66,763.07,657,2,1,5,3.8,42.2,Electronics,Loyal
CUST13397,Hyderabad,19,Female,234,1,2225.56,2225.56,703,2,1,6,3.7,35.2,Books,Lost
CUST13398,Coimbatore,33,Male,11,15,20612.57,1374.17,101,4,0,1,3.3,91.2,Home,Champions
CUST13399,Mumbai,46,Male,42,11,10275.28,934.12,532,4,0,1,4.5,44,Books,Loyal
CUST13400,Chennai,42,Female,39,5,10126.09,2025.22,647,1,1,1,2.8,38.8,Home,Loyal
CUST13401,Chennai,49,Male,183,6,5364.73,894.12,626,3,0,2,3.6,42,Fashion,AtRisk
CUST13402,Trichy,31,Male,251,3,2465.24,821.75,563,6,2,2,4.7,86.7,Sports,Lost
CUST13403,Madurai,49,Male,101,4,6411.6,1602.9,234,4,2,3,3.2,51.1,Grocery,AtRisk
CUST13404,Delhi,32,Male,329,1,2505.69,2505.69,279,6,1,1,2.6,37.3,Grocery,Lost
CUST13405,Hyderabad,50,Female,28,7,13785.79,1969.4,187,3,1,1,2.1,48.2,Fashion,Loyal
CUST13406,Pune,34,Female,14,14,9746.7,696.19,766,3,1,1,4.3,64,Fashion,Champions
CUST13407,Trichy,42,Male,9,16,19105.19,1194.07,565,5,0,3,4.4,82.8,Grocery,Champions
CUST13408,Coimbatore,50,Male,35,10,11579.99,1158,584,4,0,2,3.5,81.2,Fashion,Loyal
CUST13409,Chennai,32,Male,39,10,8986.94,898.69,88,3,0,2,2.8,49.4,Beauty,Loyal
CUST13410,Bengaluru,36,Male,22,14,24877.57,1776.97,590,2,2,1,3.7,54.4,Electronics,Champions
CUST13411,Chennai,48,Other,45,11,16417.05,1492.46,790,5,1,0,4.7,100,Grocery,Loyal
CUST13412,Chennai,33,Female,53,11,12561.7,1141.97,47,7,0,6,2.8,84.9,Beauty,Loyal
CUST13413,Bengaluru,19,Female,24,21,36779.38,1751.4,439,1,1,2,4.6,60,Electronics,Champions
CUST13414,Hyderabad,58,Female,53,11,11220.27706,1249.24,129,6,0,8,2.4,19.1,Fashion,Loyal
CUST13415,Mumbai,29,Female,271,2,4235.381523,2097.98,474,3,1,4,2.9,55.8,Electronics,Lost
CUST13416,Madurai,36,Female,43,11,7932.868382,463.64,330,3,0,6,3.9,38.5,Grocery,Loyal
CUST13417,Delhi,47,Male,108,4,7185.1,1796.28,714,4,1,4,4.6,47.7,Fashion,AtRisk
CUST13418,Coimbatore,27,Male,127,4,2427.86,606.96,651,2,0,3,5,45.7,Books,AtRisk
CUST13419,Chennai,23,Female,17,10,2302.94,230.29,987,3,1,1,4.6,60.4,Grocery,Loyal
CUST13420,Hyderabad,37,Male,97,12,6249.82,520.82,584,1,0,1,5,66.4,Grocery,Loyal
CUST13421,Mumbai,18,Other,22,3,10077.83,3359.28,702,4,0,5,3.9,50.4,Sports,Loyal
CUST13422,Hyderabad,31,Female,111,4,6394.24,1598.56,433,7,1,3,3.3,39.4,Fashion,AtRisk
CUST13423,Chennai,37,Female,35,15,14305.42,953.69,269,3,1,4,4.7,61.4,Grocery,Loyal
CUST13424,Hyderabad,31,Male,55,3,2631.01,877,850,3,3,4,4.9,55,Grocery,Loyal
CUST13425,Mumbai,18,Female,14,14,27174.98,1941.07,973,3,1,3,4.5,27,Electronics,Champions
CUST13426,Mumbai,52,Male,346,1,1805.11,1805.11,812,5,1,2,4.3,77.2,Sports,Lost
CUST13427,Mumbai,35,Other,37,7,13844.62157,2624.49,639,4,2,5,4.9,50.4,Home,Loyal
CUST13428,Pune,50,Male,43,5,4874.69,974.94,308,5,1,2,4.1,59.6,Sports,AtRisk
CUST13429,Mumbai,31,Male,97,2,7268.25,3634.12,942,3,1,3,3.8,60.6,Books,AtRisk
CUST13430,Mumbai,24,Female,263,3,1835.95,611.98,774,4,1,4,4.4,64.7,Grocery,Lost
CUST13431,Trichy,37,Male,147,6,4149.55,691.59,1207,1,2,2,4.2,67.9,Beauty,AtRisk
CUST13432,Hyderabad,32,Male,178,6,4488.25,748.04,254,5,1,0,4.5,38.9,Grocery,AtRisk
CUST13433,Bengaluru,21,Other,231,3,763.11,254.37,859,2,1,5,3.7,71.2,Books,Lost
CUST13434,Delhi,50,Male,106,4,14195.52535,2539.3,765,3,0,5,4.5,58.1,Fashion,AtRisk
CUST13435,Bengaluru,27,Female,17,13,23847.79,1834.45,497,5,1,0,4.5,86.7,Electronics,Champions
CUST13436,Coimbatore,18,Male,1,27,20872.12,773.04,1009,1,0,0,4,81.3,Electronics,Champions
CUST13437,Mumbai,49,Female,214,3,1948.1,649.37,721,5,0,7,3.2,91.5,Electronics,Lost
CUST13438,Kochi,28,Female,320,1,3862.89,3862.89,319,3,2,3,4.8,46.2,Fashion,Lost
CUST13439,Kochi,27,Male,74,9,9077.28,1008.59,564,6,1,3,2.8,90.7,Electronics,AtRisk
CUST13440,Madurai,18,Male,121,5,200,40,315,2,0,2,3,66.9,Fashion,AtRisk
CUST13441,Mumbai,53,Female,37,2,8891.9,4445.95,459,1,0,0,3.9,78.8,Electronics,AtRisk
CUST13442,Coimbatore,20,Male,55,9,12682.26,1409.14,811,3,0,2,1.8,78.5,Grocery,Loyal
CUST13443,Trichy,35,Male,102,4,5815.87,1453.97,897,4,0,4,5,74.2,Fashion,AtRisk
CUST13444,Trichy,44,Female,11,23,33254.45,1445.85,666,5,0,2,3.8,43.2,Grocery,Champions
CUST13445,Delhi,39,Male,148,3,2279.753734,994.83,375,2,0,4,5,84.1,Electronics,Lost
CUST13446,Hyderabad,33,Male,51,5,4229.54,845.91,714,1,0,6,5,72,Grocery,AtRisk
CUST13447,Delhi,18,Female,175,6,3482.06,580.34,817,3,1,1,3.7,35.5,Electronics,AtRisk
CUST13448,Mumbai,25,Male,36,12,17441.18,1453.43,30,4,0,3,4.9,55.3,Electronics,Loyal
CUST13449,Chennai,36,Male,25,9,38866.86,4318.54,635,4,0,5,3,40.7,Fashion,Champions
CUST13450,Bengaluru,25,Male,50,1,8456.12,8456.12,543,6,2,1,4.1,36.5,Beauty,Loyal
CUST13451,Delhi,36,Female,73,4,4603.48431,906.8,886,3,1,3,3.4,82.1,Beauty,AtRisk
CUST13452,Delhi,41,Female,186,3,4300.16,1433.39,716,1,0,6,4.4,35.4,Books,AtRisk
CUST13453,Bengaluru,45,Female,46,10,14015.44,1401.54,745,5,0,2,4.5,38.6,Grocery,Loyal
CUST13454,Kochi,21,Male,165,3,3182.17,1060.72,455,4,1,5,3.7,100,Fashion,AtRisk
CUST13455,Chennai,58,Male,365,1,1456.33,1456.33,600,4,0,2,4.2,56,Books,Lost
CUST13456,Mumbai,42,Male,11,14,36507.49,2607.68,883,5,1,6,4.6,78.2,Fashion,Champions
CUST13457,Delhi,34,Male,39,12,12340.78,1028.4,581,5,0,0,4,87.5,Electronics,Loyal
CUST13458,Delhi,46,Female,72,4,5007.371259,653.38,652,3,3,3,5,80.5,Beauty,AtRisk
CUST13459,Delhi,60,Male,77,4,3399.05,849.76,139,5,1,0,3.7,68,Electronics,AtRisk
CUST13460,Coimbatore,18,Male,112,3,6808.48,2269.49,579,4,0,1,5,64.3,Home,AtRisk
CUST13461,Chennai,32,Male,116,4,6125.23,1531.31,30,3,0,1,4.7,75.8,Electronics,AtRisk
CUST13462,Delhi,18,Female,204,2,2030.04,1015.02,445,3,1,2,2.3,60.5,Electronics,Lost
CUST13463,Mumbai,36,Female,8,19,32849.2,1728.91,619,4,0,0,5,78.9,Grocery,Champions
CUST13464,Chennai,38,Female,134,6,7389.64,1231.61,830,2,0,2,4.7,59.8,Electronics,AtRisk
CUST13465,Delhi,34,Female,38,20,16195.1,809.76,300,5,0,3,3.9,62.1,Sports,Champions
CUST13466,Bengaluru,27,Male,33,11,25186.61,2289.69,712,4,1,0,4.1,100,Home,Champions
CUST13467,Delhi,18,Male,50,13,15270.75,1174.67,1041,4,1,1,4.2,55.4,Fashion,Loyal
CUST13468,Hyderabad,38,Male,20,24,43578.43,1815.77,408,6,0,8,4.9,65.4,Grocery,Champions
CUST13469,Chennai,50,Female,245,2,703.56,351.78,136,4,1,3,3.5,73.6,Home,Lost
CUST13470,Chennai,27,Female,365,2,701.6767179,515.44,687,4,1,0,5,74.9,Home,Lost
CUST13471,Hyderabad,39,Female,66,8,11064.83,1383.1,242,3,2,0,2.9,70.9,Fashion,Loyal
CUST13472,Mumbai,18,Female,89,8,5834.08,729.26,354,3,1,3,2.4,40,Sports,AtRisk
CUST13473,Delhi,39,Female,150,7,2733.3,390.47,877,4,2,3,4.3,68.2,Sports,AtRisk
CUST13474,Hyderabad,30,Female,235,3,2149.44,716.48,1163,6,3,1,4.8,69.9,Electronics,Lost
CUST13475,Hyderabad,26,Female,131,8,7236.1,904.51,300,3,0,7,3.7,87.8,Sports,AtRisk
CUST13476,Kochi,26,Female,26,22,36975.6,1680.71,379,2,1,8,2,79.8,Home,Champions
CUST13477,Mumbai,30,Male,365,2,2017.489475,752.78,468,5,0,2,2.6,89.1,Sports,Lost
CUST13478,Bengaluru,38,Female,106,7,3488.28,498.33,436,3,1,4,4.1,44.9,Fashion,AtRisk
CUST13479,Bengaluru,20,Female,92,7,7616.54,1088.08,1180,4,0,4,3.8,45.1,Home,AtRisk
CUST13480,Chennai,30,Male,262,1,1872.580283,955.4,441,3,1,5,4.8,71.6,Fashion,Lost
CUST13481,Mumbai,34,Female,309,3,2489.84,829.95,484,1,0,1,3.9,87.7,Home,Lost
CUST13482,Coimbatore,22,Female,145,4,2632.08646,771.3,1085,4,0,6,3.2,61,Grocery,AtRisk
CUST13483,Kochi,54,Male,87,5,4281.31,856.26,773,5,0,2,4,50.2,Grocery,AtRisk
CUST13484,Mumbai,25,Female,365,2,1917.75,958.88,896,3,2,3,4.6,33,Home,Lost
CUST13485,Mumbai,27,Male,45,9,13892.86,1543.65,328,1,0,3,4.9,72.3,Grocery,Loyal
CUST13486,Bengaluru,23,Female,45,8,16408.78,2051.1,441,4,2,2,3.7,62.7,Home,Loyal
CUST13487,Chennai,54,Female,66,9,9395.29,1043.92,288,2,0,3,3.9,56.3,Beauty,Loyal
CUST13488,Chennai,40,Male,276,1,221.4227428,432.45,840,1,1,0,4.4,83.1,Beauty,Lost
CUST13489,Bengaluru,24,Male,122,4,5096.52,1274.13,968,3,0,0,3.2,63.3,Fashion,AtRisk
CUST13490,Chennai,46,Female,1,20,15699.97,785,420,4,0,2,4.4,65,Books,Champions
CUST13491,Mumbai,36,Male,300,1,200,200,491,5,5,1,3.6,83,Home,Lost
CUST13492,Pune,37,Male,123,5,7686.01,1537.2,504,6,0,4,3.7,100,Fashion,AtRisk
CUST13493,Pune,30,Female,241,4,1429.99,357.5,136,4,0,3,3.8,56.1,Electronics,Lost
CUST13494,Delhi,26,Male,6,25,48134.08063,1102.21,398,5,1,3,3.9,47.5,Books,Champions
CUST13495,Coimbatore,38,Male,130,5,6439.99,1288,832,2,1,5,5,45.2,Grocery,AtRisk
CUST13496,Pune,28,Female,191,6,6050,1008.33,337,6,3,2,3.4,74.5,Fashion,AtRisk
CUST13497,Pune,54,Female,115,6,10714.17,1785.7,628,5,1,0,3.5,43.2,Grocery,AtRisk
CUST13498,Coimbatore,20,Female,160,5,1407.54,281.51,208,3,1,2,5,57.5,Fashion,AtRisk
CUST13499,Delhi,51,Female,306,3,411.73,137.24,557,5,0,5,4.2,59.3,Books,Lost
CUST13500,Madurai,33,Male,64,7,12968.98,1852.71,431,4,1,0,4.4,96.1,Grocery,Loyal
CUST13501,Hyderabad,37,Male,306,3,200,66.67,233,6,1,2,3,88.9,Grocery,Lost
CUST13502,Trichy,43,Male,10,20,30904.79,1545.24,837,3,0,4,4,34.3,Beauty,Champions
CUST13503,Chennai,27,Female,77,7,4448.55,635.51,854,2,1,8,4.4,96.7,Fashion,Loyal
CUST13504,Pune,44,Female,13,20,21902.73,1095.14,309,3,0,5,3.3,40.7,Electronics,Champions
CUST13505,Mumbai,18,Female,10,11,14810.01,1346.36,535,5,1,3,4.3,68.2,Home,Loyal
CUST13506,Trichy,26,Female,63,10,19818.65,1981.87,613,1,0,4,3.6,48.3,Sports,Loyal
CUST13507,Bengaluru,24,Female,221,1,3128.97,3128.97,56,1,0,0,3.3,57.2,Electronics,Lost
CUST13508,Hyderabad,20,Male,129,5,3404.06,680.81,181,5,1,0,4.6,45.4,Beauty,AtRisk
CUST13509,Chennai,32,Male,57,11,11470.47787,638.39,986,4,0,4,4.7,98.5,Fashion,Loyal
CUST13510,Madurai,38,Male,110,6,3297.03,549.5,280,4,0,3,3.9,62.2,Fashion,AtRisk
CUST13511,Chennai,42,Male,10,26,9526.37,366.4,977,2,0,3,4.2,69.5,Electronics,Champions
CUST13512,Trichy,37,Female,27,11,11634.47,1057.68,196,1,0,3,4.9,43.6,Fashion,Loyal
CUST13513,Hyderabad,27,Male,115,6,1573.37,262.23,798,3,0,2,3.5,36.7,Fashion,AtRisk
CUST13514,Pune,38,Female,118,2,4201.2,2100.6,507,4,1,3,4.1,56.1,Electronics,AtRisk
CUST13515,Kochi,35,Female,226,1,1902.29,1902.29,549,3,0,0,3.5,75.4,Electronics,Lost
CUST13516,Chennai,44,Male,50,12,15521.93,1293.49,1157,5,1,2,3,62.6,Home,Loyal
CUST13517,Bengaluru,43,Male,131,3,7719.42,2573.14,224,2,1,0,3.5,84.5,Home,AtRisk
CUST13518,Chennai,34,Male,82,7,4520.88,645.84,778,3,1,1,2.9,67.5,Home,AtRisk
CUST13519,Coimbatore,24,Male,311,3,1734.55,578.18,766,5,0,5,4.1,65.1,Electronics,Lost
CUST13520,Coimbatore,27,Female,66,13,12125.67,932.74,1606,3,2,2,3.2,75.7,Electronics,Loyal
CUST13521,Bengaluru,28,Male,61,5,5167.49,1033.5,277,3,4,4,2.7,67,Grocery,AtRisk
CUST13522,Coimbatore,31,Female,146,4,1693.61,423.4,412,3,0,3,4.4,83.9,Fashion,AtRisk
CUST13523,Chennai,37,Female,281,2,1811.59,905.8,845,2,1,2,4.3,76.1,Home,Lost
CUST13524,Chennai,42,Female,28,5,12660.4,2532.08,540,4,0,0,3.5,83.2,Grocery,Loyal
CUST13525,Chennai,33,Female,156,4,4008.69,1002.17,461,4,0,2,4.4,79.3,Sports,AtRisk
CUST13526,Trichy,34,Male,54,7,10436,1490.86,887,4,0,3,3.2,92.2,Electronics,Loyal
CUST13527,Hyderabad,36,Male,150,4,4845.75,1211.44,520,3,1,4,3.5,81.6,Fashion,AtRisk
CUST13528,Kochi,28,Male,62,9,10287.39,1143.04,332,3,1,3,4.1,100,Fashion,Loyal
CUST13529,Bengaluru,24,Male,1,24,51191.06706,1199.61,818,6,0,4,4.6,54.2,Electronics,Champions
CUST13530,Coimbatore,18,Female,238,6,11797.65641,1267.67,713,1,0,0,3.5,81.7,Grocery,AtRisk
CUST13531,Hyderabad,26,Female,24,10,11653.22,1165.32,506,6,1,4,3.3,37.4,Electronics,Loyal
CUST13532,Madurai,39,Male,42,8,12166.69,1520.84,492,4,0,0,4.6,83.9,Home,Loyal
CUST13533,Madurai,26,Male,51,13,7274.23,559.56,326,3,2,4,4.3,66.1,Electronics,Loyal
CUST13534,Coimbatore,31,Male,19,14,21697.93,1549.85,818,5,1,4,3.9,83.7,Beauty,Champions
CUST13535,Chennai,39,Female,267,2,862.17,431.08,492,1,1,0,4.7,98.6,Electronics,Lost
CUST13536,Coimbatore,40,Female,151,3,1812.71,604.24,369,6,1,4,5,81,Grocery,AtRisk
CUST13537,Bengaluru,22,Female,319,3,2410.98,803.66,214,6,2,4,4.1,56.7,Electronics,Lost
CUST13538,Delhi,45,Female,29,16,11735.91,733.49,718,5,1,5,3.3,43.2,Electronics,Loyal
CUST13539,Chennai,46,Male,324,3,1869.3,623.1,447,1,0,1,4.2,75.7,Home,Lost
CUST13540,Coimbatore,22,Male,149,5,4862.48,972.5,30,5,0,3,3.1,59.3,Home,AtRisk
CUST13541,Hyderabad,25,Male,152,5,8717.05,1743.41,239,6,0,4,4.8,78.3,Home,AtRisk
CUST13542,Chennai,47,Male,117,6,5615.510124,814.55,530,6,3,4,3.2,54.9,Fashion,AtRisk
CUST13543,Madurai,32,Female,76,5,711.1,142.22,538,1,0,3,3.6,46.4,Books,AtRisk
CUST13544,Pune,18,Female,104,6,9197.94,1532.99,527,5,0,2,3.1,60.2,Fashion,AtRisk
CUST13545,Chennai,19,Female,27,11,18274.14,1661.29,485,6,0,4,3.9,75,Fashion,Loyal
CUST13546,Chennai,31,Male,20,21,21729.27,1034.73,157,4,0,4,4,67.4,Books,Champions
CUST13547,Bengaluru,21,Male,119,4,7837.24,1959.31,338,1,1,2,4.4,48.7,Books,AtRisk
CUST13548,Madurai,29,Male,110,3,8173.49,2724.5,955,5,0,1,3.9,100,Grocery,AtRisk
CUST13549,Mumbai,34,Female,31,15,25162.56,1677.5,911,5,0,1,3.8,62.2,Fashion,Champions
CUST13550,Hyderabad,50,Female,42,10,10323.46,1032.35,773,3,0,5,3.3,19.8,Fashion,Loyal
CUST13551,Chennai,31,Male,45,10,1640.54,164.05,747,2,0,4,3.6,83.6,Grocery,AtRisk
CUST13552,Mumbai,46,Female,248,2,1242.59,621.29,871,5,0,2,2.7,64.8,Home,Lost
CUST13553,Mumbai,50,Female,7,21,26930.59,1282.41,264,2,1,2,4.9,61.6,Electronics,Champions
CUST13554,Chennai,50,Male,61,13,7050.98,542.38,610,4,0,0,3.7,61.2,Home,Loyal
CUST13555,Mumbai,37,Female,229,2,1392.37,696.18,264,6,0,2,5,61.3,Electronics,Lost
CUST13556,Coimbatore,18,Male,189,4,9781.14,2445.28,269,1,1,0,3.7,98.4,Beauty,AtRisk
CUST13557,Bengaluru,39,Female,58,4,11394.34,2848.58,710,5,2,3,2.3,74.3,Grocery,Loyal
CUST13558,Chennai,46,Female,204,2,772.54,386.27,884,3,1,5,3.4,70.2,Books,Lost
CUST13559,Bengaluru,33,Other,109,5,4066.81,813.36,542,3,0,1,3.8,59.7,Home,AtRisk
CUST13560,Madurai,53,Male,127,6,4726.4,787.73,1095,4,1,3,3.9,99.6,Grocery,AtRisk
CUST13561,Hyderabad,43,Male,282,3,1593.76,531.25,664,2,0,4,4.3,81.9,Electronics,Lost
CUST13562,Chennai,40,Male,195,1,1760.37,1760.37,367,2,2,3,3.9,84.8,Grocery,Lost
CUST13563,Bengaluru,46,Male,18,10,17498.20357,914.16,274,1,2,1,3.5,70.6,Electronics,Loyal
CUST13564,Bengaluru,38,Female,6,20,27927.34,1396.37,905,5,1,3,3.1,85,Sports,Champions
CUST13565,Delhi,18,Female,58,13,6646.63,511.28,639,3,0,4,3.5,72.9,Fashion,Loyal
CUST13566,Mumbai,29,Male,1,11,20928.08,1902.55,803,4,0,3,4.3,57.6,Beauty,Champions
CUST13567,Delhi,47,Male,23,17,31870.17495,1543.43,30,3,7,2,4.5,72.4,Fashion,Champions
CUST13568,Hyderabad,25,Male,28,8,12556.67,1569.58,673,2,1,5,3.3,100,Fashion,Loyal
CUST13569,Pune,32,Male,286,2,1567.72,783.86,446,4,0,4,4.6,69.1,Fashion,Lost
CUST13570,Madurai,23,Male,353,1,2055.15,2055.15,182,4,0,0,4.3,90.4,Home,Lost
CUST13571,Mumbai,54,Male,170,8,4243.06,530.38,581,3,1,4,3.1,88.8,Grocery,AtRisk
CUST13572,Hyderabad,52,Female,26,4,8367.34,2091.84,928,4,3,4,4,76.3,Electronics,AtRisk
CUST13573,Trichy,24,Male,24,19,13940.61,733.72,1280,2,1,0,4.1,98.1,Electronics,Champions
CUST13574,Pune,36,Female,13,6,9158.87,1526.48,673,5,0,0,2.9,21.5,Fashion,Loyal
CUST13575,Bengaluru,27,Female,9,16,30488.31,1905.52,387,5,0,0,2.7,28.3,Fashion,Champions
CUST13576,Coimbatore,41,Male,100,3,5550.5,1850.17,369,5,0,2,4.2,99.6,Beauty,AtRisk
CUST13577,Bengaluru,40,Female,36,20,5149.8,257.49,889,3,2,5,3.4,52.1,Grocery,Champions
CUST13578,Delhi,43,Female,257,3,1960.099819,640.5,301,4,0,1,5,67.2,Electronics,Lost
CUST13579,Bengaluru,38,Female,105,3,7204.35,2401.45,787,6,1,4,5,100,Electronics,AtRisk
CUST13580,Bengaluru,66,Male,38,9,9501.14,1055.68,688,5,0,0,4.2,69,Electronics,Loyal
CUST13581,Hyderabad,23,Male,16,22,46304.65286,1167.46,655,6,0,3,4.6,98.8,Home,Champions
CUST13582,Bengaluru,18,Female,107,8,6189.75,773.72,130,2,1,2,3,57.2,Beauty,AtRisk
CUST13583,Pune,30,Female,248,3,2230.77,743.59,493,2,1,7,2.7,77.3,Beauty,Lost
CUST13584,Bengaluru,18,Male,113,3,5762.39,1920.8,163,4,0,0,3.7,66.2,Beauty,AtRisk
CUST13585,Madurai,18,Male,38,10,9202.82694,1261.37,424,4,0,2,2.8,94.8,Fashion,Loyal
CUST13586,Bengaluru,23,Male,178,5,3633.04,726.61,875,3,1,0,4,59.8,Books,AtRisk
CUST13587,Hyderabad,24,Male,74,7,11631.15781,838.19,969,3,1,1,3.2,45.7,Electronics,Loyal
CUST13588,Chennai,23,Female,365,1,2943.1,2943.1,664,5,1,0,4,55.6,Beauty,Lost
CUST13589,Coimbatore,40,Male,147,3,10530.35,3510.12,429,3,0,7,3.7,56.5,Electronics,AtRisk
CUST13590,Kochi,28,Male,158,2,2341.52,1170.76,1076,2,1,2,4.3,52.1,Fashion,AtRisk
CUST13591,Chennai,32,Female,45,16,5033.72,314.61,425,2,2,2,4.1,51.2,Grocery,Loyal
CUST13592,Mumbai,44,Male,122,4,7030.63,1757.66,259,4,2,2,3.5,87.4,Electronics,AtRisk
CUST13593,Mumbai,26,Female,37,9,14683.49,1631.5,809,8,1,0,2.7,93.2,Fashion,Loyal
CUST13594,Bengaluru,31,Female,16,18,35353.49,1964.08,737,2,4,5,3.9,72.8,Fashion,Champions
CUST13595,Delhi,38,Male,37,7,4276.67,610.95,437,3,0,4,2.4,52.1,Home,Loyal
CUST13596,Coimbatore,18,Female,365,2,2593.02,1296.51,630,7,1,4,4.8,53.3,Home,Lost
CUST13597,Mumbai,18,Female,64,3,6941.64,2313.88,733,3,1,0,4.2,23.5,Electronics,AtRisk
CUST13598,Bengaluru,38,Male,1,19,19525.27,1027.65,661,4,0,5,4.5,72.6,Electronics,Champions
CUST13599,Delhi,39,Male,234,1,2954.59,2954.59,738,6,3,5,3,51.3,Home,Lost
CUST13600,Chennai,57,Female,47,10,8093.29,809.33,448,2,0,2,4.1,94.4,Grocery,Loyal
CUST13601,Mumbai,36,Female,24,13,4800.64,369.28,758,3,0,4,3.3,37.4,Grocery,Loyal
CUST13602,Coimbatore,43,Female,38,10,10055.45,1005.54,605,3,0,3,3.9,53.2,Books,Loyal
CUST13603,Coimbatore,32,Male,61,4,10695.04556,2221.47,458,1,0,0,3,63.1,Fashion,AtRisk
CUST13604,Coimbatore,37,Female,59,9,9470.23,1052.25,526,6,1,2,3.7,74.3,Electronics,AtRisk
CUST13605,Coimbatore,52,Male,134,6,5656.53,942.76,571,3,0,2,2.7,100,Home,AtRisk
CUST13606,Hyderabad,18,Female,121,7,7325.99,1046.57,166,2,0,3,3.7,37.6,Beauty,AtRisk
CUST13607,Madurai,39,Female,41,11,13712.23,1246.57,409,3,1,5,2.5,59,Grocery,Loyal
CUST13608,Kochi,57,Male,288,4,1152.27,288.07,619,5,0,0,5,36.4,Home,Lost
CUST13609,Kochi,37,Female,18,25,33731.44,1349.26,195,4,1,2,3.9,80.8,Grocery,Champions
CUST13610,Mumbai,52,Female,300,4,1491.39,372.85,414,2,0,1,3.8,52.1,Fashion,Lost
CUST13611,Chennai,27,Female,112,7,10412.18,1487.45,1315,4,1,1,4.3,62.9,Electronics,AtRisk
CUST13612,Bengaluru,34,Male,105,5,5837.06,1167.41,261,5,0,1,2.8,61.6,Electronics,AtRisk
CUST13613,Hyderabad,34,Female,200,4,3333.92,833.48,485,3,1,3,3.2,67.3,Grocery,AtRisk
CUST13614,Bengaluru,18,Female,87,5,5038.83,1007.77,350,3,1,4,4.2,61.9,Fashion,AtRisk
CUST13615,Chennai,21,Male,1,20,37245.86,1862.29,565,5,4,3,3.9,45.6,Beauty,Champions
CUST13616,Mumbai,22,Male,292,3,2653.6,884.53,356,3,0,3,3.2,66.7,Electronics,Lost
CUST13617,Hyderabad,43,Male,22,19,1536.8,80.88,527,6,1,4,4.3,49.1,Electronics,Champions
CUST13618,Hyderabad,44,Female,22,13,26789.1,2060.7,384,2,1,7,4,81.3,Electronics,Champions
CUST13619,Chennai,38,Female,157,5,2738.39,547.68,917,2,5,3,4.2,66.1,Home,AtRisk
CUST13620,Delhi,43,Male,120,4,6929.54,1732.38,624,2,1,5,4.1,44.2,Grocery,AtRisk
CUST13621,Coimbatore,32,Female,29,21,4993.81,237.8,299,3,0,4,3.3,100,Home,Champions
CUST13622,Coimbatore,47,Male,365,4,2671.48,667.87,852,4,1,6,3.7,98.2,Electronics,Lost
CUST13623,Pune,34,Female,285,2,1321.38,660.69,313,2,0,4,2.3,100,Grocery,Lost
CUST13624,Coimbatore,35,Male,118,5,8661.14,1732.23,131,4,1,1,3.4,58.1,Home,AtRisk
CUST13625,Coimbatore,31,Male,167,4,5697.4,1424.35,599,4,1,3,3.6,48.3,Home,AtRisk
CUST13626,Chennai,42,Male,179,5,1947.6,389.52,1172,1,3,3,4.3,81.1,Fashion,AtRisk
CUST13627,Pune,29,Male,18,7,12449.35,1778.48,52,3,1,4,4.2,87.2,Electronics,Loyal
CUST13628,Hyderabad,45,Female,110,4,8554.13,2138.53,201,4,1,1,3.2,68.9,Beauty,AtRisk
CUST13629,Mumbai,22,Female,294,3,2611.58,870.53,826,2,0,5,3.2,22.9,Grocery,Lost
CUST13630,Hyderabad,22,Male,321,3,1056.47,352.16,407,3,1,3,4.8,45.4,Sports,Lost
CUST13631,Chennai,42,Male,365,2,1982.993327,1240.53,784,5,0,4,3.6,73.5,Fashion,Lost
CUST13632,Bengaluru,33,Male,28,14,21567.49,1540.54,349,6,1,3,3.9,51.8,Fashion,Loyal
CUST13633,Bengaluru,29,Female,53,12,16347.66,1362.3,643,4,0,3,4.4,37.7,Fashion,Loyal
CUST13634,Chennai,44,Female,67,13,16495.07418,636.57,1123,3,0,3,3.7,59.8,Fashion,Loyal
CUST13635,Bengaluru,27,Male,39,11,7211.78,655.62,242,3,1,4,3.7,0.1,Grocery,Loyal
CUST13636,Kochi,32,Female,27,12,22826.75,1902.23,907,5,2,6,3.5,52.9,Home,Loyal
CUST13637,Chennai,49,Male,77,7,16250.29,2321.47,804,5,1,0,3.4,56.5,Fashion,Loyal
CUST13638,Madurai,51,Female,152,2,1559.25,779.62,153,2,1,4,3.9,71.2,Electronics,AtRisk
CUST13639,Coimbatore,51,Female,336,2,1973.7,986.85,768,5,1,3,2.3,76,Fashion,Lost
CUST13640,Coimbatore,31,Female,135,1,2135.11,2135.11,622,3,0,2,3.5,72.6,Sports,AtRisk
CUST13641,Pune,48,Female,312,3,615.56,205.19,627,2,0,0,4.2,82.9,Electronics,Lost
CUST13642,Bengaluru,24,Female,5,20,27054.33,1352.72,701,3,2,4,4.1,61.6,Fashion,Champions
CUST13643,Bengaluru,24,Female,17,24,27942.63,1164.28,495,5,2,2,4.9,35.9,Grocery,Champions
CUST13644,Hyderabad,18,Female,186,3,1565.93,521.98,621,4,0,1,4.5,65.9,Grocery,Lost
CUST13645,Chennai,52,Male,120,3,5554.15,1851.38,672,4,0,3,4.1,47.5,Beauty,AtRisk
CUST13646,Bengaluru,24,Male,128,9,6629.46,736.61,824,4,2,2,3.8,37.9,Electronics,AtRisk
CUST13647,Bengaluru,33,Male,21,18,8139.65,452.2,142,4,1,0,3.4,76.6,Electronics,Champions
CUST13648,Mumbai,24,Female,28,9,14357.48,1595.28,987,3,0,3,4.2,36.7,Fashion,Loyal
CUST13649,Trichy,42,Male,92,4,7055.62,1763.9,253,4,0,4,4.1,78.6,Fashion,AtRisk
CUST13650,Hyderabad,30,Male,251,1,4182.27,4182.27,828,3,3,1,3.5,39.2,Fashion,Lost
CUST13651,Bengaluru,20,Male,329,1,2202.78,2202.78,624,4,0,3,3.1,59.2,Fashion,Lost
CUST13652,Hyderabad,39,Male,108,7,5834.65,833.52,216,5,0,3,3.8,53.7,Beauty,AtRisk
CUST13653,Chennai,18,Female,114,1,10598.21509,10400.11,758,5,1,5,4.7,87.7,Beauty,AtRisk
CUST13654,Chennai,25,Female,295,2,4300.45,2150.22,316,5,0,2,3.9,76.9,Beauty,Lost
CUST13655,Coimbatore,18,Female,156,3,6162.92,2054.31,921,4,0,4,3.8,48.5,Home,AtRisk
CUST13656,Madurai,18,Female,116,2,8586.67,4293.34,387,5,0,2,4.1,61.8,Electronics,AtRisk
CUST13657,Mumbai,36,Female,330,1,556.07,556.07,152,1,0,6,4.2,91.6,Electronics,Lost
CUST13658,Mumbai,18,Male,341,1,2024.706681,2750.74,1060,5,1,2,4,94.9,Home,Lost
CUST13659,Pune,18,Male,209,1,200,200,654,6,1,1,3.8,37.6,Grocery,Lost
CUST13660,Mumbai,34,Female,50,14,12299.41,878.53,860,3,0,2,3.4,91.3,Home,Loyal
CUST13661,Mumbai,28,Male,68,5,7967.39,1593.48,345,2,0,1,4.6,89.8,Home,AtRisk
CUST13662,Chennai,56,Male,348,1,1999.76,1999.76,32,5,0,0,3.5,68.6,Sports,Lost
CUST13663,Chennai,54,Female,19,9,43398.71,4822.08,1103,2,0,4,5,63.2,Home,Champions
CUST13664,Mumbai,24,Male,260,3,2631.22,877.07,598,2,1,0,3.9,54,Fashion,Lost
CUST13665,Bengaluru,40,Male,35,15,13094.09,872.94,747,4,0,1,3.8,39.9,Electronics,Loyal
CUST13666,Hyderabad,42,Male,336,3,2837.89,945.96,797,2,1,0,4.4,71.8,Fashion,Lost
CUST13667,Chennai,27,Male,91,10,2767.82,276.78,499,5,1,3,3.3,61.6,Home,AtRisk
CUST13668,Chennai,18,Male,46,7,6071.71,867.39,668,2,0,0,4.3,73.7,Fashion,Loyal
CUST13669,Bengaluru,34,Male,59,11,11252.12972,1148.01,1078,4,0,4,3.9,74.2,Electronics,Loyal
CUST13670,Coimbatore,32,Female,1,6,5575.67,929.28,590,4,2,4,4.1,100,Books,AtRisk
CUST13671,Chennai,29,Female,100,8,11308.3,1413.54,883,6,2,0,3.3,88.9,Fashion,AtRisk
CUST13672,Delhi,39,Male,18,9,12284.93,1364.99,30,5,2,3,3.2,75.9,Fashion,Loyal
CUST13673,Chennai,26,Female,278,3,1200.73,400.24,937,3,1,4,2.3,22.3,Electronics,Lost
CUST13674,Mumbai,21,Male,122,4,4739.12,1184.78,143,2,2,4,3.4,72.8,Beauty,AtRisk
CUST13675,Madurai,35,Male,115,8,4313.45,539.18,903,5,1,0,3.4,96.6,Beauty,AtRisk
CUST13676,Chennai,38,Male,6,9,30288.13,3365.35,717,3,0,0,3.3,56.5,Grocery,Champions
CUST13677,Bengaluru,21,Female,365,3,3039.09,1013.03,571,3,1,6,3.7,100,Grocery,Lost
CUST13678,Hyderabad,44,Male,1,22,21207.81,963.99,570,2,0,1,3.9,75.9,Books,Champions
CUST13679,Bengaluru,18,Female,199,9,6426.44,714.05,524,5,1,1,4.2,70.9,Fashion,AtRisk
CUST13680,Hyderabad,28,Female,204,3,2160.571906,488.76,354,3,0,4,4.3,45.2,Fashion,Lost
CUST13681,Chennai,31,Female,89,8,5702.395895,1047.93,538,3,0,0,4.3,95.1,Electronics,Loyal
CUST13682,Hyderabad,27,Female,177,5,8609.462164,965.74,1262,3,0,2,4.4,48.4,Fashion,AtRisk
CUST13683,Coimbatore,28,Female,69,11,9845.89,895.08,991,4,0,4,4,53.7,Fashion,Loyal
CUST13684,Delhi,55,Male,141,4,4015.74,1003.94,339,4,1,0,3.8,27.4,Sports,AtRisk
CUST13685,Mumbai,25,Male,54,2,4791.79,2395.9,680,3,1,1,4.5,82.9,Fashion,AtRisk
CUST13686,Kochi,61,Female,242,1,1835.9,1835.9,629,2,0,0,4.4,76.8,Beauty,Lost
CUST13687,Bengaluru,39,Female,305,2,1566.68,783.34,557,1,1,1,2.6,65.2,Home,Lost
CUST13688,Chennai,35,Male,105,4,9580.02,2395,299,4,1,5,3.7,79.8,Electronics,AtRisk
CUST13689,Chennai,39,Male,101,5,5658.45,1131.69,734,3,1,5,2.4,77.9,Books,AtRisk
CUST13690,Hyderabad,62,Male,89,9,2679.81,297.76,854,2,0,3,2.3,57.7,Home,AtRisk
CUST13691,Mumbai,23,Male,80,13,18060.71,1389.29,350,4,1,4,3.4,49.3,Grocery,Loyal
CUST13692,Hyderabad,22,Male,88,2,2220.63,1110.32,1187,5,1,4,3.7,30.7,Electronics,AtRisk
CUST13693,Coimbatore,26,Female,299,1,863.61,863.61,1057,5,2,1,3.5,61.4,Home,Lost
CUST13694,Madurai,34,Female,42,11,11499.3,1045.39,764,1,0,3,2.4,38.8,Electronics,Loyal
CUST13695,Chennai,18,Male,46,9,20284.69,2253.85,230,3,0,0,4.4,68.3,Electronics,Loyal
CUST13696,Kochi,34,Female,82,12,2763.16519,419.77,720,5,0,1,3.2,61.8,Electronics,Loyal
CUST13697,Delhi,53,Female,68,9,9911.48,1101.28,685,6,0,2,4.2,57,Fashion,Loyal
CUST13698,Kochi,36,Male,18,15,39723.04,2648.2,754,2,0,0,3.3,85.9,Beauty,Champions
CUST13699,Coimbatore,31,Male,59,5,7526.670174,2303.4,1077,6,2,0,3.4,45.3,Home,AtRisk
CUST13700,Mumbai,27,Female,38,1,8304.158705,5441.66,547,1,1,1,4.1,28,Electronics,AtRisk
CUST13701,Delhi,44,Female,155,4,7086.45,1771.61,1214,5,0,5,3.5,60.5,Beauty,AtRisk
CUST13702,Madurai,25,Male,33,11,5810.89,528.26,722,3,1,6,3.9,50.2,Grocery,Loyal
CUST13703,Hyderabad,54,Other,114,6,4071.56,678.59,513,6,0,2,4,67.4,Electronics,AtRisk
CUST13704,Kochi,55,Male,348,3,3569.72,1189.91,1320,3,0,4,2.7,46.7,Fashion,Lost
CUST13705,Pune,37,Male,307,1,2048.02,2048.02,849,3,1,1,4.2,73.4,Beauty,Lost
CUST13706,Delhi,34,Male,100,6,6802.46,1133.74,464,3,1,0,3,45.5,Home,AtRisk
CUST13707,Coimbatore,45,Male,13,20,13635.09,681.75,625,1,1,1,2.9,45.3,Electronics,Champions
CUST13708,Madurai,46,Female,365,2,3087.32,1543.66,791,1,0,2,3.2,77.3,Electronics,Lost
CUST13709,Kochi,25,Female,120,6,9648.32,1608.05,555,4,0,3,4.5,64.1,Fashion,AtRisk
CUST13710,Chennai,28,Male,33,14,7162.31,511.59,640,5,2,2,2.5,41.3,Beauty,Loyal
CUST13711,Delhi,19,Female,13,19,12023.8107,956.14,355,4,3,2,4.3,46,Sports,Champions
CUST13712,Delhi,38,Female,23,17,9604.36,564.96,94,2,0,1,4.1,57.5,Grocery,Champions
CUST13713,Mumbai,41,Male,16,18,29618.51499,2356.02,632,4,1,3,3.9,42.1,Electronics,Champions
CUST13714,Trichy,19,Female,2,14,30658.77,2189.91,642,2,0,0,4,59.2,Grocery,Champions
CUST13715,Madurai,29,Male,273,3,3044.71,1014.9,758,4,0,4,3.6,59.9,Books,Lost
CUST13716,Madurai,19,Female,167,6,4369.34,728.22,427,5,1,1,4.3,46.7,Sports,AtRisk
CUST13717,Chennai,24,Male,120,6,7146.47,1191.08,198,4,1,7,3.5,78,Books,AtRisk
CUST13718,Bengaluru,40,Female,297,1,1592.927907,1032.06,310,6,2,2,2.5,44.6,Home,Lost
CUST13719,Coimbatore,26,Male,244,3,3216.13,1072.04,917,3,1,2,3.7,89.9,Fashion,Lost
CUST13720,Madurai,31,Female,285,3,2503.41,834.47,400,3,1,1,4.4,60.6,Sports,Lost
CUST13721,Hyderabad,18,Female,294,2,959.1,479.55,467,4,0,2,4.2,51.8,Sports,Lost
CUST13722,Kochi,36,Male,64,4,8687.18,2171.8,506,1,1,4,5,75.8,Electronics,Loyal
CUST13723,Coimbatore,34,Male,297,3,2448.85,816.28,414,3,3,2,3.6,65.7,Home,Lost
CUST13724,Bengaluru,26,Male,192,5,2855.243647,497.13,392,3,1,4,3.7,80.2,Sports,AtRisk
CUST13725,Kochi,32,Female,1,18,33275.21,1848.62,339,3,0,3,3.6,25,Sports,Champions
CUST13726,Chennai,36,Male,86,3,11057.17,3685.72,1020,4,3,3,3.2,75.3,Home,AtRisk
CUST13727,Chennai,25,Female,95,1,6671.34,6671.34,804,1,0,3,3.4,54.6,Grocery,AtRisk
CUST13728,Chennai,18,Male,284,2,977.03,488.52,974,2,0,5,3,65.8,Home,Lost
CUST13729,Mumbai,54,Male,25,12,13261.24,1105.1,1035,5,0,4,2,63.2,Grocery,Loyal
CUST13730,Chennai,27,Male,259,4,2524.794034,1242.01,30,1,0,3,3.3,91.9,Fashion,AtRisk
CUST13731,Kochi,33,Male,4,15,30408.01,2027.2,703,4,0,3,3.8,27.8,Fashion,Champions
CUST13732,Bengaluru,45,Female,67,5,13067.3,2613.46,424,3,1,0,4.3,97.3,Grocery,Loyal
CUST13733,Mumbai,70,Female,39,16,32590.14,2036.88,935,4,1,8,3.3,79.1,Grocery,Champions
CUST13734,Coimbatore,20,Male,196,5,5255.31,1051.06,378,6,1,4,3.3,68,Grocery,AtRisk
CUST13735,Bengaluru,39,Male,243,2,3606.46,1803.23,284,3,1,4,4.6,36.3,Fashion,Lost
CUST13736,Delhi,26,Male,52,14,9282.84,663.06,170,4,1,2,2.7,31.6,Grocery,Loyal
CUST13737,Hyderabad,28,Female,177,8,4724.9,590.61,509,4,1,0,3.7,53.8,Home,AtRisk
CUST13738,Hyderabad,26,Male,55,8,3088.8,386.1,874,3,2,2,4.6,77.7,Beauty,Loyal
CUST13739,Mumbai,22,Female,22,16,28624.62,1789.04,677,3,0,3,3.2,64.9,Grocery,Champions
CUST13740,Pune,34,Female,143,5,4852.74,970.55,239,5,0,1,2.6,76.6,Home,AtRisk
CUST13741,Hyderabad,18,Male,17,17,30167.37,1774.55,1246,2,0,1,5,35.7,Electronics,Champions
CUST13742,Hyderabad,44,Female,126,5,200,40,795,2,0,2,4.4,65.9,Electronics,AtRisk
CUST13743,Chennai,35,Male,13,23,28860.83,1254.82,833,4,2,4,4.5,86.9,Electronics,Champions
CUST13744,Chennai,39,Male,13,17,23131.27,1360.66,986,4,0,5,3.7,94,Beauty,Champions
CUST13745,Coimbatore,29,Male,176,6,5755.09,959.18,108,1,1,3,4.3,39.9,Grocery,AtRisk
CUST13746,Delhi,30,Male,152,4,5650.3,1412.58,327,3,0,1,1.8,58,Grocery,AtRisk
CUST13747,Bengaluru,37,Male,27,23,27627,1201.17,847,2,1,2,3.5,58.2,Home,Champions
CUST13748,Bengaluru,21,Male,28,7,7221.65,1031.66,357,4,0,3,4.6,52.5,Electronics,AtRisk
CUST13749,Pune,30,Male,299,2,3015.168264,1406.9,517,1,1,3,2.7,83.2,Electronics,Lost
CUST13750,Pune,25,Male,117,9,2595.003147,521.35,577,6,2,3,3.5,100,Fashion,AtRisk
CUST13751,Pune,24,Female,10,26,30188.76,1161.11,217,3,0,2,4.1,42.7,Fashion,Champions
CUST13752,Madurai,18,Female,134,9,4072.41,452.49,492,2,0,4,3.2,73.5,Fashion,AtRisk
CUST13753,Delhi,49,Male,49,5,5980.56,1196.11,874,3,0,3,3.8,70.9,Books,AtRisk
CUST13754,Coimbatore,26,Male,11,22,35150.2993,1312.93,819,4,1,2,4.1,71.3,Grocery,Champions
CUST13755,Coimbatore,47,Male,257,2,1928.85,964.42,934,5,0,0,4,91.7,Grocery,Lost
CUST13756,Coimbatore,46,Female,348,1,3264.8,3264.8,903,3,1,1,3.5,72.5,Home,Lost
CUST13757,Madurai,20,Female,361,1,418.01,418.01,722,1,0,6,3.1,22.3,Fashion,Lost
CUST13758,Bengaluru,22,Male,275,2,1250.66,625.33,698,2,0,0,4.1,36.3,Books,Lost
CUST13759,Hyderabad,62,Male,84,6,1969.08,328.18,676,4,1,5,4.1,43.7,Books,AtRisk
CUST13760,Chennai,53,Male,92,8,6358.56,794.82,412,5,0,0,4,50,Home,AtRisk
CUST13761,Delhi,34,Male,108,5,1380.985965,269.09,291,5,1,1,3.9,62.2,Fashion,AtRisk
CUST13762,Mumbai,37,Female,224,2,1747.58,873.79,393,4,0,2,4.1,60.7,Sports,Lost
CUST13763,Madurai,27,Female,109,6,8802.05,1467.01,502,5,1,6,4.5,28.5,Electronics,AtRisk
CUST13764,Bengaluru,39,Male,40,6,17910.77,2985.13,403,6,1,3,4,32.8,Grocery,Loyal
CUST13765,Madurai,26,Male,32,12,10856.94,904.74,724,5,1,2,3.9,22.6,Grocery,Loyal
CUST13766,Mumbai,18,Male,275,1,4235.68,4235.68,661,5,0,1,3.4,33.9,Electronics,Lost
CUST13767,Bengaluru,19,Male,12,21,16177.82,770.37,693,2,0,4,4.9,84.8,Sports,Champions
CUST13768,Chennai,34,Female,108,3,7710.67,2570.22,705,5,1,1,2.9,59.6,Books,AtRisk
CUST13769,Chennai,22,Female,365,3,929.52,309.84,959,4,0,2,3.6,45.9,Sports,Lost
CUST13770,Mumbai,33,Male,153,4,3684.54,921.14,597,4,0,2,3.4,26.6,Electronics,AtRisk
CUST13771,Pune,22,Male,340,1,292.69,292.69,903,5,1,4,2.3,44.7,Fashion,Lost
CUST13772,Madurai,25,Female,109,7,7652.85,1093.26,755,4,0,4,4.1,77.1,Books,AtRisk
CUST13773,Delhi,43,Female,34,20,17240.11,862.01,939,3,1,1,3.6,74.5,Electronics,Champions
CUST13774,Delhi,37,Male,313,2,555.61,277.8,1084,2,2,1,3.8,60,Grocery,Lost
CUST13775,Kochi,34,Male,74,11,7534.84,684.99,773,3,0,1,3.7,59.7,Grocery,Loyal
CUST13776,Hyderabad,44,Male,40,7,13099.72,1871.39,631,4,2,3,4.4,29.6,Electronics,Loyal
CUST13777,Mumbai,39,Female,37,6,12817.78,2136.3,629,4,2,4,4.5,49.5,Sports,Loyal
CUST13778,Delhi,50,Female,43,9,10709.29,1189.92,459,4,0,3,2.9,76.1,Electronics,Loyal
CUST13779,Pune,29,Male,49,6,12594.12,2099.02,449,5,0,0,5,51.5,Grocery,Loyal
CUST13780,Bengaluru,29,Female,24,7,7379.88,1054.27,871,5,1,4,3.6,97.5,Fashion,Loyal
CUST13781,Madurai,20,Female,105,4,6278.79,1569.7,311,3,1,0,4.3,89.1,Fashion,AtRisk
CUST13782,Chennai,29,Male,338,3,2906.22,968.74,1084,2,0,1,3.9,55.9,Fashion,Lost
CUST13783,Hyderabad,45,Male,34,10,15039.65,1503.96,554,4,0,3,3.9,59.7,Grocery,Loyal
CUST13784,Hyderabad,48,Female,33,7,8012.53,1144.65,1459,7,0,2,4.2,100,Books,Loyal
CUST13785,Chennai,45,Female,91,5,2763.807378,695.49,392,4,1,4,4.9,81.9,Beauty,AtRisk
CUST13786,Mumbai,18,Female,161,2,942.81,471.4,675,3,0,1,4.4,66.4,Home,AtRisk
CUST13787,Bengaluru,46,Female,365,3,1405.81,468.6,494,4,1,1,3.6,68.7,Home,Lost
CUST13788,Chennai,18,Male,22,22,36662.73,1666.49,362,4,2,2,3.7,68,Beauty,Champions
CUST13789,Trichy,44,Male,211,3,1840.91,613.64,919,4,1,4,3.3,64.7,Grocery,Lost
CUST13790,Coimbatore,30,Female,93,9,6791.09,754.57,268,6,0,4,4.4,43.6,Grocery,AtRisk
CUST13791,Chennai,42,Male,77,8,4014.3,501.79,397,4,0,3,4.3,57,Sports,AtRisk
CUST13792,Mumbai,19,Female,27,18,25544.05,1419.11,776,5,1,5,3.5,36.3,Home,Champions
CUST13793,Delhi,47,Female,62,11,9577.72,870.7,823,4,3,5,4.9,79.5,Electronics,Loyal
CUST13794,Chennai,18,Female,27,14,14595.21,1042.51,182,6,1,4,4.7,62.4,Home,Loyal
CUST13795,Delhi,27,Male,10,10,16815.84,1681.58,775,5,1,0,5,80.5,Electronics,Loyal
CUST13796,Mumbai,23,Female,129,5,8737.42,1747.48,639,5,0,4,3.2,39.5,Beauty,AtRisk
CUST13797,Chennai,18,Female,256,1,2762.83,2762.83,325,5,1,2,3.7,93.4,Beauty,Lost
CUST13798,Chennai,35,Female,55,6,10066.9172,1005.85,363,7,1,2,3.6,91,Beauty,AtRisk
CUST13799,Mumbai,54,Male,99,6,4251.04,708.51,30,5,2,1,5,33.5,Electronics,AtRisk
CUST13800,Madurai,63,Male,130,8,10494.6,1311.82,1115,2,1,2,3.8,54.9,Books,AtRisk
CUST13801,Kochi,35,Male,6,10,18343.1,1834.31,905,4,1,1,4.8,57.1,Grocery,Loyal
CUST13802,Hyderabad,46,Male,248,3,1841.92,613.97,213,3,1,3,4.6,36.2,Beauty,Lost
CUST13803,Trichy,37,Male,107,4,7441.12,1860.28,840,7,2,2,3.7,59.8,Grocery,AtRisk
CUST13804,Coimbatore,39,Female,16,16,16223.19,1013.95,428,5,1,3,3.8,76.2,Fashion,Loyal
CUST13805,Kochi,30,Female,72,6,10703.71,1783.95,874,7,0,4,4.2,55.6,Fashion,Loyal
CUST13806,Bengaluru,36,Female,212,6,200,33.33,451,2,1,2,4.8,30.7,Electronics,AtRisk
CUST13807,Madurai,40,Male,117,7,4784.02,683.43,491,5,2,1,3.7,80.4,Grocery,AtRisk
CUST13808,Chennai,28,Male,9,23,32677.8,1420.77,513,1,1,0,3.4,49.2,Electronics,Champions
CUST13809,Chennai,33,Other,315,1,2204.15,2204.15,403,1,1,4,4.5,51.3,Grocery,Lost
CUST13810,Delhi,33,Male,145,7,2539.78,362.83,1020,3,1,3,2.9,98.6,Grocery,AtRisk
CUST13811,Bengaluru,43,Male,42,1,4000.51,4000.51,870,6,1,2,4,72.9,Fashion,AtRisk
CUST13812,Coimbatore,22,Male,26,21,19263.04,917.29,633,2,0,5,4.6,48.8,Electronics,Champions
CUST13813,Mumbai,33,Female,45,14,5835.87,416.85,907,3,1,0,4.1,41.2,Fashion,Loyal
CUST13814,Coimbatore,55,Female,290,2,2535.22,1267.61,112,5,0,3,3.3,84.3,Beauty,Lost
CUST13815,Mumbai,47,Male,325,2,1569.32,784.66,231,5,2,1,3,82.9,Grocery,Lost
CUST13816,Bengaluru,49,Female,55,13,17620.22,1355.4,742,7,3,4,4.7,54.9,Fashion,Loyal
CUST13817,Hyderabad,34,Male,12,16,16214.83,1013.43,821,4,0,0,3.7,39.8,Grocery,Champions
CUST13818,Hyderabad,38,Male,56,13,17482.78,1344.83,684,3,3,4,3.1,72.7,Grocery,Loyal
CUST13819,Bengaluru,45,Female,46,14,9312.1,665.15,35,2,0,4,4.7,76.9,Electronics,Loyal
CUST13820,Bengaluru,51,Female,86,4,5638.17,1409.54,281,3,1,1,4.4,57.5,Fashion,AtRisk
CUST13821,Bengaluru,18,Female,250,1,1833.68,1833.68,725,2,0,3,3,42.9,Grocery,Lost
CUST13822,Hyderabad,20,Female,44,11,15684.76,1425.89,1328,1,0,1,5,65.5,Fashion,Loyal
CUST13823,Madurai,48,Female,18,22,36619.82244,965.96,965,6,2,3,3.4,74.2,Fashion,Champions
CUST13824,Coimbatore,31,Female,362,2,2241.96,1120.98,1073,4,2,4,4.4,55.3,Fashion,Lost
CUST13825,Chennai,27,Female,31,18,26219.48,1456.64,702,7,1,0,5,70.2,Fashion,Champions
CUST13826,Bengaluru,20,Female,276,2,2868.18,1434.09,700,2,0,0,4.5,72.2,Fashion,Lost
CUST13827,Bengaluru,28,Female,77,3,6885.12,2295.04,290,3,0,5,4,87.9,Home,AtRisk
CUST13828,Hyderabad,19,Other,322,1,1207.63,1207.63,886,2,2,6,2.7,56.6,Grocery,Lost
CUST13829,Coimbatore,57,Male,66,8,10671.29,1333.91,578,3,0,3,5,42.2,Beauty,Loyal
CUST13830,Bengaluru,34,Female,5,17,22678.88,1334.05,808,5,0,4,4.5,63.7,Sports,Champions
CUST13831,Hyderabad,33,Male,112,5,11771.13965,1330.68,609,4,1,2,2.7,98.8,Sports,AtRisk
CUST13832,Hyderabad,40,Male,48,13,18005.11,1385.01,684,5,2,3,5,29.7,Fashion,Loyal
CUST13833,Bengaluru,45,Female,73,13,9940.54,764.66,574,6,0,3,3.8,18.7,Grocery,Loyal
CUST13834,Bengaluru,44,Male,352,3,200,66.67,667,5,1,2,3.6,62.8,Grocery,Lost
CUST13835,Madurai,46,Male,365,2,2625.308701,1339.79,900,2,1,5,3.3,57.4,Beauty,Lost
CUST13836,Kochi,27,Female,137,1,8694.68,8694.68,220,3,0,3,3.9,60.8,Grocery,AtRisk
CUST13837,Chennai,31,Male,17,16,38351.47,2396.97,152,4,1,3,4.4,60.1,Fashion,Champions
CUST13838,Kochi,42,Male,161,1,7591.5,7591.5,728,8,1,2,3.4,85.1,Grocery,AtRisk
CUST13839,Delhi,28,Female,134,9,7436.87,826.32,1032,5,0,2,3.9,64.2,Electronics,AtRisk
CUST13840,Mumbai,34,Male,57,13,19914.61,1531.89,1108,4,1,5,5,81.4,Beauty,Loyal
CUST13841,Chennai,38,Male,302,2,2927.72,1463.86,233,5,1,3,4.2,15.4,Grocery,Lost
CUST13842,Bengaluru,43,Male,19,19,29436.19,1549.27,479,3,0,3,4.6,54.4,Home,Champions
CUST13843,Bengaluru,18,Male,33,10,15144.48,1514.45,156,4,0,3,3,48.7,Fashion,Loyal
CUST13844,Chennai,42,Female,20,23,42791.51,1860.5,435,5,0,2,2.7,19.3,Grocery,Champions
CUST13845,Delhi,31,Female,329,2,2200.03,1100.02,937,3,0,0,5,67.1,Grocery,Lost
CUST13846,Trichy,42,Male,111,6,6503.73,1083.96,596,2,0,6,4.7,63,Grocery,AtRisk
CUST13847,Mumbai,43,Female,35,8,19190.18,2398.77,488,3,1,5,5,55.7,Beauty,Loyal
CUST13848,Delhi,52,Female,10,22,31235.27,1419.78,764,3,0,5,3.7,62.5,Home,Champions
CUST13849,Chennai,49,Male,36,20,8699.59,434.98,361,1,0,0,4.8,67.1,Grocery,Champions
CUST13850,Bengaluru,49,Female,2,21,36448.33,1735.63,1078,3,0,5,1.8,85.3,Sports,Champions
CUST13851,Chennai,50,Female,30,11,10144.81,922.26,602,1,1,6,4.2,77.9,Fashion,Loyal
CUST13852,Mumbai,37,Female,69,13,13620.12,1047.7,479,2,1,5,4.6,71.6,Grocery,Loyal
CUST13853,Kochi,34,Male,37,13,8122.88,624.84,776,2,0,6,3.2,100,Home,Loyal
CUST13854,Delhi,44,Male,365,2,2268.29,1134.14,882,5,2,4,4.6,50.8,Fashion,Lost
CUST13855,Chennai,42,Male,95,5,9217,1843.4,1079,6,1,1,3.7,37.8,Fashion,AtRisk
CUST13856,Bengaluru,31,Male,165,6,5209.31,868.22,537,1,1,4,3.7,88.5,Electronics,AtRisk
CUST13857,Mumbai,38,Female,30,24,15923.59,663.48,926,6,1,0,3.6,100,Home,Champions
CUST13858,Bengaluru,34,Male,29,9,15375.96,1708.44,630,2,0,1,5,52.3,Electronics,Loyal
CUST13859,Hyderabad,25,Female,51,11,15596.17,1417.83,417,5,3,3,3.4,92.6,Electronics,Loyal
CUST13860,Hyderabad,48,Male,84,6,14763.54475,3598.02,367,4,0,3,3.3,54.3,Electronics,Loyal
CUST13861,Mumbai,35,Male,27,17,29844.27,1755.55,271,4,1,3,3.1,76.7,Home,Champions
CUST13862,Bengaluru,57,Female,311,2,1435.69,717.84,377,2,1,0,3.5,77.8,Electronics,Lost
CUST13863,Coimbatore,18,Male,236,2,2500.18,1250.09,935,1,2,2,4,52.4,Books,Lost
CUST13864,Chennai,28,Female,49,12,28962.45814,1816.88,812,2,0,4,4.3,100,Home,Champions
CUST13865,Bengaluru,34,Male,51,13,13928.16,1071.4,228,4,1,4,3.2,100,Fashion,Loyal
CUST13866,Bengaluru,47,Male,315,3,2853.17,951.06,76,6,1,4,4.1,44.6,Grocery,Lost
CUST13867,Delhi,38,Female,1,25,45141.69,1805.67,266,2,0,3,4.3,69,Electronics,Champions
CUST13868,Delhi,37,Female,203,5,5274.24,1054.85,367,3,0,2,3.1,83.3,Beauty,AtRisk
CUST13869,Chennai,22,Male,278,3,2056.5,685.5,509,2,0,4,3.9,27.3,Fashion,Lost
CUST13870,Bengaluru,21,Male,139,2,4491.25,2245.62,952,3,0,2,3.7,65.5,Electronics,Lost
CUST13871,Coimbatore,38,Female,83,8,14896.38,1862.05,436,1,0,4,3.9,31.9,Home,Loyal
CUST13872,Chennai,19,Other,8,15,52325.53793,2634.45,1104,6,1,3,3.4,78.3,Fashion,Champions
CUST13873,Hyderabad,28,Female,63,12,10116.68,843.06,96,4,1,2,3.7,66.7,Grocery,Loyal
CUST13874,Chennai,40,Male,308,2,436.26,218.13,495,5,3,1,3.8,57.5,Beauty,Lost
CUST13875,Bengaluru,23,Other,287,2,2162.96,1081.48,836,3,0,5,5,33.7,Home,Lost
CUST13876,Chennai,52,Male,125,7,1236.07,176.58,854,4,0,4,3.8,53,Fashion,AtRisk
CUST13877,Pune,47,Male,349,2,825.65,412.82,499,5,2,7,4.9,75.4,Beauty,Lost
CUST13878,Mumbai,18,Female,158,4,8640.41,2160.1,901,4,1,4,4.9,64.2,Fashion,AtRisk
CUST13879,Coimbatore,24,Male,134,5,5807.69,1161.54,844,4,1,4,2.7,88.9,Grocery,AtRisk
CUST13880,Mumbai,18,Male,235,3,2879.85,959.95,395,2,0,0,3.6,87.6,Grocery,Lost
CUST13881,Delhi,25,Male,150,5,13334.01,2666.8,694,3,2,3,4.9,86.7,Electronics,AtRisk
CUST13882,Kochi,42,Male,73,3,4986.17,1662.06,811,2,0,2,3.9,54.2,Grocery,AtRisk
CUST13883,Coimbatore,29,Female,46,7,14165.52,2023.65,417,2,0,4,3.7,70.9,Grocery,Loyal
CUST13884,Pune,39,Female,100,8,6221.45,777.68,1108,5,1,3,4.4,45.7,Beauty,AtRisk
CUST13885,Kochi,18,Male,17,13,10480.44,806.19,349,6,1,4,4.7,39.8,Fashion,Loyal
CUST13886,Pune,43,Male,35,11,12463.44,1133.04,643,2,0,7,3.8,88.6,Fashion,Loyal
CUST13887,Delhi,28,Female,314,1,542.805944,418.52,225,4,1,1,3.6,41.3,Grocery,Lost
CUST13888,Mumbai,34,Female,136,4,7366.26,1841.56,631,3,1,4,1.9,39.1,Home,AtRisk
CUST13889,Bengaluru,33,Male,290,3,666.08,222.03,280,6,1,4,3.8,67.1,Grocery,Lost
CUST13890,Hyderabad,20,Other,30,15,22065.43,1471.03,512,4,0,6,3.5,59.6,Electronics,Champions
CUST13891,Mumbai,21,Female,168,7,3245.25,463.61,124,3,0,4,3,61.3,Fashion,AtRisk
CUST13892,Delhi,45,Male,59,8,12698.06,1587.26,840,2,1,4,3.6,100,Electronics,Loyal
CUST13893,Bengaluru,38,Male,303,3,1366.81,455.6,707,1,2,4,3.5,45.1,Home,Lost
CUST13894,Delhi,46,Male,1,9,26981.14,2997.9,926,5,0,4,3.9,74.9,Sports,Champions
CUST13895,Hyderabad,38,Female,87,5,6896.37,1379.27,496,4,0,5,3.6,66.7,Electronics,AtRisk
CUST13896,Chennai,36,Male,262,1,4177.074216,2265.83,940,4,0,1,4.2,85.2,Grocery,Lost
CUST13897,Hyderabad,18,Male,22,12,10590.78,882.56,612,3,0,2,3.9,49.3,Grocery,Loyal
CUST13898,Mumbai,31,Male,281,2,1404.53,702.26,634,3,2,6,4.8,60.5,Fashion,Lost
CUST13899,Hyderabad,34,Female,216,1,1414.56,1414.56,1234,5,0,0,3.4,67.3,Grocery,Lost
CUST13900,Bengaluru,55,Male,88,8,12251.78,1531.47,455,5,1,2,5,36.3,Home,Loyal
CUST13901,Bengaluru,42,Female,1,21,29956.78,1426.51,968,2,0,3,4.7,28.9,Grocery,Champions
CUST13902,Pune,51,Female,45,12,10498.82,874.9,744,3,0,2,5,64.6,Sports,Loyal
CUST13903,Coimbatore,41,Male,46,9,10481.08,1164.56,428,1,2,6,4,91.8,Grocery,Loyal
CUST13904,Hyderabad,26,Male,272,2,1819.11,909.56,205,4,1,3,3.6,58,Electronics,Lost
CUST13905,Bengaluru,35,Male,259,2,1757.76,878.88,290,5,1,2,3.4,60.7,Books,Lost
CUST13906,Mumbai,37,Female,10,10,34907.31,3490.73,939,3,1,1,5,88,Electronics,Champions
CUST13907,Madurai,24,Male,32,5,16306.66,3261.33,1120,3,0,3,4.7,62,Beauty,Loyal
CUST13908,Mumbai,30,Male,30,8,5155.516475,760.83,627,3,1,5,3,80.5,Grocery,AtRisk
CUST13909,Madurai,32,Male,25,14,49727.12088,2016.66,643,7,0,3,4.6,100,Home,Champions
CUST13910,Chennai,52,Male,55,7,12701.65,1814.52,833,5,1,2,3.1,53.5,Grocery,Loyal
CUST13911,Coimbatore,18,Female,22,9,13388.27,1487.59,622,5,1,1,4.1,61.5,Electronics,Loyal
CUST13912,Chennai,47,Female,100,3,5240.78,1746.93,930,4,0,3,4.5,72.9,Fashion,AtRisk
CUST13913,Trichy,24,Female,160,3,8931.51,2977.17,687,3,2,3,5,94.8,Grocery,AtRisk
CUST13914,Kochi,19,Male,57,3,3740.63,1246.88,641,2,1,1,4,62.7,Grocery,AtRisk
CUST13915,Bengaluru,47,Male,24,21,10182.09614,942.9,390,2,1,5,3.7,79.6,Books,Champions
CUST13916,Delhi,42,Other,344,2,3487.45,1743.72,316,3,0,6,3.8,72,Grocery,Lost
CUST13917,Madurai,48,Male,73,5,6687.26,1337.45,30,2,2,3,4.7,63.6,Fashion,AtRisk
CUST13918,Delhi,43,Female,303,2,2685.91,1342.96,970,3,2,3,4.4,56.6,Electronics,Lost
CUST13919,Hyderabad,57,Male,88,14,6170.78,440.77,556,3,1,0,3.8,52.8,Beauty,Loyal
CUST13920,Kochi,40,Male,263,3,1675.42,558.47,480,3,0,4,2.3,100,Sports,Lost
CUST13921,Bengaluru,32,Female,365,2,6286.463196,2048.5,30,3,0,3,1.9,34.2,Grocery,Lost
CUST13922,Hyderabad,38,Other,71,13,13693.83,1053.37,408,4,0,2,4,36.1,Grocery,Loyal
CUST13923,Coimbatore,48,Female,65,15,14121.69,941.45,368,3,1,1,2.9,69.9,Beauty,Loyal
CUST13924,Trichy,25,Male,264,2,2491.66,1245.83,362,4,0,6,3.4,69.1,Fashion,Lost
CUST13925,Chennai,27,Male,126,8,9636.66,1204.58,700,2,2,3,3.6,73.5,Fashion,AtRisk
CUST13926,Mumbai,31,Female,313,2,1031.04,515.52,637,5,0,1,5,47.5,Grocery,Lost
CUST13927,Delhi,18,Female,270,3,2256.51,752.17,192,3,1,4,3.9,44.5,Electronics,Lost
CUST13928,Delhi,36,Female,115,8,4233.45,529.18,211,6,0,3,4.4,59.3,Home,AtRisk
CUST13929,Chennai,18,Male,13,22,22259.53,1011.8,210,3,0,3,4.2,83.2,Electronics,Champions
CUST13930,Kochi,35,Female,17,15,10406.65,693.78,1143,3,1,4,1.9,44.6,Fashion,Loyal
CUST13931,Coimbatore,44,Female,365,2,3650.499342,1267.76,1048,4,1,0,3.5,68,Fashion,Lost
CUST13932,Mumbai,29,Female,79,8,22909.15836,2542.52,344,5,1,0,2.8,54.8,Home,Loyal
CUST13933,Coimbatore,52,Female,9,15,27964.15,1864.28,30,5,0,5,5,34.5,Electronics,Champions
CUST13934,Madurai,18,Male,144,1,5257.79,5257.79,638,6,0,2,2.3,39.4,Fashion,AtRisk
CUST13935,Mumbai,47,Other,71,5,11863.26,2372.65,614,4,2,2,3.5,83.2,Fashion,AtRisk
CUST13936,Bengaluru,41,Female,69,9,2843.09,315.9,695,3,1,0,3.6,52.9,Electronics,Loyal
CUST13937,Chennai,18,Female,57,9,15137.47,1681.94,822,3,1,3,3,89.9,Home,Loyal
CUST13938,Chennai,64,Female,25,8,14851.22,1856.4,736,3,0,3,3.9,64.3,Fashion,Loyal
CUST13939,Bengaluru,33,Female,28,17,38337.01144,2227.98,265,6,1,5,3.8,37.6,Electronics,Champions
CUST13940,Hyderabad,24,Female,285,4,1312.38,328.1,688,1,0,3,3.9,74.5,Beauty,Lost
CUST13941,Pune,19,Male,32,4,14166.33,3541.58,856,2,0,2,4.2,49,Electronics,Loyal
CUST13942,Chennai,32,Male,287,1,947.49,947.49,383,3,0,3,4,57.5,Sports,Lost
CUST13943,Bengaluru,33,Male,272,1,2086.46,2086.46,690,2,0,5,4.1,87.7,Home,Lost
CUST13944,Chennai,35,Male,107,1,7185.98,7185.98,434,3,0,4,4.7,39.2,Electronics,AtRisk
CUST13945,Chennai,31,Male,36,10,12704.85,1270.49,1199,6,0,4,2.5,56,Fashion,Loyal
CUST13946,Delhi,41,Male,168,7,4734.51,676.36,202,3,0,3,4.4,43.3,Sports,AtRisk
CUST13947,Mumbai,30,Male,33,6,14202.72,2367.12,947,4,1,1,3,41.2,Grocery,Loyal
CUST13948,Chennai,18,Male,76,10,15472.7,1547.27,99,1,3,0,3.3,55.5,Grocery,Loyal
CUST13949,Coimbatore,32,Male,292,1,1639.78,1639.78,1138,2,0,0,3.9,47.8,Home,Lost
CUST13950,Chennai,18,Male,72,7,8006.56,1143.79,258,5,0,3,4.1,59.5,Grocery,AtRisk
CUST13951,Hyderabad,38,Female,352,1,3479.13,3479.13,657,6,1,3,4.2,77.8,Electronics,Lost
CUST13952,Trichy,23,Female,33,14,54783.70318,2244.48,111,4,0,5,3,50,Electronics,Champions
CUST13953,Chennai,36,Male,19,15,21812.68,1454.18,195,3,0,4,5,35.6,Home,Champions
CUST13954,Coimbatore,48,Female,331,3,2741.16,913.72,869,4,0,5,3.5,77.8,Sports,Lost
CUST13955,Pune,24,Female,179,5,4579.77,915.95,908,1,1,2,3.2,49.8,Fashion,AtRisk
CUST13956,Kochi,46,Male,77,5,2087.71,417.54,672,4,1,4,2.8,100,Grocery,AtRisk
CUST13957,Bengaluru,29,Female,154,5,9430.91,1886.18,822,2,5,0,2.7,56.8,Books,AtRisk
CUST13958,Chennai,53,Female,7,16,9096.45,568.53,913,5,1,2,2.7,62.3,Fashion,Loyal
CUST13959,Chennai,30,Female,105,3,3242.35,1080.78,395,1,0,0,4.1,18.9,Fashion,AtRisk
CUST13960,Mumbai,25,Male,13,19,33186.98,1746.68,180,3,1,3,4.3,41.8,Fashion,Champions
CUST13961,Bengaluru,42,Female,74,6,12129.28,2021.55,596,3,1,5,3.1,19.4,Electronics,AtRisk
CUST13962,Chennai,29,Male,100,5,4776.67,955.33,427,2,0,3,2.9,70.9,Grocery,AtRisk
CUST13963,Mumbai,25,Female,282,3,1359.22,453.07,717,3,2,4,3.6,63.4,Fashion,Lost
CUST13964,Chennai,29,Other,215,7,11817.2134,1619.02,764,5,1,3,3.9,77.6,Electronics,AtRisk
CUST13965,Hyderabad,34,Male,1,15,24904.12,1660.27,396,3,1,1,4,81.1,Home,Champions
CUST13966,Madurai,49,Female,120,5,2578.32,515.66,811,2,0,2,3,84.2,Home,AtRisk
CUST13967,Chennai,18,Male,6,17,35123.26,2066.07,796,5,2,5,3.7,60.5,Sports,Champions
CUST13968,Mumbai,34,Other,58,8,13196.78,1649.6,817,4,1,4,5,66.7,Sports,Loyal
CUST13969,Bengaluru,41,Female,29,11,48216.08,4383.28,478,4,0,1,2.8,76.6,Beauty,Champions
CUST13970,Trichy,36,Male,165,3,8563.73,2854.58,834,2,0,0,3.8,49.1,Electronics,AtRisk
CUST13971,Mumbai,48,Female,17,24,25129.39,1047.06,756,1,0,3,4.2,46.2,Fashion,Champions
CUST13972,Coimbatore,33,Male,19,11,11266.73,1024.25,792,2,0,1,3,95.8,Electronics,Loyal
CUST13973,Delhi,32,Male,333,3,3484.756451,808.65,1103,2,1,2,4.3,28.9,Fashion,Lost
CUST13974,Coimbatore,41,Female,177,2,7249.32,3624.66,698,3,0,0,2.7,75,Electronics,AtRisk
CUST13975,Pune,35,Male,12,21,34412.84,1638.71,418,2,2,5,4.3,71.8,Home,Champions
CUST13976,Bengaluru,30,Female,26,13,7624.93,586.53,267,4,1,2,3.8,42.5,Home,Loyal
CUST13977,Mumbai,40,Male,93,1,10966.96222,8094.37,938,5,0,3,2.7,51.6,Electronics,AtRisk
CUST13978,Chennai,27,Male,332,1,3267.13,3267.13,707,5,0,1,4.4,57.9,Grocery,Lost
CUST13979,Bengaluru,27,Other,26,22,22036.85,1001.68,1101,5,0,2,3.1,69.3,Electronics,Champions
CUST13980,Hyderabad,28,Male,254,3,606.2,202.07,30,2,0,3,3.7,72,Fashion,Lost
CUST13981,Hyderabad,49,Female,70,8,8420.06,1052.51,873,4,0,1,4.3,64.4,Fashion,AtRisk
CUST13982,Coimbatore,18,Female,68,4,4755.64,1188.91,522,6,0,2,3,68.8,Books,AtRisk
CUST13983,Coimbatore,38,Female,197,2,977.22,488.61,494,1,2,5,3.4,78.2,Sports,Lost
CUST13984,Hyderabad,34,Female,84,6,2727.89,454.65,371,6,2,0,4.7,77.3,Electronics,AtRisk
CUST13985,Kochi,18,Female,309,2,2103.489803,994.42,870,2,1,3,2.1,95.7,Sports,Lost
CUST13986,Chennai,37,Male,5,11,14868.68,1351.7,784,4,1,1,4.9,85.9,Fashion,Loyal
CUST13987,Bengaluru,39,Female,164,9,5872.71,652.52,257,4,2,5,2.6,65.4,Grocery,AtRisk
CUST13988,Madurai,40,Male,142,4,6557.58,1639.4,649,4,1,2,3.2,77.8,Grocery,AtRisk
CUST13989,Pune,18,Female,34,11,9742.56,885.69,812,7,0,0,4,73.5,Home,Loyal
CUST13990,Chennai,49,Female,98,4,4820.39,1205.1,653,3,1,2,4.3,68.3,Fashion,AtRisk
CUST13991,Coimbatore,26,Female,75,9,6008.57,667.62,932,1,2,3,4,47.6,Electronics,Loyal
CUST13992,Hyderabad,42,Female,4,24,27101.89,1129.25,513,4,0,8,3.8,68.2,Fashion,Champions
CUST13993,Chennai,42,Female,50,9,9843.56,1093.73,30,3,0,0,3.5,23.7,Grocery,Loyal
CUST13994,Bengaluru,24,Female,120,5,6693.88,1338.78,656,4,0,0,5,86.4,Grocery,AtRisk
CUST13995,Bengaluru,41,Female,305,3,2035.6,678.53,654,5,0,5,4.4,72,Beauty,Lost
CUST13996,Madurai,30,Male,21,7,8804.4,1257.77,693,3,0,0,4.7,61.8,Electronics,Loyal
CUST13997,Bengaluru,18,Male,176,5,6824.06,1364.81,932,4,0,3,3.5,56.6,Books,AtRisk
CUST13998,Mumbai,47,Male,13,14,28236.5,2016.89,30,4,2,2,1.9,78.1,Books,Champions
CUST13999,Chennai,25,Female,316,1,1947.8,1947.8,528,6,2,1,4.6,100,Electronics,Lost
