PassengerId,Survived,Pclass,Name,Sex,Age,SibSp,Parch,Ticket,Fare,Cabin,Embarked,FamilySize,Title,IsAlone,SmallFamily,LargeFamily,HasCabin,CabinDeck,FareLog,FareBand,AgeBand,IsChild,IsSenior,Sex_Pclass,IsWomanOrChild
1,1,2,"Johnson, Mrs. Emma",female,27.4,0,0,718985,18.2249,,S,1,Mrs,1,0,0,0,,2.9562063138177113,Mid,Young,0,0,female_2,1
2,1,3,"Wilson, Miss. Emma",female,12.9,0,0,701323,6.5113,D62,C,1,Miss,1,0,0,1,D,2.016408553325489,Low,Teen,0,0,female_3,1
3,1,3,"Davis, Mr. George",male,39.6,0,2,921439,38.0197,,S,3,Mr,0,1,0,0,,3.6640666468004683,VHigh,Middle,0,0,male_3,0
4,1,3,"Anderson, Miss. Margaret",female,35.8,0,0,253244,3.6581,,S,1,Miss,1,0,0,0,,1.5386076396730968,Low,Middle,0,0,female_3,1
5,1,1,"Smith, Mr. Edward",male,46.9,0,0,150251,55.8612,,S,1,Mr,1,0,0,0,,4.04061321046727,VHigh,Middle,0,0,male_1,0
6,1,1,"Wilson, Rev. Charles",male,50.3,0,0,890872,70.8563,,S,1,Rev,1,0,0,0,,4.274668291353367,VHigh,Middle,0,0,male_1,0
7,1,1,"Smith, Mrs. Mary",female,33.0,1,0,533743,171.9383,,C,2,Mrs,0,1,0,0,,5.152934883485126,VHigh,Young,0,0,female_1,1
8,0,3,"Johnson, Mr. Thomas",male,30.65,0,2,903081,10.8825,B81,S,3,Mr,0,1,0,1,B,2.4750667295060276,Mid,Young,0,0,male_3,0
9,0,3,"Anderson, Rev. Thomas",male,36.0,0,0,502426,32.3124,,S,1,Rev,1,0,0,0,,3.505929700045385,High,Middle,0,0,male_3,0
10,1,3,"Brown, Mr. Henry",male,21.2,0,2,21955,0.0,,Q,3,Mr,0,1,0,0,,0.0,Low,Young,0,0,male_3,0
11,1,1,"Davis, Mr. James",male,30.65,1,0,779432,35.108,,S,2,Mr,0,1,0,0,,3.5865144474359085,VHigh,Young,0,0,male_1,0
12,1,3,"Brown, Mr. James",male,31.8,1,0,410414,0.0,,S,2,Mr,0,1,0,0,,0.0,Low,Young,0,0,male_3,0
13,0,3,"Miller, Col. John",male,25.3,0,0,470372,21.0852,,S,1,Col,1,0,0,0,,3.094907700927793,High,Young,0,0,male_3,0
14,1,1,"Jones, Dr. William",male,32.4,0,1,316732,175.0888,,S,2,Dr,0,1,0,0,,5.170988413252436,VHigh,Young,0,0,male_1,0
15,1,1,"Taylor, Miss. Florence",female,23.7,0,0,414982,106.4394,,S,1,Miss,1,0,0,0,,4.676926967687103,VHigh,Young,0,0,female_1,1
16,1,1,"Smith, Miss. Margaret",female,24.0,0,0,106626,40.9509,,C,1,Miss,1,0,0,0,,3.736499886795117,VHigh,Young,0,0,female_1,1
17,1,2,"Brown, Mr. Charles",male,45.6,0,0,718930,15.998,,S,1,Mr,1,0,0,0,,2.8330956900764344,Mid,Middle,0,0,male_2,0
18,0,3,"Anderson, Dr. Edward",male,21.5,1,0,866306,29.0861,,S,2,Dr,0,1,0,0,,3.4040632710752003,High,Young,0,0,male_3,0
19,0,2,"Jones, Col. Charles",male,16.4,0,2,714039,37.3674,C25,C,3,Col,0,1,0,1,C,3.6472081406911356,VHigh,Teen,0,0,male_2,0
20,0,2,"Williams, Mr. William",male,37.0,1,0,387261,19.167,F22,S,2,Mr,0,1,0,1,F,3.0040476051577047,Mid,Middle,0,0,male_2,0
21,0,3,"Brown, Mr. George",male,45.4,0,0,932805,5.6121,D75,S,1,Mr,1,0,0,1,D,1.8889013038613498,Low,Middle,0,0,male_3,0
22,0,1,"Wilson, Mr. George",male,39.3,0,0,680504,187.7539,,S,1,Mr,1,0,0,0,,5.240444050167328,VHigh,Middle,0,0,male_1,0
23,0,2,"Anderson, Mr. George",male,42.9,1,0,417000,31.9898,C56,C,2,Mr,0,1,0,1,C,3.496198422778949,High,Middle,0,0,male_2,0
24,0,2,"Davis, Mr. Robert",male,20.2,0,2,602247,40.5984,G131,C,3,Mr,0,1,0,1,G,3.7280617049890923,VHigh,Young,0,0,male_2,0
25,0,3,"Davis, Mr. Henry",male,11.5,0,0,542560,23.0701,F15,Q,1,Mr,1,0,0,1,F,3.180970406335582,High,Child,1,0,male_3,1
26,0,3,"Brown, Col. James",male,49.5,0,0,142645,24.4699,,C,1,Col,1,0,0,0,,3.2374973627959864,High,Middle,0,0,male_3,0
27,1,1,"Wilson, Miss. Sarah",female,7.5,0,1,34419,139.2999,,S,2,Miss,0,1,0,0,,4.943782274349786,VHigh,Child,1,0,female_1,1
28,0,3,"Wilson, Mrs. Margaret",female,40.7,5,0,747699,22.8864,F141,S,6,Mrs,0,0,1,1,F,3.1733092593171888,High,Middle,0,0,female_3,1
29,0,3,"Taylor, Mr. Arthur",male,47.3,0,0,501986,16.219,,C,1,Mr,1,0,0,0,,2.846013425304049,Mid,Middle,0,0,male_3,0
30,1,1,"Wilson, Miss. Ellen",female,22.0,5,0,58555,102.153,,S,6,Miss,0,0,1,0,,4.636213322952792,VHigh,Young,0,0,female_1,1
31,0,3,"Brown, Col. Edward",male,35.9,4,0,146248,21.1589,F36,S,5,Col,0,0,1,1,F,3.098239221657858,High,Middle,0,0,male_3,0
32,1,1,"Anderson, Lady. Alice",female,52.9,1,0,177233,252.9063,,S,2,Mrs,0,1,0,0,,5.536965301321269,VHigh,Middle,0,0,female_1,1
33,1,1,"Smith, Miss. Elizabeth",female,63.0,0,2,728800,126.144,,S,3,Miss,0,1,0,0,,4.845320302394518,VHigh,Senior,0,1,female_1,1
34,1,3,"Brown, Mr. Henry",male,42.1,0,0,773421,0.0543,,C,1,Mr,1,0,0,0,,0.05287703960076692,Low,Middle,0,0,male_3,0
35,0,3,"Wilson, Dr. George",male,30.7,1,0,724222,8.3635,G140,S,2,Dr,0,1,0,1,G,2.236819152218426,Low,Young,0,0,male_3,0
36,1,3,"Miller, Mr. William",male,33.5,0,2,132082,11.8613,,S,3,Mr,0,1,0,0,,2.554222802347328,Mid,Young,0,0,male_3,0
37,0,2,"Jones, Mr. William",male,30.65,0,0,680524,41.8266,,Q,1,Mr,1,0,0,0,,3.7571594048666146,VHigh,Young,0,0,male_2,0
38,1,1,"Brown, Mr. George",male,36.6,0,0,480974,257.0716,,S,1,Mr,1,0,0,0,,5.553237065800082,VHigh,Middle,0,0,male_1,0
39,1,3,"Anderson, Mr. John",male,30.65,0,0,519939,12.7804,G11,S,1,Mr,1,0,0,1,G,2.623247292740418,Mid,Young,0,0,male_3,0
40,1,2,"Jones, Mr. Charles",male,30.65,0,2,559667,19.7145,,S,3,Mr,0,1,0,0,,3.03083393813934,High,Young,0,0,male_2,0
41,1,1,"Smith, Miss. Ellen",female,33.5,0,0,232261,68.2972,B89,C,1,Miss,1,0,0,1,B,4.238404501339188,VHigh,Young,0,0,female_1,1
42,1,3,"Wilson, Miss. Mary",female,35.7,0,1,290512,19.7946,A69,C,2,Miss,0,1,0,1,A,3.034693337616749,High,Middle,0,0,female_3,1
43,0,1,"Jones, Col. James",male,16.4,1,1,754401,155.8794,,C,3,Col,0,1,0,0,,5.055477357301481,VHigh,Teen,0,0,male_1,0
44,0,3,"Smith, Mr. John",male,30.65,0,0,435987,12.9658,,S,1,Mr,1,0,0,0,,2.636611483828679,Mid,Young,0,0,male_3,0
45,0,2,"Taylor, Mr. William",male,56.7,2,0,468166,26.3321,,S,3,Mr,0,1,0,0,,3.3080618356268983,High,Middle,0,0,male_2,0
46,0,3,"Smith, Mr. Robert",male,15.7,1,1,181317,7.0181,,C,3,Mr,0,1,0,0,,2.0817014860806804,Low,Teen,0,0,male_3,0
47,1,2,"Taylor, Miss. Elizabeth",female,12.7,1,0,638590,10.0,,C,2,Miss,0,1,0,0,,2.3978952727983707,Low,Teen,0,0,female_2,1
48,0,3,"Jones, Rev. Charles",male,26.4,0,1,633194,20.2834,G33,S,2,Rev,0,1,0,1,G,3.057927426146958,High,Young,0,0,male_3,0
49,0,3,"Wilson, Mr. Arthur",male,34.0,1,2,577615,14.0515,G104,S,4,Mr,0,1,0,1,G,2.7114776540024685,Mid,Young,0,0,male_3,0
50,0,1,"Miller, Mr. Charles",male,40.6,0,0,711814,70.2655,,Q,1,Mr,1,0,0,0,,4.266412339349175,VHigh,Middle,0,0,male_1,0
51,0,3,"Miller, Mr. George",male,41.2,1,0,890219,20.9206,,C,2,Mr,0,1,0,0,,3.087426833967975,High,Middle,0,0,male_3,0
52,1,3,"Taylor, Miss. Elizabeth",female,26.9,0,1,526596,0.0957,,C,2,Miss,0,1,0,0,,0.09139342842921054,Low,Young,0,0,female_3,1
53,1,3,"Davis, Miss. Annie",female,35.7,1,1,712101,15.971,,C,3,Miss,0,1,0,0,,2.8315060050291283,Mid,Middle,0,0,female_3,1
54,0,3,"Miller, Mr. Arthur",male,33.7,5,0,566265,5.6739,,S,6,Mr,0,0,1,0,,1.898204396698798,Low,Young,0,0,male_3,0
55,0,3,"Miller, Dr. Charles",male,26.8,0,0,271456,9.7089,F143,S,1,Dr,1,0,0,1,F,2.3710751714350886,Low,Young,0,0,male_3,0
56,1,3,"Johnson, Mr. Henry",male,30.65,0,0,16714,17.5384,F90,S,1,Mr,1,0,0,1,F,2.919844256521534,Mid,Young,0,0,male_3,0
57,1,1,"Miller, Miss. Sarah",female,38.0,1,0,116680,44.2624,,S,2,Miss,0,1,0,0,,3.812476665754881,VHigh,Middle,0,0,female_1,1
58,1,1,"Williams, Miss. Mary",female,23.2,0,0,873669,166.907,B29,C,1,Miss,1,0,0,1,B,5.123410254697455,VHigh,Young,0,0,female_1,1
59,1,1,"Anderson, Mr. Arthur",male,38.6,1,0,418107,119.7016,,S,2,Mr,0,1,0,0,,4.793321384022254,VHigh,Middle,0,0,male_1,0
60,0,2,"Taylor, Rev. Edward",male,45.3,0,0,504771,26.0458,,S,1,Rev,1,0,0,0,,3.297531725214982,High,Middle,0,0,male_2,0
61,1,2,"Johnson, Miss. Ellen",female,22.4,0,0,586587,27.2654,,S,1,Miss,1,0,0,0,,3.341638441804936,High,Young,0,0,female_2,1
62,0,2,"Williams, Mr. Robert",male,13.1,4,0,468383,10.0,,S,5,Mr,0,0,1,0,,2.3978952727983707,Low,Teen,0,0,male_2,1
63,0,3,"Anderson, Mrs. Florence",female,27.2,0,0,861556,16.9554,C49,S,1,Mrs,1,0,0,1,C,2.8878909053469117,Mid,Young,0,0,female_3,1
64,0,2,"Smith, Rev. Charles",male,21.5,1,0,889484,13.5406,,S,2,Rev,0,1,0,0,,2.67694473672853,Mid,Young,0,0,male_2,0
65,0,2,"Anderson, Mr. Robert",male,23.1,0,0,986143,14.3846,,S,1,Mr,1,0,0,0,,2.733367009086,Mid,Young,0,0,male_2,0
66,0,3,"Wilson, Mr. George",male,37.6,0,0,837344,15.9832,,S,1,Mr,1,0,0,0,,2.832224620135655,Mid,Middle,0,0,male_3,0
67,0,1,"Miller, Mr. John",male,46.1,0,0,911174,122.622,,Q,1,Mr,1,0,0,0,,4.81722852271213,VHigh,Middle,0,0,male_1,0
68,1,3,"Miller, Mr. John",male,30.3,0,0,478668,6.8784,,S,1,Mr,1,0,0,0,,2.0641248375679426,Low,Young,0,0,male_3,0
69,1,1,"Smith, Miss. Mary",female,32.5,1,0,78446,52.2801,,S,2,Miss,0,1,0,0,,3.975562903107249,VHigh,Young,0,0,female_1,1
70,0,3,"Jones, Mr. William",male,52.1,0,2,224862,26.2829,,S,3,Mr,0,1,0,0,,3.306260132310624,High,Middle,0,0,male_3,0
71,0,3,"Davis, Mr. Charles",male,30.65,0,0,71516,17.423,,S,1,Mr,1,0,0,0,,2.9135998840153716,Mid,Young,0,0,male_3,0
72,0,1,"Johnson, Mr. Charles",male,63.8,0,2,659511,33.9111,,S,3,Mr,0,1,0,0,,3.552804830216632,High,Senior,0,1,male_1,0
73,1,1,"Williams, Mr. James",male,30.65,1,0,447466,26.0,,C,2,Mr,0,1,0,0,,3.295836866004329,High,Young,0,0,male_1,0
74,1,3,"Williams, Rev. Edward",male,7.1,0,0,701476,5.6037,,C,1,Rev,1,0,0,0,,1.8876300980121126,Low,Child,1,0,male_3,1
75,0,3,"Jones, Dr. John",male,39.8,1,2,93521,24.7233,,S,4,Dr,0,1,0,0,,3.2473971959602097,High,Middle,0,0,male_3,0
76,1,3,"Williams, Miss. Edith",female,36.0,0,0,425367,14.239,G41,S,1,Miss,1,0,0,1,G,2.7238579313077236,Mid,Middle,0,0,female_3,1
77,0,3,"Brown, Rev. Charles",male,46.8,0,0,922105,8.0447,,Q,1,Rev,1,0,0,0,,2.202178950801351,Low,Middle,0,0,male_3,0
78,1,1,"Smith, Mr. Edward",male,30.65,1,0,605654,273.4775,,C,2,Mr,0,1,0,0,,5.6148692903769755,VHigh,Young,0,0,male_1,0
79,1,2,"Miller, Mr. Edward",male,30.65,0,0,185369,46.009,,S,1,Mr,1,0,0,0,,3.850339072740013,VHigh,Young,0,0,male_2,0
80,1,1,"Miller, Miss. Margaret",female,35.9,0,0,575176,328.0087,,S,1,Miss,1,0,0,0,,5.796084194184738,VHigh,Middle,0,0,female_1,1
81,1,3,"Johnson, Mrs. Florence",female,27.2,0,0,328339,25.1752,,S,1,Mrs,1,0,0,0,,3.2648123976061103,High,Young,0,0,female_3,1
82,1,3,"Williams, Mrs. Mary",female,42.8,0,0,880442,8.8008,,S,1,Mrs,1,0,0,0,,2.282464014997824,Low,Middle,0,0,female_3,1
83,0,2,"Johnson, Mr. John",male,22.5,1,0,736376,30.5246,,S,2,Mr,0,1,0,0,,3.4507681934279004,High,Young,0,0,male_2,0
84,0,1,"Wilson, Mr. Charles",male,37.7,0,2,216051,74.9255,,S,3,Mr,0,1,0,0,,4.329752596356292,VHigh,Middle,0,0,male_1,0
85,1,2,"Smith, Mr. John",male,51.7,1,0,507890,37.6992,,S,2,Mr,0,1,0,0,,3.6558189279874456,VHigh,Middle,0,0,male_2,0
86,0,2,"Miller, Mr. Charles",male,35.1,0,0,195406,33.2395,,S,1,Mr,1,0,0,0,,3.533379948363181,High,Middle,0,0,male_2,0
87,0,3,"Williams, Rev. William",male,14.5,0,1,632762,14.2167,,C,2,Rev,0,1,0,0,,2.7223935089509723,Mid,Teen,0,0,male_3,1
88,0,3,"Davis, Mr. Arthur",male,35.8,2,0,664274,10.0639,,C,3,Mr,0,1,0,0,,2.4036875559991238,Low,Middle,0,0,male_3,0
89,0,3,"Johnson, Dr. Henry",male,45.6,0,0,602633,0.892,D117,S,1,Dr,1,0,0,1,D,0.6376344706296866,Low,Middle,0,0,male_3,0
90,0,3,"Wilson, Mr. Edward",male,22.1,0,0,967265,10.4695,,C,1,Mr,1,0,0,0,,2.4396913382120458,Mid,Young,0,0,male_3,0
91,1,1,"Smith, Miss. Mary",female,41.5,0,0,656905,69.9487,,S,1,Miss,1,0,0,0,,4.261957080675679,VHigh,Middle,0,0,female_1,1
92,1,3,"Davis, Mr. Arthur",male,30.65,0,0,168002,17.7506,,C,1,Mr,1,0,0,0,,2.9312257519044307,Mid,Young,0,0,male_3,0
93,1,3,"Johnson, Mr. William",male,19.8,0,1,69117,0.0,,S,2,Mr,0,1,0,0,,0.0,Low,Young,0,0,male_3,0
94,1,3,"Smith, Miss. Ellen",female,20.0,0,2,819527,11.8456,,S,3,Miss,0,1,0,0,,2.553001340253338,Mid,Young,0,0,female_3,1
95,0,3,"Anderson, Mr. Henry",male,28.4,0,0,742842,0.5499,A36,S,1,Mr,1,0,0,1,A,0.43819041272086806,Low,Young,0,0,male_3,0
96,1,3,"Miller, Miss. Margaret",female,12.5,0,0,13991,21.1156,,S,1,Miss,1,0,0,0,,3.0962832418588784,High,Teen,0,0,female_3,1
97,0,3,"Jones, Col. Charles",male,18.5,0,0,33519,20.0573,,C,1,Col,1,0,0,0,,3.0472472933586445,High,Young,0,0,male_3,0
98,0,2,"Williams, Mr. George",male,24.3,0,0,823089,20.3643,,S,1,Mr,1,0,0,0,,3.061721304693105,High,Young,0,0,male_2,0
99,0,1,"Williams, Miss. Florence",female,24.0,0,2,797258,159.9296,,S,3,Miss,0,1,0,0,,5.08096700227459,VHigh,Young,0,0,female_1,1
100,1,1,"Anderson, Mrs. Elizabeth",female,29.1,0,0,183697,79.3448,,S,1,Mrs,1,0,0,0,,4.386327373225574,VHigh,Young,0,0,female_1,1
101,1,1,"Anderson, Miss. Annie",female,33.5,3,0,878481,53.875,,S,4,Miss,0,1,0,0,,4.005057871395335,VHigh,Young,0,0,female_1,1
102,1,3,"Johnson, Mr. Arthur",male,24.8,0,1,552089,16.0237,,S,2,Mr,0,1,0,0,,2.8346064908235102,Mid,Young,0,0,male_3,0
103,0,2,"Johnson, Mr. John",male,32.9,1,0,433062,28.7512,,S,2,Mr,0,1,0,0,,3.3928694673126127,High,Young,0,0,male_2,0
104,1,3,"Brown, Mr. William",male,42.1,0,0,49566,21.7316,,C,1,Mr,1,0,0,0,,3.1237560269400966,High,Middle,0,0,male_3,0
105,0,3,"Jones, Col. James",male,11.6,0,0,688517,3.1143,,C,1,Col,1,0,0,0,,1.414468710302781,Low,Child,1,0,male_3,1
106,1,2,"Brown, Miss. Elizabeth",female,21.6,0,1,169435,14.7549,,Q,2,Miss,0,1,0,0,,2.7571514279977265,Mid,Young,0,0,female_2,1
107,0,2,"Davis, Mr. Robert",male,10.2,0,0,978063,28.4698,,S,1,Mr,1,0,0,0,,3.3833660101639684,High,Child,1,0,male_2,1
108,1,3,"Taylor, Mrs. Edith",female,14.5,0,1,402938,3.9614,,S,2,Mrs,0,1,0,0,,1.601687958974039,Low,Teen,0,0,female_3,1
109,1,1,"Wilson, Dr. Edward",male,31.700000000000003,0,0,932640,173.8558,,S,1,Dr,1,0,0,0,,5.163961634248906,VHigh,Young,0,0,male_1,0
110,1,1,"Brown, Mr. Robert",male,63.3,0,1,723297,41.6741,,S,2,Mr,0,1,0,0,,3.7535921788271835,VHigh,Senior,0,1,male_1,0
111,0,2,"Jones, Mr. William",male,22.7,2,1,551709,27.9162,,S,4,Mr,0,1,0,0,,3.3644019917001042,High,Young,0,0,male_2,0
112,1,1,"Davis, Miss. Annie",female,27.4,0,0,266080,218.0374,F106,Q,1,Miss,1,0,0,1,F,5.389242491491604,VHigh,Young,0,0,female_1,1
113,0,3,"Williams, Miss. Ellen",female,17.1,0,0,267230,9.5731,,C,1,Miss,1,0,0,0,,2.358313039759195,Low,Teen,0,0,female_3,1
114,1,3,"Williams, Miss. Emma",female,24.0,1,0,88027,1.5748,,Q,2,Miss,0,1,0,0,,0.9457718611963237,Low,Young,0,0,female_3,1
115,0,3,"Wilson, Mrs. Alice",female,15.0,0,0,541834,11.4853,G83,C,1,Mrs,1,0,0,1,G,2.5245519522776503,Mid,Teen,0,0,female_3,1
116,1,3,"Brown, Dr. Edith",female,38.6,0,0,343583,18.3919,,C,1,Dr,1,0,0,0,,2.964855453107931,Mid,Middle,0,0,female_3,1
117,0,3,"Johnson, Miss. Mary",female,24.0,1,0,711983,2.1302,,C,2,Miss,0,1,0,0,,1.141096900274265,Low,Young,0,0,female_3,1
118,1,1,"Miller, Col. James",male,37.7,1,0,812838,51.4394,G26,S,2,Col,0,1,0,1,G,3.9596582171824455,VHigh,Middle,0,0,male_1,0
119,0,3,"Johnson, Mr. Henry",male,40.1,1,0,402353,5.3525,,S,2,Mr,0,1,0,0,,1.8488484362121822,Low,Middle,0,0,male_3,0
120,1,3,"Jones, Col. Edward",male,22.8,0,0,281969,8.6531,,S,1,Col,1,0,0,0,,2.2672791072865577,Low,Young,0,0,male_3,0
121,1,3,"Johnson, Lady. Ellen",female,18.5,0,0,999327,17.7761,,S,1,Mrs,1,0,0,0,,2.9325847844825583,Mid,Young,0,0,female_3,1
122,1,3,"Jones, Mrs. Margaret",female,27.2,2,0,251569,7.0291,,S,3,Mrs,0,1,0,0,,2.0830724419761504,Low,Young,0,0,female_3,1
123,0,2,"Jones, Rev. Edward",male,27.8,0,1,306317,21.1568,,S,2,Rev,0,1,0,0,,3.0981444471196435,High,Young,0,0,male_2,0
124,1,1,"Smith, Miss. Mary",female,15.0,0,0,271536,61.1709,,S,1,Miss,1,0,0,0,,4.129887044612044,VHigh,Teen,0,0,female_1,1
125,1,1,"Taylor, Miss. Mary",female,13.9,0,0,327763,84.2533,A58,Q,1,Miss,1,0,0,1,A,4.445626825091845,VHigh,Teen,0,0,female_1,1
126,0,2,"Wilson, Mr. Charles",male,30.65,0,2,355258,37.4354,D90,C,3,Mr,0,1,0,1,D,3.6489789099278958,VHigh,Young,0,0,male_2,0
127,0,3,"Davis, Mr. Robert",male,31.1,0,0,379215,0.0,B125,S,1,Mr,1,0,0,1,B,0.0,Low,Young,0,0,male_3,0
128,0,3,"Wilson, Dr. Annie",female,17.6,0,2,935427,18.5437,G107,S,3,Dr,0,1,0,1,G,2.9726529838580937,Mid,Teen,0,0,female_3,1
129,0,1,"Davis, Mr. Robert",male,15.2,0,0,306518,77.2697,E66,S,1,Mr,1,0,0,1,E,4.360160554923238,VHigh,Teen,0,0,male_1,0
130,0,3,"Johnson, Lady. Alice",female,19.9,0,0,989217,4.8056,,S,1,Mrs,1,0,0,0,,1.7588229689817902,Low,Young,0,0,female_3,1
131,0,2,"Johnson, Mr. Charles",male,30.65,1,0,706771,10.0,,C,2,Mr,0,1,0,0,,2.3978952727983707,Low,Young,0,0,male_2,0
132,1,1,"Williams, Miss. Alice",female,48.8,0,0,336512,249.1503,,S,1,Miss,1,0,0,0,,5.522061937213927,VHigh,Middle,0,0,female_1,1
133,1,1,"Jones, Miss. Florence",female,44.4,0,0,804748,99.589,F95,S,1,Miss,1,0,0,1,F,4.6110429077507735,VHigh,Middle,0,0,female_1,1
134,1,2,"Miller, Miss. Annie",female,10.1,0,0,513166,15.4682,,C,1,Miss,1,0,0,0,,2.801431248599517,Mid,Child,1,0,female_2,1
135,0,3,"Miller, Mr. Arthur",male,30.65,0,0,806988,5.0256,,C,1,Mr,1,0,0,0,,1.7960170594806961,Low,Young,0,0,male_3,0
136,1,2,"Wilson, Dr. Edith",female,37.5,0,0,937562,13.4614,,S,1,Dr,1,0,0,0,,2.6714830308544917,Mid,Middle,0,0,female_2,1
137,1,3,"Williams, Lady. Sarah",female,27.2,0,0,638842,19.3283,,S,1,Mrs,1,0,0,0,,3.0120140038782686,High,Young,0,0,female_3,1
138,1,3,"Davis, Mr. Arthur",male,54.1,1,0,241059,35.4859,,S,2,Mr,0,1,0,0,,3.596925884584987,VHigh,Middle,0,0,male_3,0
139,0,2,"Brown, Miss. Alice",female,47.0,2,0,428698,10.0,,S,3,Miss,0,1,0,0,,2.3978952727983707,Low,Middle,0,0,female_2,1
140,0,3,"Williams, Mr. Edward",male,37.6,0,0,54494,0.3372,,S,1,Mr,1,0,0,0,,0.2905778755638065,Low,Middle,0,0,male_3,0
141,0,3,"Jones, Mr. William",male,30.65,0,2,952509,16.6204,,S,3,Mr,0,1,0,0,,2.869057321725955,Mid,Young,0,0,male_3,0
142,1,2,"Williams, Mr. Charles",male,17.5,0,0,881103,22.1339,,S,1,Mr,1,0,0,0,,3.1412990742218683,High,Teen,0,0,male_2,0
143,0,3,"Smith, Mr. Thomas",male,25.2,1,2,492640,13.9721,,S,4,Mr,0,1,0,0,,2.7061884691542613,Mid,Young,0,0,male_3,0
144,0,2,"Taylor, Mr. George",male,44.2,1,1,42481,19.118,,S,3,Mr,0,1,0,0,,3.0016149367121465,Mid,Middle,0,0,male_2,0
145,1,2,"Davis, Dr. Edith",female,31.4,0,0,38401,19.9641,,C,1,Dr,1,0,0,0,,3.0428114510105884,High,Young,0,0,female_2,1
146,0,1,"Miller, Mr. Robert",male,30.65,0,0,574719,144.6077,,S,1,Mr,1,0,0,0,,4.980916018979628,VHigh,Young,0,0,male_1,0
147,0,3,"Smith, Miss. Emma",female,9.8,1,0,336603,3.7653,G32,S,2,Miss,0,1,0,1,G,1.561360494200926,Low,Child,1,0,female_3,1
148,0,3,"Jones, Mr. Edward",male,15.4,0,0,362617,16.4328,,C,1,Mr,1,0,0,0,,2.858353489200575,Mid,Teen,0,0,male_3,0
149,1,1,"Wilson, Dr. James",male,31.8,0,0,133311,96.0648,,S,1,Dr,1,0,0,0,,4.575378796700277,VHigh,Young,0,0,male_1,0
150,0,2,"Jones, Mr. Arthur",male,7.0,0,0,258482,10.0,,Q,1,Mr,1,0,0,0,,2.3978952727983707,Low,Child,1,0,male_2,1
151,1,3,"Smith, Miss. Sarah",female,26.4,0,0,654615,12.402,,S,1,Miss,1,0,0,0,,2.595403949550979,Mid,Young,0,0,female_3,1
152,1,1,"Taylor, Mr. William",male,28.1,1,0,744042,232.155,A76,S,2,Mr,0,1,0,1,A,5.451703468445783,VHigh,Young,0,0,male_1,0
153,0,1,"Brown, Mr. Charles",male,23.9,3,0,451720,160.4948,,S,4,Mr,0,1,0,0,,5.084472944001925,VHigh,Young,0,0,male_1,0
154,1,3,"Anderson, Mrs. Margaret",female,34.4,0,0,406439,2.1086,,S,1,Mrs,1,0,0,0,,1.1341724640666606,Low,Young,0,0,female_3,1
155,0,3,"Williams, Dr. Henry",male,36.7,0,1,474193,16.9472,,S,2,Dr,0,1,0,0,,2.8874341139088218,Mid,Middle,0,0,male_3,0
156,0,2,"Anderson, Mr. Edward",male,23.1,0,0,249198,31.3861,B42,S,1,Mr,1,0,0,1,B,3.47772931840048,High,Young,0,0,male_2,0
157,1,3,"Anderson, Mr. Henry",male,30.65,0,0,50149,22.5884,,S,1,Mr,1,0,0,0,,3.160755065769616,High,Young,0,0,male_3,0
158,1,3,"Miller, Dr. Alice",female,34.3,0,0,547151,10.6776,,S,1,Dr,1,0,0,0,,2.4576724768342313,Mid,Young,0,0,female_3,1
159,1,1,"Johnson, Mr. Arthur",male,29.6,0,0,899920,84.3746,,S,1,Mr,1,0,0,0,,4.44704863266768,VHigh,Young,0,0,male_1,0
160,0,3,"Williams, Mrs. Emma",female,26.7,0,0,170636,17.4227,F90,S,1,Mrs,1,0,0,1,F,2.913583599889951,Mid,Young,0,0,female_3,1
161,0,2,"Smith, Dr. James",male,51.6,0,0,754984,17.7399,,S,1,Dr,1,0,0,0,,2.930654940616743,Mid,Middle,0,0,male_2,0
162,1,3,"Taylor, Dr. Florence",female,29.9,0,0,556787,25.8216,,S,1,Dr,1,0,0,0,,3.2892075330465347,High,Young,0,0,female_3,1
163,1,3,"Williams, Miss. Ellen",female,22.2,0,0,248691,26.9612,,S,1,Miss,1,0,0,0,,3.3308178348995745,High,Young,0,0,female_3,1
164,0,3,"Miller, Dr. Elizabeth",female,31.700000000000003,0,2,267128,20.9406,,S,3,Dr,0,1,0,0,,3.088338801784001,High,Young,0,0,female_3,1
165,0,1,"Miller, Mr. John",male,17.0,0,2,361362,34.7726,,C,3,Mr,0,1,0,0,,3.5771822372382727,High,Teen,0,0,male_1,0
166,1,3,"Wilson, Miss. Edith",female,24.0,5,0,566420,10.2459,,S,6,Miss,0,0,1,0,,2.420003617779969,Low,Young,0,0,female_3,1
167,0,2,"Davis, Mr. Henry",male,40.0,0,0,136272,25.7665,,C,1,Mr,1,0,0,0,,3.2871511056151586,High,Middle,0,0,male_2,0
168,0,1,"Taylor, Mr. Arthur",male,46.0,0,0,669893,131.4631,E96,S,1,Mr,1,0,0,1,E,4.88630411607454,VHigh,Middle,0,0,male_1,0
169,1,1,"Miller, Mr. Charles",male,30.65,1,0,748322,113.6085,,S,2,Mr,0,1,0,0,,4.741521972559773,VHigh,Young,0,0,male_1,0
170,1,3,"Smith, Mrs. Emma",female,10.2,8,0,352240,14.2989,,S,9,Mrs,0,0,1,0,,2.727780930388953,Mid,Child,1,0,female_3,1
171,1,3,"Taylor, Mrs. Mary",female,36.0,0,0,437625,0.0,,S,1,Mrs,1,0,0,0,,0.0,Low,Middle,0,0,female_3,1
172,1,1,"Smith, Miss. Ellen",female,20.5,1,2,484677,92.4998,,S,4,Miss,0,1,0,0,,4.53795929725492,VHigh,Young,0,0,female_1,1
173,0,3,"Smith, Mr. Robert",male,27.1,0,0,271085,9.8666,G132,S,1,Mr,1,0,0,1,G,2.385693864716408,Low,Young,0,0,male_3,0
174,0,1,"Brown, Mr. Charles",male,34.8,0,0,950491,157.7791,,S,1,Mr,1,0,0,0,,5.067513928060724,VHigh,Young,0,0,male_1,0
175,1,3,"Taylor, Mrs. Ellen",female,27.2,0,0,20633,9.6824,,S,1,Mrs,1,0,0,0,,2.368597527387617,Low,Young,0,0,female_3,1
176,0,1,"Anderson, Mr. Charles",male,19.6,0,0,459423,133.8399,A87,S,1,Mr,1,0,0,1,A,4.904088148745887,VHigh,Young,0,0,male_1,0
177,0,3,"Brown, Mr. James",male,49.4,1,0,191607,23.0772,,S,2,Mr,0,1,0,0,,3.181265334609918,High,Middle,0,0,male_3,0
178,0,2,"Smith, Col. John",male,25.799999999999997,0,2,800428,13.174,B48,S,3,Col,0,1,0,1,B,2.6514093003880643,Mid,Young,0,0,male_2,0
179,0,3,"Johnson, Mr. Arthur",male,29.7,0,0,141086,9.9462,,S,1,Mr,1,0,0,0,,2.3929923640695128,Low,Young,0,0,male_3,0
180,1,1,"Miller, Mr. Edward",male,20.3,0,0,798106,71.6594,A27,S,1,Mr,1,0,0,1,A,4.285782769120646,VHigh,Young,0,0,male_1,0
181,0,2,"Anderson, Rev. George",male,0.5,0,0,441083,10.9209,,C,1,Rev,1,0,0,0,,2.4782931621426734,Mid,Child,1,0,male_2,1
182,1,1,"Brown, Mr. Arthur",male,41.5,0,0,488753,37.7543,,S,1,Mr,1,0,0,0,,3.657241717384827,VHigh,Middle,0,0,male_1,0
183,0,3,"Smith, Mr. Arthur",male,30.65,1,0,591539,18.2104,F30,S,2,Mr,0,1,0,1,F,2.9554517990519678,Mid,Young,0,0,male_3,0
184,1,3,"Taylor, Miss. Sarah",female,19.5,1,0,721069,17.1404,,S,2,Miss,0,1,0,0,,2.8981414951605253,Mid,Young,0,0,female_3,1
185,0,2,"Williams, Mr. William",male,30.65,1,0,392306,15.4045,,C,2,Mr,0,1,0,0,,2.797555687435937,Mid,Young,0,0,male_2,0
186,0,3,"Brown, Mr. Robert",male,36.7,1,1,158936,24.2981,D36,S,3,Mr,0,1,0,1,D,3.2307292940991883,High,Middle,0,0,male_3,0
187,1,3,"Davis, Miss. Edith",female,33.1,0,0,298465,6.8289,B106,S,1,Miss,1,0,0,1,B,2.0578220148208266,Low,Young,0,0,female_3,1
188,0,3,"Miller, Rev. Robert",male,23.1,1,0,165154,20.3827,,C,2,Rev,0,1,0,0,,3.062582183872293,High,Young,0,0,male_3,0
189,1,3,"Williams, Mrs. Edith",female,27.2,0,0,50131,4.4414,G65,S,1,Mrs,1,0,0,1,G,1.69403638069944,Low,Young,0,0,female_3,1
190,0,1,"Anderson, Miss. Edith",female,24.0,0,1,212565,113.9748,,S,2,Miss,0,1,0,0,,4.7447129739158855,VHigh,Young,0,0,female_1,1
191,1,1,"Anderson, Mr. Arthur",male,33.8,0,0,145282,27.1722,,C,1,Mr,1,0,0,0,,3.3383356761054443,High,Young,0,0,male_1,0
192,0,3,"Anderson, Mr. John",male,12.4,0,0,255152,3.7907,C136,S,1,Mr,1,0,0,1,C,1.566676538532794,Low,Teen,0,0,male_3,1
193,1,3,"Williams, Mrs. Emma",female,27.2,0,0,785519,15.5204,,C,1,Mrs,1,0,0,0,,2.804595980874761,Mid,Young,0,0,female_3,1
194,0,3,"Jones, Miss. Alice",female,17.1,0,0,649951,0.0,,C,1,Miss,1,0,0,0,,0.0,Low,Teen,0,0,female_3,1
195,0,2,"Johnson, Mr. Henry",male,9.0,1,0,992090,21.8299,,Q,2,Mr,0,1,0,0,,3.1280710803306215,High,Child,1,0,male_2,1
196,0,2,"Brown, Mr. George",male,30.65,0,1,880037,19.6907,,S,2,Mr,0,1,0,0,,3.0296843239545903,High,Young,0,0,male_2,0
197,1,3,"Anderson, Dr. Robert",male,31.700000000000003,0,0,569139,13.742,,S,1,Dr,1,0,0,0,,2.690700562767097,Mid,Young,0,0,male_3,0
198,1,3,"Anderson, Miss. Alice",female,40.9,3,0,823297,9.6761,G22,S,4,Miss,0,1,0,1,G,2.368007598302456,Low,Middle,0,0,female_3,1
199,0,3,"Jones, Mr. William",male,32.6,0,0,880038,0.0,F65,S,1,Mr,1,0,0,1,F,0.0,Low,Young,0,0,male_3,0
200,1,3,"Davis, Lady. Ellen",female,16.8,0,1,145230,5.639,,S,2,Mrs,0,1,0,0,,1.8929613497370223,Low,Teen,0,0,female_3,1
201,1,3,"Davis, Mrs. Florence",female,9.0,0,0,131497,16.5209,F37,S,1,Mrs,1,0,0,1,F,2.863394454051873,Mid,Child,1,0,female_3,1
202,1,1,"Wilson, Mr. John",male,30.8,0,0,329996,73.5371,,S,1,Mr,1,0,0,0,,4.31129698800853,VHigh,Young,0,0,male_1,0
203,0,1,"Miller, Dr. Charles",male,35.6,0,0,321483,205.1067,,S,1,Dr,1,0,0,0,,5.328393995859048,VHigh,Middle,0,0,male_1,0
204,0,3,"Wilson, Mr. William",male,30.65,0,0,897518,23.4115,G128,S,1,Mr,1,0,0,1,G,3.1950543327421985,High,Young,0,0,male_3,0
205,0,3,"Davis, Mr. George",male,32.3,0,0,817004,16.5766,,C,1,Mr,1,0,0,0,,2.866568471959812,Mid,Young,0,0,male_3,0
206,1,1,"Davis, Mr. Thomas",male,25.2,0,0,931604,41.2708,,C,1,Mr,1,0,0,0,,3.744096540351817,VHigh,Young,0,0,male_1,0
207,1,1,"Johnson, Mr. James",male,19.2,0,0,185541,150.8778,,C,1,Mr,1,0,0,0,,5.0230762501388595,VHigh,Young,0,0,male_1,0
208,0,3,"Davis, Mrs. Mary",female,19.1,0,0,877493,0.3742,,S,1,Mrs,1,0,0,0,,0.31787174361483855,Low,Young,0,0,female_3,1
209,1,1,"Wilson, Mr. John",male,16.1,0,0,201933,26.0,D50,Q,1,Mr,1,0,0,1,D,3.295836866004329,High,Teen,0,0,male_1,0
210,1,1,"Davis, Mr. Henry",male,0.5,1,0,552744,168.3599,,C,2,Mr,0,1,0,0,,5.13202603636824,VHigh,Child,1,0,male_1,1
211,1,3,"Wilson, Miss. Sarah",female,17.0,0,0,852235,19.1676,,S,1,Miss,1,0,0,0,,3.0040773562894896,Mid,Teen,0,0,female_3,1
212,1,3,"Williams, Mrs. Mary",female,19.9,0,1,337777,25.6181,,S,2,Mrs,0,1,0,0,,3.2815914355135702,High,Young,0,0,female_3,1
213,0,3,"Johnson, Miss. Mary",female,24.0,1,2,740379,10.274,,S,4,Miss,0,1,0,0,,2.422499189659383,Low,Young,0,0,female_3,1
214,1,1,"Jones, Dr. Florence",female,22.0,0,2,524709,26.0,,S,3,Dr,0,1,0,0,,3.295836866004329,High,Young,0,0,female_1,1
215,0,3,"Johnson, Mr. James",male,38.0,0,1,570520,11.2603,,S,2,Mr,0,1,0,0,,2.506366400029239,Mid,Middle,0,0,male_3,0
216,0,1,"Williams, Mr. Henry",male,56.7,0,0,77323,113.6645,D13,S,1,Mr,1,0,0,1,D,4.742010473177932,VHigh,Middle,0,0,male_1,0
217,0,2,"Anderson, Mrs. Sarah",female,2.0,1,0,902499,49.2433,A97,C,2,Mrs,0,1,0,1,A,3.916877204716173,VHigh,Child,1,0,female_2,1
218,1,3,"Brown, Mrs. Margaret",female,27.2,1,0,425004,19.3651,,S,2,Mrs,0,1,0,0,,3.0138226514737854,High,Young,0,0,female_3,1
219,0,3,"Miller, Col. Henry",male,27.6,0,0,812524,26.276,,S,1,Col,1,0,0,0,,3.3060071946584064,High,Young,0,0,male_3,0
220,1,3,"Wilson, Lady. Florence",female,20.6,1,0,797564,11.2592,,C,2,Mrs,0,1,0,0,,2.5062766755241928,Mid,Young,0,0,female_3,1
221,0,3,"Brown, Mr. Henry",male,21.6,0,0,743210,14.9655,D55,S,1,Mr,1,0,0,1,D,2.77043014418557,Mid,Young,0,0,male_3,0
222,0,3,"Wilson, Mr. Arthur",male,19.6,0,0,245253,24.5998,G97,Q,1,Mr,1,0,0,1,G,3.242584538954999,High,Young,0,0,male_3,0
223,0,1,"Smith, Rev. Henry",male,23.7,0,0,229190,26.0,,S,1,Rev,1,0,0,0,,3.295836866004329,High,Young,0,0,male_1,0
224,1,2,"Wilson, Mr. George",male,17.6,0,0,665312,11.4882,,Q,1,Mr,1,0,0,0,,2.524784198459646,Mid,Teen,0,0,male_2,0
225,0,2,"Williams, Mr. Thomas",male,31.6,1,2,267075,17.5818,,S,4,Mr,0,1,0,0,,2.922182607057119,Mid,Young,0,0,male_2,0
226,0,2,"Smith, Rev. Edward",male,51.1,0,0,763132,10.9307,,S,1,Rev,1,0,0,0,,2.4791149099961904,Mid,Middle,0,0,male_2,0
227,1,3,"Brown, Mrs. Alice",female,27.2,0,0,259596,14.4288,,S,1,Mrs,1,0,0,0,,2.736235892773983,Mid,Young,0,0,female_3,1
228,0,2,"Smith, Mr. Charles",male,26.7,1,2,285212,15.358,,S,4,Mr,0,1,0,0,,2.7947170743127825,Mid,Young,0,0,male_2,0
229,1,3,"Johnson, Col. Henry",male,26.2,0,0,974905,7.5236,,C,1,Col,1,0,0,0,,2.1428387868096275,Low,Young,0,0,male_3,0
230,1,3,"Miller, Mrs. Emma",female,22.7,0,0,189598,3.9292,,S,1,Mrs,1,0,0,0,,1.595176703081831,Low,Young,0,0,female_3,1
231,1,3,"Wilson, Mrs. Mary",female,19.0,0,0,462174,15.2836,,Q,1,Mrs,1,0,0,0,,2.790158466349841,Mid,Young,0,0,female_3,1
232,1,3,"Smith, Miss. Elizabeth",female,12.9,1,0,125729,0.0,,S,2,Miss,0,1,0,0,,0.0,Low,Teen,0,0,female_3,1
233,1,3,"Wilson, Mrs. Edith",female,16.3,1,1,86593,10.4088,,S,3,Mrs,0,1,0,0,,2.43438498744042,Mid,Teen,0,0,female_3,1
234,1,3,"Williams, Mrs. Florence",female,63.0,0,0,65041,15.2053,,C,1,Mrs,1,0,0,0,,2.7853383492268406,Mid,Senior,0,1,female_3,1
235,1,1,"Anderson, Rev. Charles",male,33.9,0,0,764518,135.0461,,S,1,Rev,1,0,0,0,,4.9129937988867365,VHigh,Young,0,0,male_1,0
236,1,3,"Wilson, Mr. George",male,20.2,0,0,245114,0.0,,S,1,Mr,1,0,0,0,,0.0,Low,Young,0,0,male_3,0
237,0,2,"Johnson, Mr. William",male,24.5,1,0,335516,10.5284,,C,2,Mr,0,1,0,0,,2.444813556221556,Mid,Young,0,0,male_2,0
238,1,1,"Davis, Mr. John",male,30.65,0,2,601850,51.0942,,C,3,Mr,0,1,0,0,,3.9530536181861033,VHigh,Young,0,0,male_1,0
239,1,3,"Johnson, Mr. William",male,31.5,0,0,888531,25.8804,,Q,1,Mr,1,0,0,0,,3.2913973964966097,High,Young,0,0,male_3,0
240,0,1,"Williams, Lady. Ellen",female,34.1,2,0,598334,26.0,,C,3,Mrs,0,1,0,0,,3.295836866004329,High,Young,0,0,female_1,1
241,0,3,"Williams, Mr. George",male,30.65,0,0,995590,5.0799,,S,1,Mr,1,0,0,0,,1.804988248474395,Low,Young,0,0,male_3,0
242,0,3,"Brown, Mr. Thomas",male,30.65,0,0,924520,15.4226,,C,1,Mr,1,0,0,0,,2.7986584349728325,Mid,Young,0,0,male_3,0
243,1,3,"Johnson, Mr. William",male,30.65,0,2,892890,11.0579,,S,3,Mr,0,1,0,0,,2.4897200467835297,Mid,Young,0,0,male_3,0
244,0,2,"Johnson, Mrs. Mary",female,28.1,4,0,148161,20.7451,,Q,5,Mrs,0,0,1,0,,3.0793884447973627,High,Young,0,0,female_2,1
245,1,1,"Johnson, Rev. George",male,24.2,0,0,813055,164.8755,,S,1,Rev,1,0,0,0,,5.111237506965839,VHigh,Young,0,0,male_1,0
246,1,3,"Taylor, Miss. Alice",female,24.0,0,0,846073,7.3996,,S,1,Miss,1,0,0,0,,2.128184085667826,Low,Young,0,0,female_3,1
247,0,2,"Smith, Col. George",male,30.9,0,1,284187,14.9614,,S,2,Col,0,1,0,0,,2.7701733074727954,Mid,Young,0,0,male_2,0
248,0,3,"Smith, Mr. Edward",male,30.65,0,0,76572,24.9535,,S,1,Mr,1,0,0,0,,3.256306475276267,High,Young,0,0,male_3,0
249,0,3,"Wilson, Dr. Charles",male,36.3,0,1,991640,8.4613,,S,2,Dr,0,1,0,0,,2.247209794341241,Low,Middle,0,0,male_3,0
250,0,3,"Johnson, Miss. Elizabeth",female,31.8,0,0,920650,7.5296,,C,1,Miss,1,0,0,0,,2.1435424670863594,Low,Young,0,0,female_3,1
251,0,2,"Jones, Col. Henry",male,25.799999999999997,8,2,491268,23.988,G86,C,11,Col,0,0,1,1,G,3.2183957096313236,High,Young,0,0,male_2,0
252,1,2,"Brown, Miss. Emma",female,39.0,0,0,96700,13.2654,,S,1,Miss,1,0,0,0,,2.657837024931287,Mid,Middle,0,0,female_2,1
253,0,3,"Johnson, Mr. George",male,25.6,0,0,67061,1.3947,,C,1,Mr,1,0,0,0,,0.8732579620567352,Low,Young,0,0,male_3,0
254,0,2,"Johnson, Col. Thomas",male,25.799999999999997,0,0,127957,21.8702,,S,1,Col,1,0,0,0,,3.129834753077344,High,Young,0,0,male_2,0
255,1,1,"Davis, Mrs. Florence",female,34.9,0,0,802554,79.3093,F145,S,1,Mrs,1,0,0,1,F,4.385885429937755,VHigh,Young,0,0,female_1,1
256,0,3,"Anderson, Mrs. Ellen",female,53.7,1,2,843778,16.7955,G102,S,4,Mrs,0,1,0,1,G,2.8789456163476963,Mid,Middle,0,0,female_3,1
257,1,3,"Davis, Miss. Annie",female,12.3,0,1,528650,12.4631,,C,2,Miss,0,1,0,0,,2.5999526097344976,Mid,Teen,0,0,female_3,1
258,1,3,"Brown, Mrs. Elizabeth",female,33.2,0,0,238394,0.0,D87,S,1,Mrs,1,0,0,1,D,0.0,Low,Young,0,0,female_3,1
259,1,3,"Miller, Miss. Annie",female,15.0,0,0,910425,5.7125,,S,1,Miss,1,0,0,0,,1.903971459834983,Low,Teen,0,0,female_3,1
260,1,1,"Brown, Miss. Mary",female,24.0,0,0,419366,109.1794,D36,S,1,Miss,1,0,0,1,D,4.702109946395327,VHigh,Young,0,0,female_1,1
261,0,3,"Johnson, Mrs. Ellen",female,15.1,0,0,97630,5.9154,A61,S,1,Mrs,1,0,0,1,A,1.9337508087076678,Low,Teen,0,0,female_3,1
262,1,3,"Wilson, Miss. Margaret",female,21.6,0,0,87228,14.8302,,S,1,Miss,1,0,0,0,,2.7619195080518963,Mid,Young,0,0,female_3,1
263,1,1,"Miller, Miss. Alice",female,23.2,1,0,284198,188.4451,,S,2,Miss,0,1,0,0,,5.244099272785967,VHigh,Young,0,0,female_1,1
264,0,3,"Anderson, Mr. James",male,35.6,2,0,536055,21.6625,,S,3,Mr,0,1,0,0,,3.1207115760809696,High,Middle,0,0,male_3,0
265,1,3,"Williams, Miss. Elizabeth",female,38.9,0,0,14708,1.9644,,S,1,Miss,1,0,0,0,,1.0866746510950667,Low,Middle,0,0,female_3,1
266,0,3,"Brown, Mr. Henry",male,30.65,3,0,772017,32.7698,,C,4,Mr,0,1,0,0,,3.519566911963593,High,Young,0,0,male_3,0
267,0,3,"Johnson, Dr. Margaret",female,27.7,0,0,854431,19.9073,,S,1,Dr,1,0,0,0,,3.0400983802825547,High,Young,0,0,female_3,1
268,1,3,"Miller, Miss. Mary",female,24.0,0,0,586446,12.9846,,S,1,Miss,1,0,0,0,,2.6379567241712256,Mid,Young,0,0,female_3,1
269,0,2,"Taylor, Mr. Arthur",male,37.5,0,3,956796,10.0,,S,4,Mr,0,1,0,0,,2.3978952727983707,Low,Middle,0,0,male_2,0
270,0,2,"Johnson, Miss. Alice",female,24.2,0,0,38082,10.0,,C,1,Miss,1,0,0,0,,2.3978952727983707,Low,Young,0,0,female_2,1
271,1,3,"Johnson, Mr. Thomas",male,30.65,0,0,44024,0.0515,,C,1,Mr,1,0,0,0,,0.05021771616061742,Low,Young,0,0,male_3,0
272,0,3,"Brown, Mr. Arthur",male,30.65,0,0,295605,10.9726,,C,1,Mr,1,0,0,0,,2.482620705674166,Mid,Young,0,0,male_3,0
273,1,3,"Davis, Mrs. Margaret",female,32.6,0,1,15351,0.0,,S,2,Mrs,0,1,0,0,,0.0,Low,Young,0,0,female_3,1
274,0,3,"Anderson, Rev. George",male,26.2,0,0,974535,14.7339,,C,1,Rev,1,0,0,0,,2.755817620223958,Mid,Young,0,0,male_3,0
275,0,3,"Johnson, Mrs. Emma",female,27.2,0,0,502269,16.2885,,S,1,Mrs,1,0,0,0,,2.850041540581823,Mid,Young,0,0,female_3,1
276,1,3,"Brown, Mrs. Annie",female,40.3,1,0,879060,12.6475,,S,2,Mrs,0,1,0,0,,2.6135563546737757,Mid,Middle,0,0,female_3,1
277,0,3,"Miller, Dr. Charles",male,16.9,0,0,114720,7.1092,D30,S,1,Dr,1,0,0,1,D,2.092999219611902,Low,Teen,0,0,male_3,0
278,0,3,"Brown, Mr. Henry",male,44.8,0,0,658789,0.0,,S,1,Mr,1,0,0,0,,0.0,Low,Middle,0,0,male_3,0
279,0,3,"Brown, Rev. George",male,47.1,0,1,442934,16.3618,,Q,2,Rev,0,1,0,0,,2.854272390493061,Mid,Middle,0,0,male_3,0
280,1,3,"Davis, Mr. John",male,30.65,0,1,907064,26.0989,,C,2,Mr,0,1,0,0,,3.2994931366559386,High,Young,0,0,male_3,0
281,1,3,"Miller, Miss. Alice",female,32.1,1,0,530751,7.6808,,S,2,Miss,0,1,0,0,,2.1611136903238606,Low,Young,0,0,female_3,1
282,0,2,"Williams, Col. Arthur",male,25.799999999999997,0,0,624865,14.7186,,S,1,Col,1,0,0,0,,2.7548447245109418,Mid,Young,0,0,male_2,0
283,0,2,"Williams, Mr. Henry",male,30.65,0,2,136875,21.9893,,S,3,Mr,0,1,0,0,,3.1350288902906613,High,Young,0,0,male_2,0
284,1,1,"Jones, Mr. Charles",male,30.65,1,0,756572,132.0907,,S,2,Mr,0,1,0,0,,4.891030850683401,VHigh,Young,0,0,male_1,0
285,1,3,"Jones, Mr. George",male,17.0,0,1,896449,9.4596,B48,S,2,Mr,0,1,0,1,B,2.3475202169877925,Low,Teen,0,0,male_3,0
286,1,1,"Davis, Miss. Elizabeth",female,31.3,0,0,678137,512.0,,C,1,Miss,1,0,0,0,,6.240275845170769,VHigh,Young,0,0,female_1,1
287,1,3,"Smith, Mr. William",male,40.9,0,2,755216,6.1567,,Q,3,Mr,0,1,0,0,,1.9680489808735868,Low,Middle,0,0,male_3,0
288,1,3,"Jones, Miss. Annie",female,13.8,1,0,149380,9.4575,G62,S,2,Miss,0,1,0,1,G,2.3473194243342164,Low,Teen,0,0,female_3,1
289,0,2,"Davis, Mr. Charles",male,26.9,0,2,577729,24.6675,,C,3,Mr,0,1,0,0,,3.2452256001909827,High,Young,0,0,male_2,0
290,0,3,"Taylor, Miss. Ellen",female,15.0,0,0,647970,1.1905,,S,1,Miss,1,0,0,0,,0.784129828271816,Low,Teen,0,0,female_3,1
291,0,1,"Taylor, Col. Thomas",male,24.9,0,0,90865,180.6565,,S,1,Col,1,0,0,0,,5.202117541126378,VHigh,Young,0,0,male_1,0
292,1,1,"Jones, Mr. Arthur",male,18.0,0,2,23882,192.2988,,S,3,Mr,0,1,0,0,,5.264237178228125,VHigh,Teen,0,0,male_1,0
293,1,3,"Brown, Miss. Sarah",female,21.7,0,0,124883,3.1086,,S,1,Miss,1,0,0,0,,1.4130823378762738,Low,Young,0,0,female_3,1
294,0,2,"Jones, Mr. Robert",male,25.8,0,0,932218,20.5475,,C,1,Mr,1,0,0,0,,3.070259800539417,High,Young,0,0,male_2,0
295,1,1,"Miller, Lady. Ellen",female,35.5,0,0,232658,61.5201,F61,S,1,Mrs,1,0,0,1,F,4.13548810504016,VHigh,Middle,0,0,female_1,1
296,1,3,"Jones, Dr. Emma",female,31.700000000000003,2,1,184504,6.9751,D127,S,4,Dr,0,1,0,1,D,2.0763241877772463,Low,Young,0,0,female_3,1
297,1,3,"Brown, Mr. Arthur",male,30.65,1,2,222361,4.1952,C108,S,4,Mr,0,1,0,1,C,1.6477351223664445,Low,Young,0,0,male_3,0
298,1,1,"Taylor, Mr. William",male,30.65,0,0,367659,30.5558,D149,Q,1,Mr,1,0,0,1,D,3.451757407273856,High,Young,0,0,male_1,0
299,0,3,"Brown, Lady. Alice",female,8.2,1,1,644913,17.9761,,S,3,Mrs,0,1,0,0,,2.943180292615932,Mid,Child,1,0,female_3,1
300,1,1,"Anderson, Mr. Henry",male,29.7,0,0,660222,26.0,,C,1,Mr,1,0,0,0,,3.295836866004329,High,Young,0,0,male_1,0
301,0,1,"Williams, Mr. Robert",male,18.3,0,0,420874,104.8712,,C,1,Mr,1,0,0,0,,4.662223260946761,VHigh,Young,0,0,male_1,0
302,0,3,"Davis, Mr. James",male,30.65,0,0,734605,14.8063,,S,1,Mr,1,0,0,0,,2.7604085947367896,Mid,Young,0,0,male_3,0
303,1,3,"Williams, Mr. Thomas",male,14.7,1,0,764002,15.3153,C57,S,2,Mr,0,1,0,1,C,2.7921033178627424,Mid,Teen,0,0,male_3,1
304,1,3,"Anderson, Mr. George",male,45.4,1,0,377209,9.8997,,C,2,Mr,0,1,0,0,,2.3887352659205554,Low,Middle,0,0,male_3,0
305,1,3,"Smith, Miss. Florence",female,40.0,0,3,521415,6.2553,F132,S,4,Miss,0,1,0,1,F,1.9817322362737875,Low,Middle,0,0,female_3,1
306,1,3,"Smith, Miss. Emma",female,30.6,2,0,767939,16.0399,G61,Q,3,Miss,0,1,0,1,G,2.835557652839349,Mid,Young,0,0,female_3,1
307,1,3,"Williams, Dr. Emma",female,31.700000000000003,0,0,268669,8.0942,G138,S,1,Dr,1,0,0,1,G,2.207636847683529,Low,Young,0,0,female_3,1
308,1,2,"Williams, Lady. Ellen",female,31.8,1,2,873459,22.0721,B73,S,4,Mrs,0,1,0,1,B,3.138624095351121,High,Young,0,0,female_2,1
309,1,3,"Williams, Mr. Henry",male,30.65,4,0,716168,1.5764,,C,5,Mr,0,0,1,0,,0.9463930756905986,Low,Young,0,0,male_3,0
310,1,2,"Brown, Miss. Margaret",female,26.3,0,1,49530,27.2643,,C,2,Miss,0,1,0,0,,3.341599524209401,High,Young,0,0,female_2,1
311,1,2,"Williams, Mr. Arthur",male,30.65,1,0,149906,20.2009,,Q,2,Mr,0,1,0,0,,3.0540436336070598,High,Young,0,0,male_2,0
312,1,1,"Wilson, Mr. Arthur",male,12.5,0,1,417574,127.2016,,S,2,Mr,0,1,0,0,,4.853604024907908,VHigh,Teen,0,0,male_1,1
313,0,1,"Wilson, Mr. Edward",male,30.65,0,0,937376,52.1903,,Q,1,Mr,1,0,0,0,,3.973876048896245,VHigh,Young,0,0,male_1,0
314,0,3,"Anderson, Mr. Edward",male,55.2,0,2,330838,7.3278,F34,C,3,Mr,0,1,0,1,F,2.1195993156544572,Low,Middle,0,0,male_3,0
315,1,3,"Johnson, Dr. Sarah",female,24.4,0,0,97193,20.7782,B103,C,1,Dr,1,0,0,1,B,3.0809094694614596,High,Young,0,0,female_3,1
316,1,3,"Miller, Miss. Emma",female,16.6,2,0,657786,0.0,,S,3,Miss,0,1,0,0,,0.0,Low,Teen,0,0,female_3,1
317,0,2,"Smith, Dr. William",male,36.7,0,0,191393,12.6391,,S,1,Dr,1,0,0,0,,2.6129406678336893,Mid,Middle,0,0,male_2,0
318,1,1,"Williams, Mr. Thomas",male,32.3,0,0,755723,131.6692,,Q,1,Mr,1,0,0,0,,4.887858811911398,VHigh,Young,0,0,male_1,0
319,1,1,"Brown, Miss. Edith",female,21.1,1,0,214781,149.3008,,S,2,Miss,0,1,0,0,,5.012638619432721,VHigh,Young,0,0,female_1,1
320,0,2,"Taylor, Dr. William",male,36.4,3,0,288829,25.5207,,S,4,Dr,0,1,0,0,,3.2779255601427693,High,Middle,0,0,male_2,0
321,0,3,"Smith, Mr. James",male,38.3,0,0,938837,16.4717,,S,1,Mr,1,0,0,0,,2.8605824290854125,Mid,Middle,0,0,male_3,0
322,0,3,"Brown, Mr. Thomas",male,44.4,4,0,126254,19.3239,,S,5,Mr,0,0,1,0,,3.0117975334280995,High,Middle,0,0,male_3,0
323,1,3,"Williams, Miss. Emma",female,0.5,0,0,676716,15.1679,,S,1,Miss,1,0,0,0,,2.7830277950252897,Mid,Child,1,0,female_3,1
324,0,2,"Miller, Dr. Edith",female,19.1,1,0,312728,10.0,,S,2,Dr,0,1,0,0,,2.3978952727983707,Low,Young,0,0,female_2,1
325,1,3,"Smith, Dr. Robert",male,38.7,0,0,513669,16.3211,,C,1,Dr,1,0,0,0,,2.8519254115101993,Mid,Middle,0,0,male_3,0
326,0,3,"Smith, Mr. George",male,54.7,0,0,192434,14.1186,,S,1,Mr,1,0,0,0,,2.715925773871836,Mid,Middle,0,0,male_3,0
327,1,3,"Davis, Miss. Florence",female,20.6,0,0,545632,21.4245,,S,1,Miss,1,0,0,0,,3.1101541111522524,High,Young,0,0,female_3,1
328,1,3,"Miller, Lady. Florence",female,2.6,0,0,648779,19.9924,,S,1,Mrs,1,0,0,0,,3.0441604674581852,High,Child,1,0,female_3,1
329,0,2,"Brown, Dr. William",male,44.4,0,0,54619,26.9114,G24,S,1,Dr,1,0,0,1,G,3.329035207522731,High,Middle,0,0,male_2,0
330,0,2,"Brown, Lady. Elizabeth",female,27.2,0,0,508750,19.9303,,S,1,Mrs,1,0,0,0,,3.041197869847779,High,Young,0,0,female_2,1
331,0,2,"Miller, Rev. Robert",male,1.8,0,1,641395,40.4225,,S,2,Rev,0,1,0,0,,3.723824211461315,VHigh,Child,1,0,male_2,1
332,0,3,"Smith, Mr. Henry",male,41.0,1,0,484547,8.0519,,S,2,Mr,0,1,0,0,,2.202974680427901,Low,Middle,0,0,male_3,0
333,1,1,"Jones, Miss. Margaret",female,24.6,0,0,236351,153.9656,,C,1,Miss,1,0,0,0,,5.043203156804052,VHigh,Young,0,0,female_1,1
334,0,1,"Wilson, Col. Thomas",male,25.799999999999997,0,0,143015,145.9162,B131,S,1,Col,1,0,0,1,B,4.989862356200968,VHigh,Young,0,0,male_1,0
335,0,1,"Brown, Mr. Edward",male,34.3,0,0,231257,65.792,,S,1,Mr,1,0,0,0,,4.2015833128916995,VHigh,Young,0,0,male_1,0
336,0,1,"Taylor, Dr. Charles",male,31.700000000000003,0,0,725577,39.8766,,S,1,Dr,1,0,0,0,,3.7105577721822085,VHigh,Young,0,0,male_1,0
337,1,3,"Jones, Rev. Henry",male,39.2,1,0,122319,13.1451,,S,2,Rev,0,1,0,0,,2.6493682743644547,Mid,Middle,0,0,male_3,0
338,1,3,"Anderson, Lady. Annie",female,35.5,1,0,424237,14.2898,,C,2,Mrs,0,1,0,0,,2.727185939410686,Mid,Middle,0,0,female_3,1
339,0,3,"Brown, Dr. James",male,36.7,0,0,804780,8.3569,,C,1,Dr,1,0,0,0,,2.2361140390506034,Low,Middle,0,0,male_3,0
340,0,1,"Jones, Miss. Annie",female,24.4,0,0,218358,189.1606,,S,1,Miss,1,0,0,0,,5.2478689782846555,VHigh,Young,0,0,female_1,1
341,1,3,"Johnson, Dr. Edward",male,39.6,1,0,474137,0.0,,S,2,Dr,0,1,0,0,,0.0,Low,Middle,0,0,male_3,0
342,1,3,"Taylor, Mr. Arthur",male,38.0,0,0,681999,6.7437,,S,1,Mr,1,0,0,0,,2.046879609554454,Low,Middle,0,0,male_3,0
343,0,1,"Jones, Mr. Thomas",male,17.8,1,0,95030,111.5279,,S,2,Mr,0,1,0,0,,4.723201190897559,VHigh,Teen,0,0,male_1,0
344,1,2,"Johnson, Mrs. Margaret",female,27.2,0,2,467782,23.9523,,Q,3,Mrs,0,1,0,0,,3.2169660023175473,High,Young,0,0,female_2,1
345,0,2,"Taylor, Col. Thomas",male,23.0,1,0,707371,18.6177,,S,2,Col,0,1,0,0,,2.9764322199464956,Mid,Young,0,0,male_2,0
346,1,3,"Johnson, Mrs. Margaret",female,32.9,0,0,779937,17.1979,,C,1,Mrs,1,0,0,0,,2.9013062028100483,Mid,Young,0,0,female_3,1
347,0,3,"Davis, Dr. Robert",male,31.700000000000003,0,2,244408,17.6862,,S,3,Dr,0,1,0,0,,2.927785283513742,Mid,Young,0,0,male_3,0
348,1,1,"Brown, Miss. Mary",female,36.2,3,0,376709,102.1436,,S,4,Miss,0,1,0,0,,4.636122192027644,VHigh,Middle,0,0,female_1,1
349,1,2,"Anderson, Dr. James",male,27.1,0,0,815072,22.3675,,S,1,Dr,1,0,0,0,,3.1513461680746016,High,Young,0,0,male_2,0
350,1,3,"Jones, Mrs. Alice",female,28.1,0,1,45402,23.1462,,S,2,Mrs,0,1,0,0,,3.1841270178213077,High,Young,0,0,female_3,1
351,0,3,"Taylor, Miss. Elizabeth",female,45.3,0,1,75088,2.8314,,C,2,Miss,0,1,0,0,,1.3432302716488635,Low,Middle,0,0,female_3,1
352,0,3,"Johnson, Mrs. Alice",female,32.3,0,0,987744,5.5855,,S,1,Mrs,1,0,0,0,,1.8848702624569642,Low,Young,0,0,female_3,1
353,0,3,"Wilson, Miss. Ellen",female,15.8,0,0,405107,23.7198,C113,C,1,Miss,1,0,0,1,C,3.207604541941874,High,Teen,0,0,female_3,1
354,1,1,"Jones, Lady. Margaret",female,45.2,0,0,169331,253.2042,,S,1,Mrs,1,0,0,0,,5.538137881042148,VHigh,Middle,0,0,female_1,1
355,0,1,"Davis, Mr. James",male,16.3,0,2,466237,340.6945,,Q,3,Mr,0,1,0,0,,5.833917063001069,VHigh,Teen,0,0,male_1,0
356,0,3,"Brown, Mr. Robert",male,16.1,0,0,170059,0.4029,,S,1,Mr,1,0,0,0,,0.33854152274258953,Low,Teen,0,0,male_3,0
357,0,1,"Williams, Mr. Edward",male,30.65,1,0,193688,144.0144,F124,C,2,Mr,0,1,0,1,F,4.9768330478344565,VHigh,Young,0,0,male_1,0
358,0,3,"Miller, Dr. Florence",female,30.9,0,1,927420,2.5326,,C,2,Dr,0,1,0,0,,1.262034143739206,Low,Young,0,0,female_3,1
359,0,3,"Johnson, Mr. Henry",male,30.65,0,0,151755,9.2792,G117,Q,1,Mr,1,0,0,1,G,2.3301224359871338,Low,Young,0,0,male_3,0
360,1,3,"Brown, Miss. Edith",female,29.6,0,0,464299,13.2916,A144,S,1,Miss,1,0,0,1,A,2.6596719520840826,Mid,Young,0,0,female_3,1
361,0,2,"Williams, Mr. Henry",male,30.9,0,0,806399,22.7615,,C,1,Mr,1,0,0,0,,3.168066623814878,High,Young,0,0,male_2,0
362,0,3,"Anderson, Dr. James",male,45.1,0,0,611952,10.3859,F48,S,1,Dr,1,0,0,1,F,2.432375747774706,Mid,Middle,0,0,male_3,0
363,0,3,"Anderson, Mr. William",male,17.9,0,1,967698,22.6529,,S,2,Mr,0,1,0,0,,3.1634857289850142,High,Teen,0,0,male_3,0
364,1,3,"Johnson, Mrs. Emma",female,29.5,0,0,634562,25.8588,D44,S,1,Mrs,1,0,0,1,D,3.2905935139987976,High,Young,0,0,female_3,1
365,0,3,"Miller, Mr. Edward",male,42.7,0,1,234903,25.9088,,S,2,Mr,0,1,0,0,,3.2924533706564416,High,Middle,0,0,male_3,0
366,0,2,"Anderson, Mr. James",male,36.5,0,0,489089,10.0,,Q,1,Mr,1,0,0,0,,2.3978952727983707,Low,Middle,0,0,male_2,0
367,0,3,"Williams, Mr. Edward",male,30.65,0,0,859093,0.0,,S,1,Mr,1,0,0,0,,0.0,Low,Young,0,0,male_3,0
368,0,3,"Taylor, Rev. George",male,43.0,0,2,622026,17.1474,C56,S,3,Rev,0,1,0,1,C,2.898527299760795,Mid,Middle,0,0,male_3,0
369,1,1,"Brown, Rev. Henry",male,0.5,0,0,213379,62.3141,,S,1,Rev,1,0,0,0,,4.148108053160462,VHigh,Child,1,0,male_1,1
370,1,1,"Williams, Mr. William",male,38.8,0,0,839884,139.0332,,S,1,Mr,1,0,0,0,,4.941879537352524,VHigh,Middle,0,0,male_1,0
371,1,1,"Anderson, Mrs. Mary",female,18.5,0,0,547145,90.2441,,S,1,Mrs,1,0,0,0,,4.513538332837966,VHigh,Young,0,0,female_1,1
372,0,1,"Anderson, Mr. Arthur",male,30.65,1,1,434517,240.8062,,S,3,Mr,0,1,0,0,,5.488136578877608,VHigh,Young,0,0,male_1,0
373,1,1,"Wilson, Mr. Charles",male,30.65,0,0,852332,197.5806,,S,1,Mr,1,0,0,0,,5.291195063053195,VHigh,Young,0,0,male_1,0
374,0,3,"Davis, Mr. Henry",male,47.9,0,0,565748,22.7774,,S,1,Mr,1,0,0,0,,3.1687355497089515,High,Middle,0,0,male_3,0
375,1,1,"Williams, Mr. William",male,28.2,0,0,96923,143.9995,,Q,1,Mr,1,0,0,0,,4.976730294138767,VHigh,Young,0,0,male_1,0
376,1,2,"Johnson, Dr. George",male,42.4,0,0,846232,10.0,,C,1,Dr,1,0,0,0,,2.3978952727983707,Low,Middle,0,0,male_2,0
377,1,3,"Williams, Mr. Arthur",male,51.0,0,1,413048,8.5077,,Q,2,Mr,0,1,0,0,,2.252101996623215,Low,Middle,0,0,male_3,0
378,1,1,"Davis, Mr. James",male,47.1,0,0,974912,50.2727,,S,1,Mr,1,0,0,0,,3.9371584467846534,VHigh,Middle,0,0,male_1,0
379,0,3,"Anderson, Mr. James",male,51.3,1,0,809058,5.7317,,S,2,Mr,0,1,0,0,,1.9068277120557298,Low,Middle,0,0,male_3,0
380,1,2,"Anderson, Miss. Emma",female,33.6,0,0,198944,10.0,D73,S,1,Miss,1,0,0,1,D,2.3978952727983707,Low,Young,0,0,female_2,1
381,1,1,"Davis, Miss. Elizabeth",female,40.4,3,0,487237,49.8084,,S,4,Miss,0,1,0,0,,3.928061695245624,VHigh,Middle,0,0,female_1,1
382,1,3,"Smith, Dr. Mary",female,31.700000000000003,0,2,893371,29.0553,G114,S,3,Dr,0,1,0,1,G,3.403039018141525,High,Young,0,0,female_3,1
383,0,3,"Brown, Mr. Charles",male,26.8,0,0,630447,28.1334,,S,1,Mr,1,0,0,0,,3.371885282320281,High,Young,0,0,male_3,0
384,0,3,"Jones, Mr. Thomas",male,19.0,0,4,551090,5.0452,,S,5,Mr,0,0,1,0,,1.7992645687138287,Low,Young,0,0,male_3,0
385,0,3,"Smith, Mr. Thomas",male,30.65,0,0,288477,14.3257,,S,1,Mr,1,0,0,0,,2.7295311577774815,Mid,Young,0,0,male_3,0
386,0,3,"Anderson, Dr. John",male,31.700000000000003,0,0,307264,6.8756,E121,C,1,Dr,1,0,0,1,E,2.0637693722855404,Low,Young,0,0,male_3,0
387,1,2,"Wilson, Mrs. Elizabeth",female,27.2,0,1,627909,10.0,,S,2,Mrs,0,1,0,0,,2.3978952727983707,Low,Young,0,0,female_2,1
388,1,1,"Williams, Mr. George",male,30.65,0,0,687519,195.5185,,S,1,Mr,1,0,0,0,,5.2807565744604075,VHigh,Young,0,0,male_1,0
389,0,3,"Jones, Mr. Arthur",male,30.6,2,0,427876,20.3054,,S,3,Mr,0,1,0,0,,3.0589605617110895,High,Young,0,0,male_3,0
390,0,3,"Williams, Mr. James",male,52.0,1,3,591131,15.9873,,S,5,Mr,0,0,1,0,,2.8324660060451885,Mid,Middle,0,0,male_3,0
391,1,3,"Davis, Mrs. Annie",female,14.7,0,0,659467,39.4187,A17,S,1,Mrs,1,0,0,1,A,3.6992925491623643,VHigh,Teen,0,0,female_3,1
392,0,2,"Davis, Mr. William",male,32.5,0,0,175591,11.7855,,S,1,Mr,1,0,0,0,,2.5483117163085134,Mid,Young,0,0,male_2,0
393,1,2,"Miller, Mr. Robert",male,20.3,0,0,366477,15.3461,,S,1,Mr,1,0,0,0,,2.793989336779862,Mid,Young,0,0,male_2,0
394,1,3,"Johnson, Mr. Robert",male,12.8,0,0,749937,9.4622,,C,1,Mr,1,0,0,0,,2.347768761569366,Low,Teen,0,0,male_3,1
395,0,2,"Anderson, Mr. Charles",male,22.0,0,0,54935,16.298,,C,1,Mr,1,0,0,0,,2.8505908878843202,Mid,Young,0,0,male_2,0
396,0,3,"Davis, Mr. Arthur",male,29.5,0,0,32507,0.0,,S,1,Mr,1,0,0,0,,0.0,Low,Young,0,0,male_3,0
397,0,3,"Anderson, Mr. George",male,24.4,0,0,212132,3.9882,,S,1,Mr,1,0,0,0,,1.6070751232449119,Low,Young,0,0,male_3,0
398,0,2,"Brown, Mr. Thomas",male,30.65,0,1,356415,10.0,D57,S,2,Mr,0,1,0,1,D,2.3978952727983707,Low,Young,0,0,male_2,0
399,1,3,"Jones, Mr. James",male,11.7,5,0,853655,4.4084,,C,6,Mr,0,0,1,0,,1.6879533005024658,Low,Child,1,0,male_3,1
400,0,3,"Smith, Mr. William",male,28.9,1,0,168747,17.664,E52,S,2,Mr,0,1,0,1,E,2.926596534719129,Mid,Young,0,0,male_3,0
401,0,1,"Johnson, Mr. Robert",male,10.4,3,0,385631,42.4544,,S,4,Mr,0,1,0,0,,3.7717121124071484,VHigh,Child,1,0,male_1,1
402,0,3,"Smith, Mr. George",male,39.9,0,0,551961,11.3844,,S,1,Mr,1,0,0,0,,2.516437616067348,Mid,Middle,0,0,male_3,0
403,1,3,"Miller, Miss. Sarah",female,1.5,0,0,119619,21.0481,,S,1,Miss,1,0,0,0,,3.0932264303797434,High,Child,1,0,female_3,1
404,1,3,"Smith, Mrs. Alice",female,31.5,0,1,569758,6.1031,,C,2,Mrs,0,1,0,0,,1.9605313084749265,Low,Young,0,0,female_3,1
405,0,2,"Smith, Mr. Thomas",male,26.0,0,0,838035,33.2803,,S,1,Mr,1,0,0,0,,3.5345708451498616,High,Young,0,0,male_2,0
406,1,3,"Williams, Col. Henry",male,20.2,0,1,488041,16.2918,,S,2,Col,0,1,0,0,,2.8502324006963975,Mid,Young,0,0,male_3,0
407,0,2,"Smith, Dr. James",male,34.1,0,2,434446,10.0,,S,3,Dr,0,1,0,0,,2.3978952727983707,Low,Young,0,0,male_2,0
408,0,1,"Jones, Col. Arthur",male,47.4,0,0,679902,26.0,,S,1,Col,1,0,0,0,,3.295836866004329,High,Middle,0,0,male_1,0
409,1,3,"Miller, Miss. Emma",female,23.1,0,0,775923,16.1151,,C,1,Miss,1,0,0,0,,2.839961114793008,Mid,Young,0,0,female_3,1
410,0,1,"Miller, Mr. Robert",male,31.5,0,0,857839,29.992,,C,1,Mr,1,0,0,0,,3.4337291066646403,High,Young,0,0,male_1,0
411,1,2,"Jones, Miss. Annie",female,24.0,0,0,588109,14.0228,,S,1,Miss,1,0,0,0,,2.7095690470714797,Mid,Young,0,0,female_2,1
412,0,3,"Davis, Mr. James",male,38.7,0,1,307834,14.4229,,S,2,Mr,0,1,0,0,,2.7358534178975953,Mid,Middle,0,0,male_3,0
413,0,3,"Jones, Mr. Thomas",male,30.65,0,2,540942,20.3777,,S,3,Mr,0,1,0,0,,3.0623483226351302,High,Young,0,0,male_3,0
414,0,3,"Davis, Miss. Elizabeth",female,33.1,0,0,470773,11.2407,,S,1,Miss,1,0,0,0,,2.504766464991404,Mid,Young,0,0,female_3,1
415,1,3,"Smith, Miss. Edith",female,7.0,0,0,646547,15.675,D94,S,1,Miss,1,0,0,1,D,2.8139105918016876,Mid,Child,1,0,female_3,1
416,0,2,"Miller, Miss. Mary",female,36.8,3,2,750904,24.6037,C28,S,6,Miss,0,0,1,1,C,3.242736872291882,High,Middle,0,0,female_2,1
417,0,2,"Brown, Dr. Edith",female,31.700000000000003,0,2,360408,11.8935,,S,3,Dr,0,1,0,0,,2.556723308410479,Mid,Young,0,0,female_2,1
418,0,2,"Miller, Mr. Thomas",male,30.3,1,0,823878,33.7107,,S,2,Mr,0,1,0,0,,3.5470479967691606,High,Young,0,0,male_2,0
419,1,3,"Miller, Miss. Edith",female,24.0,0,0,367659,32.2203,,S,1,Miss,1,0,0,0,,3.5031611348487672,High,Young,0,0,female_3,1
420,0,3,"Davis, Mr. Robert",male,29.2,0,0,582772,15.5383,G124,C,1,Mr,1,0,0,1,G,2.8056789031765637,Mid,Young,0,0,male_3,0
421,0,3,"Brown, Mrs. Margaret",female,25.3,0,2,578366,27.8552,,S,3,Mrs,0,1,0,0,,3.362290219346672,High,Young,0,0,female_3,1
422,0,3,"Johnson, Mr. Edward",male,30.65,0,0,533259,7.3371,,S,1,Mr,1,0,0,0,,2.1207154340788623,Low,Young,0,0,male_3,0
423,0,1,"Smith, Mrs. Florence",female,45.6,0,0,386968,105.0123,,S,1,Mrs,1,0,0,0,,4.6635551251160585,VHigh,Middle,0,0,female_1,1
424,0,3,"Brown, Mr. Arthur",male,9.4,1,0,538513,13.3017,,S,2,Mr,0,1,0,0,,2.6603784113189426,Mid,Child,1,0,male_3,1
425,0,1,"Smith, Mr. James",male,33.5,0,0,396242,26.0,,S,1,Mr,1,0,0,0,,3.295836866004329,High,Young,0,0,male_1,0
426,0,3,"Davis, Mr. John",male,30.65,0,0,84745,2.4864,,S,1,Mr,1,0,0,0,,1.2488696852082184,Low,Young,0,0,male_3,0
427,1,2,"Smith, Miss. Mary",female,44.3,0,6,251268,10.0,,C,7,Miss,0,0,1,0,,2.3978952727983707,Low,Middle,0,0,female_2,1
428,1,3,"Williams, Mr. Robert",male,41.6,2,0,484475,20.3986,,S,3,Mr,0,1,0,0,,3.06332549932704,High,Middle,0,0,male_3,0
429,0,2,"Davis, Mr. Charles",male,30.65,0,0,186559,37.7227,,S,1,Mr,1,0,0,0,,3.6564259913822137,VHigh,Young,0,0,male_2,0
430,0,1,"Johnson, Mr. Arthur",male,31.9,0,0,734036,86.5591,,S,1,Mr,1,0,0,0,,4.472313993935779,VHigh,Young,0,0,male_1,0
431,0,1,"Jones, Col. William",male,25.799999999999997,0,0,21721,159.0357,,S,1,Col,1,0,0,0,,5.075396915345146,VHigh,Young,0,0,male_1,0
432,1,3,"Wilson, Miss. Elizabeth",female,24.0,1,0,405803,11.5227,B52,S,2,Miss,0,1,0,1,B,2.5275429973738426,Mid,Young,0,0,female_3,1
433,0,3,"Wilson, Mr. George",male,26.5,5,0,118878,23.8174,,S,6,Mr,0,0,1,0,,3.211545020058894,High,Young,0,0,male_3,0
434,1,1,"Williams, Miss. Florence",female,28.9,0,0,573725,45.6748,,S,1,Miss,1,0,0,0,,3.8432044044694895,VHigh,Young,0,0,female_1,1
435,1,1,"Taylor, Mr. James",male,2.0,1,0,160061,64.1351,,S,2,Mr,0,1,0,0,,4.176463574421244,VHigh,Child,1,0,male_1,1
436,0,3,"Anderson, Mr. James",male,20.7,1,0,698086,10.6097,C113,S,2,Mr,0,1,0,1,C,2.4518409555826652,Mid,Young,0,0,male_3,0
437,1,1,"Brown, Mrs. Annie",female,47.3,0,0,735900,26.0,D60,S,1,Mrs,1,0,0,1,D,3.295836866004329,High,Middle,0,0,female_1,1
438,0,3,"Johnson, Miss. Emma",female,16.4,0,2,876269,9.2092,,S,3,Miss,0,1,0,0,,2.3232892745523372,Low,Teen,0,0,female_3,1
439,0,3,"Johnson, Rev. Henry",male,28.3,0,2,632503,21.7879,,S,3,Rev,0,1,0,0,,3.12622969333399,High,Young,0,0,male_3,0
440,0,1,"Johnson, Mr. Edward",male,31.0,4,0,397581,32.4797,,C,5,Mr,0,0,1,0,,3.5109392850076517,High,Young,0,0,male_1,0
441,1,1,"Anderson, Dr. Annie",female,8.8,0,0,837600,208.2598,,C,1,Dr,1,0,0,0,,5.343576542203615,VHigh,Child,1,0,female_1,1
442,1,3,"Wilson, Mr. James",male,21.5,1,2,992173,19.1868,,S,4,Mr,0,1,0,0,,3.0050289254590856,High,Young,0,0,male_3,0
443,1,2,"Smith, Lady. Annie",female,27.2,0,0,374258,31.9181,B121,Q,1,Mrs,1,0,0,1,B,3.4940226584688934,High,Young,0,0,female_2,1
444,0,2,"Davis, Miss. Annie",female,35.1,1,1,343760,20.2978,,S,3,Miss,0,1,0,0,,3.058603780995997,High,Middle,0,0,female_2,1
445,0,3,"Brown, Mrs. Mary",female,38.5,0,2,148480,21.0105,E81,Q,3,Mrs,0,1,0,1,E,3.0915196122271866,High,Middle,0,0,female_3,1
446,0,3,"Williams, Mr. Edward",male,48.3,0,0,931657,7.5346,C89,S,1,Mr,1,0,0,1,C,2.1441284893016515,Low,Middle,0,0,male_3,0
447,0,3,"Jones, Miss. Sarah",female,28.6,1,0,397031,11.1982,,S,2,Miss,0,1,0,0,,2.5012883998703628,Mid,Young,0,0,female_3,1
448,0,3,"Anderson, Dr. Henry",male,30.2,1,2,676415,25.5931,G58,S,4,Dr,0,1,0,1,G,3.2806517836418037,High,Young,0,0,male_3,0
449,0,2,"Davis, Mr. Henry",male,30.65,1,0,816192,17.1204,,S,2,Mr,0,1,0,0,,2.8970383754263707,Mid,Young,0,0,male_2,0
450,0,1,"Wilson, Col. Henry",male,33.0,0,0,552040,59.7751,,S,1,Col,1,0,0,0,,4.107180165614244,VHigh,Young,0,0,male_1,0
451,0,3,"Anderson, Dr. Robert",male,42.4,1,0,755089,10.4609,,S,2,Dr,0,1,0,0,,2.4389412422343715,Mid,Middle,0,0,male_3,0
452,1,3,"Brown, Dr. Florence",female,52.5,0,0,931304,24.0763,,S,1,Dr,1,0,0,0,,3.2219231769707215,High,Middle,0,0,female_3,1
453,1,2,"Anderson, Lady. Florence",female,27.2,0,0,76573,11.9862,,C,1,Mrs,1,0,0,0,,2.5638872551689915,Mid,Young,0,0,female_2,1
454,1,3,"Anderson, Mrs. Margaret",female,40.1,0,0,433270,4.8379,,S,1,Mrs,1,0,0,0,,1.7643711431313975,Low,Middle,0,0,female_3,1
455,0,1,"Miller, Mr. Robert",male,15.1,0,6,202888,85.9421,,C,7,Mr,0,0,1,0,,4.4652423798583,VHigh,Teen,0,0,male_1,0
456,0,3,"Jones, Mr. John",male,31.4,0,0,299010,28.0558,,S,1,Mr,1,0,0,0,,3.3692181191352812,High,Young,0,0,male_3,0
457,0,1,"Davis, Mr. William",male,29.6,8,0,797424,77.5762,,S,9,Mr,0,0,1,0,,4.364068854600104,VHigh,Young,0,0,male_1,0
458,1,3,"Wilson, Miss. Elizabeth",female,43.0,0,0,820128,11.8612,F56,S,1,Miss,1,0,0,1,F,2.5542150270533246,Mid,Middle,0,0,female_3,1
459,1,1,"Wilson, Mr. Henry",male,28.3,0,0,463498,512.0,,S,1,Mr,1,0,0,0,,6.240275845170769,VHigh,Young,0,0,male_1,0
460,0,1,"Davis, Mrs. Alice",female,34.3,0,0,243886,33.5283,,S,1,Mrs,1,0,0,0,,3.5417792776385344,High,Young,0,0,female_1,1
461,0,1,"Wilson, Mr. Robert",male,22.9,0,2,895129,39.4261,,C,3,Mr,0,1,0,0,,3.699475615977315,VHigh,Young,0,0,male_1,0
462,0,3,"Anderson, Dr. Robert",male,31.2,0,1,83541,1.2566,,S,2,Dr,0,1,0,0,,0.8138592557222086,Low,Young,0,0,male_3,0
463,1,3,"Taylor, Dr. Florence",female,20.1,3,0,62838,16.975,,S,4,Dr,0,1,0,0,,2.8889819036071103,Mid,Young,0,0,female_3,1
464,0,3,"Miller, Rev. William",male,29.35,1,0,825832,0.0964,,C,2,Rev,0,1,0,0,,0.09203208544649367,Low,Young,0,0,male_3,0
465,1,3,"Jones, Mrs. Emma",female,31.5,1,0,354421,5.4633,,S,2,Mrs,0,1,0,0,,1.8661400232755758,Low,Young,0,0,female_3,1
466,1,2,"Brown, Miss. Alice",female,47.2,5,0,390836,27.4412,,Q,6,Miss,0,0,1,0,,3.3478387981377216,High,Middle,0,0,female_2,1
467,0,2,"Jones, Mr. Charles",male,30.65,0,0,289709,21.8199,G75,Q,1,Mr,1,0,0,1,G,3.1276329623033816,High,Young,0,0,male_2,0
468,0,3,"Anderson, Dr. James",male,35.6,0,0,49585,14.6068,,S,1,Dr,1,0,0,0,,2.7477067167157,Mid,Middle,0,0,male_3,0
469,0,1,"Anderson, Mr. Thomas",male,21.6,0,4,962337,159.5867,,S,5,Mr,0,0,1,0,,5.078833983637527,VHigh,Young,0,0,male_1,0
470,1,3,"Miller, Dr. Ellen",female,27.6,0,0,393703,0.0,,S,1,Dr,1,0,0,0,,0.0,Low,Young,0,0,female_3,1
471,1,1,"Wilson, Mr. John",male,30.65,0,0,808526,512.0,,C,1,Mr,1,0,0,0,,6.240275845170769,VHigh,Young,0,0,male_1,0
472,0,3,"Brown, Mr. Charles",male,30.65,0,1,172352,8.1075,,S,2,Mr,0,1,0,0,,2.209098249900582,Low,Young,0,0,male_3,0
473,0,1,"Davis, Mr. Charles",male,43.0,0,0,580935,330.0051,,S,1,Mr,1,0,0,0,,5.802133783113348,VHigh,Middle,0,0,male_1,0
474,1,3,"Smith, Mrs. Florence",female,30.1,0,0,709738,29.5051,,C,1,Mrs,1,0,0,0,,3.4178938827495653,High,Young,0,0,female_3,1
475,0,3,"Miller, Mr. Robert",male,48.1,0,0,947017,5.1887,,S,1,Mr,1,0,0,0,,1.8227250484849349,Low,Middle,0,0,male_3,0
476,0,3,"Miller, Mrs. Ellen",female,32.0,0,0,927658,18.0142,,C,1,Mrs,1,0,0,0,,2.9451860684467865,Mid,Young,0,0,female_3,1
477,0,1,"Taylor, Miss. Margaret",female,24.3,0,1,892230,78.5465,F86,S,2,Miss,0,1,0,1,F,4.37634175633002,VHigh,Young,0,0,female_1,1
478,0,3,"Smith, Mr. William",male,33.4,0,0,431350,7.6227,,S,1,Mr,1,0,0,0,,2.154398260688879,Low,Young,0,0,male_3,0
479,0,3,"Brown, Mr. Robert",male,28.3,0,1,796260,0.0,,C,2,Mr,0,1,0,0,,0.0,Low,Young,0,0,male_3,0
480,1,3,"Wilson, Dr. Alice",female,20.9,1,0,642338,12.8893,,S,2,Dr,0,1,0,0,,2.6311187595280106,Mid,Young,0,0,female_3,1
481,1,3,"Davis, Mr. John",male,40.3,0,0,411894,11.4444,,S,1,Mr,1,0,0,0,,2.5212707225239264,Mid,Middle,0,0,male_3,0
482,1,3,"Taylor, Dr. Elizabeth",female,26.0,0,1,671654,9.0781,,S,2,Dr,0,1,0,0,,2.310364752812869,Low,Young,0,0,female_3,1
483,1,3,"Williams, Col. Robert",male,47.0,1,0,281718,16.9809,,S,2,Col,0,1,0,0,,2.8893100834080863,Mid,Middle,0,0,male_3,0
484,0,3,"Williams, Mr. Thomas",male,30.65,0,0,45183,6.2434,,S,1,Mr,1,0,0,0,,1.980090709423497,Low,Young,0,0,male_3,0
485,1,3,"Smith, Mrs. Margaret",female,17.1,0,0,714107,2.632,,Q,1,Mrs,1,0,0,0,,1.2897834607390468,Low,Teen,0,0,female_3,1
486,0,3,"Wilson, Col. Thomas",male,44.6,1,0,338750,13.9817,,S,2,Col,0,1,0,0,,2.706829456296373,Mid,Middle,0,0,male_3,0
487,0,1,"Brown, Col. Henry",male,15.8,0,0,159710,118.3124,F47,S,1,Col,1,0,0,1,F,4.781745263350466,VHigh,Teen,0,0,male_1,0
488,1,2,"Davis, Mr. William",male,24.7,1,0,67194,25.9288,,S,2,Mr,0,1,0,0,,3.2931963458603892,High,Young,0,0,male_2,0
489,0,3,"Brown, Mr. Edward",male,15.6,1,0,450769,21.3528,,S,2,Mr,0,1,0,0,,3.106951592854797,High,Teen,0,0,male_3,0
490,0,3,"Wilson, Col. Edward",male,27.2,0,0,36082,0.0,E93,Q,1,Col,1,0,0,1,E,0.0,Low,Young,0,0,male_3,0
491,0,3,"Miller, Mr. Henry",male,30.65,0,2,681666,7.797,,C,3,Mr,0,1,0,0,,2.1744107542705375,Low,Young,0,0,male_3,0
492,1,3,"Anderson, Miss. Florence",female,30.3,0,0,904803,10.6779,,S,1,Miss,1,0,0,0,,2.4576981667145605,Mid,Young,0,0,female_3,1
493,0,2,"Jones, Mr. Thomas",male,30.65,0,1,137899,10.0,,S,2,Mr,0,1,0,0,,2.3978952727983707,Low,Young,0,0,male_2,0
494,1,1,"Jones, Dr. Florence",female,26.6,0,0,279951,64.1284,,S,1,Dr,1,0,0,0,,4.176360706004444,VHigh,Young,0,0,female_1,1
495,1,3,"Williams, Mr. Robert",male,22.7,0,0,192414,29.8397,,S,1,Mr,1,0,0,0,,3.428802821021356,High,Young,0,0,male_3,0
496,1,2,"Brown, Miss. Edith",female,20.3,0,1,42143,13.8343,,S,2,Miss,0,1,0,0,,2.696942066920034,Mid,Young,0,0,female_2,1
497,0,3,"Johnson, Mr. Thomas",male,8.1,0,0,131952,34.971,,S,1,Mr,1,0,0,0,,3.5827130582663256,High,Child,1,0,male_3,1
498,1,1,"Johnson, Miss. Annie",female,24.3,0,0,330558,30.7887,,Q,1,Miss,1,0,0,0,,3.459110880723862,High,Young,0,0,female_1,1
499,1,3,"Anderson, Mr. Charles",male,42.5,0,0,755662,13.8285,,S,1,Mr,1,0,0,0,,2.6965510047091894,Mid,Middle,0,0,male_3,0
500,0,3,"Smith, Mr. Edward",male,51.0,0,0,821147,17.2862,A38,C,1,Mr,1,0,0,1,A,2.906146677011527,Mid,Middle,0,0,male_3,0
501,0,3,"Jones, Mr. Robert",male,30.65,1,0,727414,35.7693,,S,2,Mr,0,1,0,0,,3.604663257873335,VHigh,Young,0,0,male_3,0
502,0,3,"Davis, Mr. Henry",male,22.3,0,0,869366,4.0577,,S,1,Mr,1,0,0,0,,1.620911834507728,Low,Young,0,0,male_3,0
503,0,2,"Davis, Mr. William",male,29.7,0,1,22202,41.5382,,C,2,Mr,0,1,0,0,,3.7504024957597997,VHigh,Young,0,0,male_2,0
504,0,3,"Jones, Mr. John",male,30.65,2,0,562275,6.2062,,S,3,Mr,0,1,0,0,,1.974941766589652,Low,Young,0,0,male_3,0
505,1,3,"Smith, Miss. Sarah",female,23.9,0,2,176812,13.2893,,C,3,Miss,0,1,0,0,,2.6595110054375484,Mid,Young,0,0,female_3,1
506,0,1,"Brown, Rev. Arthur",male,35.5,0,2,781562,75.51,,S,3,Rev,0,1,0,0,,4.3374214512437606,VHigh,Middle,0,0,male_1,0
507,0,3,"Wilson, Mr. James",male,23.8,0,0,86848,13.2011,B88,S,1,Mr,1,0,0,1,B,2.6533194263957056,Mid,Young,0,0,male_3,0
508,0,3,"Taylor, Mr. Robert",male,29.8,0,0,489106,28.2419,,C,1,Mr,1,0,0,0,,3.375602612250667,High,Young,0,0,male_3,0
509,1,3,"Anderson, Miss. Edith",female,18.6,0,2,194943,14.3627,,S,3,Miss,0,1,0,0,,2.7319424935218124,Mid,Young,0,0,female_3,1
510,0,3,"Wilson, Mr. Robert",male,30.65,0,2,267476,10.3658,,C,3,Mr,0,1,0,0,,2.430608846380151,Mid,Young,0,0,male_3,0
511,0,3,"Miller, Col. William",male,24.3,0,0,678987,7.4366,,Q,1,Col,1,0,0,0,,2.132579383842688,Low,Young,0,0,male_3,0
512,0,2,"Davis, Mr. George",male,28.6,1,0,240721,24.3796,,S,2,Mr,0,1,0,0,,3.233945701720752,High,Young,0,0,male_2,0
513,1,3,"Taylor, Miss. Edith",female,22.4,0,0,235366,5.5675,,S,1,Miss,1,0,0,0,,1.8821332425775579,Low,Young,0,0,female_3,1
514,0,3,"Brown, Miss. Florence",female,24.0,0,0,585357,29.6176,G115,S,1,Miss,1,0,0,1,G,3.421575007013957,High,Young,0,0,female_3,1
515,0,1,"Anderson, Mr. John",male,30.65,1,0,50409,40.6553,,S,2,Mr,0,1,0,0,,3.729428611417503,VHigh,Young,0,0,male_1,0
516,1,1,"Miller, Miss. Ellen",female,21.1,0,0,268329,100.3576,,C,1,Miss,1,0,0,0,,4.618654857753077,VHigh,Young,0,0,female_1,1
517,1,2,"Smith, Miss. Florence",female,29.4,1,0,366166,10.0,,S,2,Miss,0,1,0,0,,2.3978952727983707,Low,Young,0,0,female_2,1
518,0,3,"Smith, Dr. Edward",male,26.2,0,0,483851,22.2759,,S,1,Dr,1,0,0,0,,3.1474184905143576,High,Young,0,0,male_3,0
519,1,3,"Johnson, Miss. Annie",female,24.0,1,0,121689,22.8532,,S,2,Miss,0,1,0,0,,3.171918380241862,High,Young,0,0,female_3,1
520,0,1,"Johnson, Col. William",male,25.799999999999997,0,0,116948,512.0,C110,S,1,Col,1,0,0,1,C,6.240275845170769,VHigh,Young,0,0,male_1,0
521,0,3,"Wilson, Mr. Charles",male,45.3,1,0,726846,8.261,E17,C,2,Mr,0,1,0,1,E,2.225812034188132,Low,Middle,0,0,male_3,0
522,1,2,"Anderson, Mr. Edward",male,34.8,1,0,535899,23.3986,,S,2,Mr,0,1,0,0,,3.19452575360385,High,Young,0,0,male_2,0
523,0,3,"Williams, Mr. Robert",male,28.6,0,0,922479,16.6816,,Q,1,Mr,1,0,0,0,,2.872524550852381,Mid,Young,0,0,male_3,0
524,0,3,"Miller, Mr. Charles",male,35.8,0,0,565945,18.9997,F126,S,1,Mr,1,0,0,1,F,2.99571727344149,Mid,Middle,0,0,male_3,0
525,1,3,"Brown, Mrs. Emma",female,3.8,0,0,552750,0.8507,,S,1,Mrs,1,0,0,0,,0.6155639459015656,Low,Child,1,0,female_3,1
526,1,3,"Johnson, Rev. Arthur",male,15.4,0,2,782112,8.9032,,S,3,Rev,0,1,0,0,,2.2928579372354636,Low,Teen,0,0,male_3,0
527,0,2,"Wilson, Mr. Thomas",male,14.5,0,0,99299,24.9291,,S,1,Mr,1,0,0,0,,3.2553658901167384,High,Teen,0,0,male_2,1
528,0,2,"Johnson, Mr. Thomas",male,31.9,0,0,834979,36.904,,Q,1,Mr,1,0,0,0,,3.63505664741643,VHigh,Young,0,0,male_2,0
529,1,1,"Miller, Miss. Mary",female,62.0,0,0,904186,82.0979,,S,1,Miss,1,0,0,0,,4.420019430783968,VHigh,Senior,0,1,female_1,1
530,0,3,"Anderson, Mr. Robert",male,59.0,0,3,956567,6.3987,E11,C,4,Mr,0,1,0,1,E,2.0013043091016693,Low,Middle,0,0,male_3,0
531,0,3,"Williams, Mr. Charles",male,38.3,0,0,770814,10.2926,A122,S,1,Mr,1,0,0,1,A,2.4241476439424363,Low,Middle,0,0,male_3,0
532,0,3,"Smith, Mr. Edward",male,30.65,0,0,354417,0.0,,S,1,Mr,1,0,0,0,,0.0,Low,Young,0,0,male_3,0
533,1,3,"Williams, Dr. James",male,6.6,0,0,523622,14.6829,,S,1,Dr,1,0,0,0,,2.7525709468008994,Mid,Child,1,0,male_3,1
534,0,3,"Anderson, Miss. Florence",female,26.0,0,0,351541,12.6015,C74,S,1,Miss,1,0,0,1,C,2.6101800807777042,Mid,Young,0,0,female_3,1
535,1,3,"Brown, Lady. Emma",female,16.2,0,0,587076,6.4394,,S,1,Mrs,1,0,0,0,,2.0067902004317144,Low,Teen,0,0,female_3,1
536,0,3,"Davis, Mr. Charles",male,21.9,0,0,183595,11.2989,,S,1,Mr,1,0,0,0,,2.509509827484882,Mid,Young,0,0,male_3,0
537,1,3,"Davis, Lady. Margaret",female,19.9,0,0,695644,14.6227,,C,1,Mrs,1,0,0,0,,2.748724984787482,Mid,Young,0,0,female_3,1
538,0,2,"Johnson, Rev. James",male,23.9,0,0,622252,29.6353,,S,1,Rev,1,0,0,0,,3.422152938850414,High,Young,0,0,male_2,0
539,1,2,"Davis, Miss. Annie",female,18.7,0,0,467212,22.7147,,S,1,Miss,1,0,0,0,,3.1660951090281513,High,Young,0,0,female_2,1
540,0,1,"Johnson, Dr. Charles",male,31.700000000000003,1,0,338391,105.7759,,S,2,Dr,0,1,0,0,,4.670732245631365,VHigh,Young,0,0,male_1,0
541,0,3,"Davis, Mr. Edward",male,16.1,0,1,285850,7.3005,,S,2,Mr,0,1,0,0,,2.1163157539519935,Low,Teen,0,0,male_3,0
542,0,3,"Wilson, Mr. John",male,33.1,0,0,496830,12.1292,D29,Q,1,Mr,1,0,0,1,D,2.5748387572886076,Mid,Young,0,0,male_3,0
543,1,1,"Jones, Mrs. Alice",female,37.6,0,1,545212,38.1318,,S,2,Mrs,0,1,0,0,,3.666935435675447,VHigh,Middle,0,0,female_1,1
544,0,3,"Brown, Mr. Charles",male,30.65,1,0,514593,44.7615,,S,2,Mr,0,1,0,0,,3.823443126254579,VHigh,Young,0,0,male_3,0
545,0,3,"Williams, Dr. Charles",male,0.5,2,0,550209,1.7996,,S,3,Dr,0,1,0,0,,1.0294765498332474,Low,Child,1,0,male_3,1
546,1,2,"Smith, Mr. Charles",male,26.3,0,0,428648,11.5794,,S,1,Mr,1,0,0,0,,2.5320605553812863,Mid,Young,0,0,male_2,0
547,1,1,"Brown, Mrs. Edith",female,1.9,0,2,915392,87.1896,,S,3,Mrs,0,1,0,0,,4.479489042228163,VHigh,Child,1,0,female_1,1
548,1,3,"Taylor, Mr. James",male,55.5,1,0,552101,8.1509,,S,2,Mr,0,1,0,0,,2.2138522351060756,Low,Middle,0,0,male_3,0
549,0,3,"Wilson, Mrs. Elizabeth",female,38.0,0,0,639036,6.5181,,S,1,Mrs,1,0,0,0,,2.0173134464634725,Low,Middle,0,0,female_3,1
550,0,3,"Jones, Mrs. Alice",female,26.4,0,0,905420,2.8691,,S,1,Mrs,1,0,0,0,,1.3530219218563182,Low,Young,0,0,female_3,1
551,0,3,"Anderson, Mr. John",male,24.0,0,0,730610,12.6284,,C,1,Mr,1,0,0,0,,2.6121558507034637,Mid,Young,0,0,male_3,0
552,1,3,"Anderson, Miss. Emma",female,26.3,0,0,922510,0.0,,S,1,Miss,1,0,0,0,,0.0,Low,Young,0,0,female_3,1
553,0,3,"Miller, Mr. Thomas",male,64.4,2,0,996460,21.5213,,C,3,Mr,0,1,0,0,,3.1144615280707453,High,Senior,0,1,male_3,0
554,0,3,"Taylor, Miss. Emma",female,43.2,8,0,667428,13.495,,S,9,Miss,0,0,1,0,,2.673803762373619,Mid,Middle,0,0,female_3,1
555,0,3,"Wilson, Mr. William",male,33.3,1,0,574215,16.8019,,C,2,Mr,0,1,0,0,,2.8793051931745968,Mid,Young,0,0,male_3,0
556,1,2,"Anderson, Mrs. Ellen",female,39.4,0,0,473558,22.9961,D46,S,1,Mrs,1,0,0,1,D,3.17789131714339,High,Middle,0,0,female_2,1
557,1,1,"Anderson, Lady. Annie",female,22.2,1,0,901580,73.2519,C132,S,2,Mrs,0,1,0,1,C,4.307463366581,VHigh,Young,0,0,female_1,1
558,1,1,"Anderson, Mrs. Sarah",female,4.8,0,0,564827,85.1397,,S,1,Mrs,1,0,0,0,,4.455970396917323,VHigh,Child,1,0,female_1,1
559,1,3,"Williams, Miss. Florence",female,24.0,0,0,283827,2.5235,,S,1,Miss,1,0,0,0,,1.2594548137849402,Low,Young,0,0,female_3,1
560,0,3,"Wilson, Mr. George",male,24.9,1,0,133031,9.7781,,S,2,Mr,0,1,0,0,,2.3775162976274764,Low,Young,0,0,male_3,0
561,0,3,"Williams, Mr. Charles",male,30.65,0,0,357295,5.2635,,S,1,Mr,1,0,0,0,,1.8347391343021096,Low,Young,0,0,male_3,0
562,1,1,"Jones, Miss. Alice",female,23.8,0,2,176746,88.9953,,S,3,Miss,0,1,0,0,,4.4997574467444155,VHigh,Young,0,0,female_1,1
563,1,1,"Taylor, Mr. Arthur",male,38.1,0,2,586991,101.4614,,S,3,Mr,0,1,0,0,,4.629486142286534,VHigh,Middle,0,0,male_1,0
564,0,1,"Anderson, Mr. Robert",male,25.2,1,1,855242,97.345,C143,S,3,Mr,0,1,0,1,C,4.588481704701856,VHigh,Young,0,0,male_1,0
565,0,2,"Miller, Mrs. Margaret",female,48.1,0,0,358255,24.9923,,C,1,Mrs,1,0,0,0,,3.2578003403131177,High,Middle,0,0,female_2,1
566,1,3,"Miller, Dr. Alice",female,55.8,0,0,750703,23.4704,,S,1,Dr,1,0,0,0,,3.197464223867769,High,Middle,0,0,female_3,1
567,1,2,"Miller, Mrs. Florence",female,27.2,0,0,882409,18.2488,,S,1,Mrs,1,0,0,0,,2.9574487211283826,Mid,Young,0,0,female_2,1
568,0,2,"Brown, Mr. James",male,29.3,1,0,752474,17.8224,,S,2,Mr,0,1,0,0,,2.9350476499374842,Mid,Young,0,0,male_2,0
569,1,3,"Williams, Mrs. Ellen",female,27.2,1,0,676477,3.2043,,S,2,Mrs,0,1,0,0,,1.4361078110776013,Low,Young,0,0,female_3,1
570,1,2,"Smith, Mr. James",male,46.4,0,1,800097,31.7152,,S,2,Mr,0,1,0,0,,3.4878398017066528,High,Middle,0,0,male_2,0
571,0,3,"Brown, Miss. Mary",female,11.8,0,1,840822,28.7583,,C,2,Miss,0,1,0,0,,3.393108084677359,High,Child,1,0,female_3,1
572,1,3,"Davis, Col. Charles",male,21.5,0,1,871316,12.7163,,S,2,Col,0,1,0,0,,2.6185849066274463,Mid,Young,0,0,male_3,0
573,1,2,"Williams, Miss. Alice",female,12.7,4,0,598175,15.1288,D54,S,5,Miss,0,0,1,1,D,2.7806064938333646,Mid,Teen,0,0,female_2,1
574,1,3,"Davis, Miss. Edith",female,19.3,0,0,713626,7.3224,,S,1,Miss,1,0,0,0,,2.1189506747745486,Low,Young,0,0,female_3,1
575,1,3,"Taylor, Rev. Henry",male,2.2,2,0,327685,16.8912,,S,3,Rev,0,1,0,0,,2.884308971850189,Mid,Child,1,0,male_3,1
576,0,3,"Anderson, Miss. Annie",female,19.1,0,0,468018,6.5454,,C,1,Miss,1,0,0,0,,2.0209381060564358,Low,Young,0,0,female_3,1
577,1,1,"Johnson, Mr. Henry",male,43.7,1,0,890751,205.8412,D92,C,2,Mr,0,1,0,1,D,5.331951349096959,VHigh,Middle,0,0,male_1,0
578,1,3,"Williams, Miss. Annie",female,19.9,1,0,17882,1.106,,S,2,Miss,0,1,0,0,,0.7447904137117838,Low,Young,0,0,female_3,1
579,1,3,"Smith, Miss. Emma",female,24.0,1,0,80825,13.1898,,S,2,Miss,0,1,0,0,,2.652523396639925,Mid,Young,0,0,female_3,1
580,1,2,"Anderson, Col. John",male,33.7,3,0,810342,29.6254,E129,S,4,Col,0,1,0,1,E,3.4218297300040836,High,Young,0,0,male_2,0
581,0,3,"Anderson, Dr. Emma",female,29.9,0,0,836998,12.3945,,S,1,Dr,1,0,0,0,,2.5948441749389333,Mid,Young,0,0,female_3,1
582,1,3,"Williams, Mrs. Elizabeth",female,42.8,0,1,204145,3.3281,,S,2,Mrs,0,1,0,0,,1.4651286466376994,Low,Middle,0,0,female_3,1
583,0,3,"Wilson, Mr. Edward",male,30.65,0,0,893951,5.9588,,S,1,Mr,1,0,0,0,,1.940007045688258,Low,Young,0,0,male_3,0
584,0,2,"Johnson, Mr. Thomas",male,31.2,1,1,177248,30.5409,,S,3,Mr,0,1,0,0,,3.4512851163211766,High,Young,0,0,male_2,0
585,1,3,"Miller, Miss. Annie",female,24.0,0,0,93081,15.2273,,S,1,Miss,1,0,0,0,,2.78669500909218,Mid,Young,0,0,female_3,1
586,1,1,"Anderson, Mrs. Florence",female,27.2,0,0,171361,45.5231,,S,1,Mrs,1,0,0,0,,3.8399489634354094,VHigh,Young,0,0,female_1,1
587,1,1,"Anderson, Mrs. Emma",female,29.5,0,0,977915,136.2486,,C,1,Mrs,1,0,0,0,,4.921793879973317,VHigh,Young,0,0,female_1,1
588,1,1,"Wilson, Mrs. Mary",female,20.1,0,0,997130,58.947,A34,S,1,Mrs,1,0,0,1,A,4.093460838519977,VHigh,Young,0,0,female_1,1
589,1,1,"Brown, Mr. James",male,30.65,0,4,119337,44.906,,C,5,Mr,0,0,1,0,,3.8265958274777696,VHigh,Young,0,0,male_1,0
590,1,1,"Taylor, Mrs. Mary",female,27.2,0,0,25362,89.2379,,S,1,Mrs,1,0,0,0,,4.502449516202373,VHigh,Young,0,0,female_1,1
591,1,1,"Johnson, Dr. George",male,38.5,1,0,490826,100.4723,C144,S,2,Dr,0,1,0,1,C,4.619785854832172,VHigh,Middle,0,0,male_1,0
592,0,3,"Davis, Mr. James",male,32.5,0,0,285927,1.29,,C,1,Mr,1,0,0,0,,0.8285518175661483,Low,Young,0,0,male_3,0
593,0,1,"Miller, Mr. Thomas",male,30.65,0,2,185234,77.6866,D115,C,3,Mr,0,1,0,1,D,4.365472874090228,VHigh,Young,0,0,male_1,0
594,1,2,"Wilson, Dr. Charles",male,24.9,0,0,963253,34.7718,E53,S,1,Dr,1,0,0,1,E,3.5771598735033048,High,Young,0,0,male_2,0
595,0,3,"Johnson, Mr. Robert",male,44.6,0,0,771729,24.6999,C45,S,1,Mr,1,0,0,1,C,3.2464871008430203,High,Middle,0,0,male_3,0
596,0,3,"Davis, Mr. John",male,42.3,1,0,406770,21.6427,,C,2,Mr,0,1,0,0,,3.119837504174848,High,Middle,0,0,male_3,0
597,0,3,"Wilson, Miss. Florence",female,43.0,1,0,986072,0.0,,S,2,Miss,0,1,0,0,,0.0,Low,Middle,0,0,female_3,1
598,1,1,"Wilson, Mr. William",male,35.3,0,0,290917,91.1786,,S,1,Mr,1,0,0,0,,4.523727999500743,VHigh,Middle,0,0,male_1,0
599,0,1,"Wilson, Mr. Henry",male,17.4,1,0,476910,169.9799,C15,C,2,Mr,0,1,0,1,C,5.14154600573419,VHigh,Teen,0,0,male_1,0
600,1,1,"Brown, Mr. William",male,12.1,1,0,994054,196.1536,,S,2,Mr,0,1,0,0,,5.283983120364884,VHigh,Teen,0,0,male_1,1
601,1,1,"Williams, Mr. Edward",male,21.9,1,1,187367,60.1682,,S,3,Mr,0,1,0,0,,4.113627446632206,VHigh,Young,0,0,male_1,0
602,0,2,"Johnson, Dr. Henry",male,31.700000000000003,0,0,695691,47.4201,,S,1,Dr,1,0,0,0,,3.879915016770068,VHigh,Young,0,0,male_2,0
603,1,1,"Wilson, Col. William",male,42.4,3,0,317784,48.7694,,S,4,Col,0,1,0,0,,3.9074003373427018,VHigh,Middle,0,0,male_1,0
604,1,1,"Davis, Col. John",male,36.7,0,0,468093,36.5087,,S,1,Col,1,0,0,0,,3.6245729060685266,VHigh,Middle,0,0,male_1,0
605,1,1,"Brown, Miss. Ellen",female,18.3,0,0,843401,115.3436,A18,S,1,Miss,1,0,0,1,A,4.756547881789323,VHigh,Young,0,0,female_1,1
606,0,3,"Taylor, Col. Thomas",male,25.799999999999997,0,0,839418,6.9839,,S,1,Col,1,0,0,0,,2.0774270138806235,Low,Young,0,0,male_3,0
607,0,1,"Jones, Mr. Arthur",male,30.65,0,0,636305,64.6054,,S,1,Mr,1,0,0,0,,4.18365800963535,VHigh,Young,0,0,male_1,0
608,1,2,"Wilson, Mr. James",male,35.6,0,0,388324,22.8007,D22,S,1,Mr,1,0,0,1,D,3.1697149920096175,High,Middle,0,0,male_2,0
609,1,3,"Miller, Mrs. Annie",female,0.5,0,0,541873,13.8507,,S,1,Mrs,1,0,0,0,,2.6980470021848837,Mid,Child,1,0,female_3,1
610,0,3,"Williams, Dr. William",male,39.8,0,0,14122,29.2548,,Q,1,Dr,1,0,0,0,,3.4096548495748285,High,Middle,0,0,male_3,0
611,0,1,"Davis, Col. Edward",male,25.799999999999997,1,0,26838,31.7766,,S,2,Col,0,1,0,0,,3.4897148461546337,High,Young,0,0,male_1,0
612,0,3,"Taylor, Dr. James",male,39.2,1,0,682661,13.8744,,Q,2,Dr,0,1,0,0,,2.699641614483716,Mid,Middle,0,0,male_3,0
613,0,3,"Davis, Mr. Arthur",male,34.6,0,0,295251,23.0501,,S,1,Mr,1,0,0,0,,3.180139154547284,High,Young,0,0,male_3,0
614,1,1,"Anderson, Mr. Edward",male,30.65,1,0,722717,91.1547,A137,C,2,Mr,0,1,0,1,A,4.523468686613338,VHigh,Young,0,0,male_1,0
615,0,3,"Taylor, Rev. Arthur",male,29.7,1,2,753521,17.4899,,S,4,Rev,0,1,0,0,,2.917224637055582,Mid,Young,0,0,male_3,0
616,0,3,"Miller, Mr. James",male,18.5,1,1,899110,9.9207,,S,3,Mr,0,1,0,0,,2.39066007082638,Low,Young,0,0,male_3,0
617,0,1,"Miller, Mr. Thomas",male,27.9,0,0,720571,76.6683,,C,1,Mr,1,0,0,0,,4.352447194719381,VHigh,Young,0,0,male_1,0
618,1,2,"Johnson, Mr. George",male,20.3,1,0,600313,38.0733,,C,2,Mr,0,1,0,0,,3.6654393692830687,VHigh,Young,0,0,male_2,0
619,1,3,"Jones, Miss. Elizabeth",female,24.0,2,1,600808,7.7939,,S,4,Miss,0,1,0,0,,2.17405829930438,Low,Young,0,0,female_3,1
620,1,3,"Smith, Lady. Emma",female,27.2,1,1,551632,12.3026,,S,3,Mrs,0,1,0,0,,2.587959504844082,Mid,Young,0,0,female_3,1
621,1,1,"Williams, Mrs. Florence",female,29.8,0,1,329346,67.0104,,S,2,Mrs,0,1,0,0,,4.219660634658268,VHigh,Young,0,0,female_1,1
622,1,1,"Davis, Dr. Annie",female,33.6,0,0,896518,106.8095,,C,1,Dr,1,0,0,0,,4.680365780751569,VHigh,Young,0,0,female_1,1
623,1,2,"Taylor, Col. Henry",male,5.4,0,0,811391,34.3666,,S,1,Col,1,0,0,0,,3.5657678719359134,High,Child,1,0,male_2,1
624,0,3,"Taylor, Col. Edward",male,32.8,0,1,966255,12.5361,,S,2,Col,0,1,0,0,,2.605360190543434,Mid,Young,0,0,male_3,0
625,0,3,"Brown, Col. William",male,30.0,0,0,405085,30.208,,S,1,Col,1,0,0,0,,3.440674472204355,High,Young,0,0,male_3,0
626,1,2,"Miller, Mrs. Florence",female,23.3,0,0,840696,33.2129,,S,1,Mrs,1,0,0,0,,3.532602765931626,High,Young,0,0,female_2,1
627,1,3,"Williams, Mrs. Emma",female,30.7,1,0,826700,25.1426,B94,C,2,Mrs,0,1,0,1,B,3.2635661676721597,High,Young,0,0,female_3,1
628,0,3,"Miller, Dr. Charles",male,42.2,1,0,618852,13.2199,,S,2,Dr,0,1,0,0,,2.654642392001563,Mid,Middle,0,0,male_3,0
629,1,1,"Williams, Miss. Edith",female,21.5,0,0,967110,26.0,,S,1,Miss,1,0,0,0,,3.295836866004329,High,Young,0,0,female_1,1
630,0,2,"Smith, Mr. Edward",male,20.1,3,0,154622,17.8961,A33,S,4,Mr,0,1,0,1,A,2.9389555515663206,Mid,Young,0,0,male_2,0
631,0,3,"Wilson, Dr. Edith",female,31.700000000000003,0,0,784393,27.0423,E53,S,1,Dr,1,0,0,1,E,3.333714084480071,High,Young,0,0,female_3,1
632,0,3,"Miller, Mr. John",male,17.8,0,0,671062,0.0,,S,1,Mr,1,0,0,0,,0.0,Low,Teen,0,0,male_3,0
633,1,3,"Taylor, Mr. Arthur",male,40.8,1,0,612851,1.161,,S,2,Mr,0,1,0,0,,0.770571077524749,Low,Middle,0,0,male_3,0
634,0,3,"Taylor, Rev. Arthur",male,27.5,1,0,382308,24.785,,Q,2,Rev,0,1,0,0,,3.2497929275029223,High,Young,0,0,male_3,0
635,0,1,"Anderson, Dr. William",male,31.700000000000003,2,0,989249,69.0879,,S,3,Dr,0,1,0,0,,4.24975016858528,VHigh,Young,0,0,male_1,0
636,0,2,"Williams, Mr. James",male,3.9,0,0,239351,19.373,B107,S,1,Mr,1,0,0,1,B,3.014210494799764,High,Child,1,0,male_2,1
637,0,3,"Brown, Mr. John",male,38.3,1,1,296603,1.7126,,C,3,Mr,0,1,0,0,,0.9979075845464773,Low,Middle,0,0,male_3,0
638,1,2,"Jones, Miss. Mary",female,20.0,0,0,853214,21.7215,,S,1,Miss,1,0,0,0,,3.1233116128004124,High,Young,0,0,female_2,1
639,0,2,"Taylor, Mr. George",male,30.8,1,0,491038,28.3824,D18,Q,2,Mr,0,1,0,1,D,3.3803958556327114,High,Young,0,0,male_2,0
640,0,2,"Davis, Mr. Arthur",male,33.6,1,0,147104,10.0,,C,2,Mr,0,1,0,0,,2.3978952727983707,Low,Young,0,0,male_2,0
641,1,1,"Johnson, Col. George",male,47.7,0,1,11825,227.6643,,S,2,Col,0,1,0,0,,5.432254989149988,VHigh,Middle,0,0,male_1,0
642,1,2,"Johnson, Mrs. Elizabeth",female,35.9,0,0,660475,23.3304,B65,S,1,Mrs,1,0,0,1,B,3.1917265972685884,High,Middle,0,0,female_2,1
643,1,1,"Brown, Dr. Robert",male,0.5,1,0,480306,39.6189,,S,2,Dr,0,1,0,0,,3.7042334755295303,VHigh,Child,1,0,male_1,1
644,0,2,"Anderson, Dr. Charles",male,32.4,0,0,783158,15.1214,F31,S,1,Dr,1,0,0,1,F,2.7801475819425936,Mid,Young,0,0,male_2,0
645,0,1,"Anderson, Mr. John",male,53.4,0,0,451317,98.0753,F90,C,1,Mr,1,0,0,1,F,4.595880167080998,VHigh,Middle,0,0,male_1,0
646,0,3,"Taylor, Mr. James",male,46.1,1,1,856541,22.6626,,S,3,Mr,0,1,0,0,,3.163895742622655,High,Middle,0,0,male_3,0
647,1,3,"Wilson, Lady. Florence",female,43.8,0,1,546758,7.3224,,S,2,Mrs,0,1,0,0,,2.1189506747745486,Low,Middle,0,0,female_3,1
648,0,3,"Smith, Mr. John",male,23.6,1,0,275914,10.3192,,S,2,Mr,0,1,0,0,,2.4265003988996057,Mid,Young,0,0,male_3,0
649,0,3,"Miller, Mr. James",male,40.5,0,0,168340,19.9213,,S,1,Mr,1,0,0,0,,3.040767778757415,High,Middle,0,0,male_3,0
650,1,3,"Johnson, Mrs. Edith",female,24.5,0,0,927533,8.2535,,S,1,Mrs,1,0,0,0,,2.225001858335666,Low,Young,0,0,female_3,1
651,0,1,"Anderson, Mr. James",male,36.2,1,0,695443,113.61,,C,2,Mr,0,1,0,0,,4.741535060508608,VHigh,Middle,0,0,male_1,0
652,0,3,"Brown, Col. George",male,36.6,0,0,281102,16.5889,,S,1,Col,1,0,0,0,,2.867268021262487,Mid,Middle,0,0,male_3,0
653,0,3,"Johnson, Mr. Charles",male,43.8,0,0,385950,20.0667,,S,1,Mr,1,0,0,0,,3.0476935947619315,High,Middle,0,0,male_3,0
654,0,3,"Davis, Miss. Mary",female,25.5,1,0,805238,0.0,,S,2,Miss,0,1,0,0,,0.0,Low,Young,0,0,female_3,1
655,0,2,"Williams, Rev. Edward",male,35.1,0,0,304306,10.0,,C,1,Rev,1,0,0,0,,2.3978952727983707,Low,Middle,0,0,male_2,0
656,1,1,"Smith, Mrs. Emma",female,47.5,0,2,871164,90.991,D22,S,3,Mrs,0,1,0,1,D,4.5216907461768,VHigh,Middle,0,0,female_1,1
657,0,2,"Davis, Rev. Edward",male,29.7,0,0,175961,12.2701,,C,1,Rev,1,0,0,0,,2.5855133841107487,Mid,Young,0,0,male_2,0
658,0,2,"Brown, Mr. Charles",male,30.65,1,1,561990,18.9302,,S,3,Mr,0,1,0,0,,2.992236169297282,Mid,Young,0,0,male_2,0
659,0,3,"Smith, Col. Henry",male,21.0,1,0,438993,27.4712,G25,Q,2,Col,0,1,0,1,G,3.348893050032866,High,Young,0,0,male_3,0
660,0,3,"Johnson, Mrs. Sarah",female,15.4,1,0,456187,25.1811,,S,2,Mrs,0,1,0,0,,3.265037776405795,High,Teen,0,0,female_3,1
661,0,2,"Miller, Mr. James",male,23.2,0,0,804171,12.6302,,S,1,Mr,1,0,0,0,,2.612287919115093,Mid,Young,0,0,male_2,0
662,1,3,"Jones, Lady. Elizabeth",female,38.4,1,0,296743,25.993,A54,S,2,Mrs,0,1,0,1,A,3.295577573131578,High,Middle,0,0,female_3,1
663,0,3,"Jones, Mrs. Mary",female,46.1,0,0,308971,15.6224,,S,1,Mrs,1,0,0,0,,2.81075118333413,Mid,Middle,0,0,female_3,1
664,1,1,"Jones, Mr. George",male,44.6,1,0,611109,193.7068,A148,S,2,Mr,0,1,0,1,A,5.271494837294723,VHigh,Middle,0,0,male_1,0
665,0,1,"Johnson, Rev. George",male,29.35,0,6,630971,382.2546,,S,7,Rev,0,0,1,0,,5.948699520289155,VHigh,Young,0,0,male_1,0
666,0,1,"Jones, Col. Henry",male,29.9,1,0,602734,134.9529,,S,2,Col,0,1,0,0,,4.912308502222797,VHigh,Young,0,0,male_1,0
667,0,2,"Williams, Mr. George",male,25.7,1,0,221282,23.1037,F108,S,2,Mr,0,1,0,1,F,3.1823653556835043,High,Young,0,0,male_2,0
668,1,1,"Johnson, Miss. Annie",female,40.0,0,2,880322,73.2914,,Q,3,Miss,0,1,0,0,,4.3079951980527795,VHigh,Middle,0,0,female_1,1
669,1,1,"Jones, Lady. Annie",female,20.9,0,0,499428,115.1535,,S,1,Mrs,1,0,0,0,,4.754912592210542,VHigh,Young,0,0,female_1,1
670,0,2,"Anderson, Rev. Edward",male,18.7,1,0,819471,32.7181,D110,C,2,Rev,0,1,0,1,D,3.5180347851641685,High,Young,0,0,male_2,0
671,0,1,"Miller, Dr. Henry",male,21.4,0,0,922453,29.4224,A149,S,1,Dr,1,0,0,1,A,3.4151791791825743,High,Young,0,0,male_1,0
672,1,3,"Wilson, Miss. Ellen",female,31.2,3,1,784815,13.4968,F103,S,5,Miss,0,0,1,1,F,2.673927935415811,Mid,Young,0,0,female_3,1
673,1,1,"Miller, Mr. Arthur",male,12.5,0,2,972433,103.9522,,S,3,Mr,0,1,0,0,,4.653505008409965,VHigh,Teen,0,0,male_1,1
674,1,3,"Johnson, Miss. Florence",female,28.1,0,2,369511,0.0,,S,3,Miss,0,1,0,0,,0.0,Low,Young,0,0,female_3,1
675,0,2,"Williams, Mr. Edward",male,30.65,0,0,53884,15.5259,,Q,1,Mr,1,0,0,0,,2.8049288471896454,Mid,Young,0,0,male_2,0
676,1,3,"Jones, Dr. Alice",female,31.700000000000003,0,1,690506,13.2937,,S,2,Dr,0,1,0,0,,2.6598188807504792,Mid,Young,0,0,female_3,1
677,0,1,"Wilson, Dr. Charles",male,33.4,2,0,580107,164.1365,D51,C,3,Dr,0,1,0,1,D,5.106772404626377,VHigh,Young,0,0,male_1,0
678,1,2,"Jones, Mr. Edward",male,32.5,0,0,93162,12.978,,Q,1,Mr,1,0,0,0,,2.637484665054937,Mid,Young,0,0,male_2,0
679,0,3,"Anderson, Mr. Charles",male,41.1,1,0,747992,15.7943,,S,2,Mr,0,1,0,0,,2.8210395431245074,Mid,Middle,0,0,male_3,0
680,0,3,"Davis, Mr. Charles",male,28.2,0,0,434524,2.8546,,Q,1,Mr,1,0,0,0,,1.349267240282814,Low,Young,0,0,male_3,0
681,0,3,"Miller, Mr. Arthur",male,30.65,0,3,416270,2.5875,,S,4,Mr,0,1,0,0,,1.2774555810857395,Low,Young,0,0,male_3,0
682,1,2,"Brown, Mrs. Emma",female,14.7,0,2,89606,21.4383,C142,Q,3,Mrs,0,1,0,1,C,3.110769320208988,High,Teen,0,0,female_2,1
683,1,1,"Wilson, Mrs. Margaret",female,49.7,0,0,904221,173.3822,,S,1,Mrs,1,0,0,0,,5.161249442045789,VHigh,Middle,0,0,female_1,1
684,0,3,"Jones, Mr. George",male,22.4,4,0,586306,8.2131,,S,5,Mr,0,0,1,0,,2.22062638429561,Low,Young,0,0,male_3,0
685,0,3,"Wilson, Mr. John",male,0.5,0,0,36250,17.5083,A37,C,1,Mr,1,0,0,1,A,2.9182192801202147,Mid,Child,1,0,male_3,1
686,0,3,"Johnson, Mr. Henry",male,28.3,0,1,679773,4.1591,,S,2,Mr,0,1,0,0,,1.6407621456761263,Low,Young,0,0,male_3,0
687,0,3,"Johnson, Rev. Charles",male,48.5,0,0,349535,27.4482,,S,1,Rev,1,0,0,0,,3.3480848896779847,High,Middle,0,0,male_3,0
688,0,2,"Anderson, Dr. James",male,42.0,0,0,311065,26.9074,,S,1,Dr,1,0,0,0,,3.328891886634183,High,Middle,0,0,male_2,0
689,0,3,"Jones, Rev. Thomas",male,42.6,0,0,867555,0.0,,S,1,Rev,1,0,0,0,,0.0,Low,Middle,0,0,male_3,0
690,0,1,"Johnson, Mr. John",male,46.1,1,0,789599,36.3406,,S,2,Mr,0,1,0,0,,3.6200812065436647,VHigh,Middle,0,0,male_1,0
691,0,2,"Williams, Dr. William",male,31.2,0,0,84363,17.2822,B125,C,1,Dr,1,0,0,1,B,2.90592790889392,Mid,Young,0,0,male_2,0
692,0,2,"Johnson, Mr. William",male,32.6,0,2,166857,10.0,,S,3,Mr,0,1,0,0,,2.3978952727983707,Low,Young,0,0,male_2,0
693,0,3,"Smith, Mr. Robert",male,22.0,0,0,197937,19.8975,A10,S,1,Mr,1,0,0,1,A,3.039629534591174,High,Young,0,0,male_3,0
694,0,2,"Williams, Dr. Sarah",female,31.6,4,0,631688,39.9219,F101,S,5,Dr,0,0,1,1,F,3.711665372068052,VHigh,Young,0,0,female_2,1
695,1,1,"Jones, Mr. Henry",male,30.65,0,0,106847,245.1898,,S,1,Mr,1,0,0,0,,5.506102783160193,VHigh,Young,0,0,male_1,0
696,1,3,"Jones, Miss. Florence",female,3.3,0,0,803293,0.0,,C,1,Miss,1,0,0,0,,0.0,Low,Child,1,0,female_3,1
697,1,2,"Brown, Rev. James",male,28.2,0,2,610628,12.2927,,C,3,Rev,0,1,0,0,,2.587215012361781,Mid,Young,0,0,male_2,0
698,0,3,"Miller, Mr. Arthur",male,24.1,0,0,941483,8.004,,Q,1,Mr,1,0,0,0,,2.197668923044486,Low,Young,0,0,male_3,0
699,0,1,"Jones, Mrs. Annie",female,26.1,0,0,732193,233.4268,B67,S,1,Mrs,1,0,0,1,B,5.45714338563816,VHigh,Young,0,0,female_1,1
700,1,3,"Wilson, Miss. Florence",female,9.2,0,0,123049,12.1641,,S,1,Miss,1,0,0,0,,2.5774934275274757,Mid,Child,1,0,female_3,1
701,1,3,"Wilson, Miss. Annie",female,52.8,1,0,534645,1.5561,,Q,2,Miss,0,1,0,0,,0.938482659380652,Low,Middle,0,0,female_3,1
702,0,1,"Johnson, Mr. Robert",male,0.5,0,0,269718,58.0715,,C,1,Mr,1,0,0,0,,4.078748574597545,VHigh,Child,1,0,male_1,1
703,0,2,"Davis, Mr. John",male,30.65,1,0,911036,10.0,,S,2,Mr,0,1,0,0,,2.3978952727983707,Low,Young,0,0,male_2,0
704,1,1,"Brown, Mrs. Elizabeth",female,27.2,0,0,319345,160.663,,S,1,Mrs,1,0,0,0,,5.085513921599798,VHigh,Young,0,0,female_1,1
705,0,1,"Jones, Mr. Henry",male,30.65,0,0,195326,252.802,,Q,1,Mr,1,0,0,0,,5.536554435469885,VHigh,Young,0,0,male_1,0
706,0,3,"Johnson, Dr. William",male,28.1,0,0,354304,15.9219,,S,1,Dr,1,0,0,0,,2.8286086410178823,Mid,Young,0,0,male_3,0
707,0,2,"Taylor, Col. Thomas",male,24.1,0,0,807228,10.0,,S,1,Col,1,0,0,0,,2.3978952727983707,Low,Young,0,0,male_2,0
708,0,3,"Williams, Col. Robert",male,25.799999999999997,1,0,557526,0.0,,S,2,Col,0,1,0,0,,0.0,Low,Young,0,0,male_3,0
709,1,2,"Anderson, Dr. Sarah",female,43.5,0,0,366320,14.8824,,S,1,Dr,1,0,0,0,,2.765211577900732,Mid,Middle,0,0,female_2,1
710,0,3,"Brown, Mr. Edward",male,33.9,0,1,454194,12.7535,,S,2,Mr,0,1,0,0,,2.621293337175928,Mid,Young,0,0,male_3,0
711,1,3,"Brown, Mr. William",male,38.1,0,1,575171,30.578,,S,2,Mr,0,1,0,0,,3.452460675599697,High,Middle,0,0,male_3,0
712,0,3,"Taylor, Mr. Henry",male,15.2,8,0,619766,19.1826,,S,9,Mr,0,0,1,0,,3.004820847062322,Mid,Teen,0,0,male_3,0
713,0,3,"Anderson, Mr. Charles",male,43.5,0,0,603684,26.8246,,S,1,Mr,1,0,0,0,,3.325920521496734,High,Middle,0,0,male_3,0
714,0,2,"Jones, Mr. John",male,29.0,2,0,251819,12.16,G90,S,3,Mr,0,1,0,1,G,2.5771819258971713,Mid,Young,0,0,male_2,0
715,0,2,"Jones, Mr. Charles",male,38.7,0,0,800879,22.325,,S,1,Mr,1,0,0,0,,3.1495257467334077,High,Middle,0,0,male_2,0
716,1,3,"Johnson, Col. Henry",male,16.1,0,1,816955,14.0541,,C,2,Col,0,1,0,0,,2.711650379343034,Mid,Teen,0,0,male_3,0
717,0,3,"Miller, Mrs. Annie",female,27.2,0,0,467295,15.126,B86,Q,1,Mrs,1,0,0,1,B,2.78043287626283,Mid,Young,0,0,female_3,1
718,0,3,"Williams, Mr. Henry",male,40.6,0,0,730183,4.5476,A81,S,1,Mr,1,0,0,1,A,1.713365401800043,Low,Middle,0,0,male_3,0
719,0,1,"Anderson, Mr. George",male,34.9,0,1,976793,328.6621,,S,2,Mr,0,1,0,0,,5.79806819048252,VHigh,Young,0,0,male_1,0
720,0,3,"Davis, Mrs. Margaret",female,27.9,0,1,259494,11.1481,,Q,2,Mrs,0,1,0,0,,2.497172778957326,Mid,Young,0,0,female_3,1
721,1,3,"Williams, Mrs. Emma",female,24.2,1,0,503487,27.4506,,S,2,Mrs,0,1,0,0,,3.3481692499808884,High,Young,0,0,female_3,1
722,1,1,"Jones, Mr. John",male,30.65,1,0,508099,267.9234,,S,2,Mr,0,1,0,0,,5.594426580686165,VHigh,Young,0,0,male_1,0
723,0,1,"Smith, Mr. Henry",male,30.65,1,0,145921,55.4718,E15,C,2,Mr,0,1,0,1,E,4.033741398508773,VHigh,Young,0,0,male_1,0
724,0,3,"Davis, Mr. William",male,30.65,0,0,165790,4.5688,,S,1,Mr,1,0,0,0,,1.7171795908723197,Low,Young,0,0,male_3,0
725,1,3,"Wilson, Lady. Elizabeth",female,10.9,0,2,901903,0.6513,,C,3,Mrs,0,1,0,0,,0.5015628564868055,Low,Child,1,0,female_3,1
726,1,3,"Taylor, Miss. Alice",female,24.0,0,1,884294,23.6195,,C,2,Miss,0,1,0,0,,3.203538811857963,High,Young,0,0,female_3,1
727,0,1,"Jones, Lady. Sarah",female,25.0,1,1,333121,27.1961,,S,3,Mrs,0,1,0,0,,3.339183670507695,High,Young,0,0,female_1,1
728,0,3,"Davis, Mr. John",male,37.8,2,0,884757,24.2907,,S,3,Mr,0,1,0,0,,3.2304367392232956,High,Middle,0,0,male_3,0
729,1,1,"Davis, Miss. Elizabeth",female,15.8,0,1,692495,259.3544,G63,S,2,Miss,0,1,0,1,G,5.562043779792583,VHigh,Teen,0,0,female_1,1
730,0,1,"Miller, Col. William",male,25.799999999999997,0,0,532912,78.626,,S,1,Col,1,0,0,0,,4.377340672683167,VHigh,Young,0,0,male_1,0
731,0,1,"Davis, Mr. Charles",male,30.65,0,0,513869,95.9338,,S,1,Mr,1,0,0,0,,4.57402827128503,VHigh,Young,0,0,male_1,0
732,1,3,"Wilson, Mr. John",male,17.0,0,0,171334,11.5917,,S,1,Mr,1,0,0,0,,2.533037866740664,Mid,Teen,0,0,male_3,0
733,1,3,"Miller, Miss. Emma",female,9.6,0,0,400566,16.0863,,S,1,Miss,1,0,0,0,,2.838276972810095,Mid,Child,1,0,female_3,1
734,0,3,"Johnson, Mr. John",male,23.3,0,0,523419,24.1912,,C,1,Mr,1,0,0,0,,3.2264947271814357,High,Young,0,0,male_3,0
735,1,2,"Johnson, Mrs. Mary",female,27.2,1,0,231043,10.2362,G20,S,2,Mrs,0,1,0,1,G,2.419140709012381,Low,Young,0,0,female_2,1
736,0,3,"Brown, Mr. Henry",male,17.1,0,0,44787,7.133,,S,1,Mr,1,0,0,0,,2.095929859184638,Low,Teen,0,0,male_3,0
737,1,2,"Taylor, Mr. Robert",male,0.5,0,0,769838,30.5754,G143,S,1,Mr,1,0,0,1,G,3.452378336406511,High,Child,1,0,male_2,1
738,1,3,"Williams, Mr. James",male,27.5,8,0,287833,0.0,,S,9,Mr,0,0,1,0,,0.0,Low,Young,0,0,male_3,0
739,1,2,"Taylor, Mr. Robert",male,61.4,0,0,180932,19.5054,,S,1,Mr,1,0,0,0,,3.0206882660909655,High,Senior,0,1,male_2,0
740,1,2,"Miller, Mrs. Elizabeth",female,10.3,0,0,913969,10.0,,S,1,Mrs,1,0,0,0,,2.3978952727983707,Low,Child,1,0,female_2,1
741,0,3,"Anderson, Mr. Robert",male,29.7,0,1,846776,13.4775,,S,2,Mr,0,1,0,0,,2.672595720117808,Mid,Young,0,0,male_3,0
742,1,2,"Smith, Miss. Emma",female,24.0,0,0,512025,18.0118,C86,C,1,Miss,1,0,0,1,C,2.9450598390246445,Mid,Young,0,0,female_2,1
743,1,3,"Taylor, Miss. Mary",female,40.5,0,0,340035,8.7081,,Q,1,Miss,1,0,0,0,,2.2729605885941617,Low,Middle,0,0,female_3,1
744,1,3,"Williams, Mrs. Ellen",female,7.2,1,0,192730,28.094,,S,2,Mrs,0,1,0,0,,3.3705319673512704,High,Child,1,0,female_3,1
745,1,1,"Williams, Mr. William",male,14.6,0,1,107464,72.3903,,S,2,Mr,0,1,0,0,,4.2957917742989915,VHigh,Teen,0,0,male_1,1
746,1,3,"Taylor, Dr. William",male,44.5,0,0,862301,23.7213,G21,S,1,Dr,1,0,0,1,G,3.2076652202035008,High,Middle,0,0,male_3,0
747,1,2,"Johnson, Mr. James",male,39.3,0,0,438546,39.6746,,S,1,Mr,1,0,0,0,,3.705603819006347,VHigh,Middle,0,0,male_2,0
748,1,3,"Brown, Miss. Mary",female,42.6,0,0,90312,0.0,,S,1,Miss,1,0,0,0,,0.0,Low,Middle,0,0,female_3,1
749,1,3,"Jones, Miss. Alice",female,24.0,1,0,725424,37.3971,,C,2,Miss,0,1,0,0,,3.6479819359085064,VHigh,Young,0,0,female_3,1
750,0,3,"Davis, Rev. James",male,30.3,1,0,561302,12.4263,,S,2,Rev,0,1,0,0,,2.5972154699712258,Mid,Young,0,0,male_3,0
751,1,1,"Anderson, Miss. Alice",female,24.0,0,0,568851,26.8957,,S,1,Miss,1,0,0,0,,3.3284725550855256,High,Young,0,0,female_1,1
752,0,3,"Anderson, Mr. Charles",male,37.7,1,0,942774,0.3362,F62,S,2,Mr,0,1,0,1,F,0.28982976450923986,Low,Middle,0,0,male_3,0
753,0,3,"Wilson, Col. Arthur",male,25.4,0,0,958783,11.0198,,Q,1,Col,1,0,0,0,,2.486555290033525,Mid,Young,0,0,male_3,0
754,0,2,"Wilson, Dr. Arthur",male,22.5,5,0,370701,30.8385,,C,6,Dr,0,0,1,0,,3.4606762493136816,High,Young,0,0,male_2,0
755,0,1,"Miller, Dr. Margaret",female,32.8,0,0,406873,107.622,,S,1,Dr,1,0,0,0,,4.687873965252505,VHigh,Young,0,0,female_1,1
756,1,3,"Miller, Mr. Arthur",male,50.1,5,0,623710,10.3198,,S,6,Mr,0,0,1,0,,2.426553404774436,Mid,Middle,0,0,male_3,0
757,1,3,"Brown, Miss. Edith",female,27.4,1,0,380063,18.699,,S,2,Miss,0,1,0,0,,2.9805678730342184,Mid,Young,0,0,female_3,1
758,0,3,"Anderson, Miss. Alice",female,0.5,0,0,471989,9.5113,C45,S,1,Miss,1,0,0,1,C,2.3524508689618386,Low,Child,1,0,female_3,1
759,1,3,"Brown, Mrs. Annie",female,18.4,0,0,928531,0.0,A37,S,1,Mrs,1,0,0,1,A,0.0,Low,Young,0,0,female_3,1
760,1,3,"Williams, Mr. James",male,30.7,5,0,155271,11.6557,D111,C,6,Mr,0,0,1,1,D,2.5381077065724154,Mid,Young,0,0,male_3,0
761,1,1,"Wilson, Mr. Edward",male,32.3,1,1,651142,59.4892,G24,C,3,Mr,0,1,0,1,G,4.1024648367048675,VHigh,Young,0,0,male_1,0
762,0,2,"Smith, Rev. Arthur",male,33.2,0,2,514803,18.3444,,Q,3,Rev,0,1,0,0,,2.9624029719051297,Mid,Young,0,0,male_2,0
763,0,2,"Brown, Dr. Edward",male,27.1,1,0,972458,34.701,,S,2,Dr,0,1,0,0,,3.575178699597769,High,Young,0,0,male_2,0
764,0,3,"Davis, Mr. James",male,30.65,0,0,256229,14.4702,,C,1,Mr,1,0,0,0,,2.738915592749628,Mid,Young,0,0,male_3,0
765,1,1,"Miller, Miss. Edith",female,29.2,0,0,89317,58.4979,,C,1,Miss,1,0,0,0,,4.085941017811085,VHigh,Young,0,0,female_1,1
766,0,3,"Anderson, Col. John",male,19.2,0,1,287264,4.4613,,S,2,Col,0,1,0,0,,1.697686856654736,Low,Young,0,0,male_3,0
767,0,3,"Anderson, Mr. Henry",male,28.7,0,0,197884,22.5513,,C,1,Mr,1,0,0,0,,3.1591810206373827,High,Young,0,0,male_3,0
768,0,3,"Jones, Dr. George",male,31.700000000000003,1,0,624113,9.0995,,S,2,Dr,0,1,0,0,,2.3124859176713084,Low,Young,0,0,male_3,0
769,0,2,"Davis, Mr. Henry",male,27.7,0,1,802415,17.7219,C33,C,2,Mr,0,1,0,1,C,2.929693961625599,Mid,Young,0,0,male_2,0
770,0,3,"Williams, Mr. John",male,30.65,1,0,269571,9.7136,,S,2,Mr,0,1,0,0,,2.3715139624329096,Low,Young,0,0,male_3,0
771,0,1,"Miller, Col. Edward",male,25.799999999999997,0,1,338773,59.7383,G39,S,2,Col,0,1,0,1,G,4.10657447107973,VHigh,Young,0,0,male_1,0
772,0,3,"Taylor, Mrs. Edith",female,36.3,0,0,80325,19.1851,,S,1,Mrs,1,0,0,0,,3.0049447084665237,High,Middle,0,0,female_3,1
773,0,1,"Johnson, Mr. John",male,30.65,0,0,668272,68.1868,,S,1,Mr,1,0,0,0,,4.236810092983166,VHigh,Young,0,0,male_1,0
774,1,2,"Williams, Miss. Annie",female,42.1,0,1,844311,23.912,,S,2,Miss,0,1,0,0,,3.2153496150916423,High,Middle,0,0,female_2,1
775,1,3,"Jones, Mrs. Sarah",female,22.6,0,0,687233,8.6994,,S,1,Mrs,1,0,0,0,,2.2720640279260933,Low,Young,0,0,female_3,1
776,1,1,"Anderson, Dr. Arthur",male,31.700000000000003,0,0,24332,126.7544,,S,1,Dr,1,0,0,0,,4.850109670760752,VHigh,Young,0,0,male_1,0
777,1,1,"Wilson, Lady. Florence",female,27.2,0,0,681924,26.0,,S,1,Mrs,1,0,0,0,,3.295836866004329,High,Young,0,0,female_1,1
778,0,3,"Smith, Mr. Edward",male,37.2,0,2,612083,0.0,,C,3,Mr,0,1,0,0,,0.0,Low,Middle,0,0,male_3,0
779,1,3,"Johnson, Miss. Mary",female,24.0,0,0,117716,13.2077,,Q,1,Miss,1,0,0,0,,2.6537840711620277,Mid,Young,0,0,female_3,1
780,0,3,"Jones, Mr. Thomas",male,33.2,0,0,423742,18.6241,,S,1,Mr,1,0,0,0,,2.9767584027442644,Mid,Young,0,0,male_3,0
781,1,3,"Jones, Mrs. Alice",female,27.2,1,0,730841,14.741,,C,2,Mrs,0,1,0,0,,2.7562687733726845,Mid,Young,0,0,female_3,1
782,1,3,"Davis, Miss. Annie",female,49.6,1,0,980279,24.7888,,S,2,Miss,0,1,0,0,,3.249940289148055,High,Middle,0,0,female_3,1
783,1,2,"Davis, Miss. Florence",female,15.9,0,0,883081,24.6044,,C,1,Miss,1,0,0,0,,3.2427642117167013,High,Teen,0,0,female_2,1
784,1,2,"Wilson, Miss. Florence",female,19.8,0,0,943510,18.8348,,S,1,Miss,1,0,0,0,,2.987437970729171,Mid,Young,0,0,female_2,1
785,0,1,"Smith, Mr. Arthur",male,19.5,0,0,31643,147.0859,,S,1,Mr,1,0,0,0,,4.9977925107994485,VHigh,Young,0,0,male_1,0
786,0,3,"Brown, Mr. John",male,13.7,3,2,73128,13.8938,,S,6,Mr,0,0,1,0,,2.700945018972163,Mid,Teen,0,0,male_3,1
787,0,3,"Anderson, Mr. George",male,30.65,0,0,576811,9.4863,,S,1,Mr,1,0,0,0,,2.350069643315766,Low,Young,0,0,male_3,0
788,0,2,"Miller, Mr. Thomas",male,36.1,0,0,866652,14.9509,,S,1,Mr,1,0,0,0,,2.769515253971236,Mid,Middle,0,0,male_2,0
789,1,3,"Jones, Miss. Florence",female,22.7,0,0,476606,7.1272,,C,1,Miss,1,0,0,0,,2.095216460795198,Low,Young,0,0,female_3,1
790,0,3,"Wilson, Rev. William",male,29.0,0,0,62784,7.4994,,S,1,Rev,1,0,0,0,,2.13999557276951,Low,Young,0,0,male_3,0
791,1,1,"Williams, Mrs. Edith",female,20.1,0,2,884325,26.0,,S,3,Mrs,0,1,0,0,,3.295836866004329,High,Young,0,0,female_1,1
792,0,3,"Miller, Mr. Arthur",male,32.0,1,0,856133,25.1776,,C,2,Mr,0,1,0,0,,3.264904083246675,High,Young,0,0,male_3,0
793,0,3,"Johnson, Mrs. Sarah",female,31.2,0,0,945450,0.0,,C,1,Mrs,1,0,0,0,,0.0,Low,Young,0,0,female_3,1
794,0,3,"Jones, Mr. Charles",male,57.2,0,0,678487,16.5604,,S,1,Mr,1,0,0,0,,2.8656463669908123,Mid,Middle,0,0,male_3,0
795,1,1,"Davis, Lady. Alice",female,27.2,0,0,388245,86.7466,,S,1,Mrs,1,0,0,0,,4.4744531151565665,VHigh,Young,0,0,female_1,1
796,1,3,"Brown, Miss. Annie",female,29.9,0,0,119002,0.0,,S,1,Miss,1,0,0,0,,0.0,Low,Young,0,0,female_3,1
797,1,3,"Johnson, Mr. William",male,56.3,1,0,694764,15.7875,,S,2,Mr,0,1,0,0,,2.820634561849356,Mid,Middle,0,0,male_3,0
798,1,3,"Miller, Mr. John",male,30.1,0,0,533897,17.2818,,S,1,Mr,1,0,0,0,,2.905906029449657,Mid,Young,0,0,male_3,0
799,0,3,"Anderson, Mrs. Mary",female,49.1,1,0,753784,18.3068,,S,2,Mrs,0,1,0,0,,2.9604573654628523,Mid,Middle,0,0,female_3,1
800,1,3,"Williams, Col. Charles",male,25.4,0,0,27401,0.0,,C,1,Col,1,0,0,0,,0.0,Low,Young,0,0,male_3,0
801,0,3,"Smith, Mr. George",male,30.65,0,0,942932,25.2975,,S,1,Mr,1,0,0,0,,3.269473877631292,High,Young,0,0,male_3,0
802,0,1,"Taylor, Mr. James",male,47.8,3,3,898390,70.6049,F75,Q,7,Mr,0,0,1,1,F,4.27116350737917,VHigh,Middle,0,0,male_1,0
803,0,3,"Taylor, Dr. Edward",male,31.700000000000003,0,0,254373,19.1791,E87,C,1,Dr,1,0,0,1,E,3.0046474153184275,Mid,Young,0,0,male_3,0
804,1,3,"Miller, Mr. Arthur",male,49.9,1,0,786890,19.6697,,Q,2,Mr,0,1,0,0,,3.028668859800252,High,Middle,0,0,male_3,0
805,1,2,"Wilson, Mr. Charles",male,30.65,0,0,122046,28.7324,,S,1,Mr,1,0,0,0,,3.392237360290644,High,Young,0,0,male_2,0
806,0,3,"Smith, Mr. John",male,26.5,1,0,860804,18.9441,,C,2,Mr,0,1,0,0,,2.9929333602479966,Mid,Young,0,0,male_3,0
807,0,3,"Anderson, Mr. James",male,24.4,0,0,284115,9.5306,,S,1,Mr,1,0,0,0,,2.3542853045795624,Low,Young,0,0,male_3,0
808,1,3,"Johnson, Mrs. Emma",female,27.2,0,2,516911,0.0,A91,S,3,Mrs,0,1,0,1,A,0.0,Low,Young,0,0,female_3,1
809,1,2,"Brown, Mr. James",male,9.2,1,0,360162,22.3965,C104,S,2,Mr,0,1,0,1,C,3.1525864385269786,High,Child,1,0,male_2,1
810,1,1,"Johnson, Mrs. Margaret",female,1.4,2,2,264572,162.6727,,S,5,Mrs,0,0,1,0,,5.097868701990755,VHigh,Child,1,0,female_1,1
811,0,3,"Miller, Col. Arthur",male,56.3,1,0,921200,5.3096,,C,2,Col,0,1,0,0,,1.842072283101644,Low,Middle,0,0,male_3,0
812,0,3,"Miller, Mr. John",male,30.65,1,0,550853,9.3724,,C,2,Mr,0,1,0,0,,2.3391484323010925,Low,Young,0,0,male_3,0
813,1,1,"Davis, Mr. James",male,32.5,1,2,541117,146.4946,,S,4,Mr,0,1,0,0,,4.9937915649402145,VHigh,Young,0,0,male_1,0
814,0,3,"Davis, Rev. George",male,21.4,0,0,266680,12.4846,G22,S,1,Rev,1,0,0,1,G,2.601548293563689,Mid,Young,0,0,male_3,0
815,0,3,"Smith, Mr. James",male,35.5,0,2,86023,17.9326,B149,S,3,Mr,0,1,0,1,B,2.940885303914511,Mid,Middle,0,0,male_3,0
816,0,3,"Anderson, Rev. Thomas",male,30.2,0,0,438651,0.9446,,S,1,Rev,1,0,0,0,,0.6650563003934197,Low,Young,0,0,male_3,0
817,0,3,"Taylor, Mr. Charles",male,21.7,0,2,91823,6.3185,,C,3,Mr,0,1,0,0,,1.9904053889418645,Low,Young,0,0,male_3,0
818,0,2,"Johnson, Mr. Robert",male,36.3,0,0,573229,16.9671,,S,1,Mr,1,0,0,0,,2.888542307694394,Mid,Middle,0,0,male_2,0
819,0,1,"Johnson, Mrs. Annie",female,36.9,0,0,785469,176.5913,,Q,1,Mrs,1,0,0,0,,5.179484842871706,VHigh,Middle,0,0,female_1,1
820,1,2,"Williams, Mr. Henry",male,30.65,0,0,707819,30.1022,B18,S,1,Mr,1,0,0,1,B,3.4372785562331036,High,Young,0,0,male_2,0
821,0,3,"Miller, Rev. Edward",male,39.4,1,0,451192,22.767,,S,2,Rev,0,1,0,0,,3.1682980638992295,High,Middle,0,0,male_3,0
822,1,1,"Jones, Miss. Edith",female,15.8,0,0,907971,26.8422,,S,1,Miss,1,0,0,0,,3.3265528553325727,High,Teen,0,0,female_1,1
823,0,2,"Wilson, Mr. John",male,17.6,0,0,482415,21.5674,,S,1,Mr,1,0,0,0,,3.116506387029364,High,Teen,0,0,male_2,0
824,0,2,"Williams, Rev. Robert",male,29.35,0,0,543464,22.1346,A57,S,1,Rev,1,0,0,1,A,3.141329332388874,High,Young,0,0,male_2,0
825,1,3,"Anderson, Miss. Edith",female,34.6,1,0,267505,11.4842,,C,2,Miss,0,1,0,0,,2.524463844786454,Mid,Young,0,0,female_3,1
826,1,3,"Williams, Mr. Thomas",male,34.6,1,1,847948,18.4328,A62,C,3,Mr,0,1,0,1,A,2.9669623600578774,Mid,Young,0,0,male_3,0
827,1,2,"Taylor, Miss. Ellen",female,34.5,0,0,680432,31.1892,C33,S,1,Miss,1,0,0,1,C,3.4716309925632443,High,Young,0,0,female_2,1
828,0,2,"Wilson, Mrs. Margaret",female,17.8,0,0,998556,15.0579,B117,S,1,Mrs,1,0,0,1,B,2.7762009403175196,Mid,Teen,0,0,female_2,1
829,1,3,"Miller, Mr. Thomas",male,13.7,0,0,369512,23.6837,,S,1,Mr,1,0,0,0,,3.2061431067631854,High,Teen,0,0,male_3,1
830,0,2,"Smith, Mr. Henry",male,37.9,0,0,422905,10.598,,S,1,Mr,1,0,0,0,,2.450832669454249,Mid,Middle,0,0,male_2,0
831,0,1,"Smith, Mr. James",male,41.5,0,0,159671,109.0386,,S,1,Mr,1,0,0,0,,4.7008312133291295,VHigh,Middle,0,0,male_1,0
832,0,2,"Anderson, Mr. Henry",male,24.1,0,0,659958,35.4882,,S,1,Mr,1,0,0,0,,3.596988920648488,VHigh,Young,0,0,male_2,0
833,0,1,"Williams, Dr. Henry",male,23.9,0,2,92045,26.0,,C,3,Dr,0,1,0,0,,3.295836866004329,High,Young,0,0,male_1,0
834,1,1,"Williams, Mrs. Mary",female,10.2,0,1,176460,115.491,,S,2,Mrs,0,1,0,0,,4.757814016802688,VHigh,Child,1,0,female_1,1
835,0,3,"Johnson, Mr. William",male,24.3,3,0,391047,19.568,,Q,4,Mr,0,1,0,0,,3.0237364699635885,High,Young,0,0,male_3,0
836,0,2,"Davis, Mr. Edward",male,29.1,3,0,584891,26.0556,E42,S,4,Mr,0,1,0,1,E,3.297894007895548,High,Young,0,0,male_2,0
837,1,3,"Wilson, Miss. Margaret",female,2.7,0,0,346880,13.3873,,Q,1,Miss,1,0,0,0,,2.666345872995691,Mid,Child,1,0,female_3,1
838,1,2,"Taylor, Miss. Ellen",female,11.9,0,0,297933,10.0,,S,1,Miss,1,0,0,0,,2.3978952727983707,Low,Child,1,0,female_2,1
839,1,3,"Davis, Col. Henry",male,25.3,0,0,742792,0.0,,S,1,Col,1,0,0,0,,0.0,Low,Young,0,0,male_3,0
840,0,3,"Jones, Mr. Henry",male,21.6,0,0,490683,32.0947,,Q,1,Mr,1,0,0,0,,3.499373148716385,High,Young,0,0,male_3,0
841,0,1,"Smith, Mr. James",male,39.7,3,0,885055,26.4372,G86,S,4,Mr,0,1,0,1,G,3.3118997568348396,High,Middle,0,0,male_1,0
842,1,3,"Wilson, Mr. John",male,27.6,0,0,492505,0.0,,S,1,Mr,1,0,0,0,,0.0,Low,Young,0,0,male_3,0
843,1,1,"Brown, Mr. George",male,21.6,1,0,848714,76.384,F62,S,2,Mr,0,1,0,1,F,4.3487800408802455,VHigh,Young,0,0,male_1,0
844,1,3,"Wilson, Col. Arthur",male,47.2,0,1,305608,13.301,,C,2,Col,0,1,0,0,,2.6603294648907982,Mid,Middle,0,0,male_3,0
845,1,1,"Davis, Miss. Ellen",female,17.2,4,0,208878,59.073,,C,5,Miss,0,0,1,0,,4.095560489349666,VHigh,Teen,0,0,female_1,1
846,1,2,"Anderson, Col. Robert",male,22.2,0,1,838426,30.5882,,S,2,Col,0,1,0,0,,3.452783633133589,High,Young,0,0,male_2,0
847,0,1,"Wilson, Mr. Robert",male,5.7,1,5,528936,48.8449,,S,7,Mr,0,0,1,0,,3.9089161842533753,VHigh,Child,1,0,male_1,1
848,1,3,"Miller, Mr. Thomas",male,43.1,0,0,222668,15.6809,,Q,1,Mr,1,0,0,0,,2.8142643523095154,Mid,Middle,0,0,male_3,0
849,0,3,"Smith, Col. Arthur",male,25.799999999999997,0,0,249103,17.0514,,S,1,Col,1,0,0,0,,2.893223244097958,Mid,Young,0,0,male_3,0
850,1,3,"Miller, Mrs. Margaret",female,33.4,0,0,379453,12.0608,,S,1,Mrs,1,0,0,0,,2.5696153777149546,Mid,Young,0,0,female_3,1
851,0,1,"Miller, Miss. Emma",female,22.3,0,2,133189,66.2899,,S,3,Miss,0,1,0,0,,4.209010151094203,VHigh,Young,0,0,female_1,1
852,0,3,"Jones, Lady. Alice",female,25.2,2,3,101123,0.0,,S,6,Mrs,0,0,1,0,,0.0,Low,Young,0,0,female_3,1
853,1,1,"Smith, Mr. Henry",male,14.3,2,0,778748,57.0398,A87,S,3,Mr,0,1,0,1,A,4.06112898211067,VHigh,Teen,0,0,male_1,1
854,0,3,"Anderson, Mr. Edward",male,39.5,1,0,822026,13.5852,,S,2,Mr,0,1,0,0,,2.680007315944213,Mid,Middle,0,0,male_3,0
855,1,1,"Smith, Rev. Thomas",male,30.2,0,1,717923,92.492,,S,2,Rev,0,1,0,0,,4.5378758711367215,VHigh,Young,0,0,male_1,0
856,1,1,"Johnson, Mr. William",male,17.6,1,0,914838,34.7324,,S,2,Mr,0,1,0,0,,3.576057840224489,High,Teen,0,0,male_1,0
857,0,1,"Davis, Col. John",male,24.7,0,1,745712,188.8173,A111,S,2,Col,0,1,0,1,A,5.246062030599498,VHigh,Young,0,0,male_1,0
858,0,3,"Taylor, Mrs. Ellen",female,25.8,0,2,639309,14.4114,B112,S,3,Mrs,0,1,0,1,B,2.7351074953027434,Mid,Young,0,0,female_3,1
859,0,3,"Wilson, Col. Arthur",male,31.4,0,0,227912,15.5311,,C,1,Col,1,0,0,0,,2.805243455293399,Mid,Young,0,0,male_3,0
860,1,1,"Williams, Mr. Henry",male,30.65,0,0,300530,152.1267,,S,1,Mr,1,0,0,0,,5.03126568327818,VHigh,Young,0,0,male_1,0
861,0,3,"Williams, Dr. John",male,55.7,0,0,782092,1.5667,,S,1,Dr,1,0,0,0,,0.9426210271201849,Low,Middle,0,0,male_3,0
862,1,2,"Williams, Mr. Robert",male,9.7,0,0,600940,30.573,B99,Q,1,Mr,1,0,0,1,B,3.4523023249794234,High,Child,1,0,male_2,1
863,0,3,"Davis, Mr. James",male,51.0,0,0,366979,34.3067,A130,S,1,Mr,1,0,0,1,A,3.564072747628904,High,Middle,0,0,male_3,0
864,1,2,"Williams, Dr. Ellen",female,31.700000000000003,1,1,894555,33.3341,G69,S,3,Dr,0,1,0,1,G,3.5361390294093007,High,Young,0,0,female_2,1
865,1,2,"Miller, Miss. Mary",female,13.7,0,2,289684,20.9231,,S,3,Miss,0,1,0,0,,3.0875408754381386,High,Teen,0,0,female_2,1
866,1,3,"Jones, Miss. Ellen",female,33.2,0,2,909915,9.3372,,C,3,Miss,0,1,0,0,,2.335749039372478,Low,Young,0,0,female_3,1
867,0,1,"Miller, Mr. James",male,27.5,0,0,830188,98.0665,B39,C,1,Mr,1,0,0,1,B,4.595791341805304,VHigh,Young,0,0,male_1,0
868,0,1,"Johnson, Col. Robert",male,42.0,0,1,970930,68.2981,,Q,2,Col,0,1,0,0,,4.238417488792587,VHigh,Middle,0,0,male_1,0
869,1,3,"Jones, Mr. Robert",male,28.3,0,0,146659,7.6774,,C,1,Mr,1,0,0,0,,2.1607219446309336,Low,Young,0,0,male_3,0
870,1,3,"Anderson, Mr. Henry",male,49.6,0,0,486964,26.9968,,S,1,Mr,1,0,0,0,,3.3320902179298084,High,Middle,0,0,male_3,0
871,0,2,"Davis, Mrs. Alice",female,19.2,0,0,746699,27.1903,B92,S,1,Mrs,1,0,0,1,B,3.3389779471410512,High,Young,0,0,female_2,1
872,0,2,"Taylor, Mr. John",male,29.8,1,0,99792,34.9204,,S,2,Mr,0,1,0,0,,3.5813053792294567,High,Young,0,0,male_2,0
873,1,3,"Williams, Dr. Henry",male,13.7,0,2,845471,22.9604,,S,3,Dr,0,1,0,0,,3.1764024675987153,High,Teen,0,0,male_3,1
874,1,2,"Brown, Rev. John",male,29.35,1,0,413485,34.182,,S,2,Rev,0,1,0,0,,3.5605345881767136,High,Young,0,0,male_2,0
875,0,1,"Jones, Mr. James",male,41.5,0,0,16088,55.6145,,S,1,Mr,1,0,0,0,,4.036265136145268,VHigh,Middle,0,0,male_1,0
876,1,1,"Jones, Mrs. Sarah",female,25.6,0,0,372793,54.2398,,S,1,Mrs,1,0,0,0,,4.011683707969729,VHigh,Young,0,0,female_1,1
877,0,3,"Wilson, Mr. Charles",male,0.5,1,0,52044,12.8916,,C,2,Mr,0,1,0,0,,2.6312843409170408,Mid,Child,1,0,male_3,1
878,0,3,"Brown, Mr. William",male,30.65,0,0,954585,2.9131,,S,1,Mr,1,0,0,0,,1.3643298987412398,Low,Young,0,0,male_3,0
879,1,1,"Smith, Mr. Arthur",male,35.7,0,0,726748,164.7671,,S,1,Mr,1,0,0,0,,5.110583791165394,VHigh,Middle,0,0,male_1,0
880,0,1,"Smith, Rev. William",male,35.3,1,0,151615,75.376,G117,S,2,Rev,0,1,0,1,G,4.335668510695732,VHigh,Middle,0,0,male_1,0
881,1,1,"Jones, Dr. Ellen",female,22.1,0,0,13005,30.575,G34,S,1,Dr,1,0,0,1,G,3.452365668236555,High,Young,0,0,female_1,1
882,1,3,"Taylor, Lady. Emma",female,13.5,1,1,309347,18.9604,,S,3,Mrs,0,1,0,0,,2.9937503107626786,Mid,Teen,0,0,female_3,1
883,1,1,"Davis, Mrs. Elizabeth",female,27.2,0,0,288364,116.2766,B23,S,1,Mrs,1,0,0,1,B,4.764535247267905,VHigh,Young,0,0,female_1,1
884,1,1,"Taylor, Lady. Emma",female,10.9,1,0,118991,29.2081,,S,2,Mrs,0,1,0,0,,3.4081101003389667,High,Child,1,0,female_1,1
885,0,3,"Brown, Mr. Edward",male,6.9,0,0,42696,15.206,,C,1,Mr,1,0,0,0,,2.7853815440385334,Mid,Child,1,0,male_3,1
886,1,1,"Brown, Mrs. Alice",female,44.3,0,0,745043,98.3674,,Q,1,Mrs,1,0,0,0,,4.598824092062484,VHigh,Middle,0,0,female_1,1
887,1,3,"Jones, Mr. John",male,30.65,0,0,580669,7.3467,,S,1,Mr,1,0,0,0,,2.121866251166037,Low,Young,0,0,male_3,0
888,0,1,"Williams, Mr. John",male,28.9,0,0,975488,37.096,F85,S,1,Mr,1,0,0,1,F,3.640109289744507,VHigh,Young,0,0,male_1,0
889,1,1,"Brown, Mrs. Florence",female,32.9,0,2,532779,196.5334,,S,3,Mrs,0,1,0,0,,5.285907683967079,VHigh,Young,0,0,female_1,1
890,0,2,"Williams, Col. Edward",male,23.7,0,0,770292,16.677,,Q,1,Col,1,0,0,0,,2.8722643595537463,Mid,Young,0,0,male_2,0
891,0,3,"Miller, Mrs. Edith",female,18.0,0,1,141148,4.602,,S,2,Mrs,0,1,0,0,,1.7231236768379168,Low,Teen,0,0,female_3,1
