text,label,language,label_name,text_len,word_count
"The Germany government approved a $5 billion budget for agriculture. The plan, reviewed by expert panel, aims to eradicate poverty by 2026. Opposition parties offered mixed responses.",0,en,REAL,183,27
"அம்பலம்: a senior minister கேமராவில் accepting bribe பிடிக்கப்பட்டனர்! 2,300 லட்சம் மக்கள் நீதி கோருகின்றனர்! India globalists காரணமாக நலிவடைகிறது! உடனே பகிருங்கள்!",1,ta,FAKE,164,19
"The WHO announced today that tax reform will take effect from March 15. Officials confirmed the decision after 21 days of deliberation. The measure is expected to boost employment, according to AFP.",0,en,REAL,198,32
அம்பலம்: a governor கேமராவில் accepting bribe பிடிக்கப்பட்டனர்! 100 லட்சம் மக்கள் நீதி கோருகின்றனர்! USA elites காரணமாக நலிவடைகிறது! உடனே பகிருங்கள்!,1,ta,FAKE,149,18
"UNESCO நிறுவனம் இன்று அறிவித்தது: vaccine mandate March 15 முதல் நடைமுறைக்கு வரும். 7 நாள் ஆலோசனைக்குப் பிறகு அதிகாரிகள் இந்த முடிவை உறுதிப்படுத்தினர். AFP தெரிவிக்கும் வகையில், இந்த நடவடிக்கை improve healthcare என்று எதிர்பார்க்கப்படுகிறது.",0,ta,REAL,241,28
"The Japan government approved a $2,500 billion budget for agriculture. The plan, reviewed by finance ministry, aims to boost GDP by 7% by 2030. Opposition parties offered mixed responses.",0,en,REAL,187,29
MIRACLE: a mother of three LOSES 5 kg in 21 days using ONE weird trick doctors HATE! Experts BAFFLED! a famous actor uses this SECRET daily! ORDER before January 1 — LIMITED SUPPLY!,1,en,FAKE,181,33
"The RBI announced today that new trade agreement will take effect from April 5. Officials confirmed the decision after 21 days of deliberation. The measure is expected to cut emissions, according to Reuters.",0,en,REAL,207,33
"The Japan government approved a $200 billion budget for defence. The plan, reviewed by expert panel, aims to achieve net-zero by 2030. Opposition parties offered mixed responses.",0,en,REAL,178,27
"The Japan government approved a $2,500 billion budget for education. The plan, reviewed by finance ministry, aims to achieve net-zero by 2027. Opposition parties offered mixed responses.",0,en,REAL,186,27
"அதிசயம்: a retired teacher ஒரே 90 நாளில் 1,000 கிலோ குறைத்தனர்! மருத்துவர்கள் வெறுக்கும் இந்த ஒரு இரகசிய உத்தி! a famous actor தினமும் இதை பயன்படுத்துகிறார்! இன்றே ஆர்டர் செய்யுங்கள்!",1,ta,FAKE,183,25
"அம்பலம்: the opposition leader கேமராவில் accepting bribe பிடிக்கப்பட்டனர்! 2,300 லட்சம் மக்கள் நீதி கோருகின்றனர்! USA globalists காரணமாக நலிவடைகிறது! உடனே பகிருங்கள்!",1,ta,FAKE,166,19
LEAKED: classified file REVEALS that UN plans to microchip citizens by 2025! Insiders FLEE for their lives! 100% of population at RISK! They are COMING for your gun rights! RESIST now!,1,en,FAKE,184,31
LEAKED: leaked email REVEALS that WEF plans to control food supply by 2035! Insiders FLEE for their lives! 12% of population at RISK! They are COMING for your gun rights! RESIST now!,1,en,FAKE,182,32
"அதிசயம்: a mother of three ஒரே 90 நாளில் 1,000 கிலோ குறைத்தனர்! மருத்துவர்கள் வெறுக்கும் இந்த ஒரு இரகசிய உத்தி! a tech billionaire தினமும் இதை பயன்படுத்துகிறார்! இன்றே ஆர்டர் செய்யுங்கள்!",1,ta,FAKE,187,26
கசிந்த ஆவணம்: UN 2025-ல் microchip citizens திட்டமிடுகிறது! உள்நாட்டு தகவலாளர்கள் உயிருக்கு பயந்து ஓடுகின்றனர்! மக்களுக்கு gun rights ஆபத்தில் உள்ளது! SHARE செய்யுங்கள்!,1,ta,FAKE,169,19
MIRACLE: a local farmer LOSES 200 kg in 7 days using ONE weird trick doctors HATE! Experts BAFFLED! a tech billionaire uses this SECRET daily! ORDER before June 30 — LIMITED SUPPLY!,1,en,FAKE,181,32
"Stock markets fell on Friday as Google reported disappointing quarterly earnings. Analysts at Citi revised their 2035 forecast to 6.3%, citing innovation.",0,en,REAL,154,22
"Researchers at MIT published findings in Science showing that doubled lifespan. The study, conducted over 2 years with 10,000 participants, concludes that early screening saves lives. Peer reviewers praised the methodology.",0,en,REAL,223,31
"Bengaluru reported 2,300 new cases of influenza on Thursday. Health authorities have deployed medical teams to manage the situation. Officials urge residents to get vaccinated.",0,en,REAL,176,25
BREAKING: a major politician SECRETLY meets foreign spy! Government HIDING the TRUTH about chemtrails! SHARE before they DELETE this! ministry spokesperson confirms SHOCKING revelation that mainstream media REFUSES to cover. This changes EVERYTHING!,1,en,FAKE,249,33
BREAKING: a major politician SECRETLY funds terror groups! Government HIDING the TRUTH about chemtrails! SHARE before they DELETE this! senior official confirms SHOCKING revelation that mainstream media REFUSES to cover. This changes EVERYTHING!,1,en,FAKE,245,33
அம்பலம்: a senior minister கேமராவில் accepting bribe பிடிக்கப்பட்டனர்! 12 லட்சம் மக்கள் நீதி கோருகின்றனர்! India immigrants காரணமாக நலிவடைகிறது! உடனே பகிருங்கள்!,1,ta,FAKE,161,19
"EXCLUSIVE: Scientists DISCOVER that coconut oil CURES COVID-19 in just 14 days! Big Pharma DOESN'T want you to know! 2,300 doctors SILENCED for revealing this! WAKE UP! The Big Pharma cover-up is REAL!",1,en,FAKE,201,33
"USA அரசு defence துறைக்கு ₹2,500 கோடி நிதி ஒதுக்கியது. finance ministry மதிப்பாய்வு செய்த திட்டம் 2035-ல் achieve net-zero நோக்கமாக கொண்டுள்ளது. எதிர்க்கட்சிகள் கலவையான கருத்துக்களை தெரிவித்தன.",0,ta,REAL,193,22
"The Germany government approved a $5 billion budget for infrastructure. The plan, reviewed by expert panel, aims to eradicate poverty by 2025. Opposition parties offered mixed responses.",0,en,REAL,186,27
கசிந்த ஆவணம்: UN 2027-ல் microchip citizens திட்டமிடுகிறது! உள்நாட்டு தகவலாளர்கள் உயிருக்கு பயந்து ஓடுகின்றனர்! மக்களுக்கு property ஆபத்தில் உள்ளது! SHARE செய்யுங்கள்!,1,ta,FAKE,167,18
"இரகசியம் வெளியாயிற்று: turmeric 7 நாளில் cholera-ஐ குணப்படுத்துகிறது! பெரிய நிறுவனங்கள் இதை மறைக்கின்றன! 500,000 மருத்துவர்கள் இதை வெளியிட்டதால் நிறுத்தப்பட்டனர்! விழிப்புணர்வு பெறுங்கள்! New World Order உண்மையானது!",1,ta,FAKE,215,22
"UK அரசு education துறைக்கு ₹2,500 கோடி நிதி ஒதுக்கியது. cabinet மதிப்பாய்வு செய்த திட்டம் 2026-ல் eradicate poverty நோக்கமாக கொண்டுள்ளது. எதிர்க்கட்சிகள் கலவையான கருத்துக்களை தெரிவித்தன.",0,ta,REAL,186,21
LEAKED: classified file REVEALS that government plans to control food supply by 2025! Insiders FLEE for their lives! 45% of population at RISK! They are COMING for your gun rights! RESIST now!,1,en,FAKE,192,32
UK அரசு agriculture துறைக்கு ₹5 கோடி நிதி ஒதுக்கியது. expert panel மதிப்பாய்வு செய்த திட்டம் 2026-ல் achieve net-zero நோக்கமாக கொண்டுள்ளது. எதிர்க்கட்சிகள் கலவையான கருத்துக்களை தெரிவித்தன.,0,ta,REAL,188,22
LEAKED: secret memo REVEALS that WEF plans to control food supply by 2035! Insiders FLEE for their lives! 12% of population at RISK! They are COMING for your freedom of speech! RESIST now!,1,en,FAKE,188,33
"இரகசியம் வெளியாயிற்று: lemon water 21 நாளில் dengue-ஐ குணப்படுத்துகிறது! பெரிய நிறுவனங்கள் இதை மறைக்கின்றன! 2,300 மருத்துவர்கள் இதை வெளியிட்டதால் நிறுத்தப்பட்டனர்! விழிப்புணர்வு பெறுங்கள்! New World Order உண்மையானது!",1,ta,FAKE,216,23
"USA அரசு defence துறைக்கு ₹1,000 கோடி நிதி ஒதுக்கியது. expert panel மதிப்பாய்வு செய்த திட்டம் 2027-ல் eradicate poverty நோக்கமாக கொண்டுள்ளது. எதிர்க்கட்சிகள் கலவையான கருத்துக்களை தெரிவித்தன.",0,ta,REAL,190,22
"UN நிறுவனம் இன்று அறிவித்தது: new trade agreement December 1 முதல் நடைமுறைக்கு வரும். 21 நாள் ஆலோசனைக்குப் பிறகு அதிகாரிகள் இந்த முடிவை உறுதிப்படுத்தினர். senior official தெரிவிக்கும் வகையில், இந்த நடவடிக்கை boost employment என்று எதிர்பார்க்கப்படுகிறது.",0,ta,REAL,254,30
"The WHO announced today that tax reform will take effect from June 30. Officials confirmed the decision after 60 days of deliberation. The measure is expected to improve healthcare, according to senior official.",0,en,REAL,211,33
"Researchers at IIT Madras published findings in NEJM showing that reduced risk by 40%. The study, conducted over 10 years with 5,000 participants, concludes that diet is key. Peer reviewers praised the methodology.",0,en,REAL,214,33
MIRACLE: a retired teacher LOSES 200 kg in 30 days using ONE weird trick doctors HATE! Experts BAFFLED! a major politician uses this SECRET daily! ORDER before March 15 — LIMITED SUPPLY!,1,en,FAKE,186,32
Google நிறுவனம் record காலாண்டு வருவாய் அறிவித்ததால் Thursday அன்று சந்தை plunged. Morgan Stanley பகுப்பாய்வாளர்கள் 2025 கணிப்பை 7.5% ஆக திருத்தினர்.,0,ta,REAL,149,18
அதிசயம்: a retired teacher ஒரே 7 நாளில் 5 கிலோ குறைத்தனர்! மருத்துவர்கள் வெறுக்கும் இந்த ஒரு இரகசிய உத்தி! a major politician தினமும் இதை பயன்படுத்துகிறார்! இன்றே ஆர்டர் செய்யுங்கள்!,1,ta,FAKE,182,25
India அரசு healthcare துறைக்கு ₹50 கோடி நிதி ஒதுக்கியது. parliament மதிப்பாய்வு செய்த திட்டம் 2026-ல் achieve net-zero நோக்கமாக கொண்டுள்ளது. எதிர்க்கட்சிகள் கலவையான கருத்துக்களை தெரிவித்தன.,0,ta,REAL,189,21
EXCLUSIVE: Scientists DISCOVER that coconut oil CURES malaria in just 7 days! Big Pharma DOESN'T want you to know! 12 doctors SILENCED for revealing this! WAKE UP! The New World Order is REAL!,1,en,FAKE,192,33
கசிந்த ஆவணம்: WHO 2025-ல் microchip citizens திட்டமிடுகிறது! உள்நாட்டு தகவலாளர்கள் உயிருக்கு பயந்து ஓடுகின்றனர்! மக்களுக்கு gun rights ஆபத்தில் உள்ளது! SHARE செய்யுங்கள்!,1,ta,FAKE,170,19
"The UN announced today that new trade agreement will take effect from December 1. Officials confirmed the decision after 14 days of deliberation. The measure is expected to reduce inflation, according to ministry spokesperson.",0,en,REAL,226,34
அதிர்ச்சி செய்தி: a major politician இரகசியமாக betrays nation! அரசு water supply பற்றிய உண்மையை மறைக்கிறது! DELETE ஆவதற்கு முன் SHARE செய்யுங்கள்! AFP இந்த அதிர்ச்சிகரமான உண்மையை உறுதிப்படுத்துகிறது!,1,ta,FAKE,199,24
"அதிசயம்: a local farmer ஒரே 30 நாளில் 1,000 கிலோ குறைத்தனர்! மருத்துவர்கள் வெறுக்கும் இந்த ஒரு இரகசிய உத்தி! a famous actor தினமும் இதை பயன்படுத்துகிறார்! இன்றே ஆர்டர் செய்யுங்கள்!",1,ta,FAKE,180,25
"EXCLUSIVE: Scientists DISCOVER that garlic CURES cholera in just 7 days! Big Pharma DOESN'T want you to know! 2,300 doctors SILENCED for revealing this! WAKE UP! The deep state plot is REAL!",1,en,FAKE,190,32
"The SEBI announced today that new trade agreement will take effect from June 30. Officials confirmed the decision after 60 days of deliberation. The measure is expected to reduce inflation, according to AFP.",0,en,REAL,207,33
"Kolkata reported 2,300 new cases of malaria on Friday. Health authorities have deployed medical teams to manage the situation. Officials urge residents to stay home.",0,en,REAL,165,25
கசிந்த ஆவணம்: WEF 2035-ல் censor internet திட்டமிடுகிறது! உள்நாட்டு தகவலாளர்கள் உயிருக்கு பயந்து ஓடுகின்றனர்! மக்களுக்கு freedom of speech ஆபத்தில் உள்ளது! SHARE செய்யுங்கள்!,1,ta,FAKE,174,20
EXCLUSIVE: Scientists DISCOVER that coconut oil CURES malaria in just 21 days! Big Pharma DOESN'T want you to know! 10 million doctors SILENCED for revealing this! WAKE UP! The deep state plot is REAL!,1,en,FAKE,201,34
கசிந்த ஆவணம்: government 2025-ல் microchip citizens திட்டமிடுகிறது! உள்நாட்டு தகவலாளர்கள் உயிருக்கு பயந்து ஓடுகின்றனர்! மக்களுக்கு freedom of speech ஆபத்தில் உள்ளது! SHARE செய்யுங்கள்!,1,ta,FAKE,184,20
"The UNESCO announced today that climate policy will take effect from January 1. Officials confirmed the decision after 14 days of deliberation. The measure is expected to reduce inflation, according to ministry spokesperson.",0,en,REAL,224,33
MIRACLE: a local farmer LOSES 50 kg in 21 days using ONE weird trick doctors HATE! Experts BAFFLED! a tech billionaire uses this SECRET daily! ORDER before December 1 — LIMITED SUPPLY!,1,en,FAKE,184,32
"The France government approved a $200 billion budget for defence. The plan, reviewed by cabinet, aims to achieve net-zero by 2026. Opposition parties offered mixed responses.",0,en,REAL,174,26
"The IMF announced today that vaccine mandate will take effect from December 1. Officials confirmed the decision after 90 days of deliberation. The measure is expected to boost employment, according to Reuters.",0,en,REAL,209,32
Stanford-இல் உள்ள ஆராய்ச்சியாளர்கள் Science இதழில் ஆய்வு முடிவுகளை வெளியிட்டனர். 10 ஆண்டுகள் 500 பங்கேற்பாளர்களுடன் நடத்தப்பட்ட இந்த ஆய்வு reduced risk by 40% என்று கண்டறிந்தது. சகாக்கள் ஆய்வு முறையை பாராட்டினர்.,0,ta,REAL,212,25
BREAKING: a tech billionaire SECRETLY betrays nation! Government HIDING the TRUTH about vaccines! SHARE before they DELETE this! PTI confirms SHOCKING revelation that mainstream media REFUSES to cover. This changes EVERYTHING!,1,en,FAKE,226,31
அம்பலம்: a senior minister கேமராவில் accepting bribe பிடிக்கப்பட்டனர்! 100 லட்சம் மக்கள் நீதி கோருகின்றனர்! India immigrants காரணமாக நலிவடைகிறது! உடனே பகிருங்கள்!,1,ta,FAKE,162,19
"அதிசயம்: a retired teacher ஒரே 7 நாளில் 1,000 கிலோ குறைத்தனர்! மருத்துவர்கள் வெறுக்கும் இந்த ஒரு இரகசிய உத்தி! a major politician தினமும் இதை பயன்படுத்துகிறார்! இன்றே ஆர்டர் செய்யுங்கள்!",1,ta,FAKE,186,25
"அதிசயம்: a local farmer ஒரே 7 நாளில் 1,000 கிலோ குறைத்தனர்! மருத்துவர்கள் வெறுக்கும் இந்த ஒரு இரகசிய உத்தி! a major politician தினமும் இதை பயன்படுத்துகிறார்! இன்றே ஆர்டர் செய்யுங்கள்!",1,ta,FAKE,183,25
"Researchers at BITS Pilani published findings in Science showing that doubled lifespan. The study, conducted over 2 years with 10,000 participants, concludes that lifestyle changes matter. Peer reviewers praised the methodology.",0,en,REAL,228,31
HDFC நிறுவனம் mixed காலாண்டு வருவாய் அறிவித்ததால் Friday அன்று சந்தை dipped. Citi பகுப்பாய்வாளர்கள் 2025 கணிப்பை 9.0% ஆக திருத்தினர்.,0,ta,REAL,133,17
அதிர்ச்சி செய்தி: a tech billionaire இரகசியமாக meets foreign spy! அரசு 5G towers பற்றிய உண்மையை மறைக்கிறது! DELETE ஆவதற்கு முன் SHARE செய்யுங்கள்! senior official இந்த அதிர்ச்சிகரமான உண்மையை உறுதிப்படுத்துகிறது!,1,ta,FAKE,211,26
"MIT-இல் உள்ள ஆராய்ச்சியாளர்கள் NEJM இதழில் ஆய்வு முடிவுகளை வெளியிட்டனர். 5 ஆண்டுகள் 1,200 பங்கேற்பாளர்களுடன் நடத்தப்பட்ட இந்த ஆய்வு reduced risk by 40% என்று கண்டறிந்தது. சகாக்கள் ஆய்வு முறையை பாராட்டினர்.",0,ta,REAL,205,25
MIRACLE: a retired teacher LOSES 12 kg in 7 days using ONE weird trick doctors HATE! Experts BAFFLED! a famous actor uses this SECRET daily! ORDER before March 15 — LIMITED SUPPLY!,1,en,FAKE,180,32
"இரகசியம் வெளியாயிற்று: lemon water 14 நாளில் influenza-ஐ குணப்படுத்துகிறது! பெரிய நிறுவனங்கள் இதை மறைக்கின்றன! 500,000 மருத்துவர்கள் இதை வெளியிட்டதால் நிறுத்தப்பட்டனர்! விழிப்புணர்வு பெறுங்கள்! deep state plot உண்மையானது!",1,ta,FAKE,221,23
"Researchers at NUS published findings in Cell showing that improved accuracy. The study, conducted over 2 years with 1,200 participants, concludes that diet is key. Peer reviewers praised the methodology.",0,en,REAL,204,30
BREAKING: a famous actor SECRETLY meets foreign spy! Government HIDING the TRUTH about vaccines! SHARE before they DELETE this! Reuters confirms SHOCKING revelation that mainstream media REFUSES to cover. This changes EVERYTHING!,1,en,FAKE,229,32
"Researchers at IIT Madras published findings in Cell showing that improved accuracy. The study, conducted over 2 years with 1,200 participants, concludes that lifestyle changes matter. Peer reviewers praised the methodology.",0,en,REAL,224,31
EXCLUSIVE: Scientists DISCOVER that neem CURES cholera in just 14 days! Big Pharma DOESN'T want you to know! 45 doctors SILENCED for revealing this! WAKE UP! The Big Pharma cover-up is REAL!,1,en,FAKE,190,32
அதிர்ச்சி செய்தி: a major politician இரகசியமாக funds terror groups! அரசு vaccines பற்றிய உண்மையை மறைக்கிறது! DELETE ஆவதற்கு முன் SHARE செய்யுங்கள்! senior official இந்த அதிர்ச்சிகரமான உண்மையை உறுதிப்படுத்துகிறது!,1,ta,FAKE,212,25
அதிர்ச்சி செய்தி: a famous actor இரகசியமாக meets foreign spy! அரசு climate பற்றிய உண்மையை மறைக்கிறது! DELETE ஆவதற்கு முன் SHARE செய்யுங்கள்! ministry spokesperson இந்த அதிர்ச்சிகரமான உண்மையை உறுதிப்படுத்துகிறது!,1,ta,FAKE,211,25
"The France government approved a $50 billion budget for education. The plan, reviewed by expert panel, aims to eradicate poverty by 2026. Opposition parties offered mixed responses.",0,en,REAL,181,27
"Stock markets rose on Monday as Reliance reported mixed quarterly earnings. Analysts at Goldman Sachs revised their 2025 forecast to 9.0%, citing strong demand.",0,en,REAL,160,24
"இரகசியம் வெளியாயிற்று: lemon water 14 நாளில் malaria-ஐ குணப்படுத்துகிறது! பெரிய நிறுவனங்கள் இதை மறைக்கின்றன! 500,000 மருத்துவர்கள் இதை வெளியிட்டதால் நிறுத்தப்பட்டனர்! விழிப்புணர்வு பெறுங்கள்! Big Pharma cover-up உண்மையானது!",1,ta,FAKE,223,23
கசிந்த ஆவணம்: WHO 2035-ல் censor internet திட்டமிடுகிறது! உள்நாட்டு தகவலாளர்கள் உயிருக்கு பயந்து ஓடுகின்றனர்! மக்களுக்கு property ஆபத்தில் உள்ளது! SHARE செய்யுங்கள்!,1,ta,FAKE,165,18
LEAKED: classified file REVEALS that UN plans to censor internet by 2035! Insiders FLEE for their lives! 100% of population at RISK! They are COMING for your freedom of speech! RESIST now!,1,en,FAKE,188,32
"Mumbai reported 2,300 new cases of dengue on Wednesday. Health authorities have deployed mobile units to manage the situation. Officials urge residents to wear masks.",0,en,REAL,166,25
MIRACLE: a local farmer LOSES 5 kg in 90 days using ONE weird trick doctors HATE! Experts BAFFLED! a tech billionaire uses this SECRET daily! ORDER before June 30 — LIMITED SUPPLY!,1,en,FAKE,180,32
TCS நிறுவனம் record காலாண்டு வருவாய் அறிவித்ததால் Tuesday அன்று சந்தை rallied. ICICI பகுப்பாய்வாளர்கள் 2030 கணிப்பை 9.0% ஆக திருத்தினர்.,0,ta,REAL,136,17
Mumbai reported 10 million new cases of malaria on Thursday. Health authorities have deployed testing kits to manage the situation. Officials urge residents to wear masks.,0,en,REAL,171,26
BREAKING: a famous actor SECRETLY funds terror groups! Government HIDING the TRUTH about 5G towers! SHARE before they DELETE this! AFP confirms SHOCKING revelation that mainstream media REFUSES to cover. This changes EVERYTHING!,1,en,FAKE,228,33
"Researchers at IIT Madras published findings in Lancet showing that reduced risk by 40%. The study, conducted over 10 years with 10,000 participants, concludes that early screening saves lives. Peer reviewers praised the methodology.",0,en,REAL,233,34
இரகசியம் வெளியாயிற்று: coconut oil 21 நாளில் malaria-ஐ குணப்படுத்துகிறது! பெரிய நிறுவனங்கள் இதை மறைக்கின்றன! 100 மருத்துவர்கள் இதை வெளியிட்டதால் நிறுத்தப்பட்டனர்! விழிப்புணர்வு பெறுங்கள்! Big Pharma cover-up உண்மையானது!,1,ta,FAKE,219,23
"The Germany government approved a $5 billion budget for education. The plan, reviewed by finance ministry, aims to boost GDP by 7% by 2025. Opposition parties offered mixed responses.",0,en,REAL,183,29
"இரகசியம் வெளியாயிற்று: neem 7 நாளில் COVID-19-ஐ குணப்படுத்துகிறது! பெரிய நிறுவனங்கள் இதை மறைக்கின்றன! 500,000 மருத்துவர்கள் இதை வெளியிட்டதால் நிறுத்தப்பட்டனர்! விழிப்புணர்வு பெறுங்கள்! Big Pharma cover-up உண்மையானது!",1,ta,FAKE,216,22
EXCLUSIVE: Scientists DISCOVER that turmeric CURES influenza in just 21 days! Big Pharma DOESN'T want you to know! 45 doctors SILENCED for revealing this! WAKE UP! The Big Pharma cover-up is REAL!,1,en,FAKE,196,32
"MIT-இல் உள்ள ஆராய்ச்சியாளர்கள் Cell இதழில் ஆய்வு முடிவுகளை வெளியிட்டனர். 3 ஆண்டுகள் 5,000 பங்கேற்பாளர்களுடன் நடத்தப்பட்ட இந்த ஆய்வு improved accuracy என்று கண்டறிந்தது. சகாக்கள் ஆய்வு முறையை பாராட்டினர்.",0,ta,REAL,203,23
"IMF நிறுவனம் இன்று அறிவித்தது: new trade agreement April 5 முதல் நடைமுறைக்கு வரும். 14 நாள் ஆலோசனைக்குப் பிறகு அதிகாரிகள் இந்த முடிவை உறுதிப்படுத்தினர். AFP தெரிவிக்கும் வகையில், இந்த நடவடிக்கை reduce inflation என்று எதிர்பார்க்கப்படுகிறது.",0,ta,REAL,240,29
ALERT: a senior minister caught accepting bribe on camera — VIDEO PROOF! Deep state PANICKING! Over 10 million million patriots DEMAND justice! Germany is FALLING because of globalists! RT if you AGREE! Share EVERYWHERE!,1,en,FAKE,220,34
"UN நிறுவனம் இன்று அறிவித்தது: new trade agreement January 1 முதல் நடைமுறைக்கு வரும். 30 நாள் ஆலோசனைக்குப் பிறகு அதிகாரிகள் இந்த முடிவை உறுதிப்படுத்தினர். ministry spokesperson தெரிவிக்கும் வகையில், இந்த நடவடிக்கை improve healthcare என்று எதிர்பார்க்கப்படுகிறது.",0,ta,REAL,261,30
கசிந்த ஆவணம்: government 2035-ல் control food supply திட்டமிடுகிறது! உள்நாட்டு தகவலாளர்கள் உயிருக்கு பயந்து ஓடுகின்றனர்! மக்களுக்கு privacy ஆபத்தில் உள்ளது! SHARE செய்யுங்கள்!,1,ta,FAKE,175,19
"Researchers at Oxford published findings in Cell showing that doubled lifespan. The study, conducted over 10 years with 5,000 participants, concludes that diet is key. Peer reviewers praised the methodology.",0,en,REAL,207,30
"ALERT: a senior minister caught hiding documents on camera — VIDEO PROOF! Deep state PANICKING! Over 2,300 million patriots DEMAND justice! Germany is FALLING because of elites! RT if you AGREE! Share EVERYWHERE!",1,en,FAKE,212,33
MIRACLE: a retired teacher LOSES 5 kg in 7 days using ONE weird trick doctors HATE! Experts BAFFLED! a major politician uses this SECRET daily! ORDER before March 15 — LIMITED SUPPLY!,1,en,FAKE,183,32
ALERT: a senior minister caught accepting bribe on camera — VIDEO PROOF! Deep state PANICKING! Over 100 million patriots DEMAND justice! Japan is FALLING because of immigrants! RT if you AGREE! Share EVERYWHERE!,1,en,FAKE,211,33
அதிசயம்: a local farmer ஒரே 90 நாளில் 200 கிலோ குறைத்தனர்! மருத்துவர்கள் வெறுக்கும் இந்த ஒரு இரகசிய உத்தி! a major politician தினமும் இதை பயன்படுத்துகிறார்! இன்றே ஆர்டர் செய்யுங்கள்!,1,ta,FAKE,182,25
ALERT: the opposition leader caught accepting bribe on camera — VIDEO PROOF! Deep state PANICKING! Over 45 million patriots DEMAND justice! USA is FALLING because of elites! RT if you AGREE! Share EVERYWHERE!,1,en,FAKE,208,33
"Stock markets plunged on Monday as Tesla reported strong quarterly earnings. Analysts at Goldman Sachs revised their 2025 forecast to 4.2%, citing supply chain issues.",0,en,REAL,167,25
"Stock markets surged on Monday as TCS reported strong quarterly earnings. Analysts at Morgan Stanley revised their 2026 forecast to 8.1%, citing innovation.",0,en,REAL,156,23
"UNESCO நிறுவனம் இன்று அறிவித்தது: climate policy April 5 முதல் நடைமுறைக்கு வரும். 14 நாள் ஆலோசனைக்குப் பிறகு அதிகாரிகள் இந்த முடிவை உறுதிப்படுத்தினர். Reuters தெரிவிக்கும் வகையில், இந்த நடவடிக்கை reduce inflation என்று எதிர்பார்க்கப்படுகிறது.",0,ta,REAL,242,28
Bengaluru-ல் Wednesday அன்று 12 புதிய COVID-19 வழக்குகள் பதிவாயின. சுகாதார அதிகாரிகள் நிலைமையை சமாளிக்க mobile units நிறுத்தினர். குடிமக்கள் get vaccinated என்று அறிவுறுத்தப்படுகின்றனர்.,0,ta,REAL,186,20
"Stock markets fell on Tuesday as HDFC reported record quarterly earnings. Analysts at ICICI revised their 2035 forecast to 4.2%, citing strong demand.",0,en,REAL,150,23
Mumbai-ல் Wednesday அன்று 12 புதிய COVID-19 வழக்குகள் பதிவாயின. சுகாதார அதிகாரிகள் நிலைமையை சமாளிக்க medical teams நிறுத்தினர். குடிமக்கள் stay home என்று அறிவுறுத்தப்படுகின்றனர்.,0,ta,REAL,179,20
"The UNESCO announced today that climate policy will take effect from January 1. Officials confirmed the decision after 14 days of deliberation. The measure is expected to cut emissions, according to senior official.",0,en,REAL,215,33
"The Germany government approved a $200 billion budget for education. The plan, reviewed by finance ministry, aims to achieve net-zero by 2026. Opposition parties offered mixed responses.",0,en,REAL,186,27
"Stock markets fell on Wednesday as Infosys reported disappointing quarterly earnings. Analysts at ICICI revised their 2025 forecast to 8.1%, citing strong demand.",0,en,REAL,162,23
அம்பலம்: a senior minister கேமராவில் accepting bribe பிடிக்கப்பட்டனர்! 10 million லட்சம் மக்கள் நீதி கோருகின்றனர்! India elites காரணமாக நலிவடைகிறது! உடனே பகிருங்கள்!,1,ta,FAKE,165,20
அதிர்ச்சி செய்தி: a tech billionaire இரகசியமாக betrays nation! அரசு climate பற்றிய உண்மையை மறைக்கிறது! DELETE ஆவதற்கு முன் SHARE செய்யுங்கள்! Reuters இந்த அதிர்ச்சிகரமான உண்மையை உறுதிப்படுத்துகிறது!,1,ta,FAKE,198,23
அதிசயம்: a retired teacher ஒரே 7 நாளில் 50 கிலோ குறைத்தனர்! மருத்துவர்கள் வெறுக்கும் இந்த ஒரு இரகசிய உத்தி! a famous actor தினமும் இதை பயன்படுத்துகிறார்! இன்றே ஆர்டர் செய்யுங்கள்!,1,ta,FAKE,179,25
"ALERT: a governor caught lying under oath on camera — VIDEO PROOF! Deep state PANICKING! Over 2,300 million patriots DEMAND justice! Germany is FALLING because of foreign agents! RT if you AGREE! Share EVERYWHERE!",1,en,FAKE,213,34
கசிந்த ஆவணம்: UN 2026-ல் microchip citizens திட்டமிடுகிறது! உள்நாட்டு தகவலாளர்கள் உயிருக்கு பயந்து ஓடுகின்றனர்! மக்களுக்கு freedom of speech ஆபத்தில் உள்ளது! SHARE செய்யுங்கள்!,1,ta,FAKE,176,20
BREAKING: a famous actor SECRETLY funds terror groups! Government HIDING the TRUTH about vaccines! SHARE before they DELETE this! ministry spokesperson confirms SHOCKING revelation that mainstream media REFUSES to cover. This changes EVERYTHING!,1,en,FAKE,245,33
MIRACLE: a local farmer LOSES 5 kg in 30 days using ONE weird trick doctors HATE! Experts BAFFLED! a famous actor uses this SECRET daily! ORDER before December 1 — LIMITED SUPPLY!,1,en,FAKE,179,32
அதிசயம்: a local farmer ஒரே 60 நாளில் 5 கிலோ குறைத்தனர்! மருத்துவர்கள் வெறுக்கும் இந்த ஒரு இரகசிய உத்தி! a tech billionaire தினமும் இதை பயன்படுத்துகிறார்! இன்றே ஆர்டர் செய்யுங்கள்!,1,ta,FAKE,180,25
Delhi reported 45 new cases of influenza on Monday. Health authorities have deployed vaccines to manage the situation. Officials urge residents to stay home.,0,en,REAL,157,24
MIRACLE: a local farmer LOSES 5 kg in 14 days using ONE weird trick doctors HATE! Experts BAFFLED! a major politician uses this SECRET daily! ORDER before January 1 — LIMITED SUPPLY!,1,en,FAKE,182,32
"Stock markets rose on Monday as Tesla reported disappointing quarterly earnings. Analysts at JPMorgan revised their 2025 forecast to 9.0%, citing cost pressures.",0,en,REAL,161,23
இரகசியம் வெளியாயிற்று: garlic 21 நாளில் dengue-ஐ குணப்படுத்துகிறது! பெரிய நிறுவனங்கள் இதை மறைக்கின்றன! 45 மருத்துவர்கள் இதை வெளியிட்டதால் நிறுத்தப்பட்டனர்! விழிப்புணர்வு பெறுங்கள்! deep state plot உண்மையானது!,1,ta,FAKE,208,22
MIRACLE: a local farmer LOSES 5 kg in 90 days using ONE weird trick doctors HATE! Experts BAFFLED! a tech billionaire uses this SECRET daily! ORDER before January 1 — LIMITED SUPPLY!,1,en,FAKE,182,32
UK அரசு agriculture துறைக்கு ₹12 கோடி நிதி ஒதுக்கியது. finance ministry மதிப்பாய்வு செய்த திட்டம் 2026-ல் eradicate poverty நோக்கமாக கொண்டுள்ளது. எதிர்க்கட்சிகள் கலவையான கருத்துக்களை தெரிவித்தன.,0,ta,REAL,194,22
ALERT: the opposition leader caught lying under oath on camera — VIDEO PROOF! Deep state PANICKING! Over 12 million patriots DEMAND justice! UK is FALLING because of globalists! RT if you AGREE! Share EVERYWHERE!,1,en,FAKE,212,34
India அரசு healthcare துறைக்கு ₹50 கோடி நிதி ஒதுக்கியது. cabinet மதிப்பாய்வு செய்த திட்டம் 2026-ல் achieve net-zero நோக்கமாக கொண்டுள்ளது. எதிர்க்கட்சிகள் கலவையான கருத்துக்களை தெரிவித்தன.,0,ta,REAL,186,21
இரகசியம் வெளியாயிற்று: turmeric 30 நாளில் malaria-ஐ குணப்படுத்துகிறது! பெரிய நிறுவனங்கள் இதை மறைக்கின்றன! 12 மருத்துவர்கள் இதை வெளியிட்டதால் நிறுத்தப்பட்டனர்! விழிப்புணர்வு பெறுங்கள்! Big Pharma cover-up உண்மையானது!,1,ta,FAKE,215,22
"MIT-இல் உள்ள ஆராய்ச்சியாளர்கள் Science இதழில் ஆய்வு முடிவுகளை வெளியிட்டனர். 2 ஆண்டுகள் 5,000 பங்கேற்பாளர்களுடன் நடத்தப்பட்ட இந்த ஆய்வு improved accuracy என்று கண்டறிந்தது. சகாக்கள் ஆய்வு முறையை பாராட்டினர்.",0,ta,REAL,206,23
LEAKED: leaked email REVEALS that WHO plans to microchip citizens by 2027! Insiders FLEE for their lives! 12% of population at RISK! They are COMING for your property! RESIST now!,1,en,FAKE,179,30
அதிர்ச்சி செய்தி: a major politician இரகசியமாக betrays nation! அரசு vaccines பற்றிய உண்மையை மறைக்கிறது! DELETE ஆவதற்கு முன் SHARE செய்யுங்கள்! senior official இந்த அதிர்ச்சிகரமான உண்மையை உறுதிப்படுத்துகிறது!,1,ta,FAKE,207,24
"The IMF announced today that vaccine mandate will take effect from June 30. Officials confirmed the decision after 30 days of deliberation. The measure is expected to cut emissions, according to AFP.",0,en,REAL,199,32
"MIRACLE: a local farmer LOSES 2,500 kg in 7 days using ONE weird trick doctors HATE! Experts BAFFLED! a major politician uses this SECRET daily! ORDER before March 15 — LIMITED SUPPLY!",1,en,FAKE,184,32
"UN நிறுவனம் இன்று அறிவித்தது: tax reform June 30 முதல் நடைமுறைக்கு வரும். 90 நாள் ஆலோசனைக்குப் பிறகு அதிகாரிகள் இந்த முடிவை உறுதிப்படுத்தினர். senior official தெரிவிக்கும் வகையில், இந்த நடவடிக்கை boost employment என்று எதிர்பார்க்கப்படுகிறது.",0,ta,REAL,242,29
அதிசயம்: a retired teacher ஒரே 14 நாளில் 50 கிலோ குறைத்தனர்! மருத்துவர்கள் வெறுக்கும் இந்த ஒரு இரகசிய உத்தி! a major politician தினமும் இதை பயன்படுத்துகிறார்! இன்றே ஆர்டர் செய்யுங்கள்!,1,ta,FAKE,184,25
Germany அரசு healthcare துறைக்கு ₹5 கோடி நிதி ஒதுக்கியது. parliament மதிப்பாய்வு செய்த திட்டம் 2027-ல் eradicate poverty நோக்கமாக கொண்டுள்ளது. எதிர்க்கட்சிகள் கலவையான கருத்துக்களை தெரிவித்தன.,0,ta,REAL,191,21
"BITS Pilani-இல் உள்ள ஆராய்ச்சியாளர்கள் Nature இதழில் ஆய்வு முடிவுகளை வெளியிட்டனர். 5 ஆண்டுகள் 10,000 பங்கேற்பாளர்களுடன் நடத்தப்பட்ட இந்த ஆய்வு cut costs by 30% என்று கண்டறிந்தது. சகாக்கள் ஆய்வு முறையை பாராட்டினர்.",0,ta,REAL,213,26
EXCLUSIVE: Scientists DISCOVER that turmeric CURES malaria in just 30 days! Big Pharma DOESN'T want you to know! 45 doctors SILENCED for revealing this! WAKE UP! The New World Order is REAL!,1,en,FAKE,190,32
Reliance நிறுவனம் strong காலாண்டு வருவாய் அறிவித்ததால் Tuesday அன்று சந்தை rose. ICICI பகுப்பாய்வாளர்கள் 2027 கணிப்பை 9.0% ஆக திருத்தினர்.,0,ta,REAL,138,17
"இரகசியம் வெளியாயிற்று: turmeric 14 நாளில் malaria-ஐ குணப்படுத்துகிறது! பெரிய நிறுவனங்கள் இதை மறைக்கின்றன! 500,000 மருத்துவர்கள் இதை வெளியிட்டதால் நிறுத்தப்பட்டனர்! விழிப்புணர்வு பெறுங்கள்! deep state plot உண்மையானது!",1,ta,FAKE,216,22
இரகசியம் வெளியாயிற்று: garlic 90 நாளில் malaria-ஐ குணப்படுத்துகிறது! பெரிய நிறுவனங்கள் இதை மறைக்கின்றன! 100 மருத்துவர்கள் இதை வெளியிட்டதால் நிறுத்தப்பட்டனர்! விழிப்புணர்வு பெறுங்கள்! deep state plot உண்மையானது!,1,ta,FAKE,210,22
"Stock markets rose on Monday as Apple reported disappointing quarterly earnings. Analysts at JPMorgan revised their 2030 forecast to 8.1%, citing supply chain issues.",0,en,REAL,166,24
BREAKING: a famous actor SECRETLY betrays nation! Government HIDING the TRUTH about chemtrails! SHARE before they DELETE this! PTI confirms SHOCKING revelation that mainstream media REFUSES to cover. This changes EVERYTHING!,1,en,FAKE,224,31
NUS-இல் உள்ள ஆராய்ச்சியாளர்கள் Lancet இதழில் ஆய்வு முடிவுகளை வெளியிட்டனர். 10 ஆண்டுகள் 500 பங்கேற்பாளர்களுடன் நடத்தப்பட்ட இந்த ஆய்வு cut costs by 30% என்று கண்டறிந்தது. சகாக்கள் ஆய்வு முறையை பாராட்டினர்.,0,ta,REAL,203,25
BREAKING: a major politician SECRETLY funds terror groups! Government HIDING the TRUTH about 5G towers! SHARE before they DELETE this! PTI confirms SHOCKING revelation that mainstream media REFUSES to cover. This changes EVERYTHING!,1,en,FAKE,232,33
ALERT: a governor caught hiding documents on camera — VIDEO PROOF! Deep state PANICKING! Over 45 million patriots DEMAND justice! USA is FALLING because of globalists! RT if you AGREE! Share EVERYWHERE!,1,en,FAKE,202,32
"Researchers at IIT Madras published findings in Science showing that reduced risk by 40%. The study, conducted over 3 years with 500 participants, concludes that early screening saves lives. Peer reviewers praised the methodology.",0,en,REAL,230,34
"The NASA announced today that climate policy will take effect from January 1. Officials confirmed the decision after 90 days of deliberation. The measure is expected to boost employment, according to AFP.",0,en,REAL,204,32
"Researchers at IIT Madras published findings in Nature showing that cut costs by 30%. The study, conducted over 5 years with 1,200 participants, concludes that diet is key. Peer reviewers praised the methodology.",0,en,REAL,212,33
"France அரசு healthcare துறைக்கு ₹1,000 கோடி நிதி ஒதுக்கியது. expert panel மதிப்பாய்வு செய்த திட்டம் 2025-ல் eradicate poverty நோக்கமாக கொண்டுள்ளது. எதிர்க்கட்சிகள் கலவையான கருத்துக்களை தெரிவித்தன.",0,ta,REAL,196,22
BREAKING: a major politician SECRETLY meets foreign spy! Government HIDING the TRUTH about chemtrails! SHARE before they DELETE this! ministry spokesperson confirms SHOCKING revelation that mainstream media REFUSES to cover. This changes EVERYTHING!,1,en,FAKE,249,33
Reliance நிறுவனம் disappointing காலாண்டு வருவாய் அறிவித்ததால் Thursday அன்று சந்தை rallied. ICICI பகுப்பாய்வாளர்கள் 2030 கணிப்பை 8.1% ஆக திருத்தினர்.,0,ta,REAL,149,17
அதிசயம்: a mother of three ஒரே 7 நாளில் 12 கிலோ குறைத்தனர்! மருத்துவர்கள் வெறுக்கும் இந்த ஒரு இரகசிய உத்தி! a major politician தினமும் இதை பயன்படுத்துகிறார்! இன்றே ஆர்டர் செய்யுங்கள்!,1,ta,FAKE,183,26
BREAKING: a tech billionaire SECRETLY meets foreign spy! Government HIDING the TRUTH about 5G towers! SHARE before they DELETE this! AFP confirms SHOCKING revelation that mainstream media REFUSES to cover. This changes EVERYTHING!,1,en,FAKE,230,33
"USA அரசு education துறைக்கு ₹2,500 கோடி நிதி ஒதுக்கியது. parliament மதிப்பாய்வு செய்த திட்டம் 2025-ல் boost GDP by 7% நோக்கமாக கொண்டுள்ளது. எதிர்க்கட்சிகள் கலவையான கருத்துக்களை தெரிவித்தன.",0,ta,REAL,188,23
Bengaluru reported 45 new cases of malaria on Friday. Health authorities have deployed medical teams to manage the situation. Officials urge residents to wear masks.,0,en,REAL,165,25
Reliance நிறுவனம் record காலாண்டு வருவாய் அறிவித்ததால் Monday அன்று சந்தை rallied. Goldman Sachs பகுப்பாய்வாளர்கள் 2030 கணிப்பை 9.0% ஆக திருத்தினர்.,0,ta,REAL,148,18
அதிசயம்: a mother of three ஒரே 21 நாளில் 200 கிலோ குறைத்தனர்! மருத்துவர்கள் வெறுக்கும் இந்த ஒரு இரகசிய உத்தி! a tech billionaire தினமும் இதை பயன்படுத்துகிறார்! இன்றே ஆர்டர் செய்யுங்கள்!,1,ta,FAKE,185,26
"இரகசியம் வெளியாயிற்று: lemon water 7 நாளில் cholera-ஐ குணப்படுத்துகிறது! பெரிய நிறுவனங்கள் இதை மறைக்கின்றன! 500,000 மருத்துவர்கள் இதை வெளியிட்டதால் நிறுத்தப்பட்டனர்! விழிப்புணர்வு பெறுங்கள்! New World Order உண்மையானது!",1,ta,FAKE,218,23
BREAKING: a major politician SECRETLY funds terror groups! Government HIDING the TRUTH about water supply! SHARE before they DELETE this! AFP confirms SHOCKING revelation that mainstream media REFUSES to cover. This changes EVERYTHING!,1,en,FAKE,235,33
கசிந்த ஆவணம்: WEF 2030-ல் microchip citizens திட்டமிடுகிறது! உள்நாட்டு தகவலாளர்கள் உயிருக்கு பயந்து ஓடுகின்றனர்! மக்களுக்கு gun rights ஆபத்தில் உள்ளது! SHARE செய்யுங்கள்!,1,ta,FAKE,170,19
France அரசு education துறைக்கு ₹5 கோடி நிதி ஒதுக்கியது. finance ministry மதிப்பாய்வு செய்த திட்டம் 2025-ல் eradicate poverty நோக்கமாக கொண்டுள்ளது. எதிர்க்கட்சிகள் கலவையான கருத்துக்களை தெரிவித்தன.,0,ta,REAL,195,22
"SEBI நிறுவனம் இன்று அறிவித்தது: new trade agreement December 1 முதல் நடைமுறைக்கு வரும். 30 நாள் ஆலோசனைக்குப் பிறகு அதிகாரிகள் இந்த முடிவை உறுதிப்படுத்தினர். Reuters தெரிவிக்கும் வகையில், இந்த நடவடிக்கை reduce inflation என்று எதிர்பார்க்கப்படுகிறது.",0,ta,REAL,248,29
"இரகசியம் வெளியாயிற்று: garlic 90 நாளில் dengue-ஐ குணப்படுத்துகிறது! பெரிய நிறுவனங்கள் இதை மறைக்கின்றன! 500,000 மருத்துவர்கள் இதை வெளியிட்டதால் நிறுத்தப்பட்டனர்! விழிப்புணர்வு பெறுங்கள்! New World Order உண்மையானது!",1,ta,FAKE,213,22
அதிசயம்: a retired teacher ஒரே 7 நாளில் 5 கிலோ குறைத்தனர்! மருத்துவர்கள் வெறுக்கும் இந்த ஒரு இரகசிய உத்தி! a famous actor தினமும் இதை பயன்படுத்துகிறார்! இன்றே ஆர்டர் செய்யுங்கள்!,1,ta,FAKE,178,25
"UK அரசு agriculture துறைக்கு ₹1,000 கோடி நிதி ஒதுக்கியது. parliament மதிப்பாய்வு செய்த திட்டம் 2025-ல் boost GDP by 7% நோக்கமாக கொண்டுள்ளது. எதிர்க்கட்சிகள் கலவையான கருத்துக்களை தெரிவித்தன.",0,ta,REAL,189,23
Delhi-ல் Thursday அன்று 45 புதிய malaria வழக்குகள் பதிவாயின. சுகாதார அதிகாரிகள் நிலைமையை சமாளிக்க vaccines நிறுத்தினர். குடிமக்கள் stay home என்று அறிவுறுத்தப்படுகின்றனர்.,0,ta,REAL,171,19
Chennai reported 100 new cases of influenza on Tuesday. Health authorities have deployed mobile units to manage the situation. Officials urge residents to stay home.,0,en,REAL,165,25
"அம்பலம்: a governor கேமராவில் hiding documents பிடிக்கப்பட்டனர்! 2,300 லட்சம் மக்கள் நீதி கோருகின்றனர்! UK globalists காரணமாக நலிவடைகிறது! உடனே பகிருங்கள்!",1,ta,FAKE,155,18
BREAKING: a famous actor SECRETLY meets foreign spy! Government HIDING the TRUTH about water supply! SHARE before they DELETE this! ministry spokesperson confirms SHOCKING revelation that mainstream media REFUSES to cover. This changes EVERYTHING!,1,en,FAKE,247,34
Google நிறுவனம் stellar காலாண்டு வருவாய் அறிவித்ததால் Wednesday அன்று சந்தை fell. ICICI பகுப்பாய்வாளர்கள் 2025 கணிப்பை 8.1% ஆக திருத்தினர்.,0,ta,REAL,139,17
"The WHO announced today that climate policy will take effect from March 15. Officials confirmed the decision after 60 days of deliberation. The measure is expected to cut emissions, according to ministry spokesperson.",0,en,REAL,217,33
BREAKING: a major politician SECRETLY funds terror groups! Government HIDING the TRUTH about 5G towers! SHARE before they DELETE this! Reuters confirms SHOCKING revelation that mainstream media REFUSES to cover. This changes EVERYTHING!,1,en,FAKE,236,33
"EXCLUSIVE: Scientists DISCOVER that lemon water CURES dengue in just 14 days! Big Pharma DOESN'T want you to know! 500,000 doctors SILENCED for revealing this! WAKE UP! The deep state plot is REAL!",1,en,FAKE,197,33
"The UN announced today that climate policy will take effect from April 5. Officials confirmed the decision after 14 days of deliberation. The measure is expected to cut emissions, according to ministry spokesperson.",0,en,REAL,215,33
"இரகசியம் வெளியாயிற்று: lemon water 7 நாளில் dengue-ஐ குணப்படுத்துகிறது! பெரிய நிறுவனங்கள் இதை மறைக்கின்றன! 2,300 மருத்துவர்கள் இதை வெளியிட்டதால் நிறுத்தப்பட்டனர்! விழிப்புணர்வு பெறுங்கள்! Big Pharma cover-up உண்மையானது!",1,ta,FAKE,219,23
"The India government approved a $1,000 billion budget for healthcare. The plan, reviewed by cabinet, aims to eradicate poverty by 2027. Opposition parties offered mixed responses.",0,en,REAL,179,26
"France அரசு defence துறைக்கு ₹2,500 கோடி நிதி ஒதுக்கியது. cabinet மதிப்பாய்வு செய்த திட்டம் 2030-ல் achieve net-zero நோக்கமாக கொண்டுள்ளது. எதிர்க்கட்சிகள் கலவையான கருத்துக்களை தெரிவித்தன.",0,ta,REAL,187,21
ALERT: the opposition leader caught accepting bribe on camera — VIDEO PROOF! Deep state PANICKING! Over 45 million patriots DEMAND justice! Japan is FALLING because of immigrants! RT if you AGREE! Share EVERYWHERE!,1,en,FAKE,214,33
"Stanford-இல் உள்ள ஆராய்ச்சியாளர்கள் Science இதழில் ஆய்வு முடிவுகளை வெளியிட்டனர். 2 ஆண்டுகள் 5,000 பங்கேற்பாளர்களுடன் நடத்தப்பட்ட இந்த ஆய்வு doubled lifespan என்று கண்டறிந்தது. சகாக்கள் ஆய்வு முறையை பாராட்டினர்.",0,ta,REAL,210,23
"Stock markets plunged on Thursday as Reliance reported mixed quarterly earnings. Analysts at ICICI revised their 2027 forecast to 7.5%, citing supply chain issues.",0,en,REAL,163,24
"ISRO நிறுவனம் இன்று அறிவித்தது: vaccine mandate June 30 முதல் நடைமுறைக்கு வரும். 7 நாள் ஆலோசனைக்குப் பிறகு அதிகாரிகள் இந்த முடிவை உறுதிப்படுத்தினர். ministry spokesperson தெரிவிக்கும் வகையில், இந்த நடவடிக்கை boost employment என்று எதிர்பார்க்கப்படுகிறது.",0,ta,REAL,254,29
அதிர்ச்சி செய்தி: a famous actor இரகசியமாக meets foreign spy! அரசு climate பற்றிய உண்மையை மறைக்கிறது! DELETE ஆவதற்கு முன் SHARE செய்யுங்கள்! ministry spokesperson இந்த அதிர்ச்சிகரமான உண்மையை உறுதிப்படுத்துகிறது!,1,ta,FAKE,211,25
Chennai-ல் Monday அன்று 100 புதிய influenza வழக்குகள் பதிவாயின. சுகாதார அதிகாரிகள் நிலைமையை சமாளிக்க testing kits நிறுத்தினர். குடிமக்கள் stay home என்று அறிவுறுத்தப்படுகின்றனர்.,0,ta,REAL,178,20
EXCLUSIVE: Scientists DISCOVER that lemon water CURES dengue in just 7 days! Big Pharma DOESN'T want you to know! 10 million doctors SILENCED for revealing this! WAKE UP! The New World Order is REAL!,1,en,FAKE,199,34
கசிந்த ஆவணம்: deep state 2027-ல் control food supply திட்டமிடுகிறது! உள்நாட்டு தகவலாளர்கள் உயிருக்கு பயந்து ஓடுகின்றனர்! மக்களுக்கு privacy ஆபத்தில் உள்ளது! SHARE செய்யுங்கள்!,1,ta,FAKE,175,20
"ALERT: a senior minister caught accepting bribe on camera — VIDEO PROOF! Deep state PANICKING! Over 500,000 million patriots DEMAND justice! Japan is FALLING because of foreign agents! RT if you AGREE! Share EVERYWHERE!",1,en,FAKE,219,34
கசிந்த ஆவணம்: WHO 2025-ல் control food supply திட்டமிடுகிறது! உள்நாட்டு தகவலாளர்கள் உயிருக்கு பயந்து ஓடுகின்றனர்! மக்களுக்கு gun rights ஆபத்தில் உள்ளது! SHARE செய்யுங்கள்!,1,ta,FAKE,171,20
"இரகசியம் வெளியாயிற்று: neem 14 நாளில் influenza-ஐ குணப்படுத்துகிறது! பெரிய நிறுவனங்கள் இதை மறைக்கின்றன! 500,000 மருத்துவர்கள் இதை வெளியிட்டதால் நிறுத்தப்பட்டனர்! விழிப்புணர்வு பெறுங்கள்! deep state plot உண்மையானது!",1,ta,FAKE,214,22
"அம்பலம்: a governor கேமராவில் accepting bribe பிடிக்கப்பட்டனர்! 2,300 லட்சம் மக்கள் நீதி கோருகின்றனர்! India immigrants காரணமாக நலிவடைகிறது! உடனே பகிருங்கள்!",1,ta,FAKE,157,18
Infosys நிறுவனம் disappointing காலாண்டு வருவாய் அறிவித்ததால் Wednesday அன்று சந்தை fell. Citi பகுப்பாய்வாளர்கள் 2027 கணிப்பை 9.0% ஆக திருத்தினர்.,0,ta,REAL,145,17
"The UK government approved a $5 billion budget for education. The plan, reviewed by finance ministry, aims to boost GDP by 7% by 2035. Opposition parties offered mixed responses.",0,en,REAL,178,29
ALERT: a senior minister caught lying under oath on camera — VIDEO PROOF! Deep state PANICKING! Over 12 million patriots DEMAND justice! France is FALLING because of globalists! RT if you AGREE! Share EVERYWHERE!,1,en,FAKE,212,34
Apple நிறுவனம் strong காலாண்டு வருவாய் அறிவித்ததால் Wednesday அன்று சந்தை dipped. ICICI பகுப்பாய்வாளர்கள் 2035 கணிப்பை 9.0% ஆக திருத்தினர்.,0,ta,REAL,139,17
கசிந்த ஆவணம்: WHO 2025-ல் control food supply திட்டமிடுகிறது! உள்நாட்டு தகவலாளர்கள் உயிருக்கு பயந்து ஓடுகின்றனர்! மக்களுக்கு freedom of speech ஆபத்தில் உள்ளது! SHARE செய்யுங்கள்!,1,ta,FAKE,178,21
கசிந்த ஆவணம்: WEF 2035-ல் control food supply திட்டமிடுகிறது! உள்நாட்டு தகவலாளர்கள் உயிருக்கு பயந்து ஓடுகின்றனர்! மக்களுக்கு privacy ஆபத்தில் உள்ளது! SHARE செய்யுங்கள்!,1,ta,FAKE,168,19
"LEAKED: leaked email REVEALS that WHO plans to censor internet by 2030! Insiders FLEE for their lives! 500,000% of population at RISK! They are COMING for your freedom of speech! RESIST now!",1,en,FAKE,190,32
"MIRACLE: a retired teacher LOSES 2,500 kg in 21 days using ONE weird trick doctors HATE! Experts BAFFLED! a tech billionaire uses this SECRET daily! ORDER before March 15 — LIMITED SUPPLY!",1,en,FAKE,188,32
BREAKING: a famous actor SECRETLY funds terror groups! Government HIDING the TRUTH about water supply! SHARE before they DELETE this! senior official confirms SHOCKING revelation that mainstream media REFUSES to cover. This changes EVERYTHING!,1,en,FAKE,243,34
அதிர்ச்சி செய்தி: a major politician இரகசியமாக betrays nation! அரசு 5G towers பற்றிய உண்மையை மறைக்கிறது! DELETE ஆவதற்கு முன் SHARE செய்யுங்கள்! Reuters இந்த அதிர்ச்சிகரமான உண்மையை உறுதிப்படுத்துகிறது!,1,ta,FAKE,200,24
Infosys நிறுவனம் record காலாண்டு வருவாய் அறிவித்ததால் Friday அன்று சந்தை fell. Morgan Stanley பகுப்பாய்வாளர்கள் 2026 கணிப்பை 4.2% ஆக திருத்தினர்.,0,ta,REAL,145,18
"Stock markets rose on Tuesday as Reliance reported mixed quarterly earnings. Analysts at ICICI revised their 2026 forecast to 6.3%, citing strong demand.",0,en,REAL,153,23
Mumbai reported 12 new cases of malaria on Thursday. Health authorities have deployed vaccines to manage the situation. Officials urge residents to avoid crowding.,0,en,REAL,163,24
France அரசு healthcare துறைக்கு ₹5 கோடி நிதி ஒதுக்கியது. parliament மதிப்பாய்வு செய்த திட்டம் 2027-ல் achieve net-zero நோக்கமாக கொண்டுள்ளது. எதிர்க்கட்சிகள் கலவையான கருத்துக்களை தெரிவித்தன.,0,ta,REAL,189,21
அதிசயம்: a local farmer ஒரே 60 நாளில் 12 கிலோ குறைத்தனர்! மருத்துவர்கள் வெறுக்கும் இந்த ஒரு இரகசிய உத்தி! a major politician தினமும் இதை பயன்படுத்துகிறார்! இன்றே ஆர்டர் செய்யுங்கள்!,1,ta,FAKE,181,25
ALERT: a senior minister caught accepting bribe on camera — VIDEO PROOF! Deep state PANICKING! Over 45 million patriots DEMAND justice! USA is FALLING because of elites! RT if you AGREE! Share EVERYWHERE!,1,en,FAKE,204,33
"அம்பலம்: a governor கேமராவில் lying under oath பிடிக்கப்பட்டனர்! 2,300 லட்சம் மக்கள் நீதி கோருகின்றனர்! Germany immigrants காரணமாக நலிவடைகிறது! உடனே பகிருங்கள்!",1,ta,FAKE,160,19
"Oxford-இல் உள்ள ஆராய்ச்சியாளர்கள் Cell இதழில் ஆய்வு முடிவுகளை வெளியிட்டனர். 5 ஆண்டுகள் 10,000 பங்கேற்பாளர்களுடன் நடத்தப்பட்ட இந்த ஆய்வு doubled lifespan என்று கண்டறிந்தது. சகாக்கள் ஆய்வு முறையை பாராட்டினர்.",0,ta,REAL,206,23
BREAKING: a tech billionaire SECRETLY meets foreign spy! Government HIDING the TRUTH about water supply! SHARE before they DELETE this! ministry spokesperson confirms SHOCKING revelation that mainstream media REFUSES to cover. This changes EVERYTHING!,1,en,FAKE,251,34
"Researchers at BITS Pilani published findings in Science showing that improved accuracy. The study, conducted over 5 years with 500 participants, concludes that diet is key. Peer reviewers praised the methodology.",0,en,REAL,213,31
அதிர்ச்சி செய்தி: a famous actor இரகசியமாக betrays nation! அரசு water supply பற்றிய உண்மையை மறைக்கிறது! DELETE ஆவதற்கு முன் SHARE செய்யுங்கள்! senior official இந்த அதிர்ச்சிகரமான உண்மையை உறுதிப்படுத்துகிறது!,1,ta,FAKE,207,25
அதிர்ச்சி செய்தி: a famous actor இரகசியமாக betrays nation! அரசு climate பற்றிய உண்மையை மறைக்கிறது! DELETE ஆவதற்கு முன் SHARE செய்யுங்கள்! ministry spokesperson இந்த அதிர்ச்சிகரமான உண்மையை உறுதிப்படுத்துகிறது!,1,ta,FAKE,208,24
"LEAKED: leaked email REVEALS that deep state plans to censor internet by 2030! Insiders FLEE for their lives! 2,300% of population at RISK! They are COMING for your privacy! RESIST now!",1,en,FAKE,185,31
BREAKING: a major politician SECRETLY meets foreign spy! Government HIDING the TRUTH about vaccines! SHARE before they DELETE this! senior official confirms SHOCKING revelation that mainstream media REFUSES to cover. This changes EVERYTHING!,1,en,FAKE,241,33
இரகசியம் வெளியாயிற்று: garlic 14 நாளில் COVID-19-ஐ குணப்படுத்துகிறது! பெரிய நிறுவனங்கள் இதை மறைக்கின்றன! 45 மருத்துவர்கள் இதை வெளியிட்டதால் நிறுத்தப்பட்டனர்! விழிப்புணர்வு பெறுங்கள்! New World Order உண்மையானது!,1,ta,FAKE,210,22
"Mumbai-ல் Thursday அன்று 2,300 புதிய cholera வழக்குகள் பதிவாயின. சுகாதார அதிகாரிகள் நிலைமையை சமாளிக்க testing kits நிறுத்தினர். குடிமக்கள் wear masks என்று அறிவுறுத்தப்படுகின்றனர்.",0,ta,REAL,180,20
Delhi-ல் Monday அன்று 12 புதிய influenza வழக்குகள் பதிவாயின. சுகாதார அதிகாரிகள் நிலைமையை சமாளிக்க testing kits நிறுத்தினர். குடிமக்கள் stay home என்று அறிவுறுத்தப்படுகின்றனர்.,0,ta,REAL,175,20
BREAKING: a major politician SECRETLY funds terror groups! Government HIDING the TRUTH about chemtrails! SHARE before they DELETE this! ministry spokesperson confirms SHOCKING revelation that mainstream media REFUSES to cover. This changes EVERYTHING!,1,en,FAKE,251,33
"Researchers at BITS Pilani published findings in NEJM showing that cut costs by 30%. The study, conducted over 3 years with 1,200 participants, concludes that diet is key. Peer reviewers praised the methodology.",0,en,REAL,211,33
Kolkata-ல் Thursday அன்று 100 புதிய malaria வழக்குகள் பதிவாயின. சுகாதார அதிகாரிகள் நிலைமையை சமாளிக்க medical teams நிறுத்தினர். குடிமக்கள் avoid crowding என்று அறிவுறுத்தப்படுகின்றனர்.,0,ta,REAL,184,20
Tesla நிறுவனம் record காலாண்டு வருவாய் அறிவித்ததால் Monday அன்று சந்தை rose. Citi பகுப்பாய்வாளர்கள் 2030 கணிப்பை 8.1% ஆக திருத்தினர்.,0,ta,REAL,133,17
"Researchers at Oxford published findings in NEJM showing that doubled lifespan. The study, conducted over 2 years with 5,000 participants, concludes that lifestyle changes matter. Peer reviewers praised the methodology.",0,en,REAL,219,30
அதிர்ச்சி செய்தி: a major politician இரகசியமாக meets foreign spy! அரசு climate பற்றிய உண்மையை மறைக்கிறது! DELETE ஆவதற்கு முன் SHARE செய்யுங்கள்! PTI இந்த அதிர்ச்சிகரமான உண்மையை உறுதிப்படுத்துகிறது!,1,ta,FAKE,197,24
"Chennai reported 500,000 new cases of influenza on Monday. Health authorities have deployed vaccines to manage the situation. Officials urge residents to wear masks.",0,en,REAL,165,24
BITS Pilani-இல் உள்ள ஆராய்ச்சியாளர்கள் Science இதழில் ஆய்வு முடிவுகளை வெளியிட்டனர். 10 ஆண்டுகள் 500 பங்கேற்பாளர்களுடன் நடத்தப்பட்ட இந்த ஆய்வு doubled lifespan என்று கண்டறிந்தது. சகாக்கள் ஆய்வு முறையை பாராட்டினர்.,0,ta,REAL,212,24
"UN நிறுவனம் இன்று அறிவித்தது: tax reform March 15 முதல் நடைமுறைக்கு வரும். 60 நாள் ஆலோசனைக்குப் பிறகு அதிகாரிகள் இந்த முடிவை உறுதிப்படுத்தினர். AFP தெரிவிக்கும் வகையில், இந்த நடவடிக்கை reduce inflation என்று எதிர்பார்க்கப்படுகிறது.",0,ta,REAL,231,28
BREAKING: a tech billionaire SECRETLY funds terror groups! Government HIDING the TRUTH about chemtrails! SHARE before they DELETE this! ministry spokesperson confirms SHOCKING revelation that mainstream media REFUSES to cover. This changes EVERYTHING!,1,en,FAKE,251,33
MIRACLE: a retired teacher LOSES 5 kg in 14 days using ONE weird trick doctors HATE! Experts BAFFLED! a tech billionaire uses this SECRET daily! ORDER before January 1 — LIMITED SUPPLY!,1,en,FAKE,185,32
MIT-இல் உள்ள ஆராய்ச்சியாளர்கள் Nature இதழில் ஆய்வு முடிவுகளை வெளியிட்டனர். 5 ஆண்டுகள் 500 பங்கேற்பாளர்களுடன் நடத்தப்பட்ட இந்த ஆய்வு reduced risk by 40% என்று கண்டறிந்தது. சகாக்கள் ஆய்வு முறையை பாராட்டினர்.,0,ta,REAL,205,25
கசிந்த ஆவணம்: UN 2030-ல் censor internet திட்டமிடுகிறது! உள்நாட்டு தகவலாளர்கள் உயிருக்கு பயந்து ஓடுகின்றனர்! மக்களுக்கு property ஆபத்தில் உள்ளது! SHARE செய்யுங்கள்!,1,ta,FAKE,164,18
EXCLUSIVE: Scientists DISCOVER that garlic CURES malaria in just 30 days! Big Pharma DOESN'T want you to know! 45 doctors SILENCED for revealing this! WAKE UP! The New World Order is REAL!,1,en,FAKE,188,32
Germany அரசு healthcare துறைக்கு ₹5 கோடி நிதி ஒதுக்கியது. expert panel மதிப்பாய்வு செய்த திட்டம் 2025-ல் eradicate poverty நோக்கமாக கொண்டுள்ளது. எதிர்க்கட்சிகள் கலவையான கருத்துக்களை தெரிவித்தன.,0,ta,REAL,193,22
EXCLUSIVE: Scientists DISCOVER that neem CURES influenza in just 21 days! Big Pharma DOESN'T want you to know! 10 million doctors SILENCED for revealing this! WAKE UP! The deep state plot is REAL!,1,en,FAKE,196,33
BREAKING: a tech billionaire SECRETLY funds terror groups! Government HIDING the TRUTH about water supply! SHARE before they DELETE this! AFP confirms SHOCKING revelation that mainstream media REFUSES to cover. This changes EVERYTHING!,1,en,FAKE,235,33
இரகசியம் வெளியாயிற்று: neem 21 நாளில் dengue-ஐ குணப்படுத்துகிறது! பெரிய நிறுவனங்கள் இதை மறைக்கின்றன! 10 million மருத்துவர்கள் இதை வெளியிட்டதால் நிறுத்தப்பட்டனர்! விழிப்புணர்வு பெறுங்கள்! deep state plot உண்மையானது!,1,ta,FAKE,214,23
BREAKING: a famous actor SECRETLY betrays nation! Government HIDING the TRUTH about climate! SHARE before they DELETE this! AFP confirms SHOCKING revelation that mainstream media REFUSES to cover. This changes EVERYTHING!,1,en,FAKE,221,31
Germany அரசு healthcare துறைக்கு ₹12 கோடி நிதி ஒதுக்கியது. cabinet மதிப்பாய்வு செய்த திட்டம் 2035-ல் achieve net-zero நோக்கமாக கொண்டுள்ளது. எதிர்க்கட்சிகள் கலவையான கருத்துக்களை தெரிவித்தன.,0,ta,REAL,188,21
"Researchers at MIT published findings in Cell showing that cut costs by 30%. The study, conducted over 5 years with 5,000 participants, concludes that early screening saves lives. Peer reviewers praised the methodology.",0,en,REAL,219,33
"Stock markets dipped on Friday as Google reported stellar quarterly earnings. Analysts at ICICI revised their 2027 forecast to 8.1%, citing innovation.",0,en,REAL,151,22
BREAKING: a major politician SECRETLY betrays nation! Government HIDING the TRUTH about water supply! SHARE before they DELETE this! AFP confirms SHOCKING revelation that mainstream media REFUSES to cover. This changes EVERYTHING!,1,en,FAKE,230,32
MIRACLE: a mother of three LOSES 12 kg in 30 days using ONE weird trick doctors HATE! Experts BAFFLED! a tech billionaire uses this SECRET daily! ORDER before January 1 — LIMITED SUPPLY!,1,en,FAKE,186,33
"Stock markets rallied on Friday as Tesla reported record quarterly earnings. Analysts at Morgan Stanley revised their 2026 forecast to 8.1%, citing innovation.",0,en,REAL,159,23
"LEAKED: classified file REVEALS that deep state plans to censor internet by 2025! Insiders FLEE for their lives! 2,300% of population at RISK! They are COMING for your freedom of speech! RESIST now!",1,en,FAKE,198,33
"EXCLUSIVE: Scientists DISCOVER that turmeric CURES cholera in just 7 days! Big Pharma DOESN'T want you to know! 500,000 doctors SILENCED for revealing this! WAKE UP! The deep state plot is REAL!",1,en,FAKE,194,32
கசிந்த ஆவணம்: government 2025-ல் censor internet திட்டமிடுகிறது! உள்நாட்டு தகவலாளர்கள் உயிருக்கு பயந்து ஓடுகின்றனர்! மக்களுக்கு privacy ஆபத்தில் உள்ளது! SHARE செய்யுங்கள்!,1,ta,FAKE,171,18
Hyderabad-ல் Wednesday அன்று 12 புதிய malaria வழக்குகள் பதிவாயின. சுகாதார அதிகாரிகள் நிலைமையை சமாளிக்க vaccines நிறுத்தினர். குடிமக்கள் avoid crowding என்று அறிவுறுத்தப்படுகின்றனர்.,0,ta,REAL,181,19
கசிந்த ஆவணம்: WEF 2026-ல் censor internet திட்டமிடுகிறது! உள்நாட்டு தகவலாளர்கள் உயிருக்கு பயந்து ஓடுகின்றனர்! மக்களுக்கு freedom of speech ஆபத்தில் உள்ளது! SHARE செய்யுங்கள்!,1,ta,FAKE,174,20
அம்பலம்: the opposition leader கேமராவில் hiding documents பிடிக்கப்பட்டனர்! 10 million லட்சம் மக்கள் நீதி கோருகின்றனர்! USA immigrants காரணமாக நலிவடைகிறது! உடனே பகிருங்கள்!,1,ta,FAKE,172,20
"Delhi reported 500,000 new cases of malaria on Wednesday. Health authorities have deployed mobile units to manage the situation. Officials urge residents to avoid crowding.",0,en,REAL,172,25
அம்பலம்: a governor கேமராவில் accepting bribe பிடிக்கப்பட்டனர்! 100 லட்சம் மக்கள் நீதி கோருகின்றனர்! India elites காரணமாக நலிவடைகிறது! உடனே பகிருங்கள்!,1,ta,FAKE,151,18
Hyderabad reported 10 million new cases of malaria on Friday. Health authorities have deployed mobile units to manage the situation. Officials urge residents to wear masks.,0,en,REAL,172,26
"Stanford-இல் உள்ள ஆராய்ச்சியாளர்கள் Lancet இதழில் ஆய்வு முடிவுகளை வெளியிட்டனர். 3 ஆண்டுகள் 5,000 பங்கேற்பாளர்களுடன் நடத்தப்பட்ட இந்த ஆய்வு reduced risk by 40% என்று கண்டறிந்தது. சகாக்கள் ஆய்வு முறையை பாராட்டினர்.",0,ta,REAL,212,25
"The France government approved a $200 billion budget for infrastructure. The plan, reviewed by finance ministry, aims to eradicate poverty by 2030. Opposition parties offered mixed responses.",0,en,REAL,191,27
BREAKING: a tech billionaire SECRETLY meets foreign spy! Government HIDING the TRUTH about vaccines! SHARE before they DELETE this! Reuters confirms SHOCKING revelation that mainstream media REFUSES to cover. This changes EVERYTHING!,1,en,FAKE,233,32
"Stock markets rallied on Wednesday as Apple reported strong quarterly earnings. Analysts at JPMorgan revised their 2027 forecast to 9.0%, citing innovation.",0,en,REAL,156,22
EXCLUSIVE: Scientists DISCOVER that coconut oil CURES dengue in just 90 days! Big Pharma DOESN'T want you to know! 10 million doctors SILENCED for revealing this! WAKE UP! The deep state plot is REAL!,1,en,FAKE,200,34
அதிசயம்: a mother of three ஒரே 7 நாளில் 12 கிலோ குறைத்தனர்! மருத்துவர்கள் வெறுக்கும் இந்த ஒரு இரகசிய உத்தி! a famous actor தினமும் இதை பயன்படுத்துகிறார்! இன்றே ஆர்டர் செய்யுங்கள்!,1,ta,FAKE,179,26
Bengaluru-ல் Friday அன்று 10 million புதிய influenza வழக்குகள் பதிவாயின. சுகாதார அதிகாரிகள் நிலைமையை சமாளிக்க medical teams நிறுத்தினர். குடிமக்கள் stay home என்று அறிவுறுத்தப்படுகின்றனர்.,0,ta,REAL,188,21
அதிர்ச்சி செய்தி: a major politician இரகசியமாக meets foreign spy! அரசு chemtrails பற்றிய உண்மையை மறைக்கிறது! DELETE ஆவதற்கு முன் SHARE செய்யுங்கள்! Reuters இந்த அதிர்ச்சிகரமான உண்மையை உறுதிப்படுத்துகிறது!,1,ta,FAKE,204,24
"Japan அரசு defence துறைக்கு ₹1,000 கோடி நிதி ஒதுக்கியது. finance ministry மதிப்பாய்வு செய்த திட்டம் 2026-ல் boost GDP by 7% நோக்கமாக கொண்டுள்ளது. எதிர்க்கட்சிகள் கலவையான கருத்துக்களை தெரிவித்தன.",0,ta,REAL,194,24
ALERT: the opposition leader caught accepting bribe on camera — VIDEO PROOF! Deep state PANICKING! Over 12 million patriots DEMAND justice! Japan is FALLING because of immigrants! RT if you AGREE! Share EVERYWHERE!,1,en,FAKE,214,33
கசிந்த ஆவணம்: deep state 2035-ல் microchip citizens திட்டமிடுகிறது! உள்நாட்டு தகவலாளர்கள் உயிருக்கு பயந்து ஓடுகின்றனர்! மக்களுக்கு property ஆபத்தில் உள்ளது! SHARE செய்யுங்கள்!,1,ta,FAKE,175,19
அம்பலம்: a senior minister கேமராவில் hiding documents பிடிக்கப்பட்டனர்! 100 லட்சம் மக்கள் நீதி கோருகின்றனர்! Japan globalists காரணமாக நலிவடைகிறது! உடனே பகிருங்கள்!,1,ta,FAKE,163,19
"The France government approved a $12 billion budget for education. The plan, reviewed by expert panel, aims to eradicate poverty by 2027. Opposition parties offered mixed responses.",0,en,REAL,181,27
"The NASA announced today that climate policy will take effect from June 30. Officials confirmed the decision after 30 days of deliberation. The measure is expected to improve healthcare, according to Reuters.",0,en,REAL,208,32
MIRACLE: a local farmer LOSES 12 kg in 7 days using ONE weird trick doctors HATE! Experts BAFFLED! a famous actor uses this SECRET daily! ORDER before December 1 — LIMITED SUPPLY!,1,en,FAKE,179,32
Reliance நிறுவனம் record காலாண்டு வருவாய் அறிவித்ததால் Tuesday அன்று சந்தை surged. Goldman Sachs பகுப்பாய்வாளர்கள் 2026 கணிப்பை 6.3% ஆக திருத்தினர்.,0,ta,REAL,148,18
ALERT: a governor caught hiding documents on camera — VIDEO PROOF! Deep state PANICKING! Over 10 million million patriots DEMAND justice! France is FALLING because of foreign agents! RT if you AGREE! Share EVERYWHERE!,1,en,FAKE,217,34
"IIT Madras-இல் உள்ள ஆராய்ச்சியாளர்கள் NEJM இதழில் ஆய்வு முடிவுகளை வெளியிட்டனர். 2 ஆண்டுகள் 5,000 பங்கேற்பாளர்களுடன் நடத்தப்பட்ட இந்த ஆய்வு doubled lifespan என்று கண்டறிந்தது. சகாக்கள் ஆய்வு முறையை பாராட்டினர்.",0,ta,REAL,209,24
"அதிசயம்: a local farmer ஒரே 30 நாளில் 2,500 கிலோ குறைத்தனர்! மருத்துவர்கள் வெறுக்கும் இந்த ஒரு இரகசிய உத்தி! a famous actor தினமும் இதை பயன்படுத்துகிறார்! இன்றே ஆர்டர் செய்யுங்கள்!",1,ta,FAKE,180,25
"அதிசயம்: a local farmer ஒரே 14 நாளில் 1,000 கிலோ குறைத்தனர்! மருத்துவர்கள் வெறுக்கும் இந்த ஒரு இரகசிய உத்தி! a famous actor தினமும் இதை பயன்படுத்துகிறார்! இன்றே ஆர்டர் செய்யுங்கள்!",1,ta,FAKE,180,25
"இரகசியம் வெளியாயிற்று: coconut oil 7 நாளில் dengue-ஐ குணப்படுத்துகிறது! பெரிய நிறுவனங்கள் இதை மறைக்கின்றன! 2,300 மருத்துவர்கள் இதை வெளியிட்டதால் நிறுத்தப்பட்டனர்! விழிப்புணர்வு பெறுங்கள்! Big Pharma cover-up உண்மையானது!",1,ta,FAKE,219,23
Google நிறுவனம் record காலாண்டு வருவாய் அறிவித்ததால் Tuesday அன்று சந்தை rallied. Goldman Sachs பகுப்பாய்வாளர்கள் 2030 கணிப்பை 8.1% ஆக திருத்தினர்.,0,ta,REAL,147,18
"Stock markets surged on Tuesday as Google reported disappointing quarterly earnings. Analysts at Morgan Stanley revised their 2030 forecast to 4.2%, citing strong demand.",0,en,REAL,170,24
அதிர்ச்சி செய்தி: a major politician இரகசியமாக funds terror groups! அரசு chemtrails பற்றிய உண்மையை மறைக்கிறது! DELETE ஆவதற்கு முன் SHARE செய்யுங்கள்! AFP இந்த அதிர்ச்சிகரமான உண்மையை உறுதிப்படுத்துகிறது!,1,ta,FAKE,202,24
ALERT: a governor caught accepting bribe on camera — VIDEO PROOF! Deep state PANICKING! Over 12 million patriots DEMAND justice! Japan is FALLING because of globalists! RT if you AGREE! Share EVERYWHERE!,1,en,FAKE,203,32
HDFC நிறுவனம் strong காலாண்டு வருவாய் அறிவித்ததால் Thursday அன்று சந்தை plunged. ICICI பகுப்பாய்வாளர்கள் 2026 கணிப்பை 8.1% ஆக திருத்தினர்.,0,ta,REAL,138,17
"India அரசு defence துறைக்கு ₹2,500 கோடி நிதி ஒதுக்கியது. parliament மதிப்பாய்வு செய்த திட்டம் 2026-ல் achieve net-zero நோக்கமாக கொண்டுள்ளது. எதிர்க்கட்சிகள் கலவையான கருத்துக்களை தெரிவித்தன.",0,ta,REAL,189,21
"The UNESCO announced today that tax reform will take effect from June 30. Officials confirmed the decision after 14 days of deliberation. The measure is expected to reduce inflation, according to AFP.",0,en,REAL,200,32
MIRACLE: a retired teacher LOSES 200 kg in 21 days using ONE weird trick doctors HATE! Experts BAFFLED! a famous actor uses this SECRET daily! ORDER before June 30 — LIMITED SUPPLY!,1,en,FAKE,181,32
அதிசயம்: a retired teacher ஒரே 14 நாளில் 50 கிலோ குறைத்தனர்! மருத்துவர்கள் வெறுக்கும் இந்த ஒரு இரகசிய உத்தி! a famous actor தினமும் இதை பயன்படுத்துகிறார்! இன்றே ஆர்டர் செய்யுங்கள்!,1,ta,FAKE,180,25
MIRACLE: a local farmer LOSES 12 kg in 14 days using ONE weird trick doctors HATE! Experts BAFFLED! a major politician uses this SECRET daily! ORDER before March 15 — LIMITED SUPPLY!,1,en,FAKE,182,32
Reliance நிறுவனம் strong காலாண்டு வருவாய் அறிவித்ததால் Monday அன்று சந்தை dipped. Morgan Stanley பகுப்பாய்வாளர்கள் 2030 கணிப்பை 7.5% ஆக திருத்தினர்.,0,ta,REAL,148,18
"Japan அரசு defence துறைக்கு ₹2,500 கோடி நிதி ஒதுக்கியது. finance ministry மதிப்பாய்வு செய்த திட்டம் 2026-ல் eradicate poverty நோக்கமாக கொண்டுள்ளது. எதிர்க்கட்சிகள் கலவையான கருத்துக்களை தெரிவித்தன.",0,ta,REAL,196,22
ALERT: a senior minister caught hiding documents on camera — VIDEO PROOF! Deep state PANICKING! Over 10 million million patriots DEMAND justice! India is FALLING because of immigrants! RT if you AGREE! Share EVERYWHERE!,1,en,FAKE,219,34
"Stock markets fell on Tuesday as HDFC reported record quarterly earnings. Analysts at Citi revised their 2026 forecast to 7.5%, citing supply chain issues.",0,en,REAL,155,24
TCS நிறுவனம் mixed காலாண்டு வருவாய் அறிவித்ததால் Monday அன்று சந்தை plunged. Goldman Sachs பகுப்பாய்வாளர்கள் 2025 கணிப்பை 6.3% ஆக திருத்தினர்.,0,ta,REAL,142,18
BREAKING: a tech billionaire SECRETLY meets foreign spy! Government HIDING the TRUTH about climate! SHARE before they DELETE this! senior official confirms SHOCKING revelation that mainstream media REFUSES to cover. This changes EVERYTHING!,1,en,FAKE,240,33
Mumbai reported 100 new cases of malaria on Wednesday. Health authorities have deployed medical teams to manage the situation. Officials urge residents to get vaccinated.,0,en,REAL,170,25
BREAKING: a famous actor SECRETLY meets foreign spy! Government HIDING the TRUTH about 5G towers! SHARE before they DELETE this! Reuters confirms SHOCKING revelation that mainstream media REFUSES to cover. This changes EVERYTHING!,1,en,FAKE,230,33
"USA அரசு defence துறைக்கு ₹2,500 கோடி நிதி ஒதுக்கியது. parliament மதிப்பாய்வு செய்த திட்டம் 2030-ல் achieve net-zero நோக்கமாக கொண்டுள்ளது. எதிர்க்கட்சிகள் கலவையான கருத்துக்களை தெரிவித்தன.",0,ta,REAL,187,21
"The France government approved a $12 billion budget for infrastructure. The plan, reviewed by cabinet, aims to achieve net-zero by 2030. Opposition parties offered mixed responses.",0,en,REAL,180,26
EXCLUSIVE: Scientists DISCOVER that lemon water CURES cholera in just 30 days! Big Pharma DOESN'T want you to know! 12 doctors SILENCED for revealing this! WAKE UP! The Big Pharma cover-up is REAL!,1,en,FAKE,197,33
"France அரசு defence துறைக்கு ₹2,500 கோடி நிதி ஒதுக்கியது. expert panel மதிப்பாய்வு செய்த திட்டம் 2027-ல் boost GDP by 7% நோக்கமாக கொண்டுள்ளது. எதிர்க்கட்சிகள் கலவையான கருத்துக்களை தெரிவித்தன.",0,ta,REAL,191,24
"Stock markets dipped on Friday as Apple reported disappointing quarterly earnings. Analysts at Citi revised their 2026 forecast to 7.5%, citing supply chain issues.",0,en,REAL,164,24
"Stock markets rose on Friday as Apple reported strong quarterly earnings. Analysts at Morgan Stanley revised their 2026 forecast to 7.5%, citing strong demand.",0,en,REAL,159,24
"இரகசியம் வெளியாயிற்று: neem 21 நாளில் dengue-ஐ குணப்படுத்துகிறது! பெரிய நிறுவனங்கள் இதை மறைக்கின்றன! 500,000 மருத்துவர்கள் இதை வெளியிட்டதால் நிறுத்தப்பட்டனர்! விழிப்புணர்வு பெறுங்கள்! New World Order உண்மையானது!",1,ta,FAKE,211,22
LEAKED: leaked email REVEALS that UN plans to microchip citizens by 2025! Insiders FLEE for their lives! 100% of population at RISK! They are COMING for your freedom of speech! RESIST now!,1,en,FAKE,188,32
அம்பலம்: the opposition leader கேமராவில் lying under oath பிடிக்கப்பட்டனர்! 12 லட்சம் மக்கள் நீதி கோருகின்றனர்! India foreign agents காரணமாக நலிவடைகிறது! உடனே பகிருங்கள்!,1,ta,FAKE,170,21
"The NASA announced today that tax reform will take effect from January 1. Officials confirmed the decision after 14 days of deliberation. The measure is expected to improve healthcare, according to AFP.",0,en,REAL,202,32
"SEBI நிறுவனம் இன்று அறிவித்தது: new trade agreement January 1 முதல் நடைமுறைக்கு வரும். 21 நாள் ஆலோசனைக்குப் பிறகு அதிகாரிகள் இந்த முடிவை உறுதிப்படுத்தினர். ministry spokesperson தெரிவிக்கும் வகையில், இந்த நடவடிக்கை boost employment என்று எதிர்பார்க்கப்படுகிறது.",0,ta,REAL,261,30
"EXCLUSIVE: Scientists DISCOVER that garlic CURES cholera in just 60 days! Big Pharma DOESN'T want you to know! 500,000 doctors SILENCED for revealing this! WAKE UP! The New World Order is REAL!",1,en,FAKE,193,32
Bengaluru reported 10 million new cases of COVID-19 on Wednesday. Health authorities have deployed vaccines to manage the situation. Officials urge residents to stay home.,0,en,REAL,171,25
EXCLUSIVE: Scientists DISCOVER that turmeric CURES cholera in just 30 days! Big Pharma DOESN'T want you to know! 10 million doctors SILENCED for revealing this! WAKE UP! The New World Order is REAL!,1,en,FAKE,198,33
"Researchers at NUS published findings in Lancet showing that cut costs by 30%. The study, conducted over 10 years with 5,000 participants, concludes that early screening saves lives. Peer reviewers praised the methodology.",0,en,REAL,222,33
"The France government approved a $5 billion budget for infrastructure. The plan, reviewed by parliament, aims to achieve net-zero by 2026. Opposition parties offered mixed responses.",0,en,REAL,182,26
"The WHO announced today that climate policy will take effect from January 1. Officials confirmed the decision after 14 days of deliberation. The measure is expected to boost employment, according to Reuters.",0,en,REAL,207,32
ALERT: the opposition leader caught hiding documents on camera — VIDEO PROOF! Deep state PANICKING! Over 10 million million patriots DEMAND justice! USA is FALLING because of globalists! RT if you AGREE! Share EVERYWHERE!,1,en,FAKE,221,34
"Hyderabad-ல் Thursday அன்று 500,000 புதிய cholera வழக்குகள் பதிவாயின. சுகாதார அதிகாரிகள் நிலைமையை சமாளிக்க medical teams நிறுத்தினர். குடிமக்கள் wear masks என்று அறிவுறுத்தப்படுகின்றனர்.",0,ta,REAL,186,20
"Kolkata reported 2,300 new cases of malaria on Tuesday. Health authorities have deployed medical teams to manage the situation. Officials urge residents to avoid crowding.",0,en,REAL,171,25
Bengaluru-ல் Wednesday அன்று 12 புதிய COVID-19 வழக்குகள் பதிவாயின. சுகாதார அதிகாரிகள் நிலைமையை சமாளிக்க vaccines நிறுத்தினர். குடிமக்கள் get vaccinated என்று அறிவுறுத்தப்படுகின்றனர்.,0,ta,REAL,182,19
"The SEBI announced today that vaccine mandate will take effect from March 15. Officials confirmed the decision after 90 days of deliberation. The measure is expected to cut emissions, according to AFP.",0,en,REAL,201,32
"Researchers at IIT Madras published findings in NEJM showing that reduced risk by 40%. The study, conducted over 3 years with 5,000 participants, concludes that diet is key. Peer reviewers praised the methodology.",0,en,REAL,213,33
அதிர்ச்சி செய்தி: a tech billionaire இரகசியமாக meets foreign spy! அரசு 5G towers பற்றிய உண்மையை மறைக்கிறது! DELETE ஆவதற்கு முன் SHARE செய்யுங்கள்! PTI இந்த அதிர்ச்சிகரமான உண்மையை உறுதிப்படுத்துகிறது!,1,ta,FAKE,199,25
Kolkata-ல் Thursday அன்று 10 million புதிய malaria வழக்குகள் பதிவாயின. சுகாதார அதிகாரிகள் நிலைமையை சமாளிக்க testing kits நிறுத்தினர். குடிமக்கள் wear masks என்று அறிவுறுத்தப்படுகின்றனர்.,0,ta,REAL,186,21
"Researchers at BITS Pilani published findings in Nature showing that reduced risk by 40%. The study, conducted over 10 years with 1,200 participants, concludes that lifestyle changes matter. Peer reviewers praised the methodology.",0,en,REAL,230,33
அதிர்ச்சி செய்தி: a famous actor இரகசியமாக funds terror groups! அரசு climate பற்றிய உண்மையை மறைக்கிறது! DELETE ஆவதற்கு முன் SHARE செய்யுங்கள்! PTI இந்த அதிர்ச்சிகரமான உண்மையை உறுதிப்படுத்துகிறது!,1,ta,FAKE,195,24
இரகசியம் வெளியாயிற்று: lemon water 7 நாளில் cholera-ஐ குணப்படுத்துகிறது! பெரிய நிறுவனங்கள் இதை மறைக்கின்றன! 45 மருத்துவர்கள் இதை வெளியிட்டதால் நிறுத்தப்பட்டனர்! விழிப்புணர்வு பெறுங்கள்! Big Pharma cover-up உண்மையானது!,1,ta,FAKE,217,23
LEAKED: classified file REVEALS that government plans to microchip citizens by 2035! Insiders FLEE for their lives! 12% of population at RISK! They are COMING for your gun rights! RESIST now!,1,en,FAKE,191,31
"The ISRO announced today that climate policy will take effect from April 5. Officials confirmed the decision after 14 days of deliberation. The measure is expected to reduce inflation, according to senior official.",0,en,REAL,214,33
அம்பலம்: a governor கேமராவில் lying under oath பிடிக்கப்பட்டனர்! 12 லட்சம் மக்கள் நீதி கோருகின்றனர்! Germany immigrants காரணமாக நலிவடைகிறது! உடனே பகிருங்கள்!,1,ta,FAKE,157,19
Kolkata reported 45 new cases of cholera on Friday. Health authorities have deployed vaccines to manage the situation. Officials urge residents to avoid crowding.,0,en,REAL,162,24
அதிர்ச்சி செய்தி: a major politician இரகசியமாக betrays nation! அரசு vaccines பற்றிய உண்மையை மறைக்கிறது! DELETE ஆவதற்கு முன் SHARE செய்யுங்கள்! Reuters இந்த அதிர்ச்சிகரமான உண்மையை உறுதிப்படுத்துகிறது!,1,ta,FAKE,199,23
அதிர்ச்சி செய்தி: a major politician இரகசியமாக betrays nation! அரசு climate பற்றிய உண்மையை மறைக்கிறது! DELETE ஆவதற்கு முன் SHARE செய்யுங்கள்! Reuters இந்த அதிர்ச்சிகரமான உண்மையை உறுதிப்படுத்துகிறது!,1,ta,FAKE,198,23
"ISRO நிறுவனம் இன்று அறிவித்தது: new trade agreement March 15 முதல் நடைமுறைக்கு வரும். 60 நாள் ஆலோசனைக்குப் பிறகு அதிகாரிகள் இந்த முடிவை உறுதிப்படுத்தினர். ministry spokesperson தெரிவிக்கும் வகையில், இந்த நடவடிக்கை reduce inflation என்று எதிர்பார்க்கப்படுகிறது.",0,ta,REAL,260,30
Hyderabad reported 12 new cases of COVID-19 on Wednesday. Health authorities have deployed medical teams to manage the situation. Officials urge residents to stay home.,0,en,REAL,168,25
அம்பலம்: the opposition leader கேமராவில் accepting bribe பிடிக்கப்பட்டனர்! 10 million லட்சம் மக்கள் நீதி கோருகின்றனர்! UK immigrants காரணமாக நலிவடைகிறது! உடனே பகிருங்கள்!,1,ta,FAKE,170,20
BREAKING: a famous actor SECRETLY funds terror groups! Government HIDING the TRUTH about climate! SHARE before they DELETE this! ministry spokesperson confirms SHOCKING revelation that mainstream media REFUSES to cover. This changes EVERYTHING!,1,en,FAKE,244,33
"The UNESCO announced today that new trade agreement will take effect from June 30. Officials confirmed the decision after 7 days of deliberation. The measure is expected to cut emissions, according to PTI.",0,en,REAL,205,33
India அரசு healthcare துறைக்கு ₹12 கோடி நிதி ஒதுக்கியது. finance ministry மதிப்பாய்வு செய்த திட்டம் 2026-ல் boost GDP by 7% நோக்கமாக கொண்டுள்ளது. எதிர்க்கட்சிகள் கலவையான கருத்துக்களை தெரிவித்தன.,0,ta,REAL,194,24
"Bengaluru reported 500,000 new cases of malaria on Monday. Health authorities have deployed mobile units to manage the situation. Officials urge residents to stay home.",0,en,REAL,168,25
USA அரசு infrastructure துறைக்கு ₹50 கோடி நிதி ஒதுக்கியது. finance ministry மதிப்பாய்வு செய்த திட்டம் 2030-ல் boost GDP by 7% நோக்கமாக கொண்டுள்ளது. எதிர்க்கட்சிகள் கலவையான கருத்துக்களை தெரிவித்தன.,0,ta,REAL,196,24
MIRACLE: a mother of three LOSES 50 kg in 14 days using ONE weird trick doctors HATE! Experts BAFFLED! a tech billionaire uses this SECRET daily! ORDER before June 30 — LIMITED SUPPLY!,1,en,FAKE,184,33
"The UNESCO announced today that vaccine mandate will take effect from March 15. Officials confirmed the decision after 14 days of deliberation. The measure is expected to cut emissions, according to PTI.",0,en,REAL,203,32
Chennai reported 12 new cases of COVID-19 on Wednesday. Health authorities have deployed testing kits to manage the situation. Officials urge residents to wear masks.,0,en,REAL,166,25
"The IMF announced today that new trade agreement will take effect from December 1. Officials confirmed the decision after 14 days of deliberation. The measure is expected to cut emissions, according to AFP.",0,en,REAL,206,33
HDFC நிறுவனம் disappointing காலாண்டு வருவாய் அறிவித்ததால் Tuesday அன்று சந்தை rose. Goldman Sachs பகுப்பாய்வாளர்கள் 2035 கணிப்பை 8.1% ஆக திருத்தினர்.,0,ta,REAL,149,18
"அம்பலம்: the opposition leader கேமராவில் lying under oath பிடிக்கப்பட்டனர்! 500,000 லட்சம் மக்கள் நீதி கோருகின்றனர்! France foreign agents காரணமாக நலிவடைகிறது! உடனே பகிருங்கள்!",1,ta,FAKE,176,21
Tesla நிறுவனம் stellar காலாண்டு வருவாய் அறிவித்ததால் Friday அன்று சந்தை surged. JPMorgan பகுப்பாய்வாளர்கள் 2030 கணிப்பை 8.1% ஆக திருத்தினர்.,0,ta,REAL,140,17
"Stock markets rose on Friday as Reliance reported strong quarterly earnings. Analysts at ICICI revised their 2030 forecast to 9.0%, citing strong demand.",0,en,REAL,153,23
"The India government approved a $1,000 billion budget for agriculture. The plan, reviewed by parliament, aims to eradicate poverty by 2026. Opposition parties offered mixed responses.",0,en,REAL,183,26
"The NASA announced today that vaccine mandate will take effect from March 15. Officials confirmed the decision after 7 days of deliberation. The measure is expected to reduce inflation, according to Reuters.",0,en,REAL,207,32
Infosys நிறுவனம் stellar காலாண்டு வருவாய் அறிவித்ததால் Monday அன்று சந்தை fell. JPMorgan பகுப்பாய்வாளர்கள் 2030 கணிப்பை 8.1% ஆக திருத்தினர்.,0,ta,REAL,140,17
"NASA நிறுவனம் இன்று அறிவித்தது: climate policy April 5 முதல் நடைமுறைக்கு வரும். 21 நாள் ஆலோசனைக்குப் பிறகு அதிகாரிகள் இந்த முடிவை உறுதிப்படுத்தினர். AFP தெரிவிக்கும் வகையில், இந்த நடவடிக்கை improve healthcare என்று எதிர்பார்க்கப்படுகிறது.",0,ta,REAL,238,28
EXCLUSIVE: Scientists DISCOVER that coconut oil CURES COVID-19 in just 30 days! Big Pharma DOESN'T want you to know! 12 doctors SILENCED for revealing this! WAKE UP! The deep state plot is REAL!,1,en,FAKE,194,33
"Researchers at MIT published findings in NEJM showing that improved accuracy. The study, conducted over 10 years with 1,200 participants, concludes that early screening saves lives. Peer reviewers praised the methodology.",0,en,REAL,221,31
TCS நிறுவனம் disappointing காலாண்டு வருவாய் அறிவித்ததால் Monday அன்று சந்தை plunged. ICICI பகுப்பாய்வாளர்கள் 2035 கணிப்பை 7.5% ஆக திருத்தினர்.,0,ta,REAL,142,17
"IMF நிறுவனம் இன்று அறிவித்தது: climate policy December 1 முதல் நடைமுறைக்கு வரும். 21 நாள் ஆலோசனைக்குப் பிறகு அதிகாரிகள் இந்த முடிவை உறுதிப்படுத்தினர். senior official தெரிவிக்கும் வகையில், இந்த நடவடிக்கை improve healthcare என்று எதிர்பார்க்கப்படுகிறது.",0,ta,REAL,252,29
Reliance நிறுவனம் stellar காலாண்டு வருவாய் அறிவித்ததால் Thursday அன்று சந்தை surged. Morgan Stanley பகுப்பாய்வாளர்கள் 2035 கணிப்பை 8.1% ஆக திருத்தினர்.,0,ta,REAL,151,18
அம்பலம்: a governor கேமராவில் hiding documents பிடிக்கப்பட்டனர்! 12 லட்சம் மக்கள் நீதி கோருகின்றனர்! UK elites காரணமாக நலிவடைகிறது! உடனே பகிருங்கள்!,1,ta,FAKE,148,18
EXCLUSIVE: Scientists DISCOVER that turmeric CURES dengue in just 21 days! Big Pharma DOESN'T want you to know! 12 doctors SILENCED for revealing this! WAKE UP! The deep state plot is REAL!,1,en,FAKE,189,32
Hyderabad-ல் Friday அன்று 45 புதிய cholera வழக்குகள் பதிவாயின. சுகாதார அதிகாரிகள் நிலைமையை சமாளிக்க vaccines நிறுத்தினர். குடிமக்கள் stay home என்று அறிவுறுத்தப்படுகின்றனர்.,0,ta,REAL,173,19
UK அரசு healthcare துறைக்கு ₹50 கோடி நிதி ஒதுக்கியது. expert panel மதிப்பாய்வு செய்த திட்டம் 2026-ல் eradicate poverty நோக்கமாக கொண்டுள்ளது. எதிர்க்கட்சிகள் கலவையான கருத்துக்களை தெரிவித்தன.,0,ta,REAL,189,22
"Researchers at Stanford published findings in Cell showing that cut costs by 30%. The study, conducted over 5 years with 10,000 participants, concludes that diet is key. Peer reviewers praised the methodology.",0,en,REAL,209,32
"Researchers at MIT published findings in Lancet showing that improved accuracy. The study, conducted over 5 years with 1,200 participants, concludes that lifestyle changes matter. Peer reviewers praised the methodology.",0,en,REAL,219,30
MIRACLE: a mother of three LOSES 50 kg in 21 days using ONE weird trick doctors HATE! Experts BAFFLED! a major politician uses this SECRET daily! ORDER before December 1 — LIMITED SUPPLY!,1,en,FAKE,187,33
"Researchers at Stanford published findings in Nature showing that cut costs by 30%. The study, conducted over 10 years with 500 participants, concludes that early screening saves lives. Peer reviewers praised the methodology.",0,en,REAL,225,33
BREAKING: a famous actor SECRETLY funds terror groups! Government HIDING the TRUTH about vaccines! SHARE before they DELETE this! senior official confirms SHOCKING revelation that mainstream media REFUSES to cover. This changes EVERYTHING!,1,en,FAKE,239,33
அதிர்ச்சி செய்தி: a tech billionaire இரகசியமாக funds terror groups! அரசு vaccines பற்றிய உண்மையை மறைக்கிறது! DELETE ஆவதற்கு முன் SHARE செய்யுங்கள்! PTI இந்த அதிர்ச்சிகரமான உண்மையை உறுதிப்படுத்துகிறது!,1,ta,FAKE,200,24
"The France government approved a $12 billion budget for education. The plan, reviewed by cabinet, aims to eradicate poverty by 2026. Opposition parties offered mixed responses.",0,en,REAL,176,26
"அதிசயம்: a mother of three ஒரே 21 நாளில் 2,500 கிலோ குறைத்தனர்! மருத்துவர்கள் வெறுக்கும் இந்த ஒரு இரகசிய உத்தி! a major politician தினமும் இதை பயன்படுத்துகிறார்! இன்றே ஆர்டர் செய்யுங்கள்!",1,ta,FAKE,187,26
"Stock markets plunged on Wednesday as Infosys reported stellar quarterly earnings. Analysts at JPMorgan revised their 2026 forecast to 7.5%, citing supply chain issues.",0,en,REAL,168,24
"ISRO நிறுவனம் இன்று அறிவித்தது: climate policy April 5 முதல் நடைமுறைக்கு வரும். 14 நாள் ஆலோசனைக்குப் பிறகு அதிகாரிகள் இந்த முடிவை உறுதிப்படுத்தினர். AFP தெரிவிக்கும் வகையில், இந்த நடவடிக்கை reduce inflation என்று எதிர்பார்க்கப்படுகிறது.",0,ta,REAL,236,28
இரகசியம் வெளியாயிற்று: coconut oil 7 நாளில் dengue-ஐ குணப்படுத்துகிறது! பெரிய நிறுவனங்கள் இதை மறைக்கின்றன! 12 மருத்துவர்கள் இதை வெளியிட்டதால் நிறுத்தப்பட்டனர்! விழிப்புணர்வு பெறுங்கள்! New World Order உண்மையானது!,1,ta,FAKE,212,23
MIT-இல் உள்ள ஆராய்ச்சியாளர்கள் Lancet இதழில் ஆய்வு முடிவுகளை வெளியிட்டனர். 3 ஆண்டுகள் 500 பங்கேற்பாளர்களுடன் நடத்தப்பட்ட இந்த ஆய்வு doubled lifespan என்று கண்டறிந்தது. சகாக்கள் ஆய்வு முறையை பாராட்டினர்.,0,ta,REAL,202,23
Bengaluru reported 45 new cases of COVID-19 on Wednesday. Health authorities have deployed medical teams to manage the situation. Officials urge residents to avoid crowding.,0,en,REAL,173,25
"The UN announced today that climate policy will take effect from March 15. Officials confirmed the decision after 14 days of deliberation. The measure is expected to improve healthcare, according to ministry spokesperson.",0,en,REAL,221,33
Tesla நிறுவனம் disappointing காலாண்டு வருவாய் அறிவித்ததால் Friday அன்று சந்தை rose. Morgan Stanley பகுப்பாய்வாளர்கள் 2030 கணிப்பை 9.0% ஆக திருத்தினர்.,0,ta,REAL,150,18
"The UNESCO announced today that new trade agreement will take effect from April 5. Officials confirmed the decision after 30 days of deliberation. The measure is expected to cut emissions, according to Reuters.",0,en,REAL,210,33
EXCLUSIVE: Scientists DISCOVER that lemon water CURES COVID-19 in just 60 days! Big Pharma DOESN'T want you to know! 10 million doctors SILENCED for revealing this! WAKE UP! The New World Order is REAL!,1,en,FAKE,202,34
"Hyderabad-ல் Tuesday அன்று 2,300 புதிய COVID-19 வழக்குகள் பதிவாயின. சுகாதார அதிகாரிகள் நிலைமையை சமாளிக்க testing kits நிறுத்தினர். குடிமக்கள் get vaccinated என்று அறிவுறுத்தப்படுகின்றனர்.",0,ta,REAL,187,20
"EXCLUSIVE: Scientists DISCOVER that neem CURES malaria in just 14 days! Big Pharma DOESN'T want you to know! 2,300 doctors SILENCED for revealing this! WAKE UP! The deep state plot is REAL!",1,en,FAKE,189,32
இரகசியம் வெளியாயிற்று: coconut oil 7 நாளில் dengue-ஐ குணப்படுத்துகிறது! பெரிய நிறுவனங்கள் இதை மறைக்கின்றன! 45 மருத்துவர்கள் இதை வெளியிட்டதால் நிறுத்தப்பட்டனர்! விழிப்புணர்வு பெறுங்கள்! Big Pharma cover-up உண்மையானது!,1,ta,FAKE,216,23
"The UK government approved a $12 billion budget for education. The plan, reviewed by cabinet, aims to eradicate poverty by 2025. Opposition parties offered mixed responses.",0,en,REAL,172,26
BREAKING: a famous actor SECRETLY betrays nation! Government HIDING the TRUTH about chemtrails! SHARE before they DELETE this! senior official confirms SHOCKING revelation that mainstream media REFUSES to cover. This changes EVERYTHING!,1,en,FAKE,236,32
"Hyderabad-ல் Friday அன்று 500,000 புதிய cholera வழக்குகள் பதிவாயின. சுகாதார அதிகாரிகள் நிலைமையை சமாளிக்க testing kits நிறுத்தினர். குடிமக்கள் avoid crowding என்று அறிவுறுத்தப்படுகின்றனர்.",0,ta,REAL,187,20
கசிந்த ஆவணம்: WEF 2030-ல் microchip citizens திட்டமிடுகிறது! உள்நாட்டு தகவலாளர்கள் உயிருக்கு பயந்து ஓடுகின்றனர்! மக்களுக்கு freedom of speech ஆபத்தில் உள்ளது! SHARE செய்யுங்கள்!,1,ta,FAKE,177,20
"LEAKED: leaked email REVEALS that UN plans to control food supply by 2035! Insiders FLEE for their lives! 2,300% of population at RISK! They are COMING for your gun rights! RESIST now!",1,en,FAKE,184,32
Infosys நிறுவனம் record காலாண்டு வருவாய் அறிவித்ததால் Wednesday அன்று சந்தை fell. Citi பகுப்பாய்வாளர்கள் 2026 கணிப்பை 8.1% ஆக திருத்தினர்.,0,ta,REAL,138,17
"The UN announced today that climate policy will take effect from December 1. Officials confirmed the decision after 30 days of deliberation. The measure is expected to reduce inflation, according to AFP.",0,en,REAL,203,32
"The UNESCO announced today that tax reform will take effect from June 30. Officials confirmed the decision after 14 days of deliberation. The measure is expected to reduce inflation, according to PTI.",0,en,REAL,200,32
India அரசு defence துறைக்கு ₹50 கோடி நிதி ஒதுக்கியது. cabinet மதிப்பாய்வு செய்த திட்டம் 2030-ல் achieve net-zero நோக்கமாக கொண்டுள்ளது. எதிர்க்கட்சிகள் கலவையான கருத்துக்களை தெரிவித்தன.,0,ta,REAL,183,21
அதிர்ச்சி செய்தி: a famous actor இரகசியமாக betrays nation! அரசு climate பற்றிய உண்மையை மறைக்கிறது! DELETE ஆவதற்கு முன் SHARE செய்யுங்கள்! ministry spokesperson இந்த அதிர்ச்சிகரமான உண்மையை உறுதிப்படுத்துகிறது!,1,ta,FAKE,208,24
"அம்பலம்: the opposition leader கேமராவில் hiding documents பிடிக்கப்பட்டனர்! 500,000 லட்சம் மக்கள் நீதி கோருகின்றனர்! UK immigrants காரணமாக நலிவடைகிறது! உடனே பகிருங்கள்!",1,ta,FAKE,168,19
"MIRACLE: a local farmer LOSES 1,000 kg in 60 days using ONE weird trick doctors HATE! Experts BAFFLED! a tech billionaire uses this SECRET daily! ORDER before March 15 — LIMITED SUPPLY!",1,en,FAKE,185,32
EXCLUSIVE: Scientists DISCOVER that garlic CURES influenza in just 7 days! Big Pharma DOESN'T want you to know! 45 doctors SILENCED for revealing this! WAKE UP! The deep state plot is REAL!,1,en,FAKE,189,32
"ISRO நிறுவனம் இன்று அறிவித்தது: new trade agreement April 5 முதல் நடைமுறைக்கு வரும். 90 நாள் ஆலோசனைக்குப் பிறகு அதிகாரிகள் இந்த முடிவை உறுதிப்படுத்தினர். senior official தெரிவிக்கும் வகையில், இந்த நடவடிக்கை boost employment என்று எதிர்பார்க்கப்படுகிறது.",0,ta,REAL,253,30
"Researchers at NUS published findings in Nature showing that reduced risk by 40%. The study, conducted over 5 years with 500 participants, concludes that diet is key. Peer reviewers praised the methodology.",0,en,REAL,206,32
"Stock markets plunged on Wednesday as Apple reported mixed quarterly earnings. Analysts at Citi revised their 2026 forecast to 4.2%, citing cost pressures.",0,en,REAL,155,23
அதிசயம்: a mother of three ஒரே 60 நாளில் 12 கிலோ குறைத்தனர்! மருத்துவர்கள் வெறுக்கும் இந்த ஒரு இரகசிய உத்தி! a famous actor தினமும் இதை பயன்படுத்துகிறார்! இன்றே ஆர்டர் செய்யுங்கள்!,1,ta,FAKE,180,26
Chennai reported 45 new cases of cholera on Thursday. Health authorities have deployed vaccines to manage the situation. Officials urge residents to get vaccinated.,0,en,REAL,164,24
"Researchers at Oxford published findings in Lancet showing that reduced risk by 40%. The study, conducted over 5 years with 10,000 participants, concludes that early screening saves lives. Peer reviewers praised the methodology.",0,en,REAL,228,33
அம்பலம்: the opposition leader கேமராவில் accepting bribe பிடிக்கப்பட்டனர்! 10 million லட்சம் மக்கள் நீதி கோருகின்றனர்! Japan globalists காரணமாக நலிவடைகிறது! உடனே பகிருங்கள்!,1,ta,FAKE,173,20
"Researchers at Stanford published findings in Cell showing that reduced risk by 40%. The study, conducted over 2 years with 10,000 participants, concludes that early screening saves lives. Peer reviewers praised the methodology.",0,en,REAL,228,33
ALERT: the opposition leader caught accepting bribe on camera — VIDEO PROOF! Deep state PANICKING! Over 45 million patriots DEMAND justice! India is FALLING because of immigrants! RT if you AGREE! Share EVERYWHERE!,1,en,FAKE,214,33
"USA அரசு infrastructure துறைக்கு ₹1,000 கோடி நிதி ஒதுக்கியது. expert panel மதிப்பாய்வு செய்த திட்டம் 2035-ல் achieve net-zero நோக்கமாக கொண்டுள்ளது. எதிர்க்கட்சிகள் கலவையான கருத்துக்களை தெரிவித்தன.",0,ta,REAL,196,22
"IMF நிறுவனம் இன்று அறிவித்தது: new trade agreement April 5 முதல் நடைமுறைக்கு வரும். 60 நாள் ஆலோசனைக்குப் பிறகு அதிகாரிகள் இந்த முடிவை உறுதிப்படுத்தினர். AFP தெரிவிக்கும் வகையில், இந்த நடவடிக்கை improve healthcare என்று எதிர்பார்க்கப்படுகிறது.",0,ta,REAL,242,29
UK அரசு agriculture துறைக்கு ₹5 கோடி நிதி ஒதுக்கியது. cabinet மதிப்பாய்வு செய்த திட்டம் 2030-ல் eradicate poverty நோக்கமாக கொண்டுள்ளது. எதிர்க்கட்சிகள் கலவையான கருத்துக்களை தெரிவித்தன.,0,ta,REAL,184,21
TCS நிறுவனம் strong காலாண்டு வருவாய் அறிவித்ததால் Tuesday அன்று சந்தை plunged. Morgan Stanley பகுப்பாய்வாளர்கள் 2026 கணிப்பை 8.1% ஆக திருத்தினர்.,0,ta,REAL,145,18
"அதிசயம்: a local farmer ஒரே 7 நாளில் 1,000 கிலோ குறைத்தனர்! மருத்துவர்கள் வெறுக்கும் இந்த ஒரு இரகசிய உத்தி! a tech billionaire தினமும் இதை பயன்படுத்துகிறார்! இன்றே ஆர்டர் செய்யுங்கள்!",1,ta,FAKE,183,25
அதிர்ச்சி செய்தி: a tech billionaire இரகசியமாக meets foreign spy! அரசு chemtrails பற்றிய உண்மையை மறைக்கிறது! DELETE ஆவதற்கு முன் SHARE செய்யுங்கள்! Reuters இந்த அதிர்ச்சிகரமான உண்மையை உறுதிப்படுத்துகிறது!,1,ta,FAKE,204,24
MIRACLE: a mother of three LOSES 50 kg in 90 days using ONE weird trick doctors HATE! Experts BAFFLED! a major politician uses this SECRET daily! ORDER before December 1 — LIMITED SUPPLY!,1,en,FAKE,187,33
MIRACLE: a retired teacher LOSES 50 kg in 60 days using ONE weird trick doctors HATE! Experts BAFFLED! a tech billionaire uses this SECRET daily! ORDER before December 1 — LIMITED SUPPLY!,1,en,FAKE,187,32
India அரசு infrastructure துறைக்கு ₹12 கோடி நிதி ஒதுக்கியது. parliament மதிப்பாய்வு செய்த திட்டம் 2026-ல் eradicate poverty நோக்கமாக கொண்டுள்ளது. எதிர்க்கட்சிகள் கலவையான கருத்துக்களை தெரிவித்தன.,0,ta,REAL,194,21
LEAKED: classified file REVEALS that WHO plans to control food supply by 2030! Insiders FLEE for their lives! 45% of population at RISK! They are COMING for your privacy! RESIST now!,1,en,FAKE,182,31
MIRACLE: a retired teacher LOSES 12 kg in 21 days using ONE weird trick doctors HATE! Experts BAFFLED! a major politician uses this SECRET daily! ORDER before December 1 — LIMITED SUPPLY!,1,en,FAKE,187,32
"LEAKED: leaked email REVEALS that WEF plans to microchip citizens by 2027! Insiders FLEE for their lives! 500,000% of population at RISK! They are COMING for your freedom of speech! RESIST now!",1,en,FAKE,193,32
"MIRACLE: a mother of three LOSES 1,000 kg in 7 days using ONE weird trick doctors HATE! Experts BAFFLED! a famous actor uses this SECRET daily! ORDER before December 1 — LIMITED SUPPLY!",1,en,FAKE,185,33
"The India government approved a $50 billion budget for education. The plan, reviewed by parliament, aims to achieve net-zero by 2025. Opposition parties offered mixed responses.",0,en,REAL,177,26
Kolkata reported 10 million new cases of cholera on Friday. Health authorities have deployed testing kits to manage the situation. Officials urge residents to avoid crowding.,0,en,REAL,174,26
Google நிறுவனம் stellar காலாண்டு வருவாய் அறிவித்ததால் Wednesday அன்று சந்தை fell. Morgan Stanley பகுப்பாய்வாளர்கள் 2035 கணிப்பை 8.1% ஆக திருத்தினர்.,0,ta,REAL,148,18
UK அரசு infrastructure துறைக்கு ₹50 கோடி நிதி ஒதுக்கியது. expert panel மதிப்பாய்வு செய்த திட்டம் 2026-ல் eradicate poverty நோக்கமாக கொண்டுள்ளது. எதிர்க்கட்சிகள் கலவையான கருத்துக்களை தெரிவித்தன.,0,ta,REAL,193,22
"Stock markets rallied on Tuesday as Reliance reported strong quarterly earnings. Analysts at JPMorgan revised their 2026 forecast to 9.0%, citing strong demand.",0,en,REAL,160,23
"Researchers at MIT published findings in Lancet showing that doubled lifespan. The study, conducted over 3 years with 5,000 participants, concludes that diet is key. Peer reviewers praised the methodology.",0,en,REAL,205,30
ALERT: the opposition leader caught accepting bribe on camera — VIDEO PROOF! Deep state PANICKING! Over 45 million patriots DEMAND justice! Germany is FALLING because of foreign agents! RT if you AGREE! Share EVERYWHERE!,1,en,FAKE,220,34
LEAKED: classified file REVEALS that WEF plans to microchip citizens by 2026! Insiders FLEE for their lives! 12% of population at RISK! They are COMING for your gun rights! RESIST now!,1,en,FAKE,184,31
MIRACLE: a mother of three LOSES 200 kg in 14 days using ONE weird trick doctors HATE! Experts BAFFLED! a famous actor uses this SECRET daily! ORDER before March 15 — LIMITED SUPPLY!,1,en,FAKE,182,33
"MIRACLE: a mother of three LOSES 1,000 kg in 7 days using ONE weird trick doctors HATE! Experts BAFFLED! a major politician uses this SECRET daily! ORDER before January 1 — LIMITED SUPPLY!",1,en,FAKE,188,33
"The India government approved a $50 billion budget for education. The plan, reviewed by cabinet, aims to achieve net-zero by 2026. Opposition parties offered mixed responses.",0,en,REAL,174,26
"MIRACLE: a retired teacher LOSES 2,500 kg in 30 days using ONE weird trick doctors HATE! Experts BAFFLED! a tech billionaire uses this SECRET daily! ORDER before January 1 — LIMITED SUPPLY!",1,en,FAKE,189,32
"Stock markets dipped on Monday as TCS reported strong quarterly earnings. Analysts at ICICI revised their 2027 forecast to 8.1%, citing innovation.",0,en,REAL,147,22
Reliance நிறுவனம் mixed காலாண்டு வருவாய் அறிவித்ததால் Monday அன்று சந்தை rose. JPMorgan பகுப்பாய்வாளர்கள் 2025 கணிப்பை 6.3% ஆக திருத்தினர்.,0,ta,REAL,139,17
"ALERT: a governor caught lying under oath on camera — VIDEO PROOF! Deep state PANICKING! Over 500,000 million patriots DEMAND justice! India is FALLING because of foreign agents! RT if you AGREE! Share EVERYWHERE!",1,en,FAKE,213,34
"Mumbai-ல் Thursday அன்று 2,300 புதிய influenza வழக்குகள் பதிவாயின. சுகாதார அதிகாரிகள் நிலைமையை சமாளிக்க mobile units நிறுத்தினர். குடிமக்கள் avoid crowding என்று அறிவுறுத்தப்படுகின்றனர்.",0,ta,REAL,186,20
EXCLUSIVE: Scientists DISCOVER that lemon water CURES influenza in just 14 days! Big Pharma DOESN'T want you to know! 10 million doctors SILENCED for revealing this! WAKE UP! The New World Order is REAL!,1,en,FAKE,203,34
Chennai reported 10 million new cases of malaria on Tuesday. Health authorities have deployed vaccines to manage the situation. Officials urge residents to stay home.,0,en,REAL,166,25
Reliance நிறுவனம் stellar காலாண்டு வருவாய் அறிவித்ததால் Tuesday அன்று சந்தை plunged. Goldman Sachs பகுப்பாய்வாளர்கள் 2025 கணிப்பை 8.1% ஆக திருத்தினர்.,0,ta,REAL,150,18
ALERT: a senior minister caught hiding documents on camera — VIDEO PROOF! Deep state PANICKING! Over 45 million patriots DEMAND justice! UK is FALLING because of elites! RT if you AGREE! Share EVERYWHERE!,1,en,FAKE,204,33
LEAKED: classified file REVEALS that deep state plans to microchip citizens by 2030! Insiders FLEE for their lives! 100% of population at RISK! They are COMING for your privacy! RESIST now!,1,en,FAKE,189,31
Bengaluru reported 12 new cases of malaria on Thursday. Health authorities have deployed mobile units to manage the situation. Officials urge residents to get vaccinated.,0,en,REAL,170,25
ALERT: a governor caught lying under oath on camera — VIDEO PROOF! Deep state PANICKING! Over 12 million patriots DEMAND justice! USA is FALLING because of globalists! RT if you AGREE! Share EVERYWHERE!,1,en,FAKE,202,33
BREAKING: a famous actor SECRETLY meets foreign spy! Government HIDING the TRUTH about vaccines! SHARE before they DELETE this! senior official confirms SHOCKING revelation that mainstream media REFUSES to cover. This changes EVERYTHING!,1,en,FAKE,237,33
BREAKING: a major politician SECRETLY funds terror groups! Government HIDING the TRUTH about vaccines! SHARE before they DELETE this! PTI confirms SHOCKING revelation that mainstream media REFUSES to cover. This changes EVERYTHING!,1,en,FAKE,231,32
MIRACLE: a local farmer LOSES 200 kg in 21 days using ONE weird trick doctors HATE! Experts BAFFLED! a tech billionaire uses this SECRET daily! ORDER before March 15 — LIMITED SUPPLY!,1,en,FAKE,183,32
UK அரசு education துறைக்கு ₹5 கோடி நிதி ஒதுக்கியது. cabinet மதிப்பாய்வு செய்த திட்டம் 2027-ல் boost GDP by 7% நோக்கமாக கொண்டுள்ளது. எதிர்க்கட்சிகள் கலவையான கருத்துக்களை தெரிவித்தன.,0,ta,REAL,180,23
"India அரசு healthcare துறைக்கு ₹1,000 கோடி நிதி ஒதுக்கியது. cabinet மதிப்பாய்வு செய்த திட்டம் 2027-ல் eradicate poverty நோக்கமாக கொண்டுள்ளது. எதிர்க்கட்சிகள் கலவையான கருத்துக்களை தெரிவித்தன.",0,ta,REAL,190,21
"Bengaluru-ல் Wednesday அன்று 500,000 புதிய dengue வழக்குகள் பதிவாயின. சுகாதார அதிகாரிகள் நிலைமையை சமாளிக்க testing kits நிறுத்தினர். குடிமக்கள் get vaccinated என்று அறிவுறுத்தப்படுகின்றனர்.",0,ta,REAL,189,20
BREAKING: a famous actor SECRETLY meets foreign spy! Government HIDING the TRUTH about vaccines! SHARE before they DELETE this! Reuters confirms SHOCKING revelation that mainstream media REFUSES to cover. This changes EVERYTHING!,1,en,FAKE,229,32
"Stock markets dipped on Tuesday as TCS reported mixed quarterly earnings. Analysts at JPMorgan revised their 2025 forecast to 9.0%, citing cost pressures.",0,en,REAL,154,23
அதிர்ச்சி செய்தி: a tech billionaire இரகசியமாக funds terror groups! அரசு vaccines பற்றிய உண்மையை மறைக்கிறது! DELETE ஆவதற்கு முன் SHARE செய்யுங்கள்! ministry spokesperson இந்த அதிர்ச்சிகரமான உண்மையை உறுதிப்படுத்துகிறது!,1,ta,FAKE,218,25
"Stock markets surged on Tuesday as Tesla reported record quarterly earnings. Analysts at ICICI revised their 2027 forecast to 4.2%, citing cost pressures.",0,en,REAL,154,23
EXCLUSIVE: Scientists DISCOVER that garlic CURES COVID-19 in just 7 days! Big Pharma DOESN'T want you to know! 45 doctors SILENCED for revealing this! WAKE UP! The New World Order is REAL!,1,en,FAKE,188,32
அம்பலம்: the opposition leader கேமராவில் accepting bribe பிடிக்கப்பட்டனர்! 12 லட்சம் மக்கள் நீதி கோருகின்றனர்! Japan foreign agents காரணமாக நலிவடைகிறது! உடனே பகிருங்கள்!,1,ta,FAKE,169,20
"Stock markets rallied on Tuesday as HDFC reported stellar quarterly earnings. Analysts at JPMorgan revised their 2030 forecast to 9.0%, citing strong demand.",0,en,REAL,157,23
"Chennai-ல் Thursday அன்று 500,000 புதிய cholera வழக்குகள் பதிவாயின. சுகாதார அதிகாரிகள் நிலைமையை சமாளிக்க vaccines நிறுத்தினர். குடிமக்கள் stay home என்று அறிவுறுத்தப்படுகின்றனர்.",0,ta,REAL,178,19
BREAKING: a famous actor SECRETLY meets foreign spy! Government HIDING the TRUTH about vaccines! SHARE before they DELETE this! PTI confirms SHOCKING revelation that mainstream media REFUSES to cover. This changes EVERYTHING!,1,en,FAKE,225,32
LEAKED: secret memo REVEALS that deep state plans to censor internet by 2027! Insiders FLEE for their lives! 10 million% of population at RISK! They are COMING for your gun rights! RESIST now!,1,en,FAKE,192,33
ALERT: a senior minister caught hiding documents on camera — VIDEO PROOF! Deep state PANICKING! Over 12 million patriots DEMAND justice! Japan is FALLING because of elites! RT if you AGREE! Share EVERYWHERE!,1,en,FAKE,207,33
EXCLUSIVE: Scientists DISCOVER that turmeric CURES malaria in just 7 days! Big Pharma DOESN'T want you to know! 12 doctors SILENCED for revealing this! WAKE UP! The Big Pharma cover-up is REAL!,1,en,FAKE,193,32
"Stock markets plunged on Monday as Google reported disappointing quarterly earnings. Analysts at Morgan Stanley revised their 2026 forecast to 7.5%, citing innovation.",0,en,REAL,167,23
"அம்பலம்: the opposition leader கேமராவில் lying under oath பிடிக்கப்பட்டனர்! 500,000 லட்சம் மக்கள் நீதி கோருகின்றனர்! UK elites காரணமாக நலிவடைகிறது! உடனே பகிருங்கள்!",1,ta,FAKE,164,20
அதிர்ச்சி செய்தி: a famous actor இரகசியமாக meets foreign spy! அரசு chemtrails பற்றிய உண்மையை மறைக்கிறது! DELETE ஆவதற்கு முன் SHARE செய்யுங்கள்! ministry spokesperson இந்த அதிர்ச்சிகரமான உண்மையை உறுதிப்படுத்துகிறது!,1,ta,FAKE,214,25
Delhi reported 100 new cases of cholera on Friday. Health authorities have deployed medical teams to manage the situation. Officials urge residents to wear masks.,0,en,REAL,162,25
"The Japan government approved a $2,500 billion budget for infrastructure. The plan, reviewed by finance ministry, aims to boost GDP by 7% by 2035. Opposition parties offered mixed responses.",0,en,REAL,190,29
அதிசயம்: a retired teacher ஒரே 60 நாளில் 12 கிலோ குறைத்தனர்! மருத்துவர்கள் வெறுக்கும் இந்த ஒரு இரகசிய உத்தி! a tech billionaire தினமும் இதை பயன்படுத்துகிறார்! இன்றே ஆர்டர் செய்யுங்கள்!,1,ta,FAKE,184,25
Stanford-இல் உள்ள ஆராய்ச்சியாளர்கள் Nature இதழில் ஆய்வு முடிவுகளை வெளியிட்டனர். 10 ஆண்டுகள் 500 பங்கேற்பாளர்களுடன் நடத்தப்பட்ட இந்த ஆய்வு cut costs by 30% என்று கண்டறிந்தது. சகாக்கள் ஆய்வு முறையை பாராட்டினர்.,0,ta,REAL,208,25
"அதிசயம்: a retired teacher ஒரே 60 நாளில் 1,000 கிலோ குறைத்தனர்! மருத்துவர்கள் வெறுக்கும் இந்த ஒரு இரகசிய உத்தி! a famous actor தினமும் இதை பயன்படுத்துகிறார்! இன்றே ஆர்டர் செய்யுங்கள்!",1,ta,FAKE,183,25
"Stock markets dipped on Friday as Apple reported mixed quarterly earnings. Analysts at Morgan Stanley revised their 2027 forecast to 9.0%, citing innovation.",0,en,REAL,157,23
"Stanford-இல் உள்ள ஆராய்ச்சியாளர்கள் Nature இதழில் ஆய்வு முடிவுகளை வெளியிட்டனர். 3 ஆண்டுகள் 1,200 பங்கேற்பாளர்களுடன் நடத்தப்பட்ட இந்த ஆய்வு doubled lifespan என்று கண்டறிந்தது. சகாக்கள் ஆய்வு முறையை பாராட்டினர்.",0,ta,REAL,209,23
"ALERT: a senior minister caught lying under oath on camera — VIDEO PROOF! Deep state PANICKING! Over 2,300 million patriots DEMAND justice! France is FALLING because of immigrants! RT if you AGREE! Share EVERYWHERE!",1,en,FAKE,215,34
"ALERT: a senior minister caught accepting bribe on camera — VIDEO PROOF! Deep state PANICKING! Over 500,000 million patriots DEMAND justice! India is FALLING because of immigrants! RT if you AGREE! Share EVERYWHERE!",1,en,FAKE,215,33
Infosys நிறுவனம் disappointing காலாண்டு வருவாய் அறிவித்ததால் Friday அன்று சந்தை rose. JPMorgan பகுப்பாய்வாளர்கள் 2026 கணிப்பை 8.1% ஆக திருத்தினர்.,0,ta,REAL,146,17
"The France government approved a $50 billion budget for defence. The plan, reviewed by expert panel, aims to boost GDP by 7% by 2025. Opposition parties offered mixed responses.",0,en,REAL,177,29
கசிந்த ஆவணம்: government 2026-ல் censor internet திட்டமிடுகிறது! உள்நாட்டு தகவலாளர்கள் உயிருக்கு பயந்து ஓடுகின்றனர்! மக்களுக்கு privacy ஆபத்தில் உள்ளது! SHARE செய்யுங்கள்!,1,ta,FAKE,171,18
"அம்பலம்: a governor கேமராவில் accepting bribe பிடிக்கப்பட்டனர்! 500,000 லட்சம் மக்கள் நீதி கோருகின்றனர்! Germany foreign agents காரணமாக நலிவடைகிறது! உடனே பகிருங்கள்!",1,ta,FAKE,165,19
அம்பலம்: a senior minister கேமராவில் hiding documents பிடிக்கப்பட்டனர்! 45 லட்சம் மக்கள் நீதி கோருகின்றனர்! Germany foreign agents காரணமாக நலிவடைகிறது! உடனே பகிருங்கள்!,1,ta,FAKE,168,20
"ALERT: a senior minister caught hiding documents on camera — VIDEO PROOF! Deep state PANICKING! Over 500,000 million patriots DEMAND justice! Japan is FALLING because of elites! RT if you AGREE! Share EVERYWHERE!",1,en,FAKE,212,33
இரகசியம் வெளியாயிற்று: neem 21 நாளில் dengue-ஐ குணப்படுத்துகிறது! பெரிய நிறுவனங்கள் இதை மறைக்கின்றன! 45 மருத்துவர்கள் இதை வெளியிட்டதால் நிறுத்தப்பட்டனர்! விழிப்புணர்வு பெறுங்கள்! New World Order உண்மையானது!,1,ta,FAKE,206,22
"UN நிறுவனம் இன்று அறிவித்தது: vaccine mandate December 1 முதல் நடைமுறைக்கு வரும். 90 நாள் ஆலோசனைக்குப் பிறகு அதிகாரிகள் இந்த முடிவை உறுதிப்படுத்தினர். Reuters தெரிவிக்கும் வகையில், இந்த நடவடிக்கை cut emissions என்று எதிர்பார்க்கப்படுகிறது.",0,ta,REAL,239,28
Mumbai reported 12 new cases of malaria on Tuesday. Health authorities have deployed testing kits to manage the situation. Officials urge residents to stay home.,0,en,REAL,161,25
IIT Madras-இல் உள்ள ஆராய்ச்சியாளர்கள் Science இதழில் ஆய்வு முடிவுகளை வெளியிட்டனர். 5 ஆண்டுகள் 500 பங்கேற்பாளர்களுடன் நடத்தப்பட்ட இந்த ஆய்வு cut costs by 30% என்று கண்டறிந்தது. சகாக்கள் ஆய்வு முறையை பாராட்டினர்.,0,ta,REAL,210,26
கசிந்த ஆவணம்: UN 2027-ல் censor internet திட்டமிடுகிறது! உள்நாட்டு தகவலாளர்கள் உயிருக்கு பயந்து ஓடுகின்றனர்! மக்களுக்கு property ஆபத்தில் உள்ளது! SHARE செய்யுங்கள்!,1,ta,FAKE,164,18
EXCLUSIVE: Scientists DISCOVER that garlic CURES COVID-19 in just 21 days! Big Pharma DOESN'T want you to know! 100 doctors SILENCED for revealing this! WAKE UP! The New World Order is REAL!,1,en,FAKE,190,32
"The RBI announced today that new trade agreement will take effect from April 5. Officials confirmed the decision after 21 days of deliberation. The measure is expected to boost employment, according to AFP.",0,en,REAL,206,33
Hyderabad-ல் Friday அன்று 45 புதிய cholera வழக்குகள் பதிவாயின. சுகாதார அதிகாரிகள் நிலைமையை சமாளிக்க vaccines நிறுத்தினர். குடிமக்கள் stay home என்று அறிவுறுத்தப்படுகின்றனர்.,0,ta,REAL,173,19
"The IMF announced today that tax reform will take effect from April 5. Officials confirmed the decision after 7 days of deliberation. The measure is expected to reduce inflation, according to Reuters.",0,en,REAL,200,32
அதிசயம்: a mother of three ஒரே 30 நாளில் 5 கிலோ குறைத்தனர்! மருத்துவர்கள் வெறுக்கும் இந்த ஒரு இரகசிய உத்தி! a tech billionaire தினமும் இதை பயன்படுத்துகிறார்! இன்றே ஆர்டர் செய்யுங்கள்!,1,ta,FAKE,183,26
"Researchers at Stanford published findings in Lancet showing that doubled lifespan. The study, conducted over 10 years with 10,000 participants, concludes that early screening saves lives. Peer reviewers praised the methodology.",0,en,REAL,228,31
"The ISRO announced today that new trade agreement will take effect from December 1. Officials confirmed the decision after 7 days of deliberation. The measure is expected to cut emissions, according to AFP.",0,en,REAL,206,33
BREAKING: a major politician SECRETLY funds terror groups! Government HIDING the TRUTH about climate! SHARE before they DELETE this! senior official confirms SHOCKING revelation that mainstream media REFUSES to cover. This changes EVERYTHING!,1,en,FAKE,242,33
Japan அரசு healthcare துறைக்கு ₹50 கோடி நிதி ஒதுக்கியது. parliament மதிப்பாய்வு செய்த திட்டம் 2026-ல் achieve net-zero நோக்கமாக கொண்டுள்ளது. எதிர்க்கட்சிகள் கலவையான கருத்துக்களை தெரிவித்தன.,0,ta,REAL,189,21
அதிசயம்: a local farmer ஒரே 21 நாளில் 200 கிலோ குறைத்தனர்! மருத்துவர்கள் வெறுக்கும் இந்த ஒரு இரகசிய உத்தி! a tech billionaire தினமும் இதை பயன்படுத்துகிறார்! இன்றே ஆர்டர் செய்யுங்கள்!,1,ta,FAKE,182,25
"LEAKED: classified file REVEALS that government plans to censor internet by 2026! Insiders FLEE for their lives! 500,000% of population at RISK! They are COMING for your privacy! RESIST now!",1,en,FAKE,190,30
அம்பலம்: a senior minister கேமராவில் lying under oath பிடிக்கப்பட்டனர்! 12 லட்சம் மக்கள் நீதி கோருகின்றனர்! India foreign agents காரணமாக நலிவடைகிறது! உடனே பகிருங்கள்!,1,ta,FAKE,166,21
"Stock markets dipped on Wednesday as Tesla reported mixed quarterly earnings. Analysts at JPMorgan revised their 2025 forecast to 8.1%, citing strong demand.",0,en,REAL,157,23
"MIRACLE: a mother of three LOSES 1,000 kg in 90 days using ONE weird trick doctors HATE! Experts BAFFLED! a tech billionaire uses this SECRET daily! ORDER before June 30 — LIMITED SUPPLY!",1,en,FAKE,187,33
"EXCLUSIVE: Scientists DISCOVER that garlic CURES malaria in just 21 days! Big Pharma DOESN'T want you to know! 2,300 doctors SILENCED for revealing this! WAKE UP! The New World Order is REAL!",1,en,FAKE,191,32
அதிசயம்: a mother of three ஒரே 7 நாளில் 12 கிலோ குறைத்தனர்! மருத்துவர்கள் வெறுக்கும் இந்த ஒரு இரகசிய உத்தி! a famous actor தினமும் இதை பயன்படுத்துகிறார்! இன்றே ஆர்டர் செய்யுங்கள்!,1,ta,FAKE,179,26
ALERT: a senior minister caught hiding documents on camera — VIDEO PROOF! Deep state PANICKING! Over 12 million patriots DEMAND justice! Japan is FALLING because of elites! RT if you AGREE! Share EVERYWHERE!,1,en,FAKE,207,33
"Stock markets plunged on Wednesday as TCS reported strong quarterly earnings. Analysts at JPMorgan revised their 2030 forecast to 8.1%, citing strong demand.",0,en,REAL,157,23
கசிந்த ஆவணம்: government 2026-ல் microchip citizens திட்டமிடுகிறது! உள்நாட்டு தகவலாளர்கள் உயிருக்கு பயந்து ஓடுகின்றனர்! மக்களுக்கு gun rights ஆபத்தில் உள்ளது! SHARE செய்யுங்கள்!,1,ta,FAKE,177,19
"Researchers at MIT published findings in Cell showing that doubled lifespan. The study, conducted over 10 years with 500 participants, concludes that early screening saves lives. Peer reviewers praised the methodology.",0,en,REAL,218,31
BREAKING: a major politician SECRETLY funds terror groups! Government HIDING the TRUTH about chemtrails! SHARE before they DELETE this! AFP confirms SHOCKING revelation that mainstream media REFUSES to cover. This changes EVERYTHING!,1,en,FAKE,233,32
"MIRACLE: a local farmer LOSES 1,000 kg in 21 days using ONE weird trick doctors HATE! Experts BAFFLED! a tech billionaire uses this SECRET daily! ORDER before December 1 — LIMITED SUPPLY!",1,en,FAKE,187,32
"Delhi reported 2,300 new cases of influenza on Thursday. Health authorities have deployed medical teams to manage the situation. Officials urge residents to get vaccinated.",0,en,REAL,172,25
கசிந்த ஆவணம்: WEF 2035-ல் microchip citizens திட்டமிடுகிறது! உள்நாட்டு தகவலாளர்கள் உயிருக்கு பயந்து ஓடுகின்றனர்! மக்களுக்கு gun rights ஆபத்தில் உள்ளது! SHARE செய்யுங்கள்!,1,ta,FAKE,170,19
"இரகசியம் வெளியாயிற்று: turmeric 21 நாளில் COVID-19-ஐ குணப்படுத்துகிறது! பெரிய நிறுவனங்கள் இதை மறைக்கின்றன! 2,300 மருத்துவர்கள் இதை வெளியிட்டதால் நிறுத்தப்பட்டனர்! விழிப்புணர்வு பெறுங்கள்! New World Order உண்மையானது!",1,ta,FAKE,215,22
BREAKING: a famous actor SECRETLY betrays nation! Government HIDING the TRUTH about water supply! SHARE before they DELETE this! Reuters confirms SHOCKING revelation that mainstream media REFUSES to cover. This changes EVERYTHING!,1,en,FAKE,230,32
"ISRO நிறுவனம் இன்று அறிவித்தது: vaccine mandate December 1 முதல் நடைமுறைக்கு வரும். 90 நாள் ஆலோசனைக்குப் பிறகு அதிகாரிகள் இந்த முடிவை உறுதிப்படுத்தினர். ministry spokesperson தெரிவிக்கும் வகையில், இந்த நடவடிக்கை boost employment என்று எதிர்பார்க்கப்படுகிறது.",0,ta,REAL,258,29
"The USA government approved a $200 billion budget for healthcare. The plan, reviewed by expert panel, aims to eradicate poverty by 2027. Opposition parties offered mixed responses.",0,en,REAL,180,27
"Chennai reported 500,000 new cases of malaria on Tuesday. Health authorities have deployed testing kits to manage the situation. Officials urge residents to get vaccinated.",0,en,REAL,172,25
Stanford-இல் உள்ள ஆராய்ச்சியாளர்கள் Lancet இதழில் ஆய்வு முடிவுகளை வெளியிட்டனர். 2 ஆண்டுகள் 500 பங்கேற்பாளர்களுடன் நடத்தப்பட்ட இந்த ஆய்வு improved accuracy என்று கண்டறிந்தது. சகாக்கள் ஆய்வு முறையை பாராட்டினர்.,0,ta,REAL,208,23
இரகசியம் வெளியாயிற்று: turmeric 30 நாளில் malaria-ஐ குணப்படுத்துகிறது! பெரிய நிறுவனங்கள் இதை மறைக்கின்றன! 45 மருத்துவர்கள் இதை வெளியிட்டதால் நிறுத்தப்பட்டனர்! விழிப்புணர்வு பெறுங்கள்! Big Pharma cover-up உண்மையானது!,1,ta,FAKE,215,22
"ALERT: a governor caught lying under oath on camera — VIDEO PROOF! Deep state PANICKING! Over 2,300 million patriots DEMAND justice! Japan is FALLING because of elites! RT if you AGREE! Share EVERYWHERE!",1,en,FAKE,203,33
MIRACLE: a local farmer LOSES 12 kg in 90 days using ONE weird trick doctors HATE! Experts BAFFLED! a tech billionaire uses this SECRET daily! ORDER before June 30 — LIMITED SUPPLY!,1,en,FAKE,181,32
"EXCLUSIVE: Scientists DISCOVER that neem CURES COVID-19 in just 14 days! Big Pharma DOESN'T want you to know! 500,000 doctors SILENCED for revealing this! WAKE UP! The New World Order is REAL!",1,en,FAKE,192,32
Mumbai reported 12 new cases of malaria on Thursday. Health authorities have deployed vaccines to manage the situation. Officials urge residents to avoid crowding.,0,en,REAL,163,24
LEAKED: leaked email REVEALS that WHO plans to microchip citizens by 2027! Insiders FLEE for their lives! 100% of population at RISK! They are COMING for your privacy! RESIST now!,1,en,FAKE,179,30
"Hyderabad-ல் Friday அன்று 500,000 புதிய influenza வழக்குகள் பதிவாயின. சுகாதார அதிகாரிகள் நிலைமையை சமாளிக்க medical teams நிறுத்தினர். குடிமக்கள் wear masks என்று அறிவுறுத்தப்படுகின்றனர்.",0,ta,REAL,186,20
"இரகசியம் வெளியாயிற்று: turmeric 60 நாளில் COVID-19-ஐ குணப்படுத்துகிறது! பெரிய நிறுவனங்கள் இதை மறைக்கின்றன! 2,300 மருத்துவர்கள் இதை வெளியிட்டதால் நிறுத்தப்பட்டனர்! விழிப்புணர்வு பெறுங்கள்! deep state plot உண்மையானது!",1,ta,FAKE,215,22
"BITS Pilani-இல் உள்ள ஆராய்ச்சியாளர்கள் Lancet இதழில் ஆய்வு முடிவுகளை வெளியிட்டனர். 2 ஆண்டுகள் 1,200 பங்கேற்பாளர்களுடன் நடத்தப்பட்ட இந்த ஆய்வு improved accuracy என்று கண்டறிந்தது. சகாக்கள் ஆய்வு முறையை பாராட்டினர்.",0,ta,REAL,213,24
ALERT: a governor caught accepting bribe on camera — VIDEO PROOF! Deep state PANICKING! Over 12 million patriots DEMAND justice! France is FALLING because of immigrants! RT if you AGREE! Share EVERYWHERE!,1,en,FAKE,204,32
கசிந்த ஆவணம்: deep state 2030-ல் censor internet திட்டமிடுகிறது! உள்நாட்டு தகவலாளர்கள் உயிருக்கு பயந்து ஓடுகின்றனர்! மக்களுக்கு privacy ஆபத்தில் உள்ளது! SHARE செய்யுங்கள்!,1,ta,FAKE,171,19
கசிந்த ஆவணம்: UN 2035-ல் microchip citizens திட்டமிடுகிறது! உள்நாட்டு தகவலாளர்கள் உயிருக்கு பயந்து ஓடுகின்றனர்! மக்களுக்கு freedom of speech ஆபத்தில் உள்ளது! SHARE செய்யுங்கள்!,1,ta,FAKE,176,20
அம்பலம்: a senior minister கேமராவில் accepting bribe பிடிக்கப்பட்டனர்! 45 லட்சம் மக்கள் நீதி கோருகின்றனர்! France foreign agents காரணமாக நலிவடைகிறது! உடனே பகிருங்கள்!,1,ta,FAKE,166,20
"The India government approved a $50 billion budget for agriculture. The plan, reviewed by parliament, aims to eradicate poverty by 2035. Opposition parties offered mixed responses.",0,en,REAL,180,26
MIT-இல் உள்ள ஆராய்ச்சியாளர்கள் Cell இதழில் ஆய்வு முடிவுகளை வெளியிட்டனர். 5 ஆண்டுகள் 500 பங்கேற்பாளர்களுடன் நடத்தப்பட்ட இந்த ஆய்வு doubled lifespan என்று கண்டறிந்தது. சகாக்கள் ஆய்வு முறையை பாராட்டினர்.,0,ta,REAL,200,23
EXCLUSIVE: Scientists DISCOVER that coconut oil CURES COVID-19 in just 30 days! Big Pharma DOESN'T want you to know! 45 doctors SILENCED for revealing this! WAKE UP! The New World Order is REAL!,1,en,FAKE,194,33
ALERT: a senior minister caught accepting bribe on camera — VIDEO PROOF! Deep state PANICKING! Over 45 million patriots DEMAND justice! UK is FALLING because of elites! RT if you AGREE! Share EVERYWHERE!,1,en,FAKE,203,33
"USA அரசு infrastructure துறைக்கு ₹2,500 கோடி நிதி ஒதுக்கியது. expert panel மதிப்பாய்வு செய்த திட்டம் 2035-ல் eradicate poverty நோக்கமாக கொண்டுள்ளது. எதிர்க்கட்சிகள் கலவையான கருத்துக்களை தெரிவித்தன.",0,ta,REAL,197,22
"Stock markets rose on Tuesday as Google reported mixed quarterly earnings. Analysts at Goldman Sachs revised their 2027 forecast to 9.0%, citing supply chain issues.",0,en,REAL,165,25
"The Germany government approved a $1,000 billion budget for infrastructure. The plan, reviewed by finance ministry, aims to eradicate poverty by 2025. Opposition parties offered mixed responses.",0,en,REAL,194,27
"Stock markets rallied on Tuesday as TCS reported mixed quarterly earnings. Analysts at Morgan Stanley revised their 2035 forecast to 4.2%, citing cost pressures.",0,en,REAL,161,24
"IMF நிறுவனம் இன்று அறிவித்தது: tax reform January 1 முதல் நடைமுறைக்கு வரும். 30 நாள் ஆலோசனைக்குப் பிறகு அதிகாரிகள் இந்த முடிவை உறுதிப்படுத்தினர். senior official தெரிவிக்கும் வகையில், இந்த நடவடிக்கை boost employment என்று எதிர்பார்க்கப்படுகிறது.",0,ta,REAL,245,29
இரகசியம் வெளியாயிற்று: coconut oil 21 நாளில் dengue-ஐ குணப்படுத்துகிறது! பெரிய நிறுவனங்கள் இதை மறைக்கின்றன! 12 மருத்துவர்கள் இதை வெளியிட்டதால் நிறுத்தப்பட்டனர்! விழிப்புணர்வு பெறுங்கள்! New World Order உண்மையானது!,1,ta,FAKE,213,23
"The IMF announced today that tax reform will take effect from March 15. Officials confirmed the decision after 90 days of deliberation. The measure is expected to improve healthcare, according to PTI.",0,en,REAL,200,32
அதிர்ச்சி செய்தி: a tech billionaire இரகசியமாக meets foreign spy! அரசு water supply பற்றிய உண்மையை மறைக்கிறது! DELETE ஆவதற்கு முன் SHARE செய்யுங்கள்! Reuters இந்த அதிர்ச்சிகரமான உண்மையை உறுதிப்படுத்துகிறது!,1,ta,FAKE,206,25
NUS-இல் உள்ள ஆராய்ச்சியாளர்கள் Cell இதழில் ஆய்வு முடிவுகளை வெளியிட்டனர். 2 ஆண்டுகள் 500 பங்கேற்பாளர்களுடன் நடத்தப்பட்ட இந்த ஆய்வு reduced risk by 40% என்று கண்டறிந்தது. சகாக்கள் ஆய்வு முறையை பாராட்டினர்.,0,ta,REAL,203,25
"UN நிறுவனம் இன்று அறிவித்தது: tax reform June 30 முதல் நடைமுறைக்கு வரும். 21 நாள் ஆலோசனைக்குப் பிறகு அதிகாரிகள் இந்த முடிவை உறுதிப்படுத்தினர். PTI தெரிவிக்கும் வகையில், இந்த நடவடிக்கை boost employment என்று எதிர்பார்க்கப்படுகிறது.",0,ta,REAL,230,28
Apple நிறுவனம் mixed காலாண்டு வருவாய் அறிவித்ததால் Wednesday அன்று சந்தை fell. JPMorgan பகுப்பாய்வாளர்கள் 2035 கணிப்பை 7.5% ஆக திருத்தினர்.,0,ta,REAL,139,17
EXCLUSIVE: Scientists DISCOVER that coconut oil CURES cholera in just 14 days! Big Pharma DOESN'T want you to know! 100 doctors SILENCED for revealing this! WAKE UP! The Big Pharma cover-up is REAL!,1,en,FAKE,198,33
"USA அரசு defence துறைக்கு ₹1,000 கோடி நிதி ஒதுக்கியது. cabinet மதிப்பாய்வு செய்த திட்டம் 2027-ல் boost GDP by 7% நோக்கமாக கொண்டுள்ளது. எதிர்க்கட்சிகள் கலவையான கருத்துக்களை தெரிவித்தன.",0,ta,REAL,183,23
"The India government approved a $12 billion budget for agriculture. The plan, reviewed by expert panel, aims to boost GDP by 7% by 2030. Opposition parties offered mixed responses.",0,en,REAL,180,29
கசிந்த ஆவணம்: deep state 2030-ல் control food supply திட்டமிடுகிறது! உள்நாட்டு தகவலாளர்கள் உயிருக்கு பயந்து ஓடுகின்றனர்! மக்களுக்கு privacy ஆபத்தில் உள்ளது! SHARE செய்யுங்கள்!,1,ta,FAKE,175,20
அம்பலம்: a senior minister கேமராவில் accepting bribe பிடிக்கப்பட்டனர்! 12 லட்சம் மக்கள் நீதி கோருகின்றனர்! France globalists காரணமாக நலிவடைகிறது! உடனே பகிருங்கள்!,1,ta,FAKE,162,19
"WHO நிறுவனம் இன்று அறிவித்தது: new trade agreement December 1 முதல் நடைமுறைக்கு வரும். 60 நாள் ஆலோசனைக்குப் பிறகு அதிகாரிகள் இந்த முடிவை உறுதிப்படுத்தினர். senior official தெரிவிக்கும் வகையில், இந்த நடவடிக்கை cut emissions என்று எதிர்பார்க்கப்படுகிறது.",0,ta,REAL,252,30
HDFC நிறுவனம் disappointing காலாண்டு வருவாய் அறிவித்ததால் Thursday அன்று சந்தை dipped. Goldman Sachs பகுப்பாய்வாளர்கள் 2027 கணிப்பை 9.0% ஆக திருத்தினர்.,0,ta,REAL,152,18
"Researchers at IIT Madras published findings in Science showing that reduced risk by 40%. The study, conducted over 3 years with 10,000 participants, concludes that diet is key. Peer reviewers praised the methodology.",0,en,REAL,217,33
"MIRACLE: a mother of three LOSES 2,500 kg in 21 days using ONE weird trick doctors HATE! Experts BAFFLED! a famous actor uses this SECRET daily! ORDER before January 1 — LIMITED SUPPLY!",1,en,FAKE,185,33
அம்பலம்: a governor கேமராவில் lying under oath பிடிக்கப்பட்டனர்! 45 லட்சம் மக்கள் நீதி கோருகின்றனர்! Japan immigrants காரணமாக நலிவடைகிறது! உடனே பகிருங்கள்!,1,ta,FAKE,155,19
"The ISRO announced today that climate policy will take effect from June 30. Officials confirmed the decision after 7 days of deliberation. The measure is expected to reduce inflation, according to PTI.",0,en,REAL,201,32
"Kolkata-ல் Wednesday அன்று 500,000 புதிய dengue வழக்குகள் பதிவாயின. சுகாதார அதிகாரிகள் நிலைமையை சமாளிக்க testing kits நிறுத்தினர். குடிமக்கள் wear masks என்று அறிவுறுத்தப்படுகின்றனர்.",0,ta,REAL,183,20
"இரகசியம் வெளியாயிற்று: turmeric 21 நாளில் dengue-ஐ குணப்படுத்துகிறது! பெரிய நிறுவனங்கள் இதை மறைக்கின்றன! 2,300 மருத்துவர்கள் இதை வெளியிட்டதால் நிறுத்தப்பட்டனர்! விழிப்புணர்வு பெறுங்கள்! New World Order உண்மையானது!",1,ta,FAKE,213,22
"LEAKED: classified file REVEALS that deep state plans to censor internet by 2027! Insiders FLEE for their lives! 2,300% of population at RISK! They are COMING for your gun rights! RESIST now!",1,en,FAKE,191,32
"The India government approved a $200 billion budget for defence. The plan, reviewed by expert panel, aims to achieve net-zero by 2027. Opposition parties offered mixed responses.",0,en,REAL,178,27
Chennai reported 45 new cases of COVID-19 on Tuesday. Health authorities have deployed mobile units to manage the situation. Officials urge residents to get vaccinated.,0,en,REAL,168,25
BREAKING: a famous actor SECRETLY betrays nation! Government HIDING the TRUTH about water supply! SHARE before they DELETE this! senior official confirms SHOCKING revelation that mainstream media REFUSES to cover. This changes EVERYTHING!,1,en,FAKE,238,33
"Mumbai reported 2,300 new cases of dengue on Thursday. Health authorities have deployed mobile units to manage the situation. Officials urge residents to wear masks.",0,en,REAL,165,25
BREAKING: a major politician SECRETLY funds terror groups! Government HIDING the TRUTH about chemtrails! SHARE before they DELETE this! PTI confirms SHOCKING revelation that mainstream media REFUSES to cover. This changes EVERYTHING!,1,en,FAKE,233,32
கசிந்த ஆவணம்: WEF 2026-ல் microchip citizens திட்டமிடுகிறது! உள்நாட்டு தகவலாளர்கள் உயிருக்கு பயந்து ஓடுகின்றனர்! மக்களுக்கு privacy ஆபத்தில் உள்ளது! SHARE செய்யுங்கள்!,1,ta,FAKE,167,18
இரகசியம் வெளியாயிற்று: garlic 30 நாளில் influenza-ஐ குணப்படுத்துகிறது! பெரிய நிறுவனங்கள் இதை மறைக்கின்றன! 10 million மருத்துவர்கள் இதை வெளியிட்டதால் நிறுத்தப்பட்டனர்! விழிப்புணர்வு பெறுங்கள்! New World Order உண்மையானது!,1,ta,FAKE,219,23
"Researchers at MIT published findings in Lancet showing that cut costs by 30%. The study, conducted over 5 years with 500 participants, concludes that diet is key. Peer reviewers praised the methodology.",0,en,REAL,203,32
"Mumbai-ல் Thursday அன்று 2,300 புதிய dengue வழக்குகள் பதிவாயின. சுகாதார அதிகாரிகள் நிலைமையை சமாளிக்க medical teams நிறுத்தினர். குடிமக்கள் avoid crowding என்று அறிவுறுத்தப்படுகின்றனர்.",0,ta,REAL,184,20
NUS-இல் உள்ள ஆராய்ச்சியாளர்கள் Nature இதழில் ஆய்வு முடிவுகளை வெளியிட்டனர். 5 ஆண்டுகள் 500 பங்கேற்பாளர்களுடன் நடத்தப்பட்ட இந்த ஆய்வு improved accuracy என்று கண்டறிந்தது. சகாக்கள் ஆய்வு முறையை பாராட்டினர்.,0,ta,REAL,203,23
"Researchers at NUS published findings in Science showing that cut costs by 30%. The study, conducted over 2 years with 10,000 participants, concludes that diet is key. Peer reviewers praised the methodology.",0,en,REAL,207,32
LEAKED: secret memo REVEALS that deep state plans to microchip citizens by 2030! Insiders FLEE for their lives! 45% of population at RISK! They are COMING for your freedom of speech! RESIST now!,1,en,FAKE,194,33
"ALERT: a governor caught lying under oath on camera — VIDEO PROOF! Deep state PANICKING! Over 2,300 million patriots DEMAND justice! France is FALLING because of elites! RT if you AGREE! Share EVERYWHERE!",1,en,FAKE,204,33
"The UNESCO announced today that tax reform will take effect from April 5. Officials confirmed the decision after 90 days of deliberation. The measure is expected to reduce inflation, according to PTI.",0,en,REAL,200,32
"UN நிறுவனம் இன்று அறிவித்தது: new trade agreement March 15 முதல் நடைமுறைக்கு வரும். 7 நாள் ஆலோசனைக்குப் பிறகு அதிகாரிகள் இந்த முடிவை உறுதிப்படுத்தினர். ministry spokesperson தெரிவிக்கும் வகையில், இந்த நடவடிக்கை reduce inflation என்று எதிர்பார்க்கப்படுகிறது.",0,ta,REAL,257,30
LEAKED: leaked email REVEALS that UN plans to control food supply by 2027! Insiders FLEE for their lives! 10 million% of population at RISK! They are COMING for your property! RESIST now!,1,en,FAKE,187,32
Mumbai reported 45 new cases of malaria on Wednesday. Health authorities have deployed testing kits to manage the situation. Officials urge residents to stay home.,0,en,REAL,163,25
"Japan அரசு healthcare துறைக்கு ₹1,000 கோடி நிதி ஒதுக்கியது. parliament மதிப்பாய்வு செய்த திட்டம் 2030-ல் eradicate poverty நோக்கமாக கொண்டுள்ளது. எதிர்க்கட்சிகள் கலவையான கருத்துக்களை தெரிவித்தன.",0,ta,REAL,193,21
MIRACLE: a retired teacher LOSES 200 kg in 7 days using ONE weird trick doctors HATE! Experts BAFFLED! a famous actor uses this SECRET daily! ORDER before March 15 — LIMITED SUPPLY!,1,en,FAKE,181,32
"The ISRO announced today that climate policy will take effect from April 5. Officials confirmed the decision after 60 days of deliberation. The measure is expected to reduce inflation, according to ministry spokesperson.",0,en,REAL,220,33
"The UNESCO announced today that new trade agreement will take effect from June 30. Officials confirmed the decision after 21 days of deliberation. The measure is expected to boost employment, according to ministry spokesperson.",0,en,REAL,227,34
"Researchers at Stanford published findings in Lancet showing that improved accuracy. The study, conducted over 10 years with 1,200 participants, concludes that diet is key. Peer reviewers praised the methodology.",0,en,REAL,212,30
EXCLUSIVE: Scientists DISCOVER that garlic CURES malaria in just 90 days! Big Pharma DOESN'T want you to know! 12 doctors SILENCED for revealing this! WAKE UP! The New World Order is REAL!,1,en,FAKE,188,32
அதிர்ச்சி செய்தி: a famous actor இரகசியமாக betrays nation! அரசு chemtrails பற்றிய உண்மையை மறைக்கிறது! DELETE ஆவதற்கு முன் SHARE செய்யுங்கள்! PTI இந்த அதிர்ச்சிகரமான உண்மையை உறுதிப்படுத்துகிறது!,1,ta,FAKE,193,23
அதிர்ச்சி செய்தி: a tech billionaire இரகசியமாக meets foreign spy! அரசு climate பற்றிய உண்மையை மறைக்கிறது! DELETE ஆவதற்கு முன் SHARE செய்யுங்கள்! AFP இந்த அதிர்ச்சிகரமான உண்மையை உறுதிப்படுத்துகிறது!,1,ta,FAKE,197,24
அதிர்ச்சி செய்தி: a tech billionaire இரகசியமாக betrays nation! அரசு chemtrails பற்றிய உண்மையை மறைக்கிறது! DELETE ஆவதற்கு முன் SHARE செய்யுங்கள்! AFP இந்த அதிர்ச்சிகரமான உண்மையை உறுதிப்படுத்துகிறது!,1,ta,FAKE,197,23
EXCLUSIVE: Scientists DISCOVER that turmeric CURES COVID-19 in just 21 days! Big Pharma DOESN'T want you to know! 45 doctors SILENCED for revealing this! WAKE UP! The Big Pharma cover-up is REAL!,1,en,FAKE,195,32
Bengaluru-ல் Wednesday அன்று 12 புதிய influenza வழக்குகள் பதிவாயின. சுகாதார அதிகாரிகள் நிலைமையை சமாளிக்க mobile units நிறுத்தினர். குடிமக்கள் stay home என்று அறிவுறுத்தப்படுகின்றனர்.,0,ta,REAL,182,20
"UNESCO நிறுவனம் இன்று அறிவித்தது: climate policy June 30 முதல் நடைமுறைக்கு வரும். 30 நாள் ஆலோசனைக்குப் பிறகு அதிகாரிகள் இந்த முடிவை உறுதிப்படுத்தினர். ministry spokesperson தெரிவிக்கும் வகையில், இந்த நடவடிக்கை improve healthcare என்று எதிர்பார்க்கப்படுகிறது.",0,ta,REAL,258,29
"ALERT: a governor caught lying under oath on camera — VIDEO PROOF! Deep state PANICKING! Over 500,000 million patriots DEMAND justice! France is FALLING because of foreign agents! RT if you AGREE! Share EVERYWHERE!",1,en,FAKE,214,34
"NASA நிறுவனம் இன்று அறிவித்தது: climate policy June 30 முதல் நடைமுறைக்கு வரும். 60 நாள் ஆலோசனைக்குப் பிறகு அதிகாரிகள் இந்த முடிவை உறுதிப்படுத்தினர். PTI தெரிவிக்கும் வகையில், இந்த நடவடிக்கை boost employment என்று எதிர்பார்க்கப்படுகிறது.",0,ta,REAL,236,28
கசிந்த ஆவணம்: government 2025-ல் microchip citizens திட்டமிடுகிறது! உள்நாட்டு தகவலாளர்கள் உயிருக்கு பயந்து ஓடுகின்றனர்! மக்களுக்கு property ஆபத்தில் உள்ளது! SHARE செய்யுங்கள்!,1,ta,FAKE,175,18
"Researchers at NUS published findings in Cell showing that cut costs by 30%. The study, conducted over 2 years with 500 participants, concludes that diet is key. Peer reviewers praised the methodology.",0,en,REAL,201,32
"The India government approved a $50 billion budget for education. The plan, reviewed by expert panel, aims to boost GDP by 7% by 2027. Opposition parties offered mixed responses.",0,en,REAL,178,29
EXCLUSIVE: Scientists DISCOVER that neem CURES influenza in just 7 days! Big Pharma DOESN'T want you to know! 10 million doctors SILENCED for revealing this! WAKE UP! The New World Order is REAL!,1,en,FAKE,195,33
"ALERT: a senior minister caught lying under oath on camera — VIDEO PROOF! Deep state PANICKING! Over 2,300 million patriots DEMAND justice! USA is FALLING because of foreign agents! RT if you AGREE! Share EVERYWHERE!",1,en,FAKE,216,35
"The Germany government approved a $2,500 billion budget for infrastructure. The plan, reviewed by parliament, aims to achieve net-zero by 2030. Opposition parties offered mixed responses.",0,en,REAL,187,26
"The USA government approved a $1,000 billion budget for education. The plan, reviewed by finance ministry, aims to eradicate poverty by 2035. Opposition parties offered mixed responses.",0,en,REAL,185,27
"அதிசயம்: a mother of three ஒரே 14 நாளில் 1,000 கிலோ குறைத்தனர்! மருத்துவர்கள் வெறுக்கும் இந்த ஒரு இரகசிய உத்தி! a major politician தினமும் இதை பயன்படுத்துகிறார்! இன்றே ஆர்டர் செய்யுங்கள்!",1,ta,FAKE,187,26
"UNESCO நிறுவனம் இன்று அறிவித்தது: climate policy April 5 முதல் நடைமுறைக்கு வரும். 7 நாள் ஆலோசனைக்குப் பிறகு அதிகாரிகள் இந்த முடிவை உறுதிப்படுத்தினர். Reuters தெரிவிக்கும் வகையில், இந்த நடவடிக்கை reduce inflation என்று எதிர்பார்க்கப்படுகிறது.",0,ta,REAL,241,28
"IMF நிறுவனம் இன்று அறிவித்தது: new trade agreement June 30 முதல் நடைமுறைக்கு வரும். 60 நாள் ஆலோசனைக்குப் பிறகு அதிகாரிகள் இந்த முடிவை உறுதிப்படுத்தினர். AFP தெரிவிக்கும் வகையில், இந்த நடவடிக்கை cut emissions என்று எதிர்பார்க்கப்படுகிறது.",0,ta,REAL,237,29
இரகசியம் வெளியாயிற்று: lemon water 21 நாளில் cholera-ஐ குணப்படுத்துகிறது! பெரிய நிறுவனங்கள் இதை மறைக்கின்றன! 10 million மருத்துவர்கள் இதை வெளியிட்டதால் நிறுத்தப்பட்டனர்! விழிப்புணர்வு பெறுங்கள்! Big Pharma cover-up உண்மையானது!,1,ta,FAKE,226,24
இரகசியம் வெளியாயிற்று: neem 30 நாளில் dengue-ஐ குணப்படுத்துகிறது! பெரிய நிறுவனங்கள் இதை மறைக்கின்றன! 12 மருத்துவர்கள் இதை வெளியிட்டதால் நிறுத்தப்பட்டனர்! விழிப்புணர்வு பெறுங்கள்! New World Order உண்மையானது!,1,ta,FAKE,206,22
"Stock markets dipped on Tuesday as HDFC reported mixed quarterly earnings. Analysts at Morgan Stanley revised their 2030 forecast to 6.3%, citing supply chain issues.",0,en,REAL,166,25
அதிர்ச்சி செய்தி: a major politician இரகசியமாக betrays nation! அரசு 5G towers பற்றிய உண்மையை மறைக்கிறது! DELETE ஆவதற்கு முன் SHARE செய்யுங்கள்! PTI இந்த அதிர்ச்சிகரமான உண்மையை உறுதிப்படுத்துகிறது!,1,ta,FAKE,196,24
"NASA நிறுவனம் இன்று அறிவித்தது: climate policy June 30 முதல் நடைமுறைக்கு வரும். 21 நாள் ஆலோசனைக்குப் பிறகு அதிகாரிகள் இந்த முடிவை உறுதிப்படுத்தினர். Reuters தெரிவிக்கும் வகையில், இந்த நடவடிக்கை reduce inflation என்று எதிர்பார்க்கப்படுகிறது.",0,ta,REAL,240,28
"SEBI நிறுவனம் இன்று அறிவித்தது: climate policy April 5 முதல் நடைமுறைக்கு வரும். 30 நாள் ஆலோசனைக்குப் பிறகு அதிகாரிகள் இந்த முடிவை உறுதிப்படுத்தினர். Reuters தெரிவிக்கும் வகையில், இந்த நடவடிக்கை reduce inflation என்று எதிர்பார்க்கப்படுகிறது.",0,ta,REAL,240,28
"அதிசயம்: a retired teacher ஒரே 90 நாளில் 1,000 கிலோ குறைத்தனர்! மருத்துவர்கள் வெறுக்கும் இந்த ஒரு இரகசிய உத்தி! a major politician தினமும் இதை பயன்படுத்துகிறார்! இன்றே ஆர்டர் செய்யுங்கள்!",1,ta,FAKE,187,25
"Researchers at IIT Madras published findings in Cell showing that doubled lifespan. The study, conducted over 5 years with 1,200 participants, concludes that diet is key. Peer reviewers praised the methodology.",0,en,REAL,210,31
LEAKED: leaked email REVEALS that deep state plans to microchip citizens by 2027! Insiders FLEE for their lives! 12% of population at RISK! They are COMING for your freedom of speech! RESIST now!,1,en,FAKE,195,33
LEAKED: classified file REVEALS that government plans to microchip citizens by 2030! Insiders FLEE for their lives! 12% of population at RISK! They are COMING for your property! RESIST now!,1,en,FAKE,189,30
"Researchers at NUS published findings in Cell showing that reduced risk by 40%. The study, conducted over 2 years with 5,000 participants, concludes that diet is key. Peer reviewers praised the methodology.",0,en,REAL,206,32
அதிர்ச்சி செய்தி: a major politician இரகசியமாக funds terror groups! அரசு climate பற்றிய உண்மையை மறைக்கிறது! DELETE ஆவதற்கு முன் SHARE செய்யுங்கள்! Reuters இந்த அதிர்ச்சிகரமான உண்மையை உறுதிப்படுத்துகிறது!,1,ta,FAKE,203,24
அதிர்ச்சி செய்தி: a major politician இரகசியமாக funds terror groups! அரசு vaccines பற்றிய உண்மையை மறைக்கிறது! DELETE ஆவதற்கு முன் SHARE செய்யுங்கள்! Reuters இந்த அதிர்ச்சிகரமான உண்மையை உறுதிப்படுத்துகிறது!,1,ta,FAKE,204,24
LEAKED: leaked email REVEALS that WHO plans to control food supply by 2035! Insiders FLEE for their lives! 45% of population at RISK! They are COMING for your property! RESIST now!,1,en,FAKE,180,31
EXCLUSIVE: Scientists DISCOVER that coconut oil CURES dengue in just 7 days! Big Pharma DOESN'T want you to know! 100 doctors SILENCED for revealing this! WAKE UP! The deep state plot is REAL!,1,en,FAKE,192,33
TCS நிறுவனம் record காலாண்டு வருவாய் அறிவித்ததால் Monday அன்று சந்தை dipped. Citi பகுப்பாய்வாளர்கள் 2026 கணிப்பை 8.1% ஆக திருத்தினர்.,0,ta,REAL,133,17
MIRACLE: a mother of three LOSES 12 kg in 30 days using ONE weird trick doctors HATE! Experts BAFFLED! a major politician uses this SECRET daily! ORDER before December 1 — LIMITED SUPPLY!,1,en,FAKE,187,33
"The SEBI announced today that new trade agreement will take effect from January 1. Officials confirmed the decision after 21 days of deliberation. The measure is expected to cut emissions, according to senior official.",0,en,REAL,218,34
"Stock markets dipped on Friday as HDFC reported stellar quarterly earnings. Analysts at Morgan Stanley revised their 2027 forecast to 9.0%, citing strong demand.",0,en,REAL,161,24
"Researchers at Oxford published findings in Nature showing that cut costs by 30%. The study, conducted over 2 years with 10,000 participants, concludes that early screening saves lives. Peer reviewers praised the methodology.",0,en,REAL,225,33
"UK அரசு infrastructure துறைக்கு ₹2,500 கோடி நிதி ஒதுக்கியது. finance ministry மதிப்பாய்வு செய்த திட்டம் 2027-ல் boost GDP by 7% நோக்கமாக கொண்டுள்ளது. எதிர்க்கட்சிகள் கலவையான கருத்துக்களை தெரிவித்தன.",0,ta,REAL,198,24
MIRACLE: a mother of three LOSES 50 kg in 21 days using ONE weird trick doctors HATE! Experts BAFFLED! a famous actor uses this SECRET daily! ORDER before January 1 — LIMITED SUPPLY!,1,en,FAKE,182,33
"ALERT: a governor caught accepting bribe on camera — VIDEO PROOF! Deep state PANICKING! Over 2,300 million patriots DEMAND justice! Japan is FALLING because of foreign agents! RT if you AGREE! Share EVERYWHERE!",1,en,FAKE,210,33
MIRACLE: a mother of three LOSES 12 kg in 7 days using ONE weird trick doctors HATE! Experts BAFFLED! a tech billionaire uses this SECRET daily! ORDER before January 1 — LIMITED SUPPLY!,1,en,FAKE,185,33
ALERT: a senior minister caught lying under oath on camera — VIDEO PROOF! Deep state PANICKING! Over 45 million patriots DEMAND justice! Japan is FALLING because of globalists! RT if you AGREE! Share EVERYWHERE!,1,en,FAKE,211,34
Bengaluru-ல் Thursday அன்று 45 புதிய influenza வழக்குகள் பதிவாயின. சுகாதார அதிகாரிகள் நிலைமையை சமாளிக்க mobile units நிறுத்தினர். குடிமக்கள் stay home என்று அறிவுறுத்தப்படுகின்றனர்.,0,ta,REAL,181,20
"The SEBI announced today that vaccine mandate will take effect from June 30. Officials confirmed the decision after 7 days of deliberation. The measure is expected to boost employment, according to ministry spokesperson.",0,en,REAL,220,33
"NUS-இல் உள்ள ஆராய்ச்சியாளர்கள் Lancet இதழில் ஆய்வு முடிவுகளை வெளியிட்டனர். 5 ஆண்டுகள் 1,200 பங்கேற்பாளர்களுடன் நடத்தப்பட்ட இந்த ஆய்வு cut costs by 30% என்று கண்டறிந்தது. சகாக்கள் ஆய்வு முறையை பாராட்டினர்.",0,ta,REAL,204,25
Bengaluru-ல் Friday அன்று 45 புதிய COVID-19 வழக்குகள் பதிவாயின. சுகாதார அதிகாரிகள் நிலைமையை சமாளிக்க medical teams நிறுத்தினர். குடிமக்கள் wear masks என்று அறிவுறுத்தப்படுகின்றனர்.,0,ta,REAL,180,20
Google நிறுவனம் mixed காலாண்டு வருவாய் அறிவித்ததால் Monday அன்று சந்தை rose. Morgan Stanley பகுப்பாய்வாளர்கள் 2030 கணிப்பை 4.2% ஆக திருத்தினர்.,0,ta,REAL,143,18
"அதிசயம்: a local farmer ஒரே 60 நாளில் 2,500 கிலோ குறைத்தனர்! மருத்துவர்கள் வெறுக்கும் இந்த ஒரு இரகசிய உத்தி! a major politician தினமும் இதை பயன்படுத்துகிறார்! இன்றே ஆர்டர் செய்யுங்கள்!",1,ta,FAKE,184,25
"இரகசியம் வெளியாயிற்று: lemon water 14 நாளில் dengue-ஐ குணப்படுத்துகிறது! பெரிய நிறுவனங்கள் இதை மறைக்கின்றன! 500,000 மருத்துவர்கள் இதை வெளியிட்டதால் நிறுத்தப்பட்டனர்! விழிப்புணர்வு பெறுங்கள்! deep state plot உண்மையானது!",1,ta,FAKE,218,23
அதிசயம்: a local farmer ஒரே 7 நாளில் 200 கிலோ குறைத்தனர்! மருத்துவர்கள் வெறுக்கும் இந்த ஒரு இரகசிய உத்தி! a major politician தினமும் இதை பயன்படுத்துகிறார்! இன்றே ஆர்டர் செய்யுங்கள்!,1,ta,FAKE,181,25
"Japan அரசு agriculture துறைக்கு ₹2,500 கோடி நிதி ஒதுக்கியது. expert panel மதிப்பாய்வு செய்த திட்டம் 2026-ல் achieve net-zero நோக்கமாக கொண்டுள்ளது. எதிர்க்கட்சிகள் கலவையான கருத்துக்களை தெரிவித்தன.",0,ta,REAL,195,22
"Chennai-ல் Wednesday அன்று 500,000 புதிய cholera வழக்குகள் பதிவாயின. சுகாதார அதிகாரிகள் நிலைமையை சமாளிக்க vaccines நிறுத்தினர். குடிமக்கள் stay home என்று அறிவுறுத்தப்படுகின்றனர்.",0,ta,REAL,179,19
"Kolkata reported 500,000 new cases of influenza on Wednesday. Health authorities have deployed vaccines to manage the situation. Officials urge residents to stay home.",0,en,REAL,167,24
"MIRACLE: a local farmer LOSES 1,000 kg in 7 days using ONE weird trick doctors HATE! Experts BAFFLED! a tech billionaire uses this SECRET daily! ORDER before December 1 — LIMITED SUPPLY!",1,en,FAKE,186,32
EXCLUSIVE: Scientists DISCOVER that garlic CURES cholera in just 14 days! Big Pharma DOESN'T want you to know! 100 doctors SILENCED for revealing this! WAKE UP! The deep state plot is REAL!,1,en,FAKE,189,32
"UNESCO நிறுவனம் இன்று அறிவித்தது: tax reform March 15 முதல் நடைமுறைக்கு வரும். 90 நாள் ஆலோசனைக்குப் பிறகு அதிகாரிகள் இந்த முடிவை உறுதிப்படுத்தினர். Reuters தெரிவிக்கும் வகையில், இந்த நடவடிக்கை boost employment என்று எதிர்பார்க்கப்படுகிறது.",0,ta,REAL,239,28
"NUS-இல் உள்ள ஆராய்ச்சியாளர்கள் Nature இதழில் ஆய்வு முடிவுகளை வெளியிட்டனர். 3 ஆண்டுகள் 5,000 பங்கேற்பாளர்களுடன் நடத்தப்பட்ட இந்த ஆய்வு doubled lifespan என்று கண்டறிந்தது. சகாக்கள் ஆய்வு முறையை பாராட்டினர்.",0,ta,REAL,204,23
Mumbai reported 10 million new cases of influenza on Thursday. Health authorities have deployed vaccines to manage the situation. Officials urge residents to wear masks.,0,en,REAL,169,25
"Researchers at IIT Madras published findings in Lancet showing that improved accuracy. The study, conducted over 5 years with 500 participants, concludes that lifestyle changes matter. Peer reviewers praised the methodology.",0,en,REAL,224,31
ALERT: a governor caught lying under oath on camera — VIDEO PROOF! Deep state PANICKING! Over 100 million patriots DEMAND justice! India is FALLING because of elites! RT if you AGREE! Share EVERYWHERE!,1,en,FAKE,201,33
BREAKING: a major politician SECRETLY funds terror groups! Government HIDING the TRUTH about 5G towers! SHARE before they DELETE this! ministry spokesperson confirms SHOCKING revelation that mainstream media REFUSES to cover. This changes EVERYTHING!,1,en,FAKE,250,34
"EXCLUSIVE: Scientists DISCOVER that lemon water CURES influenza in just 90 days! Big Pharma DOESN'T want you to know! 500,000 doctors SILENCED for revealing this! WAKE UP! The deep state plot is REAL!",1,en,FAKE,200,33
"EXCLUSIVE: Scientists DISCOVER that turmeric CURES cholera in just 90 days! Big Pharma DOESN'T want you to know! 500,000 doctors SILENCED for revealing this! WAKE UP! The New World Order is REAL!",1,en,FAKE,195,32
அதிர்ச்சி செய்தி: a major politician இரகசியமாக betrays nation! அரசு climate பற்றிய உண்மையை மறைக்கிறது! DELETE ஆவதற்கு முன் SHARE செய்யுங்கள்! Reuters இந்த அதிர்ச்சிகரமான உண்மையை உறுதிப்படுத்துகிறது!,1,ta,FAKE,198,23
"The IMF announced today that new trade agreement will take effect from April 5. Officials confirmed the decision after 30 days of deliberation. The measure is expected to boost employment, according to ministry spokesperson.",0,en,REAL,224,34
"Hyderabad reported 2,300 new cases of COVID-19 on Tuesday. Health authorities have deployed vaccines to manage the situation. Officials urge residents to wear masks.",0,en,REAL,165,24
Mumbai reported 10 million new cases of cholera on Monday. Health authorities have deployed vaccines to manage the situation. Officials urge residents to get vaccinated.,0,en,REAL,169,25
"Stanford-இல் உள்ள ஆராய்ச்சியாளர்கள் Science இதழில் ஆய்வு முடிவுகளை வெளியிட்டனர். 3 ஆண்டுகள் 5,000 பங்கேற்பாளர்களுடன் நடத்தப்பட்ட இந்த ஆய்வு improved accuracy என்று கண்டறிந்தது. சகாக்கள் ஆய்வு முறையை பாராட்டினர்.",0,ta,REAL,211,23
MIRACLE: a mother of three LOSES 50 kg in 21 days using ONE weird trick doctors HATE! Experts BAFFLED! a major politician uses this SECRET daily! ORDER before December 1 — LIMITED SUPPLY!,1,en,FAKE,187,33
"Stock markets surged on Friday as Reliance reported record quarterly earnings. Analysts at ICICI revised their 2035 forecast to 4.2%, citing cost pressures.",0,en,REAL,156,23
கசிந்த ஆவணம்: WEF 2030-ல் microchip citizens திட்டமிடுகிறது! உள்நாட்டு தகவலாளர்கள் உயிருக்கு பயந்து ஓடுகின்றனர்! மக்களுக்கு property ஆபத்தில் உள்ளது! SHARE செய்யுங்கள்!,1,ta,FAKE,168,18
"Stock markets fell on Thursday as Infosys reported strong quarterly earnings. Analysts at Morgan Stanley revised their 2035 forecast to 4.2%, citing innovation.",0,en,REAL,160,23
"Delhi reported 500,000 new cases of influenza on Friday. Health authorities have deployed mobile units to manage the situation. Officials urge residents to wear masks.",0,en,REAL,167,25
"அதிசயம்: a local farmer ஒரே 60 நாளில் 1,000 கிலோ குறைத்தனர்! மருத்துவர்கள் வெறுக்கும் இந்த ஒரு இரகசிய உத்தி! a tech billionaire தினமும் இதை பயன்படுத்துகிறார்! இன்றே ஆர்டர் செய்யுங்கள்!",1,ta,FAKE,184,25
"UNESCO நிறுவனம் இன்று அறிவித்தது: new trade agreement January 1 முதல் நடைமுறைக்கு வரும். 21 நாள் ஆலோசனைக்குப் பிறகு அதிகாரிகள் இந்த முடிவை உறுதிப்படுத்தினர். senior official தெரிவிக்கும் வகையில், இந்த நடவடிக்கை improve healthcare என்று எதிர்பார்க்கப்படுகிறது.",0,ta,REAL,259,30
ALERT: a governor caught lying under oath on camera — VIDEO PROOF! Deep state PANICKING! Over 10 million million patriots DEMAND justice! Japan is FALLING because of foreign agents! RT if you AGREE! Share EVERYWHERE!,1,en,FAKE,216,35
France அரசு agriculture துறைக்கு ₹50 கோடி நிதி ஒதுக்கியது. expert panel மதிப்பாய்வு செய்த திட்டம் 2026-ல் achieve net-zero நோக்கமாக கொண்டுள்ளது. எதிர்க்கட்சிகள் கலவையான கருத்துக்களை தெரிவித்தன.,0,ta,REAL,193,22
Google நிறுவனம் record காலாண்டு வருவாய் அறிவித்ததால் Wednesday அன்று சந்தை surged. ICICI பகுப்பாய்வாளர்கள் 2035 கணிப்பை 9.0% ஆக திருத்தினர்.,0,ta,REAL,140,17
"Stock markets dipped on Thursday as Google reported strong quarterly earnings. Analysts at Goldman Sachs revised their 2027 forecast to 4.2%, citing supply chain issues.",0,en,REAL,169,25
EXCLUSIVE: Scientists DISCOVER that coconut oil CURES cholera in just 21 days! Big Pharma DOESN'T want you to know! 12 doctors SILENCED for revealing this! WAKE UP! The New World Order is REAL!,1,en,FAKE,193,33
"The RBI announced today that new trade agreement will take effect from June 30. Officials confirmed the decision after 30 days of deliberation. The measure is expected to boost employment, according to PTI.",0,en,REAL,206,33
"NUS-இல் உள்ள ஆராய்ச்சியாளர்கள் Lancet இதழில் ஆய்வு முடிவுகளை வெளியிட்டனர். 3 ஆண்டுகள் 10,000 பங்கேற்பாளர்களுடன் நடத்தப்பட்ட இந்த ஆய்வு cut costs by 30% என்று கண்டறிந்தது. சகாக்கள் ஆய்வு முறையை பாராட்டினர்.",0,ta,REAL,205,25
Apple நிறுவனம் record காலாண்டு வருவாய் அறிவித்ததால் Friday அன்று சந்தை rallied. Morgan Stanley பகுப்பாய்வாளர்கள் 2030 கணிப்பை 8.1% ஆக திருத்தினர்.,0,ta,REAL,146,18
Mumbai-ல் Tuesday அன்று 12 புதிய cholera வழக்குகள் பதிவாயின. சுகாதார அதிகாரிகள் நிலைமையை சமாளிக்க mobile units நிறுத்தினர். குடிமக்கள் wear masks என்று அறிவுறுத்தப்படுகின்றனர்.,0,ta,REAL,176,20
அதிர்ச்சி செய்தி: a tech billionaire இரகசியமாக meets foreign spy! அரசு vaccines பற்றிய உண்மையை மறைக்கிறது! DELETE ஆவதற்கு முன் SHARE செய்யுங்கள்! PTI இந்த அதிர்ச்சிகரமான உண்மையை உறுதிப்படுத்துகிறது!,1,ta,FAKE,198,24
Chennai reported 10 million new cases of malaria on Friday. Health authorities have deployed vaccines to manage the situation. Officials urge residents to stay home.,0,en,REAL,165,25
"Researchers at Oxford published findings in NEJM showing that doubled lifespan. The study, conducted over 10 years with 5,000 participants, concludes that lifestyle changes matter. Peer reviewers praised the methodology.",0,en,REAL,220,30
"Researchers at NUS published findings in Nature showing that reduced risk by 40%. The study, conducted over 3 years with 500 participants, concludes that lifestyle changes matter. Peer reviewers praised the methodology.",0,en,REAL,219,32
அதிசயம்: a local farmer ஒரே 21 நாளில் 200 கிலோ குறைத்தனர்! மருத்துவர்கள் வெறுக்கும் இந்த ஒரு இரகசிய உத்தி! a tech billionaire தினமும் இதை பயன்படுத்துகிறார்! இன்றே ஆர்டர் செய்யுங்கள்!,1,ta,FAKE,182,25
Google நிறுவனம் strong காலாண்டு வருவாய் அறிவித்ததால் Thursday அன்று சந்தை plunged. Morgan Stanley பகுப்பாய்வாளர்கள் 2035 கணிப்பை 6.3% ஆக திருத்தினர்.,0,ta,REAL,149,18
"Mumbai-ல் Tuesday அன்று 2,300 புதிய dengue வழக்குகள் பதிவாயின. சுகாதார அதிகாரிகள் நிலைமையை சமாளிக்க vaccines நிறுத்தினர். குடிமக்கள் wear masks என்று அறிவுறுத்தப்படுகின்றனர்.",0,ta,REAL,174,19
கசிந்த ஆவணம்: deep state 2035-ல் microchip citizens திட்டமிடுகிறது! உள்நாட்டு தகவலாளர்கள் உயிருக்கு பயந்து ஓடுகின்றனர்! மக்களுக்கு gun rights ஆபத்தில் உள்ளது! SHARE செய்யுங்கள்!,1,ta,FAKE,177,20
அம்பலம்: a governor கேமராவில் hiding documents பிடிக்கப்பட்டனர்! 12 லட்சம் மக்கள் நீதி கோருகின்றனர்! France globalists காரணமாக நலிவடைகிறது! உடனே பகிருங்கள்!,1,ta,FAKE,156,18
"அதிசயம்: a mother of three ஒரே 21 நாளில் 2,500 கிலோ குறைத்தனர்! மருத்துவர்கள் வெறுக்கும் இந்த ஒரு இரகசிய உத்தி! a major politician தினமும் இதை பயன்படுத்துகிறார்! இன்றே ஆர்டர் செய்யுங்கள்!",1,ta,FAKE,187,26
அதிசயம்: a mother of three ஒரே 60 நாளில் 12 கிலோ குறைத்தனர்! மருத்துவர்கள் வெறுக்கும் இந்த ஒரு இரகசிய உத்தி! a major politician தினமும் இதை பயன்படுத்துகிறார்! இன்றே ஆர்டர் செய்யுங்கள்!,1,ta,FAKE,184,26
TCS நிறுவனம் record காலாண்டு வருவாய் அறிவித்ததால் Monday அன்று சந்தை rallied. ICICI பகுப்பாய்வாளர்கள் 2026 கணிப்பை 8.1% ஆக திருத்தினர்.,0,ta,REAL,135,17
IIT Madras-இல் உள்ள ஆராய்ச்சியாளர்கள் Lancet இதழில் ஆய்வு முடிவுகளை வெளியிட்டனர். 5 ஆண்டுகள் 500 பங்கேற்பாளர்களுடன் நடத்தப்பட்ட இந்த ஆய்வு doubled lifespan என்று கண்டறிந்தது. சகாக்கள் ஆய்வு முறையை பாராட்டினர்.,0,ta,REAL,209,24
அம்பலம்: a senior minister கேமராவில் lying under oath பிடிக்கப்பட்டனர்! 10 million லட்சம் மக்கள் நீதி கோருகின்றனர்! India elites காரணமாக நலிவடைகிறது! உடனே பகிருங்கள்!,1,ta,FAKE,166,21
"The France government approved a $12 billion budget for education. The plan, reviewed by parliament, aims to achieve net-zero by 2025. Opposition parties offered mixed responses.",0,en,REAL,178,26
Tesla நிறுவனம் strong காலாண்டு வருவாய் அறிவித்ததால் Tuesday அன்று சந்தை surged. Citi பகுப்பாய்வாளர்கள் 2030 கணிப்பை 9.0% ஆக திருத்தினர்.,0,ta,REAL,136,17
"LEAKED: leaked email REVEALS that UN plans to censor internet by 2027! Insiders FLEE for their lives! 2,300% of population at RISK! They are COMING for your gun rights! RESIST now!",1,en,FAKE,180,31
Reliance நிறுவனம் strong காலாண்டு வருவாய் அறிவித்ததால் Friday அன்று சந்தை rose. ICICI பகுப்பாய்வாளர்கள் 2030 கணிப்பை 8.1% ஆக திருத்தினர்.,0,ta,REAL,137,17
இரகசியம் வெளியாயிற்று: garlic 14 நாளில் influenza-ஐ குணப்படுத்துகிறது! பெரிய நிறுவனங்கள் இதை மறைக்கின்றன! 10 million மருத்துவர்கள் இதை வெளியிட்டதால் நிறுத்தப்பட்டனர்! விழிப்புணர்வு பெறுங்கள்! New World Order உண்மையானது!,1,ta,FAKE,219,23
France அரசு education துறைக்கு ₹50 கோடி நிதி ஒதுக்கியது. parliament மதிப்பாய்வு செய்த திட்டம் 2030-ல் boost GDP by 7% நோக்கமாக கொண்டுள்ளது. எதிர்க்கட்சிகள் கலவையான கருத்துக்களை தெரிவித்தன.,0,ta,REAL,188,23
Infosys நிறுவனம் strong காலாண்டு வருவாய் அறிவித்ததால் Thursday அன்று சந்தை rose. ICICI பகுப்பாய்வாளர்கள் 2035 கணிப்பை 7.5% ஆக திருத்தினர்.,0,ta,REAL,138,17
"The UN announced today that new trade agreement will take effect from January 1. Officials confirmed the decision after 21 days of deliberation. The measure is expected to reduce inflation, according to PTI.",0,en,REAL,207,33
அதிர்ச்சி செய்தி: a major politician இரகசியமாக betrays nation! அரசு chemtrails பற்றிய உண்மையை மறைக்கிறது! DELETE ஆவதற்கு முன் SHARE செய்யுங்கள்! Reuters இந்த அதிர்ச்சிகரமான உண்மையை உறுதிப்படுத்துகிறது!,1,ta,FAKE,201,23
"அதிசயம்: a retired teacher ஒரே 90 நாளில் 2,500 கிலோ குறைத்தனர்! மருத்துவர்கள் வெறுக்கும் இந்த ஒரு இரகசிய உத்தி! a famous actor தினமும் இதை பயன்படுத்துகிறார்! இன்றே ஆர்டர் செய்யுங்கள்!",1,ta,FAKE,183,25
"Stock markets rallied on Tuesday as Apple reported record quarterly earnings. Analysts at JPMorgan revised their 2035 forecast to 7.5%, citing cost pressures.",0,en,REAL,158,23
"அம்பலம்: a governor கேமராவில் hiding documents பிடிக்கப்பட்டனர்! 500,000 லட்சம் மக்கள் நீதி கோருகின்றனர்! UK foreign agents காரணமாக நலிவடைகிறது! உடனே பகிருங்கள்!",1,ta,FAKE,161,19
அம்பலம்: a senior minister கேமராவில் lying under oath பிடிக்கப்பட்டனர்! 10 million லட்சம் மக்கள் நீதி கோருகின்றனர்! Japan immigrants காரணமாக நலிவடைகிறது! உடனே பகிருங்கள்!,1,ta,FAKE,170,21
"NUS-இல் உள்ள ஆராய்ச்சியாளர்கள் Cell இதழில் ஆய்வு முடிவுகளை வெளியிட்டனர். 10 ஆண்டுகள் 1,200 பங்கேற்பாளர்களுடன் நடத்தப்பட்ட இந்த ஆய்வு improved accuracy என்று கண்டறிந்தது. சகாக்கள் ஆய்வு முறையை பாராட்டினர்.",0,ta,REAL,204,23
BREAKING: a major politician SECRETLY funds terror groups! Government HIDING the TRUTH about chemtrails! SHARE before they DELETE this! senior official confirms SHOCKING revelation that mainstream media REFUSES to cover. This changes EVERYTHING!,1,en,FAKE,245,33
"The Germany government approved a $5 billion budget for agriculture. The plan, reviewed by parliament, aims to achieve net-zero by 2035. Opposition parties offered mixed responses.",0,en,REAL,180,26
"Researchers at BITS Pilani published findings in Cell showing that doubled lifespan. The study, conducted over 5 years with 5,000 participants, concludes that early screening saves lives. Peer reviewers praised the methodology.",0,en,REAL,227,32
"Hyderabad-ல் Tuesday அன்று 500,000 புதிய cholera வழக்குகள் பதிவாயின. சுகாதார அதிகாரிகள் நிலைமையை சமாளிக்க testing kits நிறுத்தினர். குடிமக்கள் wear masks என்று அறிவுறுத்தப்படுகின்றனர்.",0,ta,REAL,184,20
"Chennai-ல் Monday அன்று 500,000 புதிய influenza வழக்குகள் பதிவாயின. சுகாதார அதிகாரிகள் நிலைமையை சமாளிக்க testing kits நிறுத்தினர். குடிமக்கள் avoid crowding என்று அறிவுறுத்தப்படுகின்றனர்.",0,ta,REAL,187,20
BREAKING: a famous actor SECRETLY betrays nation! Government HIDING the TRUTH about water supply! SHARE before they DELETE this! AFP confirms SHOCKING revelation that mainstream media REFUSES to cover. This changes EVERYTHING!,1,en,FAKE,226,32
Tesla நிறுவனம் stellar காலாண்டு வருவாய் அறிவித்ததால் Tuesday அன்று சந்தை dipped. Citi பகுப்பாய்வாளர்கள் 2026 கணிப்பை 4.2% ஆக திருத்தினர்.,0,ta,REAL,137,17
EXCLUSIVE: Scientists DISCOVER that turmeric CURES malaria in just 7 days! Big Pharma DOESN'T want you to know! 100 doctors SILENCED for revealing this! WAKE UP! The deep state plot is REAL!,1,en,FAKE,190,32
கசிந்த ஆவணம்: WHO 2025-ல் censor internet திட்டமிடுகிறது! உள்நாட்டு தகவலாளர்கள் உயிருக்கு பயந்து ஓடுகின்றனர்! மக்களுக்கு property ஆபத்தில் உள்ளது! SHARE செய்யுங்கள்!,1,ta,FAKE,165,18
BREAKING: a famous actor SECRETLY funds terror groups! Government HIDING the TRUTH about water supply! SHARE before they DELETE this! senior official confirms SHOCKING revelation that mainstream media REFUSES to cover. This changes EVERYTHING!,1,en,FAKE,243,34
"IIT Madras-இல் உள்ள ஆராய்ச்சியாளர்கள் Science இதழில் ஆய்வு முடிவுகளை வெளியிட்டனர். 10 ஆண்டுகள் 1,200 பங்கேற்பாளர்களுடன் நடத்தப்பட்ட இந்த ஆய்வு improved accuracy என்று கண்டறிந்தது. சகாக்கள் ஆய்வு முறையை பாராட்டினர்.",0,ta,REAL,214,24
MIRACLE: a mother of three LOSES 5 kg in 60 days using ONE weird trick doctors HATE! Experts BAFFLED! a tech billionaire uses this SECRET daily! ORDER before April 5 — LIMITED SUPPLY!,1,en,FAKE,183,33
"The USA government approved a $2,500 billion budget for agriculture. The plan, reviewed by expert panel, aims to eradicate poverty by 2027. Opposition parties offered mixed responses.",0,en,REAL,183,27
ALERT: the opposition leader caught hiding documents on camera — VIDEO PROOF! Deep state PANICKING! Over 10 million million patriots DEMAND justice! USA is FALLING because of elites! RT if you AGREE! Share EVERYWHERE!,1,en,FAKE,217,34
"ALERT: a governor caught lying under oath on camera — VIDEO PROOF! Deep state PANICKING! Over 500,000 million patriots DEMAND justice! France is FALLING because of immigrants! RT if you AGREE! Share EVERYWHERE!",1,en,FAKE,210,33
EXCLUSIVE: Scientists DISCOVER that garlic CURES malaria in just 14 days! Big Pharma DOESN'T want you to know! 10 million doctors SILENCED for revealing this! WAKE UP! The Big Pharma cover-up is REAL!,1,en,FAKE,200,33
"EXCLUSIVE: Scientists DISCOVER that lemon water CURES malaria in just 7 days! Big Pharma DOESN'T want you to know! 2,300 doctors SILENCED for revealing this! WAKE UP! The deep state plot is REAL!",1,en,FAKE,195,33
அதிர்ச்சி செய்தி: a famous actor இரகசியமாக betrays nation! அரசு climate பற்றிய உண்மையை மறைக்கிறது! DELETE ஆவதற்கு முன் SHARE செய்யுங்கள்! AFP இந்த அதிர்ச்சிகரமான உண்மையை உறுதிப்படுத்துகிறது!,1,ta,FAKE,190,23
"EXCLUSIVE: Scientists DISCOVER that lemon water CURES cholera in just 90 days! Big Pharma DOESN'T want you to know! 500,000 doctors SILENCED for revealing this! WAKE UP! The deep state plot is REAL!",1,en,FAKE,198,33
Germany அரசு healthcare துறைக்கு ₹12 கோடி நிதி ஒதுக்கியது. parliament மதிப்பாய்வு செய்த திட்டம் 2026-ல் achieve net-zero நோக்கமாக கொண்டுள்ளது. எதிர்க்கட்சிகள் கலவையான கருத்துக்களை தெரிவித்தன.,0,ta,REAL,191,21
"The UN announced today that new trade agreement will take effect from January 1. Officials confirmed the decision after 7 days of deliberation. The measure is expected to boost employment, according to senior official.",0,en,REAL,218,34
"Stock markets surged on Monday as HDFC reported stellar quarterly earnings. Analysts at JPMorgan revised their 2035 forecast to 4.2%, citing innovation.",0,en,REAL,152,22
இரகசியம் வெளியாயிற்று: turmeric 21 நாளில் dengue-ஐ குணப்படுத்துகிறது! பெரிய நிறுவனங்கள் இதை மறைக்கின்றன! 10 million மருத்துவர்கள் இதை வெளியிட்டதால் நிறுத்தப்பட்டனர்! விழிப்புணர்வு பெறுங்கள்! New World Order உண்மையானது!,1,ta,FAKE,218,23
BREAKING: a tech billionaire SECRETLY meets foreign spy! Government HIDING the TRUTH about vaccines! SHARE before they DELETE this! Reuters confirms SHOCKING revelation that mainstream media REFUSES to cover. This changes EVERYTHING!,1,en,FAKE,233,32
"Stock markets surged on Wednesday as Infosys reported record quarterly earnings. Analysts at ICICI revised their 2035 forecast to 9.0%, citing supply chain issues.",0,en,REAL,163,24
"இரகசியம் வெளியாயிற்று: lemon water 30 நாளில் cholera-ஐ குணப்படுத்துகிறது! பெரிய நிறுவனங்கள் இதை மறைக்கின்றன! 500,000 மருத்துவர்கள் இதை வெளியிட்டதால் நிறுத்தப்பட்டனர்! விழிப்புணர்வு பெறுங்கள்! deep state plot உண்மையானது!",1,ta,FAKE,219,23
அதிர்ச்சி செய்தி: a famous actor இரகசியமாக meets foreign spy! அரசு climate பற்றிய உண்மையை மறைக்கிறது! DELETE ஆவதற்கு முன் SHARE செய்யுங்கள்! PTI இந்த அதிர்ச்சிகரமான உண்மையை உறுதிப்படுத்துகிறது!,1,ta,FAKE,193,24
Apple நிறுவனம் strong காலாண்டு வருவாய் அறிவித்ததால் Monday அன்று சந்தை dipped. JPMorgan பகுப்பாய்வாளர்கள் 2027 கணிப்பை 6.3% ஆக திருத்தினர்.,0,ta,REAL,139,17
HDFC நிறுவனம் record காலாண்டு வருவாய் அறிவித்ததால் Thursday அன்று சந்தை dipped. JPMorgan பகுப்பாய்வாளர்கள் 2026 கணிப்பை 4.2% ஆக திருத்தினர்.,0,ta,REAL,140,17
"LEAKED: secret memo REVEALS that government plans to censor internet by 2027! Insiders FLEE for their lives! 500,000% of population at RISK! They are COMING for your freedom of speech! RESIST now!",1,en,FAKE,196,32
BREAKING: a famous actor SECRETLY betrays nation! Government HIDING the TRUTH about water supply! SHARE before they DELETE this! Reuters confirms SHOCKING revelation that mainstream media REFUSES to cover. This changes EVERYTHING!,1,en,FAKE,230,32
Mumbai reported 10 million new cases of influenza on Monday. Health authorities have deployed medical teams to manage the situation. Officials urge residents to stay home.,0,en,REAL,171,26
"IIT Madras-இல் உள்ள ஆராய்ச்சியாளர்கள் Nature இதழில் ஆய்வு முடிவுகளை வெளியிட்டனர். 3 ஆண்டுகள் 1,200 பங்கேற்பாளர்களுடன் நடத்தப்பட்ட இந்த ஆய்வு cut costs by 30% என்று கண்டறிந்தது. சகாக்கள் ஆய்வு முறையை பாராட்டினர்.",0,ta,REAL,211,26
அதிர்ச்சி செய்தி: a major politician இரகசியமாக betrays nation! அரசு 5G towers பற்றிய உண்மையை மறைக்கிறது! DELETE ஆவதற்கு முன் SHARE செய்யுங்கள்! AFP இந்த அதிர்ச்சிகரமான உண்மையை உறுதிப்படுத்துகிறது!,1,ta,FAKE,196,24
Kolkata reported 10 million new cases of cholera on Tuesday. Health authorities have deployed medical teams to manage the situation. Officials urge residents to get vaccinated.,0,en,REAL,176,26
MIRACLE: a retired teacher LOSES 5 kg in 21 days using ONE weird trick doctors HATE! Experts BAFFLED! a major politician uses this SECRET daily! ORDER before June 30 — LIMITED SUPPLY!,1,en,FAKE,183,32
"EXCLUSIVE: Scientists DISCOVER that lemon water CURES cholera in just 7 days! Big Pharma DOESN'T want you to know! 2,300 doctors SILENCED for revealing this! WAKE UP! The New World Order is REAL!",1,en,FAKE,195,33
அதிசயம்: a mother of three ஒரே 60 நாளில் 12 கிலோ குறைத்தனர்! மருத்துவர்கள் வெறுக்கும் இந்த ஒரு இரகசிய உத்தி! a major politician தினமும் இதை பயன்படுத்துகிறார்! இன்றே ஆர்டர் செய்யுங்கள்!,1,ta,FAKE,184,26
"அம்பலம்: a governor கேமராவில் accepting bribe பிடிக்கப்பட்டனர்! 2,300 லட்சம் மக்கள் நீதி கோருகின்றனர்! Japan elites காரணமாக நலிவடைகிறது! உடனே பகிருங்கள்!",1,ta,FAKE,153,18
LEAKED: classified file REVEALS that UN plans to microchip citizens by 2027! Insiders FLEE for their lives! 45% of population at RISK! They are COMING for your freedom of speech! RESIST now!,1,en,FAKE,190,32
Apple நிறுவனம் strong காலாண்டு வருவாய் அறிவித்ததால் Thursday அன்று சந்தை dipped. Goldman Sachs பகுப்பாய்வாளர்கள் 2035 கணிப்பை 7.5% ஆக திருத்தினர்.,0,ta,REAL,146,18
Hyderabad-ல் Wednesday அன்று 100 புதிய influenza வழக்குகள் பதிவாயின. சுகாதார அதிகாரிகள் நிலைமையை சமாளிக்க mobile units நிறுத்தினர். குடிமக்கள் avoid crowding என்று அறிவுறுத்தப்படுகின்றனர்.,0,ta,REAL,188,20
ALERT: the opposition leader caught hiding documents on camera — VIDEO PROOF! Deep state PANICKING! Over 12 million patriots DEMAND justice! Germany is FALLING because of immigrants! RT if you AGREE! Share EVERYWHERE!,1,en,FAKE,217,33
"The India government approved a $5 billion budget for healthcare. The plan, reviewed by cabinet, aims to achieve net-zero by 2026. Opposition parties offered mixed responses.",0,en,REAL,174,26
Oxford-இல் உள்ள ஆராய்ச்சியாளர்கள் Cell இதழில் ஆய்வு முடிவுகளை வெளியிட்டனர். 10 ஆண்டுகள் 500 பங்கேற்பாளர்களுடன் நடத்தப்பட்ட இந்த ஆய்வு doubled lifespan என்று கண்டறிந்தது. சகாக்கள் ஆய்வு முறையை பாராட்டினர்.,0,ta,REAL,204,23
கசிந்த ஆவணம்: UN 2027-ல் control food supply திட்டமிடுகிறது! உள்நாட்டு தகவலாளர்கள் உயிருக்கு பயந்து ஓடுகின்றனர்! மக்களுக்கு privacy ஆபத்தில் உள்ளது! SHARE செய்யுங்கள்!,1,ta,FAKE,167,19
"The RBI announced today that tax reform will take effect from April 5. Officials confirmed the decision after 90 days of deliberation. The measure is expected to cut emissions, according to PTI.",0,en,REAL,194,32
LEAKED: classified file REVEALS that deep state plans to microchip citizens by 2027! Insiders FLEE for their lives! 45% of population at RISK! They are COMING for your property! RESIST now!,1,en,FAKE,189,31
"The ISRO announced today that vaccine mandate will take effect from April 5. Officials confirmed the decision after 14 days of deliberation. The measure is expected to boost employment, according to PTI.",0,en,REAL,203,32
இரகசியம் வெளியாயிற்று: neem 30 நாளில் dengue-ஐ குணப்படுத்துகிறது! பெரிய நிறுவனங்கள் இதை மறைக்கின்றன! 10 million மருத்துவர்கள் இதை வெளியிட்டதால் நிறுத்தப்பட்டனர்! விழிப்புணர்வு பெறுங்கள்! Big Pharma cover-up உண்மையானது!,1,ta,FAKE,218,23
"USA அரசு infrastructure துறைக்கு ₹1,000 கோடி நிதி ஒதுக்கியது. finance ministry மதிப்பாய்வு செய்த திட்டம் 2030-ல் achieve net-zero நோக்கமாக கொண்டுள்ளது. எதிர்க்கட்சிகள் கலவையான கருத்துக்களை தெரிவித்தன.",0,ta,REAL,200,22
MIRACLE: a retired teacher LOSES 12 kg in 90 days using ONE weird trick doctors HATE! Experts BAFFLED! a tech billionaire uses this SECRET daily! ORDER before March 15 — LIMITED SUPPLY!,1,en,FAKE,185,32
TCS நிறுவனம் strong காலாண்டு வருவாய் அறிவித்ததால் Monday அன்று சந்தை dipped. ICICI பகுப்பாய்வாளர்கள் 2025 கணிப்பை 6.3% ஆக திருத்தினர்.,0,ta,REAL,134,17
"Stock markets fell on Tuesday as HDFC reported mixed quarterly earnings. Analysts at JPMorgan revised their 2035 forecast to 8.1%, citing supply chain issues.",0,en,REAL,158,24
"EXCLUSIVE: Scientists DISCOVER that neem CURES dengue in just 30 days! Big Pharma DOESN'T want you to know! 2,300 doctors SILENCED for revealing this! WAKE UP! The deep state plot is REAL!",1,en,FAKE,188,32
India அரசு agriculture துறைக்கு ₹50 கோடி நிதி ஒதுக்கியது. expert panel மதிப்பாய்வு செய்த திட்டம் 2035-ல் boost GDP by 7% நோக்கமாக கொண்டுள்ளது. எதிர்க்கட்சிகள் கலவையான கருத்துக்களை தெரிவித்தன.,0,ta,REAL,191,24
"Stock markets rose on Wednesday as Google reported strong quarterly earnings. Analysts at ICICI revised their 2035 forecast to 7.5%, citing supply chain issues.",0,en,REAL,160,24
"LEAKED: secret memo REVEALS that UN plans to control food supply by 2035! Insiders FLEE for their lives! 2,300% of population at RISK! They are COMING for your gun rights! RESIST now!",1,en,FAKE,183,32
கசிந்த ஆவணம்: deep state 2027-ல் microchip citizens திட்டமிடுகிறது! உள்நாட்டு தகவலாளர்கள் உயிருக்கு பயந்து ஓடுகின்றனர்! மக்களுக்கு freedom of speech ஆபத்தில் உள்ளது! SHARE செய்யுங்கள்!,1,ta,FAKE,184,21
"NUS-இல் உள்ள ஆராய்ச்சியாளர்கள் Cell இதழில் ஆய்வு முடிவுகளை வெளியிட்டனர். 3 ஆண்டுகள் 5,000 பங்கேற்பாளர்களுடன் நடத்தப்பட்ட இந்த ஆய்வு cut costs by 30% என்று கண்டறிந்தது. சகாக்கள் ஆய்வு முறையை பாராட்டினர்.",0,ta,REAL,202,25
கசிந்த ஆவணம்: government 2025-ல் control food supply திட்டமிடுகிறது! உள்நாட்டு தகவலாளர்கள் உயிருக்கு பயந்து ஓடுகின்றனர்! மக்களுக்கு gun rights ஆபத்தில் உள்ளது! SHARE செய்யுங்கள்!,1,ta,FAKE,178,20
LEAKED: leaked email REVEALS that WHO plans to control food supply by 2030! Insiders FLEE for their lives! 10 million% of population at RISK! They are COMING for your freedom of speech! RESIST now!,1,en,FAKE,197,34
BREAKING: a tech billionaire SECRETLY funds terror groups! Government HIDING the TRUTH about chemtrails! SHARE before they DELETE this! Reuters confirms SHOCKING revelation that mainstream media REFUSES to cover. This changes EVERYTHING!,1,en,FAKE,237,32
"The USA government approved a $12 billion budget for defence. The plan, reviewed by expert panel, aims to achieve net-zero by 2027. Opposition parties offered mixed responses.",0,en,REAL,175,27
LEAKED: classified file REVEALS that UN plans to microchip citizens by 2035! Insiders FLEE for their lives! 100% of population at RISK! They are COMING for your privacy! RESIST now!,1,en,FAKE,181,30
"The RBI announced today that new trade agreement will take effect from January 1. Officials confirmed the decision after 7 days of deliberation. The measure is expected to reduce inflation, according to senior official.",0,en,REAL,219,34
"The UN announced today that tax reform will take effect from March 15. Officials confirmed the decision after 30 days of deliberation. The measure is expected to reduce inflation, according to ministry spokesperson.",0,en,REAL,215,33
HDFC நிறுவனம் record காலாண்டு வருவாய் அறிவித்ததால் Friday அன்று சந்தை rose. Citi பகுப்பாய்வாளர்கள் 2027 கணிப்பை 9.0% ஆக திருத்தினர்.,0,ta,REAL,132,17
"BITS Pilani-இல் உள்ள ஆராய்ச்சியாளர்கள் Cell இதழில் ஆய்வு முடிவுகளை வெளியிட்டனர். 3 ஆண்டுகள் 5,000 பங்கேற்பாளர்களுடன் நடத்தப்பட்ட இந்த ஆய்வு doubled lifespan என்று கண்டறிந்தது. சகாக்கள் ஆய்வு முறையை பாராட்டினர்.",0,ta,REAL,210,24
"NASA நிறுவனம் இன்று அறிவித்தது: vaccine mandate April 5 முதல் நடைமுறைக்கு வரும். 90 நாள் ஆலோசனைக்குப் பிறகு அதிகாரிகள் இந்த முடிவை உறுதிப்படுத்தினர். PTI தெரிவிக்கும் வகையில், இந்த நடவடிக்கை reduce inflation என்று எதிர்பார்க்கப்படுகிறது.",0,ta,REAL,237,28
இரகசியம் வெளியாயிற்று: coconut oil 30 நாளில் COVID-19-ஐ குணப்படுத்துகிறது! பெரிய நிறுவனங்கள் இதை மறைக்கின்றன! 45 மருத்துவர்கள் இதை வெளியிட்டதால் நிறுத்தப்பட்டனர்! விழிப்புணர்வு பெறுங்கள்! Big Pharma cover-up உண்மையானது!,1,ta,FAKE,219,23
"IMF நிறுவனம் இன்று அறிவித்தது: vaccine mandate December 1 முதல் நடைமுறைக்கு வரும். 90 நாள் ஆலோசனைக்குப் பிறகு அதிகாரிகள் இந்த முடிவை உறுதிப்படுத்தினர். PTI தெரிவிக்கும் வகையில், இந்த நடவடிக்கை reduce inflation என்று எதிர்பார்க்கப்படுகிறது.",0,ta,REAL,239,28
"Oxford-இல் உள்ள ஆராய்ச்சியாளர்கள் Nature இதழில் ஆய்வு முடிவுகளை வெளியிட்டனர். 5 ஆண்டுகள் 5,000 பங்கேற்பாளர்களுடன் நடத்தப்பட்ட இந்த ஆய்வு improved accuracy என்று கண்டறிந்தது. சகாக்கள் ஆய்வு முறையை பாராட்டினர்.",0,ta,REAL,208,23
"Stock markets dipped on Tuesday as Google reported mixed quarterly earnings. Analysts at Morgan Stanley revised their 2026 forecast to 9.0%, citing cost pressures.",0,en,REAL,163,24
Reliance நிறுவனம் mixed காலாண்டு வருவாய் அறிவித்ததால் Wednesday அன்று சந்தை rose. JPMorgan பகுப்பாய்வாளர்கள் 2025 கணிப்பை 7.5% ஆக திருத்தினர்.,0,ta,REAL,142,17
BREAKING: a famous actor SECRETLY funds terror groups! Government HIDING the TRUTH about climate! SHARE before they DELETE this! ministry spokesperson confirms SHOCKING revelation that mainstream media REFUSES to cover. This changes EVERYTHING!,1,en,FAKE,244,33
Infosys நிறுவனம் disappointing காலாண்டு வருவாய் அறிவித்ததால் Wednesday அன்று சந்தை dipped. JPMorgan பகுப்பாய்வாளர்கள் 2035 கணிப்பை 8.1% ஆக திருத்தினர்.,0,ta,REAL,151,17
"The India government approved a $2,500 billion budget for healthcare. The plan, reviewed by expert panel, aims to boost GDP by 7% by 2025. Opposition parties offered mixed responses.",0,en,REAL,182,29
"அம்பலம்: a governor கேமராவில் accepting bribe பிடிக்கப்பட்டனர்! 2,300 லட்சம் மக்கள் நீதி கோருகின்றனர்! India immigrants காரணமாக நலிவடைகிறது! உடனே பகிருங்கள்!",1,ta,FAKE,157,18
ALERT: the opposition leader caught lying under oath on camera — VIDEO PROOF! Deep state PANICKING! Over 100 million patriots DEMAND justice! France is FALLING because of elites! RT if you AGREE! Share EVERYWHERE!,1,en,FAKE,213,34
BREAKING: a famous actor SECRETLY meets foreign spy! Government HIDING the TRUTH about climate! SHARE before they DELETE this! Reuters confirms SHOCKING revelation that mainstream media REFUSES to cover. This changes EVERYTHING!,1,en,FAKE,228,32
"The IMF announced today that climate policy will take effect from March 15. Officials confirmed the decision after 30 days of deliberation. The measure is expected to boost employment, according to Reuters.",0,en,REAL,206,32
"ALERT: the opposition leader caught accepting bribe on camera — VIDEO PROOF! Deep state PANICKING! Over 500,000 million patriots DEMAND justice! India is FALLING because of elites! RT if you AGREE! Share EVERYWHERE!",1,en,FAKE,215,33
"RBI நிறுவனம் இன்று அறிவித்தது: climate policy January 1 முதல் நடைமுறைக்கு வரும். 14 நாள் ஆலோசனைக்குப் பிறகு அதிகாரிகள் இந்த முடிவை உறுதிப்படுத்தினர். PTI தெரிவிக்கும் வகையில், இந்த நடவடிக்கை cut emissions என்று எதிர்பார்க்கப்படுகிறது.",0,ta,REAL,234,28
"Researchers at BITS Pilani published findings in NEJM showing that improved accuracy. The study, conducted over 10 years with 5,000 participants, concludes that lifestyle changes matter. Peer reviewers praised the methodology.",0,en,REAL,226,31
MIRACLE: a retired teacher LOSES 5 kg in 90 days using ONE weird trick doctors HATE! Experts BAFFLED! a major politician uses this SECRET daily! ORDER before April 5 — LIMITED SUPPLY!,1,en,FAKE,183,32
"Stanford-இல் உள்ள ஆராய்ச்சியாளர்கள் NEJM இதழில் ஆய்வு முடிவுகளை வெளியிட்டனர். 10 ஆண்டுகள் 1,200 பங்கேற்பாளர்களுடன் நடத்தப்பட்ட இந்த ஆய்வு reduced risk by 40% என்று கண்டறிந்தது. சகாக்கள் ஆய்வு முறையை பாராட்டினர்.",0,ta,REAL,211,25
"Stock markets surged on Thursday as HDFC reported mixed quarterly earnings. Analysts at JPMorgan revised their 2030 forecast to 9.0%, citing innovation.",0,en,REAL,152,22
ALERT: the opposition leader caught lying under oath on camera — VIDEO PROOF! Deep state PANICKING! Over 45 million patriots DEMAND justice! India is FALLING because of foreign agents! RT if you AGREE! Share EVERYWHERE!,1,en,FAKE,219,35
Infosys நிறுவனம் record காலாண்டு வருவாய் அறிவித்ததால் Wednesday அன்று சந்தை plunged. ICICI பகுப்பாய்வாளர்கள் 2027 கணிப்பை 9.0% ஆக திருத்தினர்.,0,ta,REAL,142,17
"NUS-இல் உள்ள ஆராய்ச்சியாளர்கள் Lancet இதழில் ஆய்வு முடிவுகளை வெளியிட்டனர். 2 ஆண்டுகள் 1,200 பங்கேற்பாளர்களுடன் நடத்தப்பட்ட இந்த ஆய்வு cut costs by 30% என்று கண்டறிந்தது. சகாக்கள் ஆய்வு முறையை பாராட்டினர்.",0,ta,REAL,204,25
அதிசயம்: a local farmer ஒரே 30 நாளில் 200 கிலோ குறைத்தனர்! மருத்துவர்கள் வெறுக்கும் இந்த ஒரு இரகசிய உத்தி! a famous actor தினமும் இதை பயன்படுத்துகிறார்! இன்றே ஆர்டர் செய்யுங்கள்!,1,ta,FAKE,178,25
"Researchers at MIT published findings in Cell showing that doubled lifespan. The study, conducted over 2 years with 10,000 participants, concludes that diet is key. Peer reviewers praised the methodology.",0,en,REAL,204,30
"LEAKED: leaked email REVEALS that WEF plans to microchip citizens by 2035! Insiders FLEE for their lives! 2,300% of population at RISK! They are COMING for your freedom of speech! RESIST now!",1,en,FAKE,191,32
BREAKING: a tech billionaire SECRETLY funds terror groups! Government HIDING the TRUTH about chemtrails! SHARE before they DELETE this! Reuters confirms SHOCKING revelation that mainstream media REFUSES to cover. This changes EVERYTHING!,1,en,FAKE,237,32
"IMF நிறுவனம் இன்று அறிவித்தது: climate policy December 1 முதல் நடைமுறைக்கு வரும். 30 நாள் ஆலோசனைக்குப் பிறகு அதிகாரிகள் இந்த முடிவை உறுதிப்படுத்தினர். senior official தெரிவிக்கும் வகையில், இந்த நடவடிக்கை improve healthcare என்று எதிர்பார்க்கப்படுகிறது.",0,ta,REAL,252,29
BREAKING: a tech billionaire SECRETLY betrays nation! Government HIDING the TRUTH about vaccines! SHARE before they DELETE this! senior official confirms SHOCKING revelation that mainstream media REFUSES to cover. This changes EVERYTHING!,1,en,FAKE,238,32
அம்பலம்: a governor கேமராவில் hiding documents பிடிக்கப்பட்டனர்! 45 லட்சம் மக்கள் நீதி கோருகின்றனர்! UK globalists காரணமாக நலிவடைகிறது! உடனே பகிருங்கள்!,1,ta,FAKE,152,18
BREAKING: a famous actor SECRETLY funds terror groups! Government HIDING the TRUTH about chemtrails! SHARE before they DELETE this! ministry spokesperson confirms SHOCKING revelation that mainstream media REFUSES to cover. This changes EVERYTHING!,1,en,FAKE,247,33
"அம்பலம்: a senior minister கேமராவில் lying under oath பிடிக்கப்பட்டனர்! 2,300 லட்சம் மக்கள் நீதி கோருகின்றனர்! Germany globalists காரணமாக நலிவடைகிறது! உடனே பகிருங்கள்!",1,ta,FAKE,167,20
"The IMF announced today that climate policy will take effect from January 1. Officials confirmed the decision after 90 days of deliberation. The measure is expected to reduce inflation, according to AFP.",0,en,REAL,203,32
"அதிசயம்: a local farmer ஒரே 60 நாளில் 2,500 கிலோ குறைத்தனர்! மருத்துவர்கள் வெறுக்கும் இந்த ஒரு இரகசிய உத்தி! a tech billionaire தினமும் இதை பயன்படுத்துகிறார்! இன்றே ஆர்டர் செய்யுங்கள்!",1,ta,FAKE,184,25
அம்பலம்: the opposition leader கேமராவில் accepting bribe பிடிக்கப்பட்டனர்! 100 லட்சம் மக்கள் நீதி கோருகின்றனர்! UK immigrants காரணமாக நலிவடைகிறது! உடனே பகிருங்கள்!,1,ta,FAKE,163,19
அதிர்ச்சி செய்தி: a major politician இரகசியமாக meets foreign spy! அரசு 5G towers பற்றிய உண்மையை மறைக்கிறது! DELETE ஆவதற்கு முன் SHARE செய்யுங்கள்! senior official இந்த அதிர்ச்சிகரமான உண்மையை உறுதிப்படுத்துகிறது!,1,ta,FAKE,211,26
கசிந்த ஆவணம்: WHO 2025-ல் censor internet திட்டமிடுகிறது! உள்நாட்டு தகவலாளர்கள் உயிருக்கு பயந்து ஓடுகின்றனர்! மக்களுக்கு privacy ஆபத்தில் உள்ளது! SHARE செய்யுங்கள்!,1,ta,FAKE,164,18
"UNESCO நிறுவனம் இன்று அறிவித்தது: tax reform April 5 முதல் நடைமுறைக்கு வரும். 60 நாள் ஆலோசனைக்குப் பிறகு அதிகாரிகள் இந்த முடிவை உறுதிப்படுத்தினர். senior official தெரிவிக்கும் வகையில், இந்த நடவடிக்கை cut emissions என்று எதிர்பார்க்கப்படுகிறது.",0,ta,REAL,243,29
"அதிசயம்: a local farmer ஒரே 7 நாளில் 1,000 கிலோ குறைத்தனர்! மருத்துவர்கள் வெறுக்கும் இந்த ஒரு இரகசிய உத்தி! a tech billionaire தினமும் இதை பயன்படுத்துகிறார்! இன்றே ஆர்டர் செய்யுங்கள்!",1,ta,FAKE,183,25
அதிசயம்: a local farmer ஒரே 90 நாளில் 5 கிலோ குறைத்தனர்! மருத்துவர்கள் வெறுக்கும் இந்த ஒரு இரகசிய உத்தி! a famous actor தினமும் இதை பயன்படுத்துகிறார்! இன்றே ஆர்டர் செய்யுங்கள்!,1,ta,FAKE,176,25
"EXCLUSIVE: Scientists DISCOVER that lemon water CURES cholera in just 60 days! Big Pharma DOESN'T want you to know! 2,300 doctors SILENCED for revealing this! WAKE UP! The Big Pharma cover-up is REAL!",1,en,FAKE,200,33
"Stanford-இல் உள்ள ஆராய்ச்சியாளர்கள் NEJM இதழில் ஆய்வு முடிவுகளை வெளியிட்டனர். 2 ஆண்டுகள் 1,200 பங்கேற்பாளர்களுடன் நடத்தப்பட்ட இந்த ஆய்வு cut costs by 30% என்று கண்டறிந்தது. சகாக்கள் ஆய்வு முறையை பாராட்டினர்.",0,ta,REAL,207,25
இரகசியம் வெளியாயிற்று: coconut oil 14 நாளில் COVID-19-ஐ குணப்படுத்துகிறது! பெரிய நிறுவனங்கள் இதை மறைக்கின்றன! 12 மருத்துவர்கள் இதை வெளியிட்டதால் நிறுத்தப்பட்டனர்! விழிப்புணர்வு பெறுங்கள்! New World Order உண்மையானது!,1,ta,FAKE,215,23
BREAKING: a major politician SECRETLY funds terror groups! Government HIDING the TRUTH about chemtrails! SHARE before they DELETE this! ministry spokesperson confirms SHOCKING revelation that mainstream media REFUSES to cover. This changes EVERYTHING!,1,en,FAKE,251,33
"EXCLUSIVE: Scientists DISCOVER that coconut oil CURES dengue in just 90 days! Big Pharma DOESN'T want you to know! 2,300 doctors SILENCED for revealing this! WAKE UP! The deep state plot is REAL!",1,en,FAKE,195,33
"Stock markets rallied on Tuesday as Infosys reported record quarterly earnings. Analysts at Citi revised their 2027 forecast to 9.0%, citing cost pressures.",0,en,REAL,156,23
Bengaluru reported 100 new cases of COVID-19 on Wednesday. Health authorities have deployed medical teams to manage the situation. Officials urge residents to stay home.,0,en,REAL,169,25
"Stock markets surged on Thursday as Apple reported strong quarterly earnings. Analysts at Goldman Sachs revised their 2030 forecast to 6.3%, citing innovation.",0,en,REAL,159,23
"SEBI நிறுவனம் இன்று அறிவித்தது: climate policy March 15 முதல் நடைமுறைக்கு வரும். 21 நாள் ஆலோசனைக்குப் பிறகு அதிகாரிகள் இந்த முடிவை உறுதிப்படுத்தினர். AFP தெரிவிக்கும் வகையில், இந்த நடவடிக்கை improve healthcare என்று எதிர்பார்க்கப்படுகிறது.",0,ta,REAL,239,28
"The France government approved a $1,000 billion budget for education. The plan, reviewed by cabinet, aims to achieve net-zero by 2026. Opposition parties offered mixed responses.",0,en,REAL,178,26
EXCLUSIVE: Scientists DISCOVER that neem CURES dengue in just 30 days! Big Pharma DOESN'T want you to know! 10 million doctors SILENCED for revealing this! WAKE UP! The New World Order is REAL!,1,en,FAKE,193,33
"Researchers at Oxford published findings in Lancet showing that doubled lifespan. The study, conducted over 2 years with 1,200 participants, concludes that diet is key. Peer reviewers praised the methodology.",0,en,REAL,208,30
இரகசியம் வெளியாயிற்று: coconut oil 21 நாளில் malaria-ஐ குணப்படுத்துகிறது! பெரிய நிறுவனங்கள் இதை மறைக்கின்றன! 10 million மருத்துவர்கள் இதை வெளியிட்டதால் நிறுத்தப்பட்டனர்! விழிப்புணர்வு பெறுங்கள்! deep state plot உண்மையானது!,1,ta,FAKE,222,24
EXCLUSIVE: Scientists DISCOVER that turmeric CURES cholera in just 90 days! Big Pharma DOESN'T want you to know! 12 doctors SILENCED for revealing this! WAKE UP! The Big Pharma cover-up is REAL!,1,en,FAKE,194,32
Google நிறுவனம் strong காலாண்டு வருவாய் அறிவித்ததால் Monday அன்று சந்தை fell. Citi பகுப்பாய்வாளர்கள் 2025 கணிப்பை 6.3% ஆக திருத்தினர்.,0,ta,REAL,134,17
அதிசயம்: a mother of three ஒரே 21 நாளில் 12 கிலோ குறைத்தனர்! மருத்துவர்கள் வெறுக்கும் இந்த ஒரு இரகசிய உத்தி! a major politician தினமும் இதை பயன்படுத்துகிறார்! இன்றே ஆர்டர் செய்யுங்கள்!,1,ta,FAKE,184,26
"The France government approved a $12 billion budget for defence. The plan, reviewed by parliament, aims to achieve net-zero by 2030. Opposition parties offered mixed responses.",0,en,REAL,176,26
Google நிறுவனம் strong காலாண்டு வருவாய் அறிவித்ததால் Thursday அன்று சந்தை surged. JPMorgan பகுப்பாய்வாளர்கள் 2026 கணிப்பை 6.3% ஆக திருத்தினர்.,0,ta,REAL,142,17
"MIRACLE: a local farmer LOSES 2,500 kg in 14 days using ONE weird trick doctors HATE! Experts BAFFLED! a major politician uses this SECRET daily! ORDER before June 30 — LIMITED SUPPLY!",1,en,FAKE,184,32
"Stock markets plunged on Thursday as HDFC reported mixed quarterly earnings. Analysts at JPMorgan revised their 2035 forecast to 4.2%, citing innovation.",0,en,REAL,153,22
கசிந்த ஆவணம்: WHO 2035-ல் control food supply திட்டமிடுகிறது! உள்நாட்டு தகவலாளர்கள் உயிருக்கு பயந்து ஓடுகின்றனர்! மக்களுக்கு property ஆபத்தில் உள்ளது! SHARE செய்யுங்கள்!,1,ta,FAKE,169,19
அதிசயம்: a retired teacher ஒரே 30 நாளில் 12 கிலோ குறைத்தனர்! மருத்துவர்கள் வெறுக்கும் இந்த ஒரு இரகசிய உத்தி! a famous actor தினமும் இதை பயன்படுத்துகிறார்! இன்றே ஆர்டர் செய்யுங்கள்!,1,ta,FAKE,180,25
BREAKING: a tech billionaire SECRETLY funds terror groups! Government HIDING the TRUTH about 5G towers! SHARE before they DELETE this! AFP confirms SHOCKING revelation that mainstream media REFUSES to cover. This changes EVERYTHING!,1,en,FAKE,232,33
BITS Pilani-இல் உள்ள ஆராய்ச்சியாளர்கள் Nature இதழில் ஆய்வு முடிவுகளை வெளியிட்டனர். 5 ஆண்டுகள் 500 பங்கேற்பாளர்களுடன் நடத்தப்பட்ட இந்த ஆய்வு cut costs by 30% என்று கண்டறிந்தது. சகாக்கள் ஆய்வு முறையை பாராட்டினர்.,0,ta,REAL,210,26
"The USA government approved a $5 billion budget for infrastructure. The plan, reviewed by cabinet, aims to achieve net-zero by 2027. Opposition parties offered mixed responses.",0,en,REAL,176,26
MIRACLE: a local farmer LOSES 12 kg in 7 days using ONE weird trick doctors HATE! Experts BAFFLED! a famous actor uses this SECRET daily! ORDER before June 30 — LIMITED SUPPLY!,1,en,FAKE,176,32
EXCLUSIVE: Scientists DISCOVER that coconut oil CURES cholera in just 14 days! Big Pharma DOESN'T want you to know! 10 million doctors SILENCED for revealing this! WAKE UP! The New World Order is REAL!,1,en,FAKE,201,34
"Stock markets fell on Friday as Reliance reported strong quarterly earnings. Analysts at ICICI revised their 2027 forecast to 8.1%, citing innovation.",0,en,REAL,150,22
"Stock markets rallied on Wednesday as Google reported record quarterly earnings. Analysts at Citi revised their 2035 forecast to 7.5%, citing strong demand.",0,en,REAL,156,23
BREAKING: a major politician SECRETLY betrays nation! Government HIDING the TRUTH about climate! SHARE before they DELETE this! ministry spokesperson confirms SHOCKING revelation that mainstream media REFUSES to cover. This changes EVERYTHING!,1,en,FAKE,243,32
"Stock markets rose on Friday as HDFC reported disappointing quarterly earnings. Analysts at JPMorgan revised their 2027 forecast to 4.2%, citing supply chain issues.",0,en,REAL,165,24
"The UK government approved a $1,000 billion budget for infrastructure. The plan, reviewed by expert panel, aims to boost GDP by 7% by 2035. Opposition parties offered mixed responses.",0,en,REAL,183,29
"MIRACLE: a mother of three LOSES 1,000 kg in 7 days using ONE weird trick doctors HATE! Experts BAFFLED! a famous actor uses this SECRET daily! ORDER before April 5 — LIMITED SUPPLY!",1,en,FAKE,182,33
"Researchers at IIT Madras published findings in Lancet showing that doubled lifespan. The study, conducted over 10 years with 1,200 participants, concludes that early screening saves lives. Peer reviewers praised the methodology.",0,en,REAL,229,32
Tesla நிறுவனம் stellar காலாண்டு வருவாய் அறிவித்ததால் Wednesday அன்று சந்தை rallied. Morgan Stanley பகுப்பாய்வாளர்கள் 2027 கணிப்பை 7.5% ஆக திருத்தினர்.,0,ta,REAL,150,18
"Researchers at NUS published findings in NEJM showing that doubled lifespan. The study, conducted over 10 years with 1,200 participants, concludes that lifestyle changes matter. Peer reviewers praised the methodology.",0,en,REAL,217,30
"Researchers at NUS published findings in Lancet showing that cut costs by 30%. The study, conducted over 5 years with 500 participants, concludes that early screening saves lives. Peer reviewers praised the methodology.",0,en,REAL,219,33
இரகசியம் வெளியாயிற்று: neem 21 நாளில் dengue-ஐ குணப்படுத்துகிறது! பெரிய நிறுவனங்கள் இதை மறைக்கின்றன! 10 million மருத்துவர்கள் இதை வெளியிட்டதால் நிறுத்தப்பட்டனர்! விழிப்புணர்வு பெறுங்கள்! Big Pharma cover-up உண்மையானது!,1,ta,FAKE,218,23
"UNESCO நிறுவனம் இன்று அறிவித்தது: climate policy June 30 முதல் நடைமுறைக்கு வரும். 30 நாள் ஆலோசனைக்குப் பிறகு அதிகாரிகள் இந்த முடிவை உறுதிப்படுத்தினர். PTI தெரிவிக்கும் வகையில், இந்த நடவடிக்கை improve healthcare என்று எதிர்பார்க்கப்படுகிறது.",0,ta,REAL,240,28
அம்பலம்: a senior minister கேமராவில் lying under oath பிடிக்கப்பட்டனர்! 45 லட்சம் மக்கள் நீதி கோருகின்றனர்! Germany elites காரணமாக நலிவடைகிறது! உடனே பகிருங்கள்!,1,ta,FAKE,160,20
HDFC நிறுவனம் record காலாண்டு வருவாய் அறிவித்ததால் Wednesday அன்று சந்தை fell. ICICI பகுப்பாய்வாளர்கள் 2030 கணிப்பை 4.2% ஆக திருத்தினர்.,0,ta,REAL,136,17
"LEAKED: classified file REVEALS that UN plans to control food supply by 2025! Insiders FLEE for their lives! 2,300% of population at RISK! They are COMING for your gun rights! RESIST now!",1,en,FAKE,187,32
கசிந்த ஆவணம்: deep state 2025-ல் censor internet திட்டமிடுகிறது! உள்நாட்டு தகவலாளர்கள் உயிருக்கு பயந்து ஓடுகின்றனர்! மக்களுக்கு property ஆபத்தில் உள்ளது! SHARE செய்யுங்கள்!,1,ta,FAKE,172,19
LEAKED: leaked email REVEALS that WHO plans to microchip citizens by 2035! Insiders FLEE for their lives! 10 million% of population at RISK! They are COMING for your gun rights! RESIST now!,1,en,FAKE,189,32
அதிர்ச்சி செய்தி: a famous actor இரகசியமாக betrays nation! அரசு chemtrails பற்றிய உண்மையை மறைக்கிறது! DELETE ஆவதற்கு முன் SHARE செய்யுங்கள்! ministry spokesperson இந்த அதிர்ச்சிகரமான உண்மையை உறுதிப்படுத்துகிறது!,1,ta,FAKE,211,24
HDFC நிறுவனம் stellar காலாண்டு வருவாய் அறிவித்ததால் Thursday அன்று சந்தை dipped. JPMorgan பகுப்பாய்வாளர்கள் 2025 கணிப்பை 6.3% ஆக திருத்தினர்.,0,ta,REAL,141,17
அதிசயம்: a mother of three ஒரே 14 நாளில் 12 கிலோ குறைத்தனர்! மருத்துவர்கள் வெறுக்கும் இந்த ஒரு இரகசிய உத்தி! a famous actor தினமும் இதை பயன்படுத்துகிறார்! இன்றே ஆர்டர் செய்யுங்கள்!,1,ta,FAKE,180,26
இரகசியம் வெளியாயிற்று: coconut oil 60 நாளில் COVID-19-ஐ குணப்படுத்துகிறது! பெரிய நிறுவனங்கள் இதை மறைக்கின்றன! 45 மருத்துவர்கள் இதை வெளியிட்டதால் நிறுத்தப்பட்டனர்! விழிப்புணர்வு பெறுங்கள்! Big Pharma cover-up உண்மையானது!,1,ta,FAKE,219,23
Japan அரசு defence துறைக்கு ₹5 கோடி நிதி ஒதுக்கியது. expert panel மதிப்பாய்வு செய்த திட்டம் 2030-ல் boost GDP by 7% நோக்கமாக கொண்டுள்ளது. எதிர்க்கட்சிகள் கலவையான கருத்துக்களை தெரிவித்தன.,0,ta,REAL,186,24
EXCLUSIVE: Scientists DISCOVER that neem CURES malaria in just 7 days! Big Pharma DOESN'T want you to know! 12 doctors SILENCED for revealing this! WAKE UP! The Big Pharma cover-up is REAL!,1,en,FAKE,189,32
"LEAKED: leaked email REVEALS that deep state plans to censor internet by 2025! Insiders FLEE for their lives! 2,300% of population at RISK! They are COMING for your privacy! RESIST now!",1,en,FAKE,185,31
Reliance நிறுவனம் strong காலாண்டு வருவாய் அறிவித்ததால் Monday அன்று சந்தை rallied. JPMorgan பகுப்பாய்வாளர்கள் 2027 கணிப்பை 7.5% ஆக திருத்தினர்.,0,ta,REAL,143,17
EXCLUSIVE: Scientists DISCOVER that coconut oil CURES dengue in just 7 days! Big Pharma DOESN'T want you to know! 100 doctors SILENCED for revealing this! WAKE UP! The New World Order is REAL!,1,en,FAKE,192,33
"The France government approved a $50 billion budget for infrastructure. The plan, reviewed by finance ministry, aims to boost GDP by 7% by 2035. Opposition parties offered mixed responses.",0,en,REAL,188,29
"IMF நிறுவனம் இன்று அறிவித்தது: tax reform January 1 முதல் நடைமுறைக்கு வரும். 30 நாள் ஆலோசனைக்குப் பிறகு அதிகாரிகள் இந்த முடிவை உறுதிப்படுத்தினர். senior official தெரிவிக்கும் வகையில், இந்த நடவடிக்கை boost employment என்று எதிர்பார்க்கப்படுகிறது.",0,ta,REAL,245,29
"LEAKED: secret memo REVEALS that WHO plans to censor internet by 2025! Insiders FLEE for their lives! 500,000% of population at RISK! They are COMING for your property! RESIST now!",1,en,FAKE,180,30
கசிந்த ஆவணம்: deep state 2025-ல் microchip citizens திட்டமிடுகிறது! உள்நாட்டு தகவலாளர்கள் உயிருக்கு பயந்து ஓடுகின்றனர்! மக்களுக்கு privacy ஆபத்தில் உள்ளது! SHARE செய்யுங்கள்!,1,ta,FAKE,174,19
"The India government approved a $1,000 billion budget for agriculture. The plan, reviewed by parliament, aims to achieve net-zero by 2035. Opposition parties offered mixed responses.",0,en,REAL,182,26
France அரசு healthcare துறைக்கு ₹50 கோடி நிதி ஒதுக்கியது. expert panel மதிப்பாய்வு செய்த திட்டம் 2027-ல் eradicate poverty நோக்கமாக கொண்டுள்ளது. எதிர்க்கட்சிகள் கலவையான கருத்துக்களை தெரிவித்தன.,0,ta,REAL,193,22
அதிசயம்: a local farmer ஒரே 7 நாளில் 12 கிலோ குறைத்தனர்! மருத்துவர்கள் வெறுக்கும் இந்த ஒரு இரகசிய உத்தி! a tech billionaire தினமும் இதை பயன்படுத்துகிறார்! இன்றே ஆர்டர் செய்யுங்கள்!,1,ta,FAKE,180,25
BREAKING: a tech billionaire SECRETLY meets foreign spy! Government HIDING the TRUTH about chemtrails! SHARE before they DELETE this! ministry spokesperson confirms SHOCKING revelation that mainstream media REFUSES to cover. This changes EVERYTHING!,1,en,FAKE,249,33
"The WHO announced today that climate policy will take effect from March 15. Officials confirmed the decision after 60 days of deliberation. The measure is expected to boost employment, according to ministry spokesperson.",0,en,REAL,220,33
"அம்பலம்: the opposition leader கேமராவில் lying under oath பிடிக்கப்பட்டனர்! 500,000 லட்சம் மக்கள் நீதி கோருகின்றனர்! Germany immigrants காரணமாக நலிவடைகிறது! உடனே பகிருங்கள்!",1,ta,FAKE,173,20
அதிசயம்: a local farmer ஒரே 21 நாளில் 50 கிலோ குறைத்தனர்! மருத்துவர்கள் வெறுக்கும் இந்த ஒரு இரகசிய உத்தி! a major politician தினமும் இதை பயன்படுத்துகிறார்! இன்றே ஆர்டர் செய்யுங்கள்!,1,ta,FAKE,181,25
"அதிசயம்: a retired teacher ஒரே 30 நாளில் 2,500 கிலோ குறைத்தனர்! மருத்துவர்கள் வெறுக்கும் இந்த ஒரு இரகசிய உத்தி! a major politician தினமும் இதை பயன்படுத்துகிறார்! இன்றே ஆர்டர் செய்யுங்கள்!",1,ta,FAKE,187,25
"Researchers at Oxford published findings in NEJM showing that doubled lifespan. The study, conducted over 5 years with 1,200 participants, concludes that lifestyle changes matter. Peer reviewers praised the methodology.",0,en,REAL,219,30
இரகசியம் வெளியாயிற்று: neem 14 நாளில் cholera-ஐ குணப்படுத்துகிறது! பெரிய நிறுவனங்கள் இதை மறைக்கின்றன! 45 மருத்துவர்கள் இதை வெளியிட்டதால் நிறுத்தப்பட்டனர்! விழிப்புணர்வு பெறுங்கள்! deep state plot உண்மையானது!,1,ta,FAKE,207,22
BREAKING: a tech billionaire SECRETLY funds terror groups! Government HIDING the TRUTH about vaccines! SHARE before they DELETE this! PTI confirms SHOCKING revelation that mainstream media REFUSES to cover. This changes EVERYTHING!,1,en,FAKE,231,32
"Stock markets fell on Tuesday as HDFC reported stellar quarterly earnings. Analysts at Citi revised their 2025 forecast to 7.5%, citing supply chain issues.",0,en,REAL,156,24
EXCLUSIVE: Scientists DISCOVER that garlic CURES COVID-19 in just 21 days! Big Pharma DOESN'T want you to know! 45 doctors SILENCED for revealing this! WAKE UP! The deep state plot is REAL!,1,en,FAKE,189,32
"Oxford-இல் உள்ள ஆராய்ச்சியாளர்கள் Science இதழில் ஆய்வு முடிவுகளை வெளியிட்டனர். 5 ஆண்டுகள் 1,200 பங்கேற்பாளர்களுடன் நடத்தப்பட்ட இந்த ஆய்வு improved accuracy என்று கண்டறிந்தது. சகாக்கள் ஆய்வு முறையை பாராட்டினர்.",0,ta,REAL,209,23
அம்பலம்: the opposition leader கேமராவில் lying under oath பிடிக்கப்பட்டனர்! 45 லட்சம் மக்கள் நீதி கோருகின்றனர்! Japan globalists காரணமாக நலிவடைகிறது! உடனே பகிருங்கள்!,1,ta,FAKE,166,20
கசிந்த ஆவணம்: UN 2027-ல் microchip citizens திட்டமிடுகிறது! உள்நாட்டு தகவலாளர்கள் உயிருக்கு பயந்து ஓடுகின்றனர்! மக்களுக்கு privacy ஆபத்தில் உள்ளது! SHARE செய்யுங்கள்!,1,ta,FAKE,166,18
இரகசியம் வெளியாயிற்று: coconut oil 60 நாளில் influenza-ஐ குணப்படுத்துகிறது! பெரிய நிறுவனங்கள் இதை மறைக்கின்றன! 10 million மருத்துவர்கள் இதை வெளியிட்டதால் நிறுத்தப்பட்டனர்! விழிப்புணர்வு பெறுங்கள்! New World Order உண்மையானது!,1,ta,FAKE,224,24
MIRACLE: a mother of three LOSES 50 kg in 14 days using ONE weird trick doctors HATE! Experts BAFFLED! a tech billionaire uses this SECRET daily! ORDER before June 30 — LIMITED SUPPLY!,1,en,FAKE,184,33
அதிர்ச்சி செய்தி: a major politician இரகசியமாக meets foreign spy! அரசு water supply பற்றிய உண்மையை மறைக்கிறது! DELETE ஆவதற்கு முன் SHARE செய்யுங்கள்! AFP இந்த அதிர்ச்சிகரமான உண்மையை உறுதிப்படுத்துகிறது!,1,ta,FAKE,202,25
"Stock markets fell on Friday as Tesla reported strong quarterly earnings. Analysts at Morgan Stanley revised their 2030 forecast to 6.3%, citing strong demand.",0,en,REAL,159,24
ALERT: a governor caught lying under oath on camera — VIDEO PROOF! Deep state PANICKING! Over 45 million patriots DEMAND justice! UK is FALLING because of foreign agents! RT if you AGREE! Share EVERYWHERE!,1,en,FAKE,205,34
"France அரசு agriculture துறைக்கு ₹2,500 கோடி நிதி ஒதுக்கியது. parliament மதிப்பாய்வு செய்த திட்டம் 2027-ல் achieve net-zero நோக்கமாக கொண்டுள்ளது. எதிர்க்கட்சிகள் கலவையான கருத்துக்களை தெரிவித்தன.",0,ta,REAL,194,21
BREAKING: a major politician SECRETLY funds terror groups! Government HIDING the TRUTH about chemtrails! SHARE before they DELETE this! Reuters confirms SHOCKING revelation that mainstream media REFUSES to cover. This changes EVERYTHING!,1,en,FAKE,237,32
"இரகசியம் வெளியாயிற்று: garlic 60 நாளில் dengue-ஐ குணப்படுத்துகிறது! பெரிய நிறுவனங்கள் இதை மறைக்கின்றன! 2,300 மருத்துவர்கள் இதை வெளியிட்டதால் நிறுத்தப்பட்டனர்! விழிப்புணர்வு பெறுங்கள்! New World Order உண்மையானது!",1,ta,FAKE,211,22
"Stock markets dipped on Friday as Tesla reported stellar quarterly earnings. Analysts at Citi revised their 2027 forecast to 7.5%, citing strong demand.",0,en,REAL,152,23
"Chennai reported 2,300 new cases of dengue on Friday. Health authorities have deployed vaccines to manage the situation. Officials urge residents to wear masks.",0,en,REAL,160,24
"ALERT: a governor caught accepting bribe on camera — VIDEO PROOF! Deep state PANICKING! Over 500,000 million patriots DEMAND justice! India is FALLING because of immigrants! RT if you AGREE! Share EVERYWHERE!",1,en,FAKE,208,32
அம்பலம்: a governor கேமராவில் accepting bribe பிடிக்கப்பட்டனர்! 10 million லட்சம் மக்கள் நீதி கோருகின்றனர்! France foreign agents காரணமாக நலிவடைகிறது! உடனே பகிருங்கள்!,1,ta,FAKE,167,20
"Mumbai-ல் Monday அன்று 500,000 புதிய influenza வழக்குகள் பதிவாயின. சுகாதார அதிகாரிகள் நிலைமையை சமாளிக்க testing kits நிறுத்தினர். குடிமக்கள் wear masks என்று அறிவுறுத்தப்படுகின்றனர்.",0,ta,REAL,182,20
"IMF நிறுவனம் இன்று அறிவித்தது: vaccine mandate January 1 முதல் நடைமுறைக்கு வரும். 90 நாள் ஆலோசனைக்குப் பிறகு அதிகாரிகள் இந்த முடிவை உறுதிப்படுத்தினர். Reuters தெரிவிக்கும் வகையில், இந்த நடவடிக்கை improve healthcare என்று எதிர்பார்க்கப்படுகிறது.",0,ta,REAL,244,28
"MIT-இல் உள்ள ஆராய்ச்சியாளர்கள் Science இதழில் ஆய்வு முடிவுகளை வெளியிட்டனர். 2 ஆண்டுகள் 1,200 பங்கேற்பாளர்களுடன் நடத்தப்பட்ட இந்த ஆய்வு reduced risk by 40% என்று கண்டறிந்தது. சகாக்கள் ஆய்வு முறையை பாராட்டினர்.",0,ta,REAL,208,25
கசிந்த ஆவணம்: WEF 2026-ல் censor internet திட்டமிடுகிறது! உள்நாட்டு தகவலாளர்கள் உயிருக்கு பயந்து ஓடுகின்றனர்! மக்களுக்கு privacy ஆபத்தில் உள்ளது! SHARE செய்யுங்கள்!,1,ta,FAKE,164,18
"The ISRO announced today that vaccine mandate will take effect from April 5. Officials confirmed the decision after 7 days of deliberation. The measure is expected to cut emissions, according to senior official.",0,en,REAL,211,33
அதிர்ச்சி செய்தி: a major politician இரகசியமாக funds terror groups! அரசு 5G towers பற்றிய உண்மையை மறைக்கிறது! DELETE ஆவதற்கு முன் SHARE செய்யுங்கள்! PTI இந்த அதிர்ச்சிகரமான உண்மையை உறுதிப்படுத்துகிறது!,1,ta,FAKE,201,25
"Stock markets rallied on Friday as HDFC reported mixed quarterly earnings. Analysts at ICICI revised their 2026 forecast to 7.5%, citing strong demand.",0,en,REAL,151,23
"ISRO நிறுவனம் இன்று அறிவித்தது: new trade agreement January 1 முதல் நடைமுறைக்கு வரும். 7 நாள் ஆலோசனைக்குப் பிறகு அதிகாரிகள் இந்த முடிவை உறுதிப்படுத்தினர். ministry spokesperson தெரிவிக்கும் வகையில், இந்த நடவடிக்கை reduce inflation என்று எதிர்பார்க்கப்படுகிறது.",0,ta,REAL,260,30
"Stock markets rose on Friday as Google reported disappointing quarterly earnings. Analysts at JPMorgan revised their 2035 forecast to 4.2%, citing innovation.",0,en,REAL,158,22
TCS நிறுவனம் mixed காலாண்டு வருவாய் அறிவித்ததால் Monday அன்று சந்தை dipped. ICICI பகுப்பாய்வாளர்கள் 2035 கணிப்பை 4.2% ஆக திருத்தினர்.,0,ta,REAL,133,17
ALERT: a senior minister caught hiding documents on camera — VIDEO PROOF! Deep state PANICKING! Over 12 million patriots DEMAND justice! France is FALLING because of immigrants! RT if you AGREE! Share EVERYWHERE!,1,en,FAKE,212,33
அதிர்ச்சி செய்தி: a famous actor இரகசியமாக funds terror groups! அரசு 5G towers பற்றிய உண்மையை மறைக்கிறது! DELETE ஆவதற்கு முன் SHARE செய்யுங்கள்! senior official இந்த அதிர்ச்சிகரமான உண்மையை உறுதிப்படுத்துகிறது!,1,ta,FAKE,209,26
அம்பலம்: a governor கேமராவில் lying under oath பிடிக்கப்பட்டனர்! 100 லட்சம் மக்கள் நீதி கோருகின்றனர்! France foreign agents காரணமாக நலிவடைகிறது! உடனே பகிருங்கள்!,1,ta,FAKE,161,20
"The India government approved a $1,000 billion budget for agriculture. The plan, reviewed by expert panel, aims to eradicate poverty by 2027. Opposition parties offered mixed responses.",0,en,REAL,185,27
"BITS Pilani-இல் உள்ள ஆராய்ச்சியாளர்கள் Science இதழில் ஆய்வு முடிவுகளை வெளியிட்டனர். 3 ஆண்டுகள் 5,000 பங்கேற்பாளர்களுடன் நடத்தப்பட்ட இந்த ஆய்வு improved accuracy என்று கண்டறிந்தது. சகாக்கள் ஆய்வு முறையை பாராட்டினர்.",0,ta,REAL,214,24
"Researchers at MIT published findings in Lancet showing that reduced risk by 40%. The study, conducted over 5 years with 1,200 participants, concludes that early screening saves lives. Peer reviewers praised the methodology.",0,en,REAL,224,33
"இரகசியம் வெளியாயிற்று: coconut oil 14 நாளில் COVID-19-ஐ குணப்படுத்துகிறது! பெரிய நிறுவனங்கள் இதை மறைக்கின்றன! 2,300 மருத்துவர்கள் இதை வெளியிட்டதால் நிறுத்தப்பட்டனர்! விழிப்புணர்வு பெறுங்கள்! Big Pharma cover-up உண்மையானது!",1,ta,FAKE,222,23
"Stock markets dipped on Tuesday as Google reported disappointing quarterly earnings. Analysts at ICICI revised their 2030 forecast to 4.2%, citing strong demand.",0,en,REAL,161,23
அம்பலம்: the opposition leader கேமராவில் accepting bribe பிடிக்கப்பட்டனர்! 100 லட்சம் மக்கள் நீதி கோருகின்றனர்! USA elites காரணமாக நலிவடைகிறது! உடனே பகிருங்கள்!,1,ta,FAKE,160,19
கசிந்த ஆவணம்: UN 2027-ல் control food supply திட்டமிடுகிறது! உள்நாட்டு தகவலாளர்கள் உயிருக்கு பயந்து ஓடுகின்றனர்! மக்களுக்கு privacy ஆபத்தில் உள்ளது! SHARE செய்யுங்கள்!,1,ta,FAKE,167,19
Google நிறுவனம் record காலாண்டு வருவாய் அறிவித்ததால் Friday அன்று சந்தை rose. ICICI பகுப்பாய்வாளர்கள் 2026 கணிப்பை 9.0% ஆக திருத்தினர்.,0,ta,REAL,135,17
Hyderabad-ல் Monday அன்று 12 புதிய influenza வழக்குகள் பதிவாயின. சுகாதார அதிகாரிகள் நிலைமையை சமாளிக்க testing kits நிறுத்தினர். குடிமக்கள் stay home என்று அறிவுறுத்தப்படுகின்றனர்.,0,ta,REAL,179,20
"The UNESCO announced today that climate policy will take effect from June 30. Officials confirmed the decision after 90 days of deliberation. The measure is expected to reduce inflation, according to AFP.",0,en,REAL,204,32
"EXCLUSIVE: Scientists DISCOVER that garlic CURES cholera in just 14 days! Big Pharma DOESN'T want you to know! 2,300 doctors SILENCED for revealing this! WAKE UP! The deep state plot is REAL!",1,en,FAKE,191,32
"Stock markets plunged on Friday as HDFC reported stellar quarterly earnings. Analysts at Goldman Sachs revised their 2026 forecast to 6.3%, citing supply chain issues.",0,en,REAL,167,25
"அம்பலம்: the opposition leader கேமராவில் lying under oath பிடிக்கப்பட்டனர்! 2,300 லட்சம் மக்கள் நீதி கோருகின்றனர்! India elites காரணமாக நலிவடைகிறது! உடனே பகிருங்கள்!",1,ta,FAKE,165,20
ALERT: the opposition leader caught hiding documents on camera — VIDEO PROOF! Deep state PANICKING! Over 10 million million patriots DEMAND justice! Germany is FALLING because of immigrants! RT if you AGREE! Share EVERYWHERE!,1,en,FAKE,225,34
"அதிசயம்: a local farmer ஒரே 30 நாளில் 1,000 கிலோ குறைத்தனர்! மருத்துவர்கள் வெறுக்கும் இந்த ஒரு இரகசிய உத்தி! a major politician தினமும் இதை பயன்படுத்துகிறார்! இன்றே ஆர்டர் செய்யுங்கள்!",1,ta,FAKE,184,25
"Researchers at Stanford published findings in Cell showing that improved accuracy. The study, conducted over 5 years with 5,000 participants, concludes that early screening saves lives. Peer reviewers praised the methodology.",0,en,REAL,225,31
"Stock markets dipped on Friday as Tesla reported disappointing quarterly earnings. Analysts at Goldman Sachs revised their 2027 forecast to 4.2%, citing innovation.",0,en,REAL,164,23
"Researchers at BITS Pilani published findings in NEJM showing that doubled lifespan. The study, conducted over 10 years with 1,200 participants, concludes that lifestyle changes matter. Peer reviewers praised the methodology.",0,en,REAL,225,31
கசிந்த ஆவணம்: government 2025-ல் microchip citizens திட்டமிடுகிறது! உள்நாட்டு தகவலாளர்கள் உயிருக்கு பயந்து ஓடுகின்றனர்! மக்களுக்கு property ஆபத்தில் உள்ளது! SHARE செய்யுங்கள்!,1,ta,FAKE,175,18
"RBI நிறுவனம் இன்று அறிவித்தது: tax reform December 1 முதல் நடைமுறைக்கு வரும். 7 நாள் ஆலோசனைக்குப் பிறகு அதிகாரிகள் இந்த முடிவை உறுதிப்படுத்தினர். PTI தெரிவிக்கும் வகையில், இந்த நடவடிக்கை improve healthcare என்று எதிர்பார்க்கப்படுகிறது.",0,ta,REAL,235,28
BREAKING: a famous actor SECRETLY betrays nation! Government HIDING the TRUTH about water supply! SHARE before they DELETE this! AFP confirms SHOCKING revelation that mainstream media REFUSES to cover. This changes EVERYTHING!,1,en,FAKE,226,32
Bengaluru reported 10 million new cases of cholera on Friday. Health authorities have deployed mobile units to manage the situation. Officials urge residents to stay home.,0,en,REAL,171,26
Oxford-இல் உள்ள ஆராய்ச்சியாளர்கள் Cell இதழில் ஆய்வு முடிவுகளை வெளியிட்டனர். 10 ஆண்டுகள் 500 பங்கேற்பாளர்களுடன் நடத்தப்பட்ட இந்த ஆய்வு doubled lifespan என்று கண்டறிந்தது. சகாக்கள் ஆய்வு முறையை பாராட்டினர்.,0,ta,REAL,204,23
"The NASA announced today that new trade agreement will take effect from March 15. Officials confirmed the decision after 14 days of deliberation. The measure is expected to boost employment, according to senior official.",0,en,REAL,220,34
"LEAKED: leaked email REVEALS that UN plans to censor internet by 2027! Insiders FLEE for their lives! 2,300% of population at RISK! They are COMING for your gun rights! RESIST now!",1,en,FAKE,180,31
"The Japan government approved a $2,500 billion budget for agriculture. The plan, reviewed by expert panel, aims to boost GDP by 7% by 2035. Opposition parties offered mixed responses.",0,en,REAL,183,29
LEAKED: classified file REVEALS that WHO plans to control food supply by 2035! Insiders FLEE for their lives! 12% of population at RISK! They are COMING for your freedom of speech! RESIST now!,1,en,FAKE,192,33
EXCLUSIVE: Scientists DISCOVER that lemon water CURES COVID-19 in just 30 days! Big Pharma DOESN'T want you to know! 10 million doctors SILENCED for revealing this! WAKE UP! The New World Order is REAL!,1,en,FAKE,202,34
BREAKING: a famous actor SECRETLY meets foreign spy! Government HIDING the TRUTH about chemtrails! SHARE before they DELETE this! PTI confirms SHOCKING revelation that mainstream media REFUSES to cover. This changes EVERYTHING!,1,en,FAKE,227,32
Apple நிறுவனம் strong காலாண்டு வருவாய் அறிவித்ததால் Wednesday அன்று சந்தை dipped. ICICI பகுப்பாய்வாளர்கள் 2026 கணிப்பை 8.1% ஆக திருத்தினர்.,0,ta,REAL,139,17
LEAKED: classified file REVEALS that WHO plans to censor internet by 2035! Insiders FLEE for their lives! 10 million% of population at RISK! They are COMING for your property! RESIST now!,1,en,FAKE,187,31
ALERT: a senior minister caught hiding documents on camera — VIDEO PROOF! Deep state PANICKING! Over 10 million million patriots DEMAND justice! France is FALLING because of foreign agents! RT if you AGREE! Share EVERYWHERE!,1,en,FAKE,224,35
"Researchers at MIT published findings in NEJM showing that reduced risk by 40%. The study, conducted over 5 years with 500 participants, concludes that lifestyle changes matter. Peer reviewers praised the methodology.",0,en,REAL,217,32
அம்பலம்: a governor கேமராவில் lying under oath பிடிக்கப்பட்டனர்! 10 million லட்சம் மக்கள் நீதி கோருகின்றனர்! Germany immigrants காரணமாக நலிவடைகிறது! உடனே பகிருங்கள்!,1,ta,FAKE,165,20
"Stock markets plunged on Thursday as HDFC reported strong quarterly earnings. Analysts at Goldman Sachs revised their 2027 forecast to 6.3%, citing cost pressures.",0,en,REAL,163,24
அதிசயம்: a local farmer ஒரே 30 நாளில் 200 கிலோ குறைத்தனர்! மருத்துவர்கள் வெறுக்கும் இந்த ஒரு இரகசிய உத்தி! a famous actor தினமும் இதை பயன்படுத்துகிறார்! இன்றே ஆர்டர் செய்யுங்கள்!,1,ta,FAKE,178,25
"Researchers at MIT published findings in NEJM showing that cut costs by 30%. The study, conducted over 3 years with 10,000 participants, concludes that lifestyle changes matter. Peer reviewers praised the methodology.",0,en,REAL,217,32
"The RBI announced today that tax reform will take effect from April 5. Officials confirmed the decision after 60 days of deliberation. The measure is expected to reduce inflation, according to PTI.",0,en,REAL,197,32
"ISRO நிறுவனம் இன்று அறிவித்தது: climate policy April 5 முதல் நடைமுறைக்கு வரும். 90 நாள் ஆலோசனைக்குப் பிறகு அதிகாரிகள் இந்த முடிவை உறுதிப்படுத்தினர். senior official தெரிவிக்கும் வகையில், இந்த நடவடிக்கை cut emissions என்று எதிர்பார்க்கப்படுகிறது.",0,ta,REAL,245,29
ALERT: a senior minister caught lying under oath on camera — VIDEO PROOF! Deep state PANICKING! Over 10 million million patriots DEMAND justice! Germany is FALLING because of immigrants! RT if you AGREE! Share EVERYWHERE!,1,en,FAKE,221,35
அதிர்ச்சி செய்தி: a tech billionaire இரகசியமாக meets foreign spy! அரசு water supply பற்றிய உண்மையை மறைக்கிறது! DELETE ஆவதற்கு முன் SHARE செய்யுங்கள்! ministry spokesperson இந்த அதிர்ச்சிகரமான உண்மையை உறுதிப்படுத்துகிறது!,1,ta,FAKE,220,26
இரகசியம் வெளியாயிற்று: turmeric 14 நாளில் influenza-ஐ குணப்படுத்துகிறது! பெரிய நிறுவனங்கள் இதை மறைக்கின்றன! 100 மருத்துவர்கள் இதை வெளியிட்டதால் நிறுத்தப்பட்டனர்! விழிப்புணர்வு பெறுங்கள்! Big Pharma cover-up உண்மையானது!,1,ta,FAKE,218,22
ALERT: the opposition leader caught lying under oath on camera — VIDEO PROOF! Deep state PANICKING! Over 45 million patriots DEMAND justice! USA is FALLING because of globalists! RT if you AGREE! Share EVERYWHERE!,1,en,FAKE,213,34
Delhi reported 100 new cases of malaria on Tuesday. Health authorities have deployed vaccines to manage the situation. Officials urge residents to get vaccinated.,0,en,REAL,162,24
"Stock markets dipped on Thursday as Infosys reported record quarterly earnings. Analysts at Citi revised their 2026 forecast to 4.2%, citing cost pressures.",0,en,REAL,156,23
"The SEBI announced today that vaccine mandate will take effect from April 5. Officials confirmed the decision after 7 days of deliberation. The measure is expected to cut emissions, according to PTI.",0,en,REAL,199,32
"MIRACLE: a mother of three LOSES 1,000 kg in 90 days using ONE weird trick doctors HATE! Experts BAFFLED! a tech billionaire uses this SECRET daily! ORDER before June 30 — LIMITED SUPPLY!",1,en,FAKE,187,33
"Mumbai reported 500,000 new cases of dengue on Thursday. Health authorities have deployed vaccines to manage the situation. Officials urge residents to get vaccinated.",0,en,REAL,167,24
India அரசு agriculture துறைக்கு ₹50 கோடி நிதி ஒதுக்கியது. parliament மதிப்பாய்வு செய்த திட்டம் 2026-ல் eradicate poverty நோக்கமாக கொண்டுள்ளது. எதிர்க்கட்சிகள் கலவையான கருத்துக்களை தெரிவித்தன.,0,ta,REAL,191,21
"MIT-இல் உள்ள ஆராய்ச்சியாளர்கள் NEJM இதழில் ஆய்வு முடிவுகளை வெளியிட்டனர். 5 ஆண்டுகள் 1,200 பங்கேற்பாளர்களுடன் நடத்தப்பட்ட இந்த ஆய்வு improved accuracy என்று கண்டறிந்தது. சகாக்கள் ஆய்வு முறையை பாராட்டினர்.",0,ta,REAL,203,23
அதிர்ச்சி செய்தி: a famous actor இரகசியமாக meets foreign spy! அரசு climate பற்றிய உண்மையை மறைக்கிறது! DELETE ஆவதற்கு முன் SHARE செய்யுங்கள்! AFP இந்த அதிர்ச்சிகரமான உண்மையை உறுதிப்படுத்துகிறது!,1,ta,FAKE,193,24
Google நிறுவனம் strong காலாண்டு வருவாய் அறிவித்ததால் Wednesday அன்று சந்தை plunged. Citi பகுப்பாய்வாளர்கள் 2035 கணிப்பை 6.3% ஆக திருத்தினர்.,0,ta,REAL,140,17
France அரசு infrastructure துறைக்கு ₹12 கோடி நிதி ஒதுக்கியது. cabinet மதிப்பாய்வு செய்த திட்டம் 2025-ல் eradicate poverty நோக்கமாக கொண்டுள்ளது. எதிர்க்கட்சிகள் கலவையான கருத்துக்களை தெரிவித்தன.,0,ta,REAL,192,21
இரகசியம் வெளியாயிற்று: neem 30 நாளில் influenza-ஐ குணப்படுத்துகிறது! பெரிய நிறுவனங்கள் இதை மறைக்கின்றன! 45 மருத்துவர்கள் இதை வெளியிட்டதால் நிறுத்தப்பட்டனர்! விழிப்புணர்வு பெறுங்கள்! Big Pharma cover-up உண்மையானது!,1,ta,FAKE,213,22
"The UNESCO announced today that climate policy will take effect from March 15. Officials confirmed the decision after 90 days of deliberation. The measure is expected to reduce inflation, according to ministry spokesperson.",0,en,REAL,223,33
EXCLUSIVE: Scientists DISCOVER that coconut oil CURES COVID-19 in just 30 days! Big Pharma DOESN'T want you to know! 10 million doctors SILENCED for revealing this! WAKE UP! The deep state plot is REAL!,1,en,FAKE,202,34
"UK அரசு defence துறைக்கு ₹2,500 கோடி நிதி ஒதுக்கியது. parliament மதிப்பாய்வு செய்த திட்டம் 2035-ல் boost GDP by 7% நோக்கமாக கொண்டுள்ளது. எதிர்க்கட்சிகள் கலவையான கருத்துக்களை தெரிவித்தன.",0,ta,REAL,185,23
Stanford-இல் உள்ள ஆராய்ச்சியாளர்கள் Science இதழில் ஆய்வு முடிவுகளை வெளியிட்டனர். 5 ஆண்டுகள் 500 பங்கேற்பாளர்களுடன் நடத்தப்பட்ட இந்த ஆய்வு cut costs by 30% என்று கண்டறிந்தது. சகாக்கள் ஆய்வு முறையை பாராட்டினர்.,0,ta,REAL,208,25
"Stock markets surged on Monday as Google reported strong quarterly earnings. Analysts at Citi revised their 2026 forecast to 6.3%, citing cost pressures.",0,en,REAL,153,23
BREAKING: a tech billionaire SECRETLY betrays nation! Government HIDING the TRUTH about climate! SHARE before they DELETE this! Reuters confirms SHOCKING revelation that mainstream media REFUSES to cover. This changes EVERYTHING!,1,en,FAKE,229,31
ALERT: a senior minister caught hiding documents on camera — VIDEO PROOF! Deep state PANICKING! Over 45 million patriots DEMAND justice! Germany is FALLING because of globalists! RT if you AGREE! Share EVERYWHERE!,1,en,FAKE,213,33
"LEAKED: classified file REVEALS that UN plans to censor internet by 2027! Insiders FLEE for their lives! 2,300% of population at RISK! They are COMING for your gun rights! RESIST now!",1,en,FAKE,183,31
"MIRACLE: a retired teacher LOSES 1,000 kg in 90 days using ONE weird trick doctors HATE! Experts BAFFLED! a famous actor uses this SECRET daily! ORDER before April 5 — LIMITED SUPPLY!",1,en,FAKE,183,32
"The WHO announced today that vaccine mandate will take effect from March 15. Officials confirmed the decision after 30 days of deliberation. The measure is expected to cut emissions, according to AFP.",0,en,REAL,200,32
"The UN announced today that new trade agreement will take effect from January 1. Officials confirmed the decision after 60 days of deliberation. The measure is expected to improve healthcare, according to AFP.",0,en,REAL,209,33
"Mumbai-ல் Monday அன்று 500,000 புதிய COVID-19 வழக்குகள் பதிவாயின. சுகாதார அதிகாரிகள் நிலைமையை சமாளிக்க mobile units நிறுத்தினர். குடிமக்கள் stay home என்று அறிவுறுத்தப்படுகின்றனர்.",0,ta,REAL,180,20
"EXCLUSIVE: Scientists DISCOVER that turmeric CURES malaria in just 30 days! Big Pharma DOESN'T want you to know! 500,000 doctors SILENCED for revealing this! WAKE UP! The New World Order is REAL!",1,en,FAKE,195,32
Hyderabad reported 10 million new cases of COVID-19 on Thursday. Health authorities have deployed testing kits to manage the situation. Officials urge residents to avoid crowding.,0,en,REAL,179,26
இரகசியம் வெளியாயிற்று: neem 7 நாளில் malaria-ஐ குணப்படுத்துகிறது! பெரிய நிறுவனங்கள் இதை மறைக்கின்றன! 10 million மருத்துவர்கள் இதை வெளியிட்டதால் நிறுத்தப்பட்டனர்! விழிப்புணர்வு பெறுங்கள்! deep state plot உண்மையானது!,1,ta,FAKE,214,23
Mumbai reported 10 million new cases of cholera on Friday. Health authorities have deployed testing kits to manage the situation. Officials urge residents to get vaccinated.,0,en,REAL,173,26
Tesla நிறுவனம் stellar காலாண்டு வருவாய் அறிவித்ததால் Monday அன்று சந்தை plunged. Morgan Stanley பகுப்பாய்வாளர்கள் 2030 கணிப்பை 9.0% ஆக திருத்தினர்.,0,ta,REAL,147,18
"UNESCO நிறுவனம் இன்று அறிவித்தது: vaccine mandate April 5 முதல் நடைமுறைக்கு வரும். 21 நாள் ஆலோசனைக்குப் பிறகு அதிகாரிகள் இந்த முடிவை உறுதிப்படுத்தினர். ministry spokesperson தெரிவிக்கும் வகையில், இந்த நடவடிக்கை cut emissions என்று எதிர்பார்க்கப்படுகிறது.",0,ta,REAL,254,29
அதிர்ச்சி செய்தி: a famous actor இரகசியமாக meets foreign spy! அரசு vaccines பற்றிய உண்மையை மறைக்கிறது! DELETE ஆவதற்கு முன் SHARE செய்யுங்கள்! AFP இந்த அதிர்ச்சிகரமான உண்மையை உறுதிப்படுத்துகிறது!,1,ta,FAKE,194,24
"Kolkata-ல் Friday அன்று 2,300 புதிய influenza வழக்குகள் பதிவாயின. சுகாதார அதிகாரிகள் நிலைமையை சமாளிக்க vaccines நிறுத்தினர். குடிமக்கள் wear masks என்று அறிவுறுத்தப்படுகின்றனர்.",0,ta,REAL,177,19
"The ISRO announced today that tax reform will take effect from December 1. Officials confirmed the decision after 14 days of deliberation. The measure is expected to cut emissions, according to PTI.",0,en,REAL,198,32
அதிர்ச்சி செய்தி: a famous actor இரகசியமாக funds terror groups! அரசு climate பற்றிய உண்மையை மறைக்கிறது! DELETE ஆவதற்கு முன் SHARE செய்யுங்கள்! AFP இந்த அதிர்ச்சிகரமான உண்மையை உறுதிப்படுத்துகிறது!,1,ta,FAKE,195,24
Delhi reported 100 new cases of influenza on Tuesday. Health authorities have deployed mobile units to manage the situation. Officials urge residents to wear masks.,0,en,REAL,164,25
"The UNESCO announced today that new trade agreement will take effect from December 1. Officials confirmed the decision after 90 days of deliberation. The measure is expected to cut emissions, according to PTI.",0,en,REAL,209,33
"ISRO நிறுவனம் இன்று அறிவித்தது: climate policy April 5 முதல் நடைமுறைக்கு வரும். 14 நாள் ஆலோசனைக்குப் பிறகு அதிகாரிகள் இந்த முடிவை உறுதிப்படுத்தினர். ministry spokesperson தெரிவிக்கும் வகையில், இந்த நடவடிக்கை cut emissions என்று எதிர்பார்க்கப்படுகிறது.",0,ta,REAL,251,29
கசிந்த ஆவணம்: WHO 2026-ல் censor internet திட்டமிடுகிறது! உள்நாட்டு தகவலாளர்கள் உயிருக்கு பயந்து ஓடுகின்றனர்! மக்களுக்கு gun rights ஆபத்தில் உள்ளது! SHARE செய்யுங்கள்!,1,ta,FAKE,167,19
அதிர்ச்சி செய்தி: a major politician இரகசியமாக betrays nation! அரசு water supply பற்றிய உண்மையை மறைக்கிறது! DELETE ஆவதற்கு முன் SHARE செய்யுங்கள்! PTI இந்த அதிர்ச்சிகரமான உண்மையை உறுதிப்படுத்துகிறது!,1,ta,FAKE,199,24
அதிர்ச்சி செய்தி: a tech billionaire இரகசியமாக meets foreign spy! அரசு climate பற்றிய உண்மையை மறைக்கிறது! DELETE ஆவதற்கு முன் SHARE செய்யுங்கள்! ministry spokesperson இந்த அதிர்ச்சிகரமான உண்மையை உறுதிப்படுத்துகிறது!,1,ta,FAKE,215,25
Japan அரசு infrastructure துறைக்கு ₹50 கோடி நிதி ஒதுக்கியது. expert panel மதிப்பாய்வு செய்த திட்டம் 2027-ல் eradicate poverty நோக்கமாக கொண்டுள்ளது. எதிர்க்கட்சிகள் கலவையான கருத்துக்களை தெரிவித்தன.,0,ta,REAL,196,22
EXCLUSIVE: Scientists DISCOVER that garlic CURES COVID-19 in just 60 days! Big Pharma DOESN'T want you to know! 12 doctors SILENCED for revealing this! WAKE UP! The New World Order is REAL!,1,en,FAKE,189,32
"MIRACLE: a local farmer LOSES 1,000 kg in 30 days using ONE weird trick doctors HATE! Experts BAFFLED! a major politician uses this SECRET daily! ORDER before January 1 — LIMITED SUPPLY!",1,en,FAKE,186,32
"Researchers at BITS Pilani published findings in NEJM showing that improved accuracy. The study, conducted over 3 years with 10,000 participants, concludes that early screening saves lives. Peer reviewers praised the methodology.",0,en,REAL,229,32
இரகசியம் வெளியாயிற்று: lemon water 21 நாளில் COVID-19-ஐ குணப்படுத்துகிறது! பெரிய நிறுவனங்கள் இதை மறைக்கின்றன! 100 மருத்துவர்கள் இதை வெளியிட்டதால் நிறுத்தப்பட்டனர்! விழிப்புணர்வு பெறுங்கள்! Big Pharma cover-up உண்மையானது!,1,ta,FAKE,220,23
"France அரசு defence துறைக்கு ₹2,500 கோடி நிதி ஒதுக்கியது. finance ministry மதிப்பாய்வு செய்த திட்டம் 2027-ல் achieve net-zero நோக்கமாக கொண்டுள்ளது. எதிர்க்கட்சிகள் கலவையான கருத்துக்களை தெரிவித்தன.",0,ta,REAL,196,22
LEAKED: classified file REVEALS that UN plans to censor internet by 2026! Insiders FLEE for their lives! 12% of population at RISK! They are COMING for your property! RESIST now!,1,en,FAKE,178,30
"The NASA announced today that tax reform will take effect from April 5. Officials confirmed the decision after 60 days of deliberation. The measure is expected to boost employment, according to ministry spokesperson.",0,en,REAL,216,33
BREAKING: a tech billionaire SECRETLY funds terror groups! Government HIDING the TRUTH about chemtrails! SHARE before they DELETE this! senior official confirms SHOCKING revelation that mainstream media REFUSES to cover. This changes EVERYTHING!,1,en,FAKE,245,33
"Oxford-இல் உள்ள ஆராய்ச்சியாளர்கள் Lancet இதழில் ஆய்வு முடிவுகளை வெளியிட்டனர். 5 ஆண்டுகள் 5,000 பங்கேற்பாளர்களுடன் நடத்தப்பட்ட இந்த ஆய்வு improved accuracy என்று கண்டறிந்தது. சகாக்கள் ஆய்வு முறையை பாராட்டினர்.",0,ta,REAL,208,23
Apple நிறுவனம் strong காலாண்டு வருவாய் அறிவித்ததால் Monday அன்று சந்தை rallied. Goldman Sachs பகுப்பாய்வாளர்கள் 2027 கணிப்பை 4.2% ஆக திருத்தினர்.,0,ta,REAL,145,18
NUS-இல் உள்ள ஆராய்ச்சியாளர்கள் NEJM இதழில் ஆய்வு முடிவுகளை வெளியிட்டனர். 2 ஆண்டுகள் 500 பங்கேற்பாளர்களுடன் நடத்தப்பட்ட இந்த ஆய்வு cut costs by 30% என்று கண்டறிந்தது. சகாக்கள் ஆய்வு முறையை பாராட்டினர்.,0,ta,REAL,200,25
"The Germany government approved a $200 billion budget for healthcare. The plan, reviewed by parliament, aims to achieve net-zero by 2027. Opposition parties offered mixed responses.",0,en,REAL,181,26
BREAKING: a famous actor SECRETLY meets foreign spy! Government HIDING the TRUTH about climate! SHARE before they DELETE this! Reuters confirms SHOCKING revelation that mainstream media REFUSES to cover. This changes EVERYTHING!,1,en,FAKE,228,32
"அதிசயம்: a mother of three ஒரே 90 நாளில் 2,500 கிலோ குறைத்தனர்! மருத்துவர்கள் வெறுக்கும் இந்த ஒரு இரகசிய உத்தி! a tech billionaire தினமும் இதை பயன்படுத்துகிறார்! இன்றே ஆர்டர் செய்யுங்கள்!",1,ta,FAKE,187,26
"Hyderabad reported 2,300 new cases of COVID-19 on Tuesday. Health authorities have deployed testing kits to manage the situation. Officials urge residents to wear masks.",0,en,REAL,169,25
இரகசியம் வெளியாயிற்று: neem 90 நாளில் cholera-ஐ குணப்படுத்துகிறது! பெரிய நிறுவனங்கள் இதை மறைக்கின்றன! 45 மருத்துவர்கள் இதை வெளியிட்டதால் நிறுத்தப்பட்டனர்! விழிப்புணர்வு பெறுங்கள்! Big Pharma cover-up உண்மையானது!,1,ta,FAKE,211,22
"Chennai reported 2,300 new cases of dengue on Friday. Health authorities have deployed vaccines to manage the situation. Officials urge residents to stay home.",0,en,REAL,159,24
Kolkata-ல் Monday அன்று 45 புதிய malaria வழக்குகள் பதிவாயின. சுகாதார அதிகாரிகள் நிலைமையை சமாளிக்க medical teams நிறுத்தினர். குடிமக்கள் wear masks என்று அறிவுறுத்தப்படுகின்றனர்.,0,ta,REAL,177,20
"Researchers at Oxford published findings in Nature showing that doubled lifespan. The study, conducted over 2 years with 500 participants, concludes that early screening saves lives. Peer reviewers praised the methodology.",0,en,REAL,222,31
Japan அரசு defence துறைக்கு ₹12 கோடி நிதி ஒதுக்கியது. expert panel மதிப்பாய்வு செய்த திட்டம் 2035-ல் achieve net-zero நோக்கமாக கொண்டுள்ளது. எதிர்க்கட்சிகள் கலவையான கருத்துக்களை தெரிவித்தன.,0,ta,REAL,188,22
"அம்பலம்: a governor கேமராவில் lying under oath பிடிக்கப்பட்டனர்! 2,300 லட்சம் மக்கள் நீதி கோருகின்றனர்! USA globalists காரணமாக நலிவடைகிறது! உடனே பகிருங்கள்!",1,ta,FAKE,156,19
"Kolkata-ல் Monday அன்று 500,000 புதிய COVID-19 வழக்குகள் பதிவாயின. சுகாதார அதிகாரிகள் நிலைமையை சமாளிக்க vaccines நிறுத்தினர். குடிமக்கள் stay home என்று அறிவுறுத்தப்படுகின்றனர்.",0,ta,REAL,177,19
"NASA நிறுவனம் இன்று அறிவித்தது: climate policy March 15 முதல் நடைமுறைக்கு வரும். 14 நாள் ஆலோசனைக்குப் பிறகு அதிகாரிகள் இந்த முடிவை உறுதிப்படுத்தினர். Reuters தெரிவிக்கும் வகையில், இந்த நடவடிக்கை reduce inflation என்று எதிர்பார்க்கப்படுகிறது.",0,ta,REAL,241,28
Bengaluru-ல் Thursday அன்று 12 புதிய malaria வழக்குகள் பதிவாயின. சுகாதார அதிகாரிகள் நிலைமையை சமாளிக்க vaccines நிறுத்தினர். குடிமக்கள் avoid crowding என்று அறிவுறுத்தப்படுகின்றனர்.,0,ta,REAL,180,19
கசிந்த ஆவணம்: deep state 2035-ல் control food supply திட்டமிடுகிறது! உள்நாட்டு தகவலாளர்கள் உயிருக்கு பயந்து ஓடுகின்றனர்! மக்களுக்கு property ஆபத்தில் உள்ளது! SHARE செய்யுங்கள்!,1,ta,FAKE,176,20
"SEBI நிறுவனம் இன்று அறிவித்தது: climate policy January 1 முதல் நடைமுறைக்கு வரும். 60 நாள் ஆலோசனைக்குப் பிறகு அதிகாரிகள் இந்த முடிவை உறுதிப்படுத்தினர். senior official தெரிவிக்கும் வகையில், இந்த நடவடிக்கை reduce inflation என்று எதிர்பார்க்கப்படுகிறது.",0,ta,REAL,250,29
இரகசியம் வெளியாயிற்று: coconut oil 21 நாளில் influenza-ஐ குணப்படுத்துகிறது! பெரிய நிறுவனங்கள் இதை மறைக்கின்றன! 100 மருத்துவர்கள் இதை வெளியிட்டதால் நிறுத்தப்பட்டனர்! விழிப்புணர்வு பெறுங்கள்! New World Order உண்மையானது!,1,ta,FAKE,217,23
"The France government approved a $5 billion budget for healthcare. The plan, reviewed by finance ministry, aims to eradicate poverty by 2027. Opposition parties offered mixed responses.",0,en,REAL,185,27
கசிந்த ஆவணம்: WEF 2027-ல் censor internet திட்டமிடுகிறது! உள்நாட்டு தகவலாளர்கள் உயிருக்கு பயந்து ஓடுகின்றனர்! மக்களுக்கு freedom of speech ஆபத்தில் உள்ளது! SHARE செய்யுங்கள்!,1,ta,FAKE,174,20
Delhi-ல் Friday அன்று 45 புதிய influenza வழக்குகள் பதிவாயின. சுகாதார அதிகாரிகள் நிலைமையை சமாளிக்க vaccines நிறுத்தினர். குடிமக்கள் avoid crowding என்று அறிவுறுத்தப்படுகின்றனர்.,0,ta,REAL,176,19
"The France government approved a $2,500 billion budget for healthcare. The plan, reviewed by cabinet, aims to achieve net-zero by 2025. Opposition parties offered mixed responses.",0,en,REAL,179,26
MIRACLE: a retired teacher LOSES 200 kg in 14 days using ONE weird trick doctors HATE! Experts BAFFLED! a tech billionaire uses this SECRET daily! ORDER before April 5 — LIMITED SUPPLY!,1,en,FAKE,185,32
"The France government approved a $2,500 billion budget for healthcare. The plan, reviewed by parliament, aims to boost GDP by 7% by 2026. Opposition parties offered mixed responses.",0,en,REAL,181,28
அதிர்ச்சி செய்தி: a major politician இரகசியமாக betrays nation! அரசு vaccines பற்றிய உண்மையை மறைக்கிறது! DELETE ஆவதற்கு முன் SHARE செய்யுங்கள்! senior official இந்த அதிர்ச்சிகரமான உண்மையை உறுதிப்படுத்துகிறது!,1,ta,FAKE,207,24
"அம்பலம்: a governor கேமராவில் hiding documents பிடிக்கப்பட்டனர்! 500,000 லட்சம் மக்கள் நீதி கோருகின்றனர்! Japan immigrants காரணமாக நலிவடைகிறது! உடனே பகிருங்கள்!",1,ta,FAKE,160,18
MIRACLE: a mother of three LOSES 50 kg in 90 days using ONE weird trick doctors HATE! Experts BAFFLED! a major politician uses this SECRET daily! ORDER before January 1 — LIMITED SUPPLY!,1,en,FAKE,186,33
"The NASA announced today that new trade agreement will take effect from March 15. Officials confirmed the decision after 21 days of deliberation. The measure is expected to cut emissions, according to PTI.",0,en,REAL,205,33
"The Japan government approved a $2,500 billion budget for healthcare. The plan, reviewed by parliament, aims to boost GDP by 7% by 2035. Opposition parties offered mixed responses.",0,en,REAL,180,28
MIRACLE: a retired teacher LOSES 5 kg in 60 days using ONE weird trick doctors HATE! Experts BAFFLED! a tech billionaire uses this SECRET daily! ORDER before April 5 — LIMITED SUPPLY!,1,en,FAKE,183,32
BREAKING: a famous actor SECRETLY funds terror groups! Government HIDING the TRUTH about climate! SHARE before they DELETE this! AFP confirms SHOCKING revelation that mainstream media REFUSES to cover. This changes EVERYTHING!,1,en,FAKE,226,32
MIRACLE: a mother of three LOSES 50 kg in 7 days using ONE weird trick doctors HATE! Experts BAFFLED! a major politician uses this SECRET daily! ORDER before June 30 — LIMITED SUPPLY!,1,en,FAKE,183,33
"Stock markets plunged on Wednesday as HDFC reported stellar quarterly earnings. Analysts at Citi revised their 2025 forecast to 7.5%, citing strong demand.",0,en,REAL,155,23
இரகசியம் வெளியாயிற்று: garlic 90 நாளில் COVID-19-ஐ குணப்படுத்துகிறது! பெரிய நிறுவனங்கள் இதை மறைக்கின்றன! 10 million மருத்துவர்கள் இதை வெளியிட்டதால் நிறுத்தப்பட்டனர்! விழிப்புணர்வு பெறுங்கள்! deep state plot உண்மையானது!,1,ta,FAKE,218,23
Apple நிறுவனம் strong காலாண்டு வருவாய் அறிவித்ததால் Monday அன்று சந்தை fell. Goldman Sachs பகுப்பாய்வாளர்கள் 2026 கணிப்பை 6.3% ஆக திருத்தினர்.,0,ta,REAL,142,18
"Japan அரசு infrastructure துறைக்கு ₹2,500 கோடி நிதி ஒதுக்கியது. expert panel மதிப்பாய்வு செய்த திட்டம் 2027-ல் achieve net-zero நோக்கமாக கொண்டுள்ளது. எதிர்க்கட்சிகள் கலவையான கருத்துக்களை தெரிவித்தன.",0,ta,REAL,198,22
கசிந்த ஆவணம்: deep state 2027-ல் censor internet திட்டமிடுகிறது! உள்நாட்டு தகவலாளர்கள் உயிருக்கு பயந்து ஓடுகின்றனர்! மக்களுக்கு property ஆபத்தில் உள்ளது! SHARE செய்யுங்கள்!,1,ta,FAKE,172,19
"Stock markets rallied on Friday as TCS reported strong quarterly earnings. Analysts at Goldman Sachs revised their 2026 forecast to 7.5%, citing supply chain issues.",0,en,REAL,165,25
France அரசு agriculture துறைக்கு ₹12 கோடி நிதி ஒதுக்கியது. cabinet மதிப்பாய்வு செய்த திட்டம் 2025-ல் eradicate poverty நோக்கமாக கொண்டுள்ளது. எதிர்க்கட்சிகள் கலவையான கருத்துக்களை தெரிவித்தன.,0,ta,REAL,189,21
"ALERT: the opposition leader caught lying under oath on camera — VIDEO PROOF! Deep state PANICKING! Over 2,300 million patriots DEMAND justice! France is FALLING because of immigrants! RT if you AGREE! Share EVERYWHERE!",1,en,FAKE,219,34
"The UK government approved a $50 billion budget for education. The plan, reviewed by expert panel, aims to achieve net-zero by 2026. Opposition parties offered mixed responses.",0,en,REAL,176,27
MIRACLE: a retired teacher LOSES 200 kg in 7 days using ONE weird trick doctors HATE! Experts BAFFLED! a famous actor uses this SECRET daily! ORDER before March 15 — LIMITED SUPPLY!,1,en,FAKE,181,32
Google நிறுவனம் disappointing காலாண்டு வருவாய் அறிவித்ததால் Thursday அன்று சந்தை surged. Morgan Stanley பகுப்பாய்வாளர்கள் 2030 கணிப்பை 7.5% ஆக திருத்தினர்.,0,ta,REAL,155,18
"MIRACLE: a local farmer LOSES 1,000 kg in 60 days using ONE weird trick doctors HATE! Experts BAFFLED! a tech billionaire uses this SECRET daily! ORDER before January 1 — LIMITED SUPPLY!",1,en,FAKE,186,32
"Delhi reported 2,300 new cases of influenza on Tuesday. Health authorities have deployed medical teams to manage the situation. Officials urge residents to wear masks.",0,en,REAL,167,25
அதிசயம்: a mother of three ஒரே 90 நாளில் 200 கிலோ குறைத்தனர்! மருத்துவர்கள் வெறுக்கும் இந்த ஒரு இரகசிய உத்தி! a tech billionaire தினமும் இதை பயன்படுத்துகிறார்! இன்றே ஆர்டர் செய்யுங்கள்!,1,ta,FAKE,185,26
"அதிசயம்: a mother of three ஒரே 7 நாளில் 1,000 கிலோ குறைத்தனர்! மருத்துவர்கள் வெறுக்கும் இந்த ஒரு இரகசிய உத்தி! a famous actor தினமும் இதை பயன்படுத்துகிறார்! இன்றே ஆர்டர் செய்யுங்கள்!",1,ta,FAKE,182,26
Google நிறுவனம் strong காலாண்டு வருவாய் அறிவித்ததால் Wednesday அன்று சந்தை rose. Citi பகுப்பாய்வாளர்கள் 2025 கணிப்பை 9.0% ஆக திருத்தினர்.,0,ta,REAL,137,17
LEAKED: secret memo REVEALS that government plans to control food supply by 2026! Insiders FLEE for their lives! 45% of population at RISK! They are COMING for your property! RESIST now!,1,en,FAKE,186,31
"LEAKED: secret memo REVEALS that government plans to censor internet by 2030! Insiders FLEE for their lives! 2,300% of population at RISK! They are COMING for your privacy! RESIST now!",1,en,FAKE,184,30
அதிர்ச்சி செய்தி: a famous actor இரகசியமாக funds terror groups! அரசு 5G towers பற்றிய உண்மையை மறைக்கிறது! DELETE ஆவதற்கு முன் SHARE செய்யுங்கள்! AFP இந்த அதிர்ச்சிகரமான உண்மையை உறுதிப்படுத்துகிறது!,1,ta,FAKE,197,25
"UN நிறுவனம் இன்று அறிவித்தது: new trade agreement March 15 முதல் நடைமுறைக்கு வரும். 60 நாள் ஆலோசனைக்குப் பிறகு அதிகாரிகள் இந்த முடிவை உறுதிப்படுத்தினர். senior official தெரிவிக்கும் வகையில், இந்த நடவடிக்கை reduce inflation என்று எதிர்பார்க்கப்படுகிறது.",0,ta,REAL,252,30
"NUS-இல் உள்ள ஆராய்ச்சியாளர்கள் Science இதழில் ஆய்வு முடிவுகளை வெளியிட்டனர். 5 ஆண்டுகள் 5,000 பங்கேற்பாளர்களுடன் நடத்தப்பட்ட இந்த ஆய்வு improved accuracy என்று கண்டறிந்தது. சகாக்கள் ஆய்வு முறையை பாராட்டினர்.",0,ta,REAL,206,23
"Researchers at Stanford published findings in NEJM showing that improved accuracy. The study, conducted over 5 years with 500 participants, concludes that diet is key. Peer reviewers praised the methodology.",0,en,REAL,207,30
"The UK government approved a $200 billion budget for infrastructure. The plan, reviewed by parliament, aims to achieve net-zero by 2027. Opposition parties offered mixed responses.",0,en,REAL,180,26
"India அரசு healthcare துறைக்கு ₹2,500 கோடி நிதி ஒதுக்கியது. finance ministry மதிப்பாய்வு செய்த திட்டம் 2026-ல் boost GDP by 7% நோக்கமாக கொண்டுள்ளது. எதிர்க்கட்சிகள் கலவையான கருத்துக்களை தெரிவித்தன.",0,ta,REAL,197,24
EXCLUSIVE: Scientists DISCOVER that turmeric CURES malaria in just 14 days! Big Pharma DOESN'T want you to know! 45 doctors SILENCED for revealing this! WAKE UP! The Big Pharma cover-up is REAL!,1,en,FAKE,194,32
IIT Madras-இல் உள்ள ஆராய்ச்சியாளர்கள் Nature இதழில் ஆய்வு முடிவுகளை வெளியிட்டனர். 2 ஆண்டுகள் 500 பங்கேற்பாளர்களுடன் நடத்தப்பட்ட இந்த ஆய்வு reduced risk by 40% என்று கண்டறிந்தது. சகாக்கள் ஆய்வு முறையை பாராட்டினர்.,0,ta,REAL,212,26
"The USA government approved a $50 billion budget for defence. The plan, reviewed by cabinet, aims to achieve net-zero by 2030. Opposition parties offered mixed responses.",0,en,REAL,170,26
"UN நிறுவனம் இன்று அறிவித்தது: vaccine mandate March 15 முதல் நடைமுறைக்கு வரும். 90 நாள் ஆலோசனைக்குப் பிறகு அதிகாரிகள் இந்த முடிவை உறுதிப்படுத்தினர். AFP தெரிவிக்கும் வகையில், இந்த நடவடிக்கை cut emissions என்று எதிர்பார்க்கப்படுகிறது.",0,ta,REAL,233,28
"IMF நிறுவனம் இன்று அறிவித்தது: tax reform December 1 முதல் நடைமுறைக்கு வரும். 21 நாள் ஆலோசனைக்குப் பிறகு அதிகாரிகள் இந்த முடிவை உறுதிப்படுத்தினர். Reuters தெரிவிக்கும் வகையில், இந்த நடவடிக்கை cut emissions என்று எதிர்பார்க்கப்படுகிறது.",0,ta,REAL,235,28
இரகசியம் வெளியாயிற்று: turmeric 21 நாளில் malaria-ஐ குணப்படுத்துகிறது! பெரிய நிறுவனங்கள் இதை மறைக்கின்றன! 10 million மருத்துவர்கள் இதை வெளியிட்டதால் நிறுத்தப்பட்டனர்! விழிப்புணர்வு பெறுங்கள்! deep state plot உண்மையானது!,1,ta,FAKE,219,23
"Researchers at BITS Pilani published findings in Lancet showing that improved accuracy. The study, conducted over 2 years with 5,000 participants, concludes that diet is key. Peer reviewers praised the methodology.",0,en,REAL,214,31
"Researchers at Stanford published findings in NEJM showing that reduced risk by 40%. The study, conducted over 10 years with 500 participants, concludes that lifestyle changes matter. Peer reviewers praised the methodology.",0,en,REAL,223,32
"Researchers at IIT Madras published findings in Science showing that doubled lifespan. The study, conducted over 10 years with 5,000 participants, concludes that early screening saves lives. Peer reviewers praised the methodology.",0,en,REAL,230,32
LEAKED: leaked email REVEALS that government plans to censor internet by 2026! Insiders FLEE for their lives! 10 million% of population at RISK! They are COMING for your gun rights! RESIST now!,1,en,FAKE,193,32
EXCLUSIVE: Scientists DISCOVER that neem CURES cholera in just 21 days! Big Pharma DOESN'T want you to know! 45 doctors SILENCED for revealing this! WAKE UP! The Big Pharma cover-up is REAL!,1,en,FAKE,190,32
அதிசயம்: a mother of three ஒரே 7 நாளில் 50 கிலோ குறைத்தனர்! மருத்துவர்கள் வெறுக்கும் இந்த ஒரு இரகசிய உத்தி! a famous actor தினமும் இதை பயன்படுத்துகிறார்! இன்றே ஆர்டர் செய்யுங்கள்!,1,ta,FAKE,179,26
"Bengaluru-ல் Monday அன்று 500,000 புதிய influenza வழக்குகள் பதிவாயின. சுகாதார அதிகாரிகள் நிலைமையை சமாளிக்க medical teams நிறுத்தினர். குடிமக்கள் stay home என்று அறிவுறுத்தப்படுகின்றனர்.",0,ta,REAL,185,20
ALERT: a governor caught hiding documents on camera — VIDEO PROOF! Deep state PANICKING! Over 100 million patriots DEMAND justice! India is FALLING because of foreign agents! RT if you AGREE! Share EVERYWHERE!,1,en,FAKE,209,33
அதிர்ச்சி செய்தி: a major politician இரகசியமாக funds terror groups! அரசு climate பற்றிய உண்மையை மறைக்கிறது! DELETE ஆவதற்கு முன் SHARE செய்யுங்கள்! PTI இந்த அதிர்ச்சிகரமான உண்மையை உறுதிப்படுத்துகிறது!,1,ta,FAKE,199,24
"ALERT: the opposition leader caught hiding documents on camera — VIDEO PROOF! Deep state PANICKING! Over 500,000 million patriots DEMAND justice! Germany is FALLING because of elites! RT if you AGREE! Share EVERYWHERE!",1,en,FAKE,218,33
"EXCLUSIVE: Scientists DISCOVER that coconut oil CURES dengue in just 90 days! Big Pharma DOESN'T want you to know! 500,000 doctors SILENCED for revealing this! WAKE UP! The New World Order is REAL!",1,en,FAKE,197,33
இரகசியம் வெளியாயிற்று: lemon water 7 நாளில் malaria-ஐ குணப்படுத்துகிறது! பெரிய நிறுவனங்கள் இதை மறைக்கின்றன! 10 million மருத்துவர்கள் இதை வெளியிட்டதால் நிறுத்தப்பட்டனர்! விழிப்புணர்வு பெறுங்கள்! Big Pharma cover-up உண்மையானது!,1,ta,FAKE,225,24
"USA அரசு agriculture துறைக்கு ₹1,000 கோடி நிதி ஒதுக்கியது. parliament மதிப்பாய்வு செய்த திட்டம் 2025-ல் achieve net-zero நோக்கமாக கொண்டுள்ளது. எதிர்க்கட்சிகள் கலவையான கருத்துக்களை தெரிவித்தன.",0,ta,REAL,191,21
"The Germany government approved a $12 billion budget for defence. The plan, reviewed by expert panel, aims to achieve net-zero by 2025. Opposition parties offered mixed responses.",0,en,REAL,179,27
"The NASA announced today that climate policy will take effect from April 5. Officials confirmed the decision after 90 days of deliberation. The measure is expected to improve healthcare, according to PTI.",0,en,REAL,204,32
"Stock markets dipped on Tuesday as TCS reported mixed quarterly earnings. Analysts at ICICI revised their 2030 forecast to 6.3%, citing innovation.",0,en,REAL,147,22
"Stock markets plunged on Tuesday as Apple reported strong quarterly earnings. Analysts at Goldman Sachs revised their 2035 forecast to 8.1%, citing strong demand.",0,en,REAL,162,24
கசிந்த ஆவணம்: WEF 2025-ல் censor internet திட்டமிடுகிறது! உள்நாட்டு தகவலாளர்கள் உயிருக்கு பயந்து ஓடுகின்றனர்! மக்களுக்கு privacy ஆபத்தில் உள்ளது! SHARE செய்யுங்கள்!,1,ta,FAKE,164,18
"அதிசயம்: a local farmer ஒரே 7 நாளில் 2,500 கிலோ குறைத்தனர்! மருத்துவர்கள் வெறுக்கும் இந்த ஒரு இரகசிய உத்தி! a major politician தினமும் இதை பயன்படுத்துகிறார்! இன்றே ஆர்டர் செய்யுங்கள்!",1,ta,FAKE,183,25
"USA அரசு agriculture துறைக்கு ₹2,500 கோடி நிதி ஒதுக்கியது. finance ministry மதிப்பாய்வு செய்த திட்டம் 2035-ல் achieve net-zero நோக்கமாக கொண்டுள்ளது. எதிர்க்கட்சிகள் கலவையான கருத்துக்களை தெரிவித்தன.",0,ta,REAL,197,22
"Stock markets rose on Friday as Apple reported record quarterly earnings. Analysts at Citi revised their 2035 forecast to 8.1%, citing innovation.",0,en,REAL,146,22
அம்பலம்: a senior minister கேமராவில் hiding documents பிடிக்கப்பட்டனர்! 45 லட்சம் மக்கள் நீதி கோருகின்றனர்! UK elites காரணமாக நலிவடைகிறது! உடனே பகிருங்கள்!,1,ta,FAKE,155,19
"The UN announced today that vaccine mandate will take effect from January 1. Officials confirmed the decision after 7 days of deliberation. The measure is expected to improve healthcare, according to PTI.",0,en,REAL,204,32
"RBI நிறுவனம் இன்று அறிவித்தது: climate policy January 1 முதல் நடைமுறைக்கு வரும். 60 நாள் ஆலோசனைக்குப் பிறகு அதிகாரிகள் இந்த முடிவை உறுதிப்படுத்தினர். ministry spokesperson தெரிவிக்கும் வகையில், இந்த நடவடிக்கை reduce inflation என்று எதிர்பார்க்கப்படுகிறது.",0,ta,REAL,255,29
"BITS Pilani-இல் உள்ள ஆராய்ச்சியாளர்கள் Lancet இதழில் ஆய்வு முடிவுகளை வெளியிட்டனர். 3 ஆண்டுகள் 5,000 பங்கேற்பாளர்களுடன் நடத்தப்பட்ட இந்த ஆய்வு reduced risk by 40% என்று கண்டறிந்தது. சகாக்கள் ஆய்வு முறையை பாராட்டினர்.",0,ta,REAL,215,26
Hyderabad-ல் Monday அன்று 45 புதிய influenza வழக்குகள் பதிவாயின. சுகாதார அதிகாரிகள் நிலைமையை சமாளிக்க medical teams நிறுத்தினர். குடிமக்கள் get vaccinated என்று அறிவுறுத்தப்படுகின்றனர்.,0,ta,REAL,185,20
"EXCLUSIVE: Scientists DISCOVER that lemon water CURES COVID-19 in just 14 days! Big Pharma DOESN'T want you to know! 2,300 doctors SILENCED for revealing this! WAKE UP! The Big Pharma cover-up is REAL!",1,en,FAKE,201,33
கசிந்த ஆவணம்: WEF 2030-ல் microchip citizens திட்டமிடுகிறது! உள்நாட்டு தகவலாளர்கள் உயிருக்கு பயந்து ஓடுகின்றனர்! மக்களுக்கு privacy ஆபத்தில் உள்ளது! SHARE செய்யுங்கள்!,1,ta,FAKE,167,18
India அரசு healthcare துறைக்கு ₹200 கோடி நிதி ஒதுக்கியது. expert panel மதிப்பாய்வு செய்த திட்டம் 2025-ல் boost GDP by 7% நோக்கமாக கொண்டுள்ளது. எதிர்க்கட்சிகள் கலவையான கருத்துக்களை தெரிவித்தன.,0,ta,REAL,191,24
"EXCLUSIVE: Scientists DISCOVER that lemon water CURES influenza in just 21 days! Big Pharma DOESN'T want you to know! 500,000 doctors SILENCED for revealing this! WAKE UP! The Big Pharma cover-up is REAL!",1,en,FAKE,204,33
TCS நிறுவனம் record காலாண்டு வருவாய் அறிவித்ததால் Wednesday அன்று சந்தை plunged. JPMorgan பகுப்பாய்வாளர்கள் 2026 கணிப்பை 9.0% ஆக திருத்தினர்.,0,ta,REAL,141,17
BREAKING: a major politician SECRETLY funds terror groups! Government HIDING the TRUTH about climate! SHARE before they DELETE this! Reuters confirms SHOCKING revelation that mainstream media REFUSES to cover. This changes EVERYTHING!,1,en,FAKE,234,32
EXCLUSIVE: Scientists DISCOVER that turmeric CURES malaria in just 21 days! Big Pharma DOESN'T want you to know! 10 million doctors SILENCED for revealing this! WAKE UP! The deep state plot is REAL!,1,en,FAKE,198,33
MIRACLE: a mother of three LOSES 5 kg in 7 days using ONE weird trick doctors HATE! Experts BAFFLED! a tech billionaire uses this SECRET daily! ORDER before March 15 — LIMITED SUPPLY!,1,en,FAKE,183,33
கசிந்த ஆவணம்: government 2030-ல் control food supply திட்டமிடுகிறது! உள்நாட்டு தகவலாளர்கள் உயிருக்கு பயந்து ஓடுகின்றனர்! மக்களுக்கு freedom of speech ஆபத்தில் உள்ளது! SHARE செய்யுங்கள்!,1,ta,FAKE,185,21
Bengaluru reported 100 new cases of influenza on Monday. Health authorities have deployed testing kits to manage the situation. Officials urge residents to wear masks.,0,en,REAL,167,25
"இரகசியம் வெளியாயிற்று: garlic 60 நாளில் malaria-ஐ குணப்படுத்துகிறது! பெரிய நிறுவனங்கள் இதை மறைக்கின்றன! 500,000 மருத்துவர்கள் இதை வெளியிட்டதால் நிறுத்தப்பட்டனர்! விழிப்புணர்வு பெறுங்கள்! New World Order உண்மையானது!",1,ta,FAKE,214,22
அம்பலம்: a senior minister கேமராவில் lying under oath பிடிக்கப்பட்டனர்! 12 லட்சம் மக்கள் நீதி கோருகின்றனர்! France foreign agents காரணமாக நலிவடைகிறது! உடனே பகிருங்கள்!,1,ta,FAKE,167,21
"USA அரசு education துறைக்கு ₹2,500 கோடி நிதி ஒதுக்கியது. expert panel மதிப்பாய்வு செய்த திட்டம் 2027-ல் achieve net-zero நோக்கமாக கொண்டுள்ளது. எதிர்க்கட்சிகள் கலவையான கருத்துக்களை தெரிவித்தன.",0,ta,REAL,191,22
அம்பலம்: a governor கேமராவில் accepting bribe பிடிக்கப்பட்டனர்! 100 லட்சம் மக்கள் நீதி கோருகின்றனர்! UK globalists காரணமாக நலிவடைகிறது! உடனே பகிருங்கள்!,1,ta,FAKE,152,18
"Oxford-இல் உள்ள ஆராய்ச்சியாளர்கள் Science இதழில் ஆய்வு முடிவுகளை வெளியிட்டனர். 10 ஆண்டுகள் 5,000 பங்கேற்பாளர்களுடன் நடத்தப்பட்ட இந்த ஆய்வு doubled lifespan என்று கண்டறிந்தது. சகாக்கள் ஆய்வு முறையை பாராட்டினர்.",0,ta,REAL,209,23
"The RBI announced today that new trade agreement will take effect from June 30. Officials confirmed the decision after 90 days of deliberation. The measure is expected to improve healthcare, according to PTI.",0,en,REAL,208,33
இரகசியம் வெளியாயிற்று: neem 21 நாளில் COVID-19-ஐ குணப்படுத்துகிறது! பெரிய நிறுவனங்கள் இதை மறைக்கின்றன! 45 மருத்துவர்கள் இதை வெளியிட்டதால் நிறுத்தப்பட்டனர்! விழிப்புணர்வு பெறுங்கள்! New World Order உண்மையானது!,1,ta,FAKE,208,22
"The WHO announced today that tax reform will take effect from December 1. Officials confirmed the decision after 21 days of deliberation. The measure is expected to cut emissions, according to senior official.",0,en,REAL,209,33
"The India government approved a $12 billion budget for defence. The plan, reviewed by finance ministry, aims to boost GDP by 7% by 2025. Opposition parties offered mixed responses.",0,en,REAL,180,29
BREAKING: a major politician SECRETLY funds terror groups! Government HIDING the TRUTH about chemtrails! SHARE before they DELETE this! senior official confirms SHOCKING revelation that mainstream media REFUSES to cover. This changes EVERYTHING!,1,en,FAKE,245,33
"Germany அரசு agriculture துறைக்கு ₹1,000 கோடி நிதி ஒதுக்கியது. expert panel மதிப்பாய்வு செய்த திட்டம் 2035-ல் boost GDP by 7% நோக்கமாக கொண்டுள்ளது. எதிர்க்கட்சிகள் கலவையான கருத்துக்களை தெரிவித்தன.",0,ta,REAL,196,24
கசிந்த ஆவணம்: UN 2025-ல் microchip citizens திட்டமிடுகிறது! உள்நாட்டு தகவலாளர்கள் உயிருக்கு பயந்து ஓடுகின்றனர்! மக்களுக்கு property ஆபத்தில் உள்ளது! SHARE செய்யுங்கள்!,1,ta,FAKE,167,18
"LEAKED: leaked email REVEALS that WHO plans to censor internet by 2025! Insiders FLEE for their lives! 500,000% of population at RISK! They are COMING for your gun rights! RESIST now!",1,en,FAKE,183,31
"The SEBI announced today that new trade agreement will take effect from December 1. Officials confirmed the decision after 30 days of deliberation. The measure is expected to improve healthcare, according to AFP.",0,en,REAL,212,33
"The Japan government approved a $200 billion budget for agriculture. The plan, reviewed by expert panel, aims to eradicate poverty by 2027. Opposition parties offered mixed responses.",0,en,REAL,183,27
"RBI நிறுவனம் இன்று அறிவித்தது: vaccine mandate December 1 முதல் நடைமுறைக்கு வரும். 60 நாள் ஆலோசனைக்குப் பிறகு அதிகாரிகள் இந்த முடிவை உறுதிப்படுத்தினர். AFP தெரிவிக்கும் வகையில், இந்த நடவடிக்கை boost employment என்று எதிர்பார்க்கப்படுகிறது.",0,ta,REAL,239,28
அதிர்ச்சி செய்தி: a major politician இரகசியமாக funds terror groups! அரசு climate பற்றிய உண்மையை மறைக்கிறது! DELETE ஆவதற்கு முன் SHARE செய்யுங்கள்! ministry spokesperson இந்த அதிர்ச்சிகரமான உண்மையை உறுதிப்படுத்துகிறது!,1,ta,FAKE,217,25
"Researchers at Oxford published findings in Science showing that cut costs by 30%. The study, conducted over 10 years with 1,200 participants, concludes that early screening saves lives. Peer reviewers praised the methodology.",0,en,REAL,226,33
"The NASA announced today that new trade agreement will take effect from June 30. Officials confirmed the decision after 90 days of deliberation. The measure is expected to improve healthcare, according to AFP.",0,en,REAL,209,33
இரகசியம் வெளியாயிற்று: garlic 7 நாளில் COVID-19-ஐ குணப்படுத்துகிறது! பெரிய நிறுவனங்கள் இதை மறைக்கின்றன! 10 million மருத்துவர்கள் இதை வெளியிட்டதால் நிறுத்தப்பட்டனர்! விழிப்புணர்வு பெறுங்கள்! deep state plot உண்மையானது!,1,ta,FAKE,217,23
"The UNESCO announced today that climate policy will take effect from March 15. Officials confirmed the decision after 60 days of deliberation. The measure is expected to reduce inflation, according to PTI.",0,en,REAL,205,32
"Stock markets rallied on Friday as TCS reported strong quarterly earnings. Analysts at JPMorgan revised their 2030 forecast to 8.1%, citing innovation.",0,en,REAL,151,22
"NASA நிறுவனம் இன்று அறிவித்தது: climate policy January 1 முதல் நடைமுறைக்கு வரும். 7 நாள் ஆலோசனைக்குப் பிறகு அதிகாரிகள் இந்த முடிவை உறுதிப்படுத்தினர். Reuters தெரிவிக்கும் வகையில், இந்த நடவடிக்கை cut emissions என்று எதிர்பார்க்கப்படுகிறது.",0,ta,REAL,238,28
"Stock markets rose on Thursday as Google reported disappointing quarterly earnings. Analysts at Morgan Stanley revised their 2027 forecast to 6.3%, citing innovation.",0,en,REAL,166,23
"Kolkata-ல் Monday அன்று 2,300 புதிய cholera வழக்குகள் பதிவாயின. சுகாதார அதிகாரிகள் நிலைமையை சமாளிக்க vaccines நிறுத்தினர். குடிமக்கள் get vaccinated என்று அறிவுறுத்தப்படுகின்றனர்.",0,ta,REAL,179,19
France அரசு defence துறைக்கு ₹200 கோடி நிதி ஒதுக்கியது. cabinet மதிப்பாய்வு செய்த திட்டம் 2030-ல் achieve net-zero நோக்கமாக கொண்டுள்ளது. எதிர்க்கட்சிகள் கலவையான கருத்துக்களை தெரிவித்தன.,0,ta,REAL,185,21
"EXCLUSIVE: Scientists DISCOVER that turmeric CURES influenza in just 14 days! Big Pharma DOESN'T want you to know! 2,300 doctors SILENCED for revealing this! WAKE UP! The Big Pharma cover-up is REAL!",1,en,FAKE,199,32
Mumbai-ல் Monday அன்று 45 புதிய cholera வழக்குகள் பதிவாயின. சுகாதார அதிகாரிகள் நிலைமையை சமாளிக்க medical teams நிறுத்தினர். குடிமக்கள் avoid crowding என்று அறிவுறுத்தப்படுகின்றனர்.,0,ta,REAL,180,20
"The Germany government approved a $12 billion budget for education. The plan, reviewed by parliament, aims to achieve net-zero by 2027. Opposition parties offered mixed responses.",0,en,REAL,179,26
EXCLUSIVE: Scientists DISCOVER that coconut oil CURES cholera in just 14 days! Big Pharma DOESN'T want you to know! 45 doctors SILENCED for revealing this! WAKE UP! The Big Pharma cover-up is REAL!,1,en,FAKE,197,33
"The RBI announced today that vaccine mandate will take effect from January 1. Officials confirmed the decision after 21 days of deliberation. The measure is expected to reduce inflation, according to senior official.",0,en,REAL,216,33
"SEBI நிறுவனம் இன்று அறிவித்தது: tax reform December 1 முதல் நடைமுறைக்கு வரும். 7 நாள் ஆலோசனைக்குப் பிறகு அதிகாரிகள் இந்த முடிவை உறுதிப்படுத்தினர். senior official தெரிவிக்கும் வகையில், இந்த நடவடிக்கை cut emissions என்று எதிர்பார்க்கப்படுகிறது.",0,ta,REAL,243,29
"LEAKED: secret memo REVEALS that deep state plans to censor internet by 2026! Insiders FLEE for their lives! 2,300% of population at RISK! They are COMING for your property! RESIST now!",1,en,FAKE,185,31
BREAKING: a major politician SECRETLY meets foreign spy! Government HIDING the TRUTH about 5G towers! SHARE before they DELETE this! ministry spokesperson confirms SHOCKING revelation that mainstream media REFUSES to cover. This changes EVERYTHING!,1,en,FAKE,248,34
"Chennai-ல் Wednesday அன்று 500,000 புதிய malaria வழக்குகள் பதிவாயின. சுகாதார அதிகாரிகள் நிலைமையை சமாளிக்க mobile units நிறுத்தினர். குடிமக்கள் wear masks என்று அறிவுறுத்தப்படுகின்றனர்.",0,ta,REAL,184,20
"The France government approved a $5 billion budget for education. The plan, reviewed by parliament, aims to eradicate poverty by 2027. Opposition parties offered mixed responses.",0,en,REAL,178,26
"IMF நிறுவனம் இன்று அறிவித்தது: new trade agreement April 5 முதல் நடைமுறைக்கு வரும். 7 நாள் ஆலோசனைக்குப் பிறகு அதிகாரிகள் இந்த முடிவை உறுதிப்படுத்தினர். ministry spokesperson தெரிவிக்கும் வகையில், இந்த நடவடிக்கை boost employment என்று எதிர்பார்க்கப்படுகிறது.",0,ta,REAL,257,30
"இரகசியம் வெளியாயிற்று: neem 90 நாளில் cholera-ஐ குணப்படுத்துகிறது! பெரிய நிறுவனங்கள் இதை மறைக்கின்றன! 500,000 மருத்துவர்கள் இதை வெளியிட்டதால் நிறுத்தப்பட்டனர்! விழிப்புணர்வு பெறுங்கள்! New World Order உண்மையானது!",1,ta,FAKE,212,22
EXCLUSIVE: Scientists DISCOVER that neem CURES dengue in just 7 days! Big Pharma DOESN'T want you to know! 12 doctors SILENCED for revealing this! WAKE UP! The New World Order is REAL!,1,en,FAKE,184,32
BREAKING: a major politician SECRETLY betrays nation! Government HIDING the TRUTH about climate! SHARE before they DELETE this! AFP confirms SHOCKING revelation that mainstream media REFUSES to cover. This changes EVERYTHING!,1,en,FAKE,225,31
"Researchers at MIT published findings in NEJM showing that doubled lifespan. The study, conducted over 2 years with 1,200 participants, concludes that diet is key. Peer reviewers praised the methodology.",0,en,REAL,203,30
"The Germany government approved a $5 billion budget for infrastructure. The plan, reviewed by expert panel, aims to achieve net-zero by 2035. Opposition parties offered mixed responses.",0,en,REAL,185,27
அதிசயம்: a retired teacher ஒரே 90 நாளில் 12 கிலோ குறைத்தனர்! மருத்துவர்கள் வெறுக்கும் இந்த ஒரு இரகசிய உத்தி! a tech billionaire தினமும் இதை பயன்படுத்துகிறார்! இன்றே ஆர்டர் செய்யுங்கள்!,1,ta,FAKE,184,25
"NUS-இல் உள்ள ஆராய்ச்சியாளர்கள் NEJM இதழில் ஆய்வு முடிவுகளை வெளியிட்டனர். 5 ஆண்டுகள் 5,000 பங்கேற்பாளர்களுடன் நடத்தப்பட்ட இந்த ஆய்வு improved accuracy என்று கண்டறிந்தது. சகாக்கள் ஆய்வு முறையை பாராட்டினர்.",0,ta,REAL,203,23
அதிசயம்: a mother of three ஒரே 30 நாளில் 12 கிலோ குறைத்தனர்! மருத்துவர்கள் வெறுக்கும் இந்த ஒரு இரகசிய உத்தி! a tech billionaire தினமும் இதை பயன்படுத்துகிறார்! இன்றே ஆர்டர் செய்யுங்கள்!,1,ta,FAKE,184,26
"EXCLUSIVE: Scientists DISCOVER that neem CURES COVID-19 in just 14 days! Big Pharma DOESN'T want you to know! 2,300 doctors SILENCED for revealing this! WAKE UP! The deep state plot is REAL!",1,en,FAKE,190,32
ALERT: a governor caught accepting bribe on camera — VIDEO PROOF! Deep state PANICKING! Over 12 million patriots DEMAND justice! France is FALLING because of foreign agents! RT if you AGREE! Share EVERYWHERE!,1,en,FAKE,208,33
"Stock markets rose on Monday as Google reported record quarterly earnings. Analysts at JPMorgan revised their 2025 forecast to 7.5%, citing cost pressures.",0,en,REAL,155,23
"MIRACLE: a local farmer LOSES 1,000 kg in 90 days using ONE weird trick doctors HATE! Experts BAFFLED! a major politician uses this SECRET daily! ORDER before April 5 — LIMITED SUPPLY!",1,en,FAKE,184,32
"Stock markets fell on Monday as Google reported mixed quarterly earnings. Analysts at JPMorgan revised their 2035 forecast to 7.5%, citing cost pressures.",0,en,REAL,154,23
அதிசயம்: a retired teacher ஒரே 7 நாளில் 12 கிலோ குறைத்தனர்! மருத்துவர்கள் வெறுக்கும் இந்த ஒரு இரகசிய உத்தி! a tech billionaire தினமும் இதை பயன்படுத்துகிறார்! இன்றே ஆர்டர் செய்யுங்கள்!,1,ta,FAKE,183,25
"The UNESCO announced today that climate policy will take effect from March 15. Officials confirmed the decision after 60 days of deliberation. The measure is expected to improve healthcare, according to Reuters.",0,en,REAL,211,32
"RBI நிறுவனம் இன்று அறிவித்தது: tax reform March 15 முதல் நடைமுறைக்கு வரும். 7 நாள் ஆலோசனைக்குப் பிறகு அதிகாரிகள் இந்த முடிவை உறுதிப்படுத்தினர். PTI தெரிவிக்கும் வகையில், இந்த நடவடிக்கை cut emissions என்று எதிர்பார்க்கப்படுகிறது.",0,ta,REAL,228,28
"RBI நிறுவனம் இன்று அறிவித்தது: tax reform April 5 முதல் நடைமுறைக்கு வரும். 14 நாள் ஆலோசனைக்குப் பிறகு அதிகாரிகள் இந்த முடிவை உறுதிப்படுத்தினர். PTI தெரிவிக்கும் வகையில், இந்த நடவடிக்கை boost employment என்று எதிர்பார்க்கப்படுகிறது.",0,ta,REAL,231,28
"MIRACLE: a local farmer LOSES 2,500 kg in 90 days using ONE weird trick doctors HATE! Experts BAFFLED! a major politician uses this SECRET daily! ORDER before June 30 — LIMITED SUPPLY!",1,en,FAKE,184,32
கசிந்த ஆவணம்: UN 2030-ல் control food supply திட்டமிடுகிறது! உள்நாட்டு தகவலாளர்கள் உயிருக்கு பயந்து ஓடுகின்றனர்! மக்களுக்கு privacy ஆபத்தில் உள்ளது! SHARE செய்யுங்கள்!,1,ta,FAKE,167,19
BREAKING: a tech billionaire SECRETLY betrays nation! Government HIDING the TRUTH about climate! SHARE before they DELETE this! ministry spokesperson confirms SHOCKING revelation that mainstream media REFUSES to cover. This changes EVERYTHING!,1,en,FAKE,243,32
"LEAKED: leaked email REVEALS that government plans to control food supply by 2035! Insiders FLEE for their lives! 500,000% of population at RISK! They are COMING for your property! RESIST now!",1,en,FAKE,192,31
"LEAKED: secret memo REVEALS that WHO plans to microchip citizens by 2030! Insiders FLEE for their lives! 500,000% of population at RISK! They are COMING for your privacy! RESIST now!",1,en,FAKE,182,30
MIRACLE: a mother of three LOSES 5 kg in 21 days using ONE weird trick doctors HATE! Experts BAFFLED! a major politician uses this SECRET daily! ORDER before December 1 — LIMITED SUPPLY!,1,en,FAKE,186,33
"EXCLUSIVE: Scientists DISCOVER that lemon water CURES influenza in just 60 days! Big Pharma DOESN'T want you to know! 500,000 doctors SILENCED for revealing this! WAKE UP! The New World Order is REAL!",1,en,FAKE,200,33
அதிர்ச்சி செய்தி: a famous actor இரகசியமாக betrays nation! அரசு climate பற்றிய உண்மையை மறைக்கிறது! DELETE ஆவதற்கு முன் SHARE செய்யுங்கள்! senior official இந்த அதிர்ச்சிகரமான உண்மையை உறுதிப்படுத்துகிறது!,1,ta,FAKE,202,24
"IIT Madras-இல் உள்ள ஆராய்ச்சியாளர்கள் Cell இதழில் ஆய்வு முடிவுகளை வெளியிட்டனர். 5 ஆண்டுகள் 5,000 பங்கேற்பாளர்களுடன் நடத்தப்பட்ட இந்த ஆய்வு cut costs by 30% என்று கண்டறிந்தது. சகாக்கள் ஆய்வு முறையை பாராட்டினர்.",0,ta,REAL,209,26
HDFC நிறுவனம் record காலாண்டு வருவாய் அறிவித்ததால் Thursday அன்று சந்தை plunged. Citi பகுப்பாய்வாளர்கள் 2030 கணிப்பை 4.2% ஆக திருத்தினர்.,0,ta,REAL,137,17
"Kolkata-ல் Wednesday அன்று 500,000 புதிய dengue வழக்குகள் பதிவாயின. சுகாதார அதிகாரிகள் நிலைமையை சமாளிக்க testing kits நிறுத்தினர். குடிமக்கள் get vaccinated என்று அறிவுறுத்தப்படுகின்றனர்.",0,ta,REAL,187,20
Reliance நிறுவனம் disappointing காலாண்டு வருவாய் அறிவித்ததால் Wednesday அன்று சந்தை dipped. Morgan Stanley பகுப்பாய்வாளர்கள் 2026 கணிப்பை 8.1% ஆக திருத்தினர்.,0,ta,REAL,158,18
BREAKING: a tech billionaire SECRETLY funds terror groups! Government HIDING the TRUTH about 5G towers! SHARE before they DELETE this! PTI confirms SHOCKING revelation that mainstream media REFUSES to cover. This changes EVERYTHING!,1,en,FAKE,232,33
இரகசியம் வெளியாயிற்று: neem 60 நாளில் malaria-ஐ குணப்படுத்துகிறது! பெரிய நிறுவனங்கள் இதை மறைக்கின்றன! 100 மருத்துவர்கள் இதை வெளியிட்டதால் நிறுத்தப்பட்டனர்! விழிப்புணர்வு பெறுங்கள்! New World Order உண்மையானது!,1,ta,FAKE,208,22
France அரசு defence துறைக்கு ₹5 கோடி நிதி ஒதுக்கியது. finance ministry மதிப்பாய்வு செய்த திட்டம் 2025-ல் boost GDP by 7% நோக்கமாக கொண்டுள்ளது. எதிர்க்கட்சிகள் கலவையான கருத்துக்களை தெரிவித்தன.,0,ta,REAL,191,24
"NUS-இல் உள்ள ஆராய்ச்சியாளர்கள் Science இதழில் ஆய்வு முடிவுகளை வெளியிட்டனர். 3 ஆண்டுகள் 10,000 பங்கேற்பாளர்களுடன் நடத்தப்பட்ட இந்த ஆய்வு cut costs by 30% என்று கண்டறிந்தது. சகாக்கள் ஆய்வு முறையை பாராட்டினர்.",0,ta,REAL,206,25
அம்பலம்: a senior minister கேமராவில் accepting bribe பிடிக்கப்பட்டனர்! 12 லட்சம் மக்கள் நீதி கோருகின்றனர்! Germany immigrants காரணமாக நலிவடைகிறது! உடனே பகிருங்கள்!,1,ta,FAKE,163,19
BREAKING: a major politician SECRETLY betrays nation! Government HIDING the TRUTH about chemtrails! SHARE before they DELETE this! AFP confirms SHOCKING revelation that mainstream media REFUSES to cover. This changes EVERYTHING!,1,en,FAKE,228,31
அதிர்ச்சி செய்தி: a famous actor இரகசியமாக meets foreign spy! அரசு water supply பற்றிய உண்மையை மறைக்கிறது! DELETE ஆவதற்கு முன் SHARE செய்யுங்கள்! Reuters இந்த அதிர்ச்சிகரமான உண்மையை உறுதிப்படுத்துகிறது!,1,ta,FAKE,202,25
"IMF நிறுவனம் இன்று அறிவித்தது: climate policy December 1 முதல் நடைமுறைக்கு வரும். 14 நாள் ஆலோசனைக்குப் பிறகு அதிகாரிகள் இந்த முடிவை உறுதிப்படுத்தினர். ministry spokesperson தெரிவிக்கும் வகையில், இந்த நடவடிக்கை cut emissions என்று எதிர்பார்க்கப்படுகிறது.",0,ta,REAL,253,29
LEAKED: classified file REVEALS that WHO plans to control food supply by 2035! Insiders FLEE for their lives! 10 million% of population at RISK! They are COMING for your property! RESIST now!,1,en,FAKE,191,32
அதிசயம்: a local farmer ஒரே 21 நாளில் 200 கிலோ குறைத்தனர்! மருத்துவர்கள் வெறுக்கும் இந்த ஒரு இரகசிய உத்தி! a tech billionaire தினமும் இதை பயன்படுத்துகிறார்! இன்றே ஆர்டர் செய்யுங்கள்!,1,ta,FAKE,182,25
Hyderabad-ல் Monday அன்று 45 புதிய cholera வழக்குகள் பதிவாயின. சுகாதார அதிகாரிகள் நிலைமையை சமாளிக்க mobile units நிறுத்தினர். குடிமக்கள் stay home என்று அறிவுறுத்தப்படுகின்றனர்.,0,ta,REAL,177,20
India அரசு infrastructure துறைக்கு ₹50 கோடி நிதி ஒதுக்கியது. parliament மதிப்பாய்வு செய்த திட்டம் 2027-ல் boost GDP by 7% நோக்கமாக கொண்டுள்ளது. எதிர்க்கட்சிகள் கலவையான கருத்துக்களை தெரிவித்தன.,0,ta,REAL,192,23
"WHO நிறுவனம் இன்று அறிவித்தது: new trade agreement March 15 முதல் நடைமுறைக்கு வரும். 30 நாள் ஆலோசனைக்குப் பிறகு அதிகாரிகள் இந்த முடிவை உறுதிப்படுத்தினர். senior official தெரிவிக்கும் வகையில், இந்த நடவடிக்கை cut emissions என்று எதிர்பார்க்கப்படுகிறது.",0,ta,REAL,250,30
EXCLUSIVE: Scientists DISCOVER that turmeric CURES COVID-19 in just 60 days! Big Pharma DOESN'T want you to know! 12 doctors SILENCED for revealing this! WAKE UP! The deep state plot is REAL!,1,en,FAKE,191,32
"WHO நிறுவனம் இன்று அறிவித்தது: vaccine mandate June 30 முதல் நடைமுறைக்கு வரும். 14 நாள் ஆலோசனைக்குப் பிறகு அதிகாரிகள் இந்த முடிவை உறுதிப்படுத்தினர். PTI தெரிவிக்கும் வகையில், இந்த நடவடிக்கை cut emissions என்று எதிர்பார்க்கப்படுகிறது.",0,ta,REAL,233,28
"ALERT: a governor caught hiding documents on camera — VIDEO PROOF! Deep state PANICKING! Over 500,000 million patriots DEMAND justice! Germany is FALLING because of globalists! RT if you AGREE! Share EVERYWHERE!",1,en,FAKE,211,32
அம்பலம்: a senior minister கேமராவில் accepting bribe பிடிக்கப்பட்டனர்! 12 லட்சம் மக்கள் நீதி கோருகின்றனர்! UK immigrants காரணமாக நலிவடைகிறது! உடனே பகிருங்கள்!,1,ta,FAKE,158,19
BITS Pilani-இல் உள்ள ஆராய்ச்சியாளர்கள் Science இதழில் ஆய்வு முடிவுகளை வெளியிட்டனர். 2 ஆண்டுகள் 500 பங்கேற்பாளர்களுடன் நடத்தப்பட்ட இந்த ஆய்வு cut costs by 30% என்று கண்டறிந்தது. சகாக்கள் ஆய்வு முறையை பாராட்டினர்.,0,ta,REAL,211,26
ALERT: a senior minister caught hiding documents on camera — VIDEO PROOF! Deep state PANICKING! Over 45 million patriots DEMAND justice! Japan is FALLING because of immigrants! RT if you AGREE! Share EVERYWHERE!,1,en,FAKE,211,33
"The Germany government approved a $2,500 billion budget for agriculture. The plan, reviewed by finance ministry, aims to boost GDP by 7% by 2026. Opposition parties offered mixed responses.",0,en,REAL,189,29
"Mumbai reported 2,300 new cases of malaria on Wednesday. Health authorities have deployed mobile units to manage the situation. Officials urge residents to stay home.",0,en,REAL,166,25
அதிர்ச்சி செய்தி: a famous actor இரகசியமாக meets foreign spy! அரசு climate பற்றிய உண்மையை மறைக்கிறது! DELETE ஆவதற்கு முன் SHARE செய்யுங்கள்! PTI இந்த அதிர்ச்சிகரமான உண்மையை உறுதிப்படுத்துகிறது!,1,ta,FAKE,193,24
"Stock markets dipped on Friday as Reliance reported disappointing quarterly earnings. Analysts at Goldman Sachs revised their 2025 forecast to 7.5%, citing cost pressures.",0,en,REAL,171,24
கசிந்த ஆவணம்: deep state 2027-ல் control food supply திட்டமிடுகிறது! உள்நாட்டு தகவலாளர்கள் உயிருக்கு பயந்து ஓடுகின்றனர்! மக்களுக்கு privacy ஆபத்தில் உள்ளது! SHARE செய்யுங்கள்!,1,ta,FAKE,175,20
BREAKING: a tech billionaire SECRETLY betrays nation! Government HIDING the TRUTH about water supply! SHARE before they DELETE this! Reuters confirms SHOCKING revelation that mainstream media REFUSES to cover. This changes EVERYTHING!,1,en,FAKE,234,32
EXCLUSIVE: Scientists DISCOVER that neem CURES COVID-19 in just 21 days! Big Pharma DOESN'T want you to know! 10 million doctors SILENCED for revealing this! WAKE UP! The deep state plot is REAL!,1,en,FAKE,195,33
MIRACLE: a local farmer LOSES 12 kg in 60 days using ONE weird trick doctors HATE! Experts BAFFLED! a famous actor uses this SECRET daily! ORDER before January 1 — LIMITED SUPPLY!,1,en,FAKE,179,32
அம்பலம்: a governor கேமராவில் accepting bribe பிடிக்கப்பட்டனர்! 10 million லட்சம் மக்கள் நீதி கோருகின்றனர்! Japan foreign agents காரணமாக நலிவடைகிறது! உடனே பகிருங்கள்!,1,ta,FAKE,166,20
"Bengaluru reported 2,300 new cases of malaria on Friday. Health authorities have deployed medical teams to manage the situation. Officials urge residents to wear masks.",0,en,REAL,168,25
கசிந்த ஆவணம்: government 2027-ல் microchip citizens திட்டமிடுகிறது! உள்நாட்டு தகவலாளர்கள் உயிருக்கு பயந்து ஓடுகின்றனர்! மக்களுக்கு gun rights ஆபத்தில் உள்ளது! SHARE செய்யுங்கள்!,1,ta,FAKE,177,19
Bengaluru reported 12 new cases of malaria on Friday. Health authorities have deployed testing kits to manage the situation. Officials urge residents to stay home.,0,en,REAL,163,25
அதிர்ச்சி செய்தி: a tech billionaire இரகசியமாக meets foreign spy! அரசு climate பற்றிய உண்மையை மறைக்கிறது! DELETE ஆவதற்கு முன் SHARE செய்யுங்கள்! ministry spokesperson இந்த அதிர்ச்சிகரமான உண்மையை உறுதிப்படுத்துகிறது!,1,ta,FAKE,215,25
Hyderabad-ல் Wednesday அன்று 100 புதிய cholera வழக்குகள் பதிவாயின. சுகாதார அதிகாரிகள் நிலைமையை சமாளிக்க testing kits நிறுத்தினர். குடிமக்கள் stay home என்று அறிவுறுத்தப்படுகின்றனர்.,0,ta,REAL,181,20
இரகசியம் வெளியாயிற்று: lemon water 14 நாளில் COVID-19-ஐ குணப்படுத்துகிறது! பெரிய நிறுவனங்கள் இதை மறைக்கின்றன! 100 மருத்துவர்கள் இதை வெளியிட்டதால் நிறுத்தப்பட்டனர்! விழிப்புணர்வு பெறுங்கள்! New World Order உண்மையானது!,1,ta,FAKE,216,23
கசிந்த ஆவணம்: deep state 2025-ல் censor internet திட்டமிடுகிறது! உள்நாட்டு தகவலாளர்கள் உயிருக்கு பயந்து ஓடுகின்றனர்! மக்களுக்கு freedom of speech ஆபத்தில் உள்ளது! SHARE செய்யுங்கள்!,1,ta,FAKE,181,21
"Stock markets dipped on Monday as Infosys reported strong quarterly earnings. Analysts at Citi revised their 2035 forecast to 9.0%, citing innovation.",0,en,REAL,150,22
Germany அரசு healthcare துறைக்கு ₹50 கோடி நிதி ஒதுக்கியது. finance ministry மதிப்பாய்வு செய்த திட்டம் 2035-ல் boost GDP by 7% நோக்கமாக கொண்டுள்ளது. எதிர்க்கட்சிகள் கலவையான கருத்துக்களை தெரிவித்தன.,0,ta,REAL,196,24
கசிந்த ஆவணம்: UN 2030-ல் microchip citizens திட்டமிடுகிறது! உள்நாட்டு தகவலாளர்கள் உயிருக்கு பயந்து ஓடுகின்றனர்! மக்களுக்கு freedom of speech ஆபத்தில் உள்ளது! SHARE செய்யுங்கள்!,1,ta,FAKE,176,20
LEAKED: classified file REVEALS that government plans to control food supply by 2027! Insiders FLEE for their lives! 12% of population at RISK! They are COMING for your property! RESIST now!,1,en,FAKE,190,31
Reliance நிறுவனம் mixed காலாண்டு வருவாய் அறிவித்ததால் Monday அன்று சந்தை dipped. ICICI பகுப்பாய்வாளர்கள் 2025 கணிப்பை 6.3% ஆக திருத்தினர்.,0,ta,REAL,138,17
அதிர்ச்சி செய்தி: a tech billionaire இரகசியமாக funds terror groups! அரசு vaccines பற்றிய உண்மையை மறைக்கிறது! DELETE ஆவதற்கு முன் SHARE செய்யுங்கள்! ministry spokesperson இந்த அதிர்ச்சிகரமான உண்மையை உறுதிப்படுத்துகிறது!,1,ta,FAKE,218,25
Germany அரசு healthcare துறைக்கு ₹5 கோடி நிதி ஒதுக்கியது. expert panel மதிப்பாய்வு செய்த திட்டம் 2025-ல் boost GDP by 7% நோக்கமாக கொண்டுள்ளது. எதிர்க்கட்சிகள் கலவையான கருத்துக்களை தெரிவித்தன.,0,ta,REAL,191,24
Apple நிறுவனம் stellar காலாண்டு வருவாய் அறிவித்ததால் Tuesday அன்று சந்தை fell. ICICI பகுப்பாய்வாளர்கள் 2030 கணிப்பை 8.1% ஆக திருத்தினர்.,0,ta,REAL,136,17
"Stock markets rose on Wednesday as TCS reported mixed quarterly earnings. Analysts at Morgan Stanley revised their 2025 forecast to 6.3%, citing strong demand.",0,en,REAL,159,24
"Stanford-இல் உள்ள ஆராய்ச்சியாளர்கள் Cell இதழில் ஆய்வு முடிவுகளை வெளியிட்டனர். 5 ஆண்டுகள் 10,000 பங்கேற்பாளர்களுடன் நடத்தப்பட்ட இந்த ஆய்வு cut costs by 30% என்று கண்டறிந்தது. சகாக்கள் ஆய்வு முறையை பாராட்டினர்.",0,ta,REAL,208,25
அதிர்ச்சி செய்தி: a tech billionaire இரகசியமாக funds terror groups! அரசு vaccines பற்றிய உண்மையை மறைக்கிறது! DELETE ஆவதற்கு முன் SHARE செய்யுங்கள்! PTI இந்த அதிர்ச்சிகரமான உண்மையை உறுதிப்படுத்துகிறது!,1,ta,FAKE,200,24
கசிந்த ஆவணம்: UN 2026-ல் censor internet திட்டமிடுகிறது! உள்நாட்டு தகவலாளர்கள் உயிருக்கு பயந்து ஓடுகின்றனர்! மக்களுக்கு property ஆபத்தில் உள்ளது! SHARE செய்யுங்கள்!,1,ta,FAKE,164,18
"The France government approved a $5 billion budget for defence. The plan, reviewed by finance ministry, aims to achieve net-zero by 2025. Opposition parties offered mixed responses.",0,en,REAL,181,27
MIRACLE: a local farmer LOSES 200 kg in 90 days using ONE weird trick doctors HATE! Experts BAFFLED! a tech billionaire uses this SECRET daily! ORDER before January 1 — LIMITED SUPPLY!,1,en,FAKE,184,32
"Researchers at Oxford published findings in Science showing that cut costs by 30%. The study, conducted over 2 years with 1,200 participants, concludes that lifestyle changes matter. Peer reviewers praised the methodology.",0,en,REAL,222,32
இரகசியம் வெளியாயிற்று: garlic 14 நாளில் malaria-ஐ குணப்படுத்துகிறது! பெரிய நிறுவனங்கள் இதை மறைக்கின்றன! 100 மருத்துவர்கள் இதை வெளியிட்டதால் நிறுத்தப்பட்டனர்! விழிப்புணர்வு பெறுங்கள்! Big Pharma cover-up உண்மையானது!,1,ta,FAKE,214,22
"Oxford-இல் உள்ள ஆராய்ச்சியாளர்கள் Science இதழில் ஆய்வு முடிவுகளை வெளியிட்டனர். 10 ஆண்டுகள் 5,000 பங்கேற்பாளர்களுடன் நடத்தப்பட்ட இந்த ஆய்வு doubled lifespan என்று கண்டறிந்தது. சகாக்கள் ஆய்வு முறையை பாராட்டினர்.",0,ta,REAL,209,23
Germany அரசு infrastructure துறைக்கு ₹12 கோடி நிதி ஒதுக்கியது. parliament மதிப்பாய்வு செய்த திட்டம் 2030-ல் boost GDP by 7% நோக்கமாக கொண்டுள்ளது. எதிர்க்கட்சிகள் கலவையான கருத்துக்களை தெரிவித்தன.,0,ta,REAL,194,23
இரகசியம் வெளியாயிற்று: neem 14 நாளில் COVID-19-ஐ குணப்படுத்துகிறது! பெரிய நிறுவனங்கள் இதை மறைக்கின்றன! 12 மருத்துவர்கள் இதை வெளியிட்டதால் நிறுத்தப்பட்டனர்! விழிப்புணர்வு பெறுங்கள்! New World Order உண்மையானது!,1,ta,FAKE,208,22
இரகசியம் வெளியாயிற்று: neem 14 நாளில் cholera-ஐ குணப்படுத்துகிறது! பெரிய நிறுவனங்கள் இதை மறைக்கின்றன! 12 மருத்துவர்கள் இதை வெளியிட்டதால் நிறுத்தப்பட்டனர்! விழிப்புணர்வு பெறுங்கள்! New World Order உண்மையானது!,1,ta,FAKE,207,22
BREAKING: a tech billionaire SECRETLY funds terror groups! Government HIDING the TRUTH about climate! SHARE before they DELETE this! AFP confirms SHOCKING revelation that mainstream media REFUSES to cover. This changes EVERYTHING!,1,en,FAKE,230,32
அதிசயம்: a mother of three ஒரே 60 நாளில் 200 கிலோ குறைத்தனர்! மருத்துவர்கள் வெறுக்கும் இந்த ஒரு இரகசிய உத்தி! a major politician தினமும் இதை பயன்படுத்துகிறார்! இன்றே ஆர்டர் செய்யுங்கள்!,1,ta,FAKE,185,26
"Mumbai reported 2,300 new cases of dengue on Wednesday. Health authorities have deployed vaccines to manage the situation. Officials urge residents to stay home.",0,en,REAL,161,24
"EXCLUSIVE: Scientists DISCOVER that turmeric CURES influenza in just 7 days! Big Pharma DOESN'T want you to know! 2,300 doctors SILENCED for revealing this! WAKE UP! The New World Order is REAL!",1,en,FAKE,194,32
Hyderabad reported 10 million new cases of COVID-19 on Friday. Health authorities have deployed mobile units to manage the situation. Officials urge residents to wear masks.,0,en,REAL,173,26
இரகசியம் வெளியாயிற்று: lemon water 60 நாளில் malaria-ஐ குணப்படுத்துகிறது! பெரிய நிறுவனங்கள் இதை மறைக்கின்றன! 100 மருத்துவர்கள் இதை வெளியிட்டதால் நிறுத்தப்பட்டனர்! விழிப்புணர்வு பெறுங்கள்! New World Order உண்மையானது!,1,ta,FAKE,215,23
இரகசியம் வெளியாயிற்று: lemon water 21 நாளில் cholera-ஐ குணப்படுத்துகிறது! பெரிய நிறுவனங்கள் இதை மறைக்கின்றன! 45 மருத்துவர்கள் இதை வெளியிட்டதால் நிறுத்தப்பட்டனர்! விழிப்புணர்வு பெறுங்கள்! deep state plot உண்மையானது!,1,ta,FAKE,214,23
"அம்பலம்: a senior minister கேமராவில் lying under oath பிடிக்கப்பட்டனர்! 500,000 லட்சம் மக்கள் நீதி கோருகின்றனர்! Germany foreign agents காரணமாக நலிவடைகிறது! உடனே பகிருங்கள்!",1,ta,FAKE,173,21
"The SEBI announced today that new trade agreement will take effect from June 30. Officials confirmed the decision after 21 days of deliberation. The measure is expected to boost employment, according to AFP.",0,en,REAL,207,33
அம்பலம்: a senior minister கேமராவில் accepting bribe பிடிக்கப்பட்டனர்! 10 million லட்சம் மக்கள் நீதி கோருகின்றனர்! UK elites காரணமாக நலிவடைகிறது! உடனே பகிருங்கள்!,1,ta,FAKE,162,20
Kolkata-ல் Friday அன்று 12 புதிய COVID-19 வழக்குகள் பதிவாயின. சுகாதார அதிகாரிகள் நிலைமையை சமாளிக்க medical teams நிறுத்தினர். குடிமக்கள் stay home என்று அறிவுறுத்தப்படுகின்றனர்.,0,ta,REAL,177,20
BREAKING: a tech billionaire SECRETLY funds terror groups! Government HIDING the TRUTH about vaccines! SHARE before they DELETE this! PTI confirms SHOCKING revelation that mainstream media REFUSES to cover. This changes EVERYTHING!,1,en,FAKE,231,32
அதிர்ச்சி செய்தி: a famous actor இரகசியமாக meets foreign spy! அரசு 5G towers பற்றிய உண்மையை மறைக்கிறது! DELETE ஆவதற்கு முன் SHARE செய்யுங்கள்! Reuters இந்த அதிர்ச்சிகரமான உண்மையை உறுதிப்படுத்துகிறது!,1,ta,FAKE,199,25
Google நிறுவனம் stellar காலாண்டு வருவாய் அறிவித்ததால் Wednesday அன்று சந்தை surged. Goldman Sachs பகுப்பாய்வாளர்கள் 2025 கணிப்பை 8.1% ஆக திருத்தினர்.,0,ta,REAL,149,18
BREAKING: a major politician SECRETLY funds terror groups! Government HIDING the TRUTH about vaccines! SHARE before they DELETE this! Reuters confirms SHOCKING revelation that mainstream media REFUSES to cover. This changes EVERYTHING!,1,en,FAKE,235,32
"The RBI announced today that new trade agreement will take effect from April 5. Officials confirmed the decision after 21 days of deliberation. The measure is expected to boost employment, according to ministry spokesperson.",0,en,REAL,224,34
LEAKED: leaked email REVEALS that WHO plans to censor internet by 2035! Insiders FLEE for their lives! 12% of population at RISK! They are COMING for your property! RESIST now!,1,en,FAKE,176,30
"Researchers at Oxford published findings in Science showing that improved accuracy. The study, conducted over 5 years with 1,200 participants, concludes that early screening saves lives. Peer reviewers praised the methodology.",0,en,REAL,226,31
"The France government approved a $1,000 billion budget for defence. The plan, reviewed by cabinet, aims to achieve net-zero by 2035. Opposition parties offered mixed responses.",0,en,REAL,176,26
"Researchers at MIT published findings in Lancet showing that cut costs by 30%. The study, conducted over 2 years with 10,000 participants, concludes that early screening saves lives. Peer reviewers praised the methodology.",0,en,REAL,222,33
"Researchers at NUS published findings in NEJM showing that doubled lifespan. The study, conducted over 2 years with 10,000 participants, concludes that lifestyle changes matter. Peer reviewers praised the methodology.",0,en,REAL,217,30
BREAKING: a tech billionaire SECRETLY meets foreign spy! Government HIDING the TRUTH about chemtrails! SHARE before they DELETE this! Reuters confirms SHOCKING revelation that mainstream media REFUSES to cover. This changes EVERYTHING!,1,en,FAKE,235,32
"The Japan government approved a $200 billion budget for infrastructure. The plan, reviewed by finance ministry, aims to achieve net-zero by 2026. Opposition parties offered mixed responses.",0,en,REAL,189,27
அம்பலம்: the opposition leader கேமராவில் accepting bribe பிடிக்கப்பட்டனர்! 100 லட்சம் மக்கள் நீதி கோருகின்றனர்! USA globalists காரணமாக நலிவடைகிறது! உடனே பகிருங்கள்!,1,ta,FAKE,164,19
ALERT: a governor caught accepting bribe on camera — VIDEO PROOF! Deep state PANICKING! Over 12 million patriots DEMAND justice! USA is FALLING because of immigrants! RT if you AGREE! Share EVERYWHERE!,1,en,FAKE,201,32
"Researchers at NUS published findings in Nature showing that doubled lifespan. The study, conducted over 2 years with 500 participants, concludes that early screening saves lives. Peer reviewers praised the methodology.",0,en,REAL,219,31
"Oxford-இல் உள்ள ஆராய்ச்சியாளர்கள் Science இதழில் ஆய்வு முடிவுகளை வெளியிட்டனர். 3 ஆண்டுகள் 1,200 பங்கேற்பாளர்களுடன் நடத்தப்பட்ட இந்த ஆய்வு improved accuracy என்று கண்டறிந்தது. சகாக்கள் ஆய்வு முறையை பாராட்டினர்.",0,ta,REAL,209,23
BREAKING: a major politician SECRETLY funds terror groups! Government HIDING the TRUTH about vaccines! SHARE before they DELETE this! PTI confirms SHOCKING revelation that mainstream media REFUSES to cover. This changes EVERYTHING!,1,en,FAKE,231,32
Infosys நிறுவனம் disappointing காலாண்டு வருவாய் அறிவித்ததால் Thursday அன்று சந்தை rose. Goldman Sachs பகுப்பாய்வாளர்கள் 2026 கணிப்பை 6.3% ஆக திருத்தினர்.,0,ta,REAL,153,18
"Delhi-ல் Wednesday அன்று 2,300 புதிய cholera வழக்குகள் பதிவாயின. சுகாதார அதிகாரிகள் நிலைமையை சமாளிக்க testing kits நிறுத்தினர். குடிமக்கள் avoid crowding என்று அறிவுறுத்தப்படுகின்றனர்.",0,ta,REAL,184,20
அதிர்ச்சி செய்தி: a tech billionaire இரகசியமாக meets foreign spy! அரசு chemtrails பற்றிய உண்மையை மறைக்கிறது! DELETE ஆவதற்கு முன் SHARE செய்யுங்கள்! PTI இந்த அதிர்ச்சிகரமான உண்மையை உறுதிப்படுத்துகிறது!,1,ta,FAKE,200,24
LEAKED: classified file REVEALS that UN plans to microchip citizens by 2027! Insiders FLEE for their lives! 100% of population at RISK! They are COMING for your property! RESIST now!,1,en,FAKE,182,30
"The UN announced today that climate policy will take effect from December 1. Officials confirmed the decision after 60 days of deliberation. The measure is expected to cut emissions, according to senior official.",0,en,REAL,212,33
"UNESCO நிறுவனம் இன்று அறிவித்தது: climate policy January 1 முதல் நடைமுறைக்கு வரும். 30 நாள் ஆலோசனைக்குப் பிறகு அதிகாரிகள் இந்த முடிவை உறுதிப்படுத்தினர். PTI தெரிவிக்கும் வகையில், இந்த நடவடிக்கை cut emissions என்று எதிர்பார்க்கப்படுகிறது.",0,ta,REAL,237,28
அதிசயம்: a local farmer ஒரே 7 நாளில் 5 கிலோ குறைத்தனர்! மருத்துவர்கள் வெறுக்கும் இந்த ஒரு இரகசிய உத்தி! a tech billionaire தினமும் இதை பயன்படுத்துகிறார்! இன்றே ஆர்டர் செய்யுங்கள்!,1,ta,FAKE,179,25
BREAKING: a tech billionaire SECRETLY meets foreign spy! Government HIDING the TRUTH about climate! SHARE before they DELETE this! senior official confirms SHOCKING revelation that mainstream media REFUSES to cover. This changes EVERYTHING!,1,en,FAKE,240,33
கசிந்த ஆவணம்: WEF 2035-ல் control food supply திட்டமிடுகிறது! உள்நாட்டு தகவலாளர்கள் உயிருக்கு பயந்து ஓடுகின்றனர்! மக்களுக்கு property ஆபத்தில் உள்ளது! SHARE செய்யுங்கள்!,1,ta,FAKE,169,19
EXCLUSIVE: Scientists DISCOVER that turmeric CURES COVID-19 in just 60 days! Big Pharma DOESN'T want you to know! 100 doctors SILENCED for revealing this! WAKE UP! The New World Order is REAL!,1,en,FAKE,192,32
அதிசயம்: a retired teacher ஒரே 14 நாளில் 5 கிலோ குறைத்தனர்! மருத்துவர்கள் வெறுக்கும் இந்த ஒரு இரகசிய உத்தி! a major politician தினமும் இதை பயன்படுத்துகிறார்! இன்றே ஆர்டர் செய்யுங்கள்!,1,ta,FAKE,183,25
"The Germany government approved a $12 billion budget for agriculture. The plan, reviewed by finance ministry, aims to achieve net-zero by 2035. Opposition parties offered mixed responses.",0,en,REAL,187,27
"Researchers at Stanford published findings in Nature showing that doubled lifespan. The study, conducted over 5 years with 1,200 participants, concludes that early screening saves lives. Peer reviewers praised the methodology.",0,en,REAL,226,31
LEAKED: classified file REVEALS that WEF plans to microchip citizens by 2026! Insiders FLEE for their lives! 100% of population at RISK! They are COMING for your property! RESIST now!,1,en,FAKE,183,30
EXCLUSIVE: Scientists DISCOVER that coconut oil CURES influenza in just 21 days! Big Pharma DOESN'T want you to know! 10 million doctors SILENCED for revealing this! WAKE UP! The deep state plot is REAL!,1,en,FAKE,203,34
"NUS-இல் உள்ள ஆராய்ச்சியாளர்கள் Science இதழில் ஆய்வு முடிவுகளை வெளியிட்டனர். 3 ஆண்டுகள் 5,000 பங்கேற்பாளர்களுடன் நடத்தப்பட்ட இந்த ஆய்வு doubled lifespan என்று கண்டறிந்தது. சகாக்கள் ஆய்வு முறையை பாராட்டினர்.",0,ta,REAL,205,23
"MIRACLE: a mother of three LOSES 2,500 kg in 14 days using ONE weird trick doctors HATE! Experts BAFFLED! a tech billionaire uses this SECRET daily! ORDER before December 1 — LIMITED SUPPLY!",1,en,FAKE,190,33
அதிர்ச்சி செய்தி: a tech billionaire இரகசியமாக meets foreign spy! அரசு 5G towers பற்றிய உண்மையை மறைக்கிறது! DELETE ஆவதற்கு முன் SHARE செய்யுங்கள்! AFP இந்த அதிர்ச்சிகரமான உண்மையை உறுதிப்படுத்துகிறது!,1,ta,FAKE,199,25
"The Japan government approved a $12 billion budget for healthcare. The plan, reviewed by finance ministry, aims to achieve net-zero by 2035. Opposition parties offered mixed responses.",0,en,REAL,184,27
ALERT: the opposition leader caught lying under oath on camera — VIDEO PROOF! Deep state PANICKING! Over 45 million patriots DEMAND justice! Japan is FALLING because of foreign agents! RT if you AGREE! Share EVERYWHERE!,1,en,FAKE,219,35
"SEBI நிறுவனம் இன்று அறிவித்தது: tax reform January 1 முதல் நடைமுறைக்கு வரும். 60 நாள் ஆலோசனைக்குப் பிறகு அதிகாரிகள் இந்த முடிவை உறுதிப்படுத்தினர். PTI தெரிவிக்கும் வகையில், இந்த நடவடிக்கை reduce inflation என்று எதிர்பார்க்கப்படுகிறது.",0,ta,REAL,234,28
"ALERT: a senior minister caught hiding documents on camera — VIDEO PROOF! Deep state PANICKING! Over 500,000 million patriots DEMAND justice! Germany is FALLING because of foreign agents! RT if you AGREE! Share EVERYWHERE!",1,en,FAKE,222,34
"The NASA announced today that climate policy will take effect from December 1. Officials confirmed the decision after 21 days of deliberation. The measure is expected to reduce inflation, according to PTI.",0,en,REAL,205,32
"Researchers at MIT published findings in NEJM showing that cut costs by 30%. The study, conducted over 3 years with 500 participants, concludes that diet is key. Peer reviewers praised the methodology.",0,en,REAL,201,32
இரகசியம் வெளியாயிற்று: garlic 30 நாளில் COVID-19-ஐ குணப்படுத்துகிறது! பெரிய நிறுவனங்கள் இதை மறைக்கின்றன! 10 million மருத்துவர்கள் இதை வெளியிட்டதால் நிறுத்தப்பட்டனர்! விழிப்புணர்வு பெறுங்கள்! New World Order உண்மையானது!,1,ta,FAKE,218,23
"The IMF announced today that new trade agreement will take effect from March 15. Officials confirmed the decision after 7 days of deliberation. The measure is expected to cut emissions, according to Reuters.",0,en,REAL,207,33
BREAKING: a famous actor SECRETLY meets foreign spy! Government HIDING the TRUTH about chemtrails! SHARE before they DELETE this! Reuters confirms SHOCKING revelation that mainstream media REFUSES to cover. This changes EVERYTHING!,1,en,FAKE,231,32
"Chennai reported 500,000 new cases of dengue on Wednesday. Health authorities have deployed mobile units to manage the situation. Officials urge residents to avoid crowding.",0,en,REAL,173,25
"Researchers at BITS Pilani published findings in Science showing that improved accuracy. The study, conducted over 10 years with 5,000 participants, concludes that diet is key. Peer reviewers praised the methodology.",0,en,REAL,216,31
USA அரசு defence துறைக்கு ₹50 கோடி நிதி ஒதுக்கியது. finance ministry மதிப்பாய்வு செய்த திட்டம் 2035-ல் achieve net-zero நோக்கமாக கொண்டுள்ளது. எதிர்க்கட்சிகள் கலவையான கருத்துக்களை தெரிவித்தன.,0,ta,REAL,190,22
BREAKING: a tech billionaire SECRETLY meets foreign spy! Government HIDING the TRUTH about 5G towers! SHARE before they DELETE this! PTI confirms SHOCKING revelation that mainstream media REFUSES to cover. This changes EVERYTHING!,1,en,FAKE,230,33
"LEAKED: leaked email REVEALS that WHO plans to control food supply by 2035! Insiders FLEE for their lives! 500,000% of population at RISK! They are COMING for your gun rights! RESIST now!",1,en,FAKE,187,32
"அதிசயம்: a local farmer ஒரே 21 நாளில் 1,000 கிலோ குறைத்தனர்! மருத்துவர்கள் வெறுக்கும் இந்த ஒரு இரகசிய உத்தி! a tech billionaire தினமும் இதை பயன்படுத்துகிறார்! இன்றே ஆர்டர் செய்யுங்கள்!",1,ta,FAKE,184,25
"IIT Madras-இல் உள்ள ஆராய்ச்சியாளர்கள் Nature இதழில் ஆய்வு முடிவுகளை வெளியிட்டனர். 3 ஆண்டுகள் 1,200 பங்கேற்பாளர்களுடன் நடத்தப்பட்ட இந்த ஆய்வு cut costs by 30% என்று கண்டறிந்தது. சகாக்கள் ஆய்வு முறையை பாராட்டினர்.",0,ta,REAL,211,26
"Stock markets fell on Friday as TCS reported disappointing quarterly earnings. Analysts at ICICI revised their 2030 forecast to 9.0%, citing cost pressures.",0,en,REAL,156,23
"The SEBI announced today that climate policy will take effect from March 15. Officials confirmed the decision after 21 days of deliberation. The measure is expected to reduce inflation, according to PTI.",0,en,REAL,203,32
"இரகசியம் வெளியாயிற்று: lemon water 21 நாளில் dengue-ஐ குணப்படுத்துகிறது! பெரிய நிறுவனங்கள் இதை மறைக்கின்றன! 500,000 மருத்துவர்கள் இதை வெளியிட்டதால் நிறுத்தப்பட்டனர்! விழிப்புணர்வு பெறுங்கள்! New World Order உண்மையானது!",1,ta,FAKE,218,23
கசிந்த ஆவணம்: UN 2026-ல் censor internet திட்டமிடுகிறது! உள்நாட்டு தகவலாளர்கள் உயிருக்கு பயந்து ஓடுகின்றனர்! மக்களுக்கு freedom of speech ஆபத்தில் உள்ளது! SHARE செய்யுங்கள்!,1,ta,FAKE,173,20
EXCLUSIVE: Scientists DISCOVER that neem CURES malaria in just 7 days! Big Pharma DOESN'T want you to know! 100 doctors SILENCED for revealing this! WAKE UP! The Big Pharma cover-up is REAL!,1,en,FAKE,190,32
"அம்பலம்: the opposition leader கேமராவில் lying under oath பிடிக்கப்பட்டனர்! 500,000 லட்சம் மக்கள் நீதி கோருகின்றனர்! France foreign agents காரணமாக நலிவடைகிறது! உடனே பகிருங்கள்!",1,ta,FAKE,176,21
இரகசியம் வெளியாயிற்று: lemon water 21 நாளில் dengue-ஐ குணப்படுத்துகிறது! பெரிய நிறுவனங்கள் இதை மறைக்கின்றன! 12 மருத்துவர்கள் இதை வெளியிட்டதால் நிறுத்தப்பட்டனர்! விழிப்புணர்வு பெறுங்கள்! deep state plot உண்மையானது!,1,ta,FAKE,213,23
"WHO நிறுவனம் இன்று அறிவித்தது: vaccine mandate December 1 முதல் நடைமுறைக்கு வரும். 60 நாள் ஆலோசனைக்குப் பிறகு அதிகாரிகள் இந்த முடிவை உறுதிப்படுத்தினர். ministry spokesperson தெரிவிக்கும் வகையில், இந்த நடவடிக்கை reduce inflation என்று எதிர்பார்க்கப்படுகிறது.",0,ta,REAL,257,29
அதிர்ச்சி செய்தி: a major politician இரகசியமாக funds terror groups! அரசு water supply பற்றிய உண்மையை மறைக்கிறது! DELETE ஆவதற்கு முன் SHARE செய்யுங்கள்! Reuters இந்த அதிர்ச்சிகரமான உண்மையை உறுதிப்படுத்துகிறது!,1,ta,FAKE,208,25
அதிசயம்: a mother of three ஒரே 21 நாளில் 12 கிலோ குறைத்தனர்! மருத்துவர்கள் வெறுக்கும் இந்த ஒரு இரகசிய உத்தி! a major politician தினமும் இதை பயன்படுத்துகிறார்! இன்றே ஆர்டர் செய்யுங்கள்!,1,ta,FAKE,184,26
TCS நிறுவனம் record காலாண்டு வருவாய் அறிவித்ததால் Tuesday அன்று சந்தை surged. Morgan Stanley பகுப்பாய்வாளர்கள் 2025 கணிப்பை 9.0% ஆக திருத்தினர்.,0,ta,REAL,144,18
ALERT: the opposition leader caught lying under oath on camera — VIDEO PROOF! Deep state PANICKING! Over 12 million patriots DEMAND justice! UK is FALLING because of elites! RT if you AGREE! Share EVERYWHERE!,1,en,FAKE,208,34
LEAKED: secret memo REVEALS that government plans to censor internet by 2027! Insiders FLEE for their lives! 100% of population at RISK! They are COMING for your privacy! RESIST now!,1,en,FAKE,182,30
"அம்பலம்: a senior minister கேமராவில் accepting bribe பிடிக்கப்பட்டனர்! 2,300 லட்சம் மக்கள் நீதி கோருகின்றனர்! France globalists காரணமாக நலிவடைகிறது! உடனே பகிருங்கள்!",1,ta,FAKE,165,19
Reliance நிறுவனம் stellar காலாண்டு வருவாய் அறிவித்ததால் Wednesday அன்று சந்தை rallied. Goldman Sachs பகுப்பாய்வாளர்கள் 2025 கணிப்பை 8.1% ஆக திருத்தினர்.,0,ta,REAL,152,18
"The UNESCO announced today that climate policy will take effect from March 15. Officials confirmed the decision after 21 days of deliberation. The measure is expected to cut emissions, according to AFP.",0,en,REAL,202,32
Delhi-ல் Wednesday அன்று 12 புதிய influenza வழக்குகள் பதிவாயின. சுகாதார அதிகாரிகள் நிலைமையை சமாளிக்க medical teams நிறுத்தினர். குடிமக்கள் avoid crowding என்று அறிவுறுத்தப்படுகின்றனர்.,0,ta,REAL,184,20
அதிர்ச்சி செய்தி: a famous actor இரகசியமாக betrays nation! அரசு chemtrails பற்றிய உண்மையை மறைக்கிறது! DELETE ஆவதற்கு முன் SHARE செய்யுங்கள்! ministry spokesperson இந்த அதிர்ச்சிகரமான உண்மையை உறுதிப்படுத்துகிறது!,1,ta,FAKE,211,24
MIRACLE: a retired teacher LOSES 12 kg in 7 days using ONE weird trick doctors HATE! Experts BAFFLED! a famous actor uses this SECRET daily! ORDER before June 30 — LIMITED SUPPLY!,1,en,FAKE,179,32
"Kolkata-ல் Thursday அன்று 2,300 புதிய COVID-19 வழக்குகள் பதிவாயின. சுகாதார அதிகாரிகள் நிலைமையை சமாளிக்க vaccines நிறுத்தினர். குடிமக்கள் get vaccinated என்று அறிவுறுத்தப்படுகின்றனர்.",0,ta,REAL,182,19
"BITS Pilani-இல் உள்ள ஆராய்ச்சியாளர்கள் NEJM இதழில் ஆய்வு முடிவுகளை வெளியிட்டனர். 3 ஆண்டுகள் 5,000 பங்கேற்பாளர்களுடன் நடத்தப்பட்ட இந்த ஆய்வு improved accuracy என்று கண்டறிந்தது. சகாக்கள் ஆய்வு முறையை பாராட்டினர்.",0,ta,REAL,211,24
Delhi reported 10 million new cases of dengue on Tuesday. Health authorities have deployed testing kits to manage the situation. Officials urge residents to avoid crowding.,0,en,REAL,172,26
Delhi reported 12 new cases of malaria on Friday. Health authorities have deployed mobile units to manage the situation. Officials urge residents to avoid crowding.,0,en,REAL,164,25
"France அரசு healthcare துறைக்கு ₹2,500 கோடி நிதி ஒதுக்கியது. parliament மதிப்பாய்வு செய்த திட்டம் 2035-ல் eradicate poverty நோக்கமாக கொண்டுள்ளது. எதிர்க்கட்சிகள் கலவையான கருத்துக்களை தெரிவித்தன.",0,ta,REAL,194,21
"The Japan government approved a $5 billion budget for agriculture. The plan, reviewed by expert panel, aims to eradicate poverty by 2026. Opposition parties offered mixed responses.",0,en,REAL,181,27
"NUS-இல் உள்ள ஆராய்ச்சியாளர்கள் NEJM இதழில் ஆய்வு முடிவுகளை வெளியிட்டனர். 10 ஆண்டுகள் 10,000 பங்கேற்பாளர்களுடன் நடத்தப்பட்ட இந்த ஆய்வு doubled lifespan என்று கண்டறிந்தது. சகாக்கள் ஆய்வு முறையை பாராட்டினர்.",0,ta,REAL,204,23
Hyderabad reported 100 new cases of influenza on Thursday. Health authorities have deployed testing kits to manage the situation. Officials urge residents to stay home.,0,en,REAL,168,25
"Researchers at BITS Pilani published findings in Nature showing that cut costs by 30%. The study, conducted over 10 years with 500 participants, concludes that early screening saves lives. Peer reviewers praised the methodology.",0,en,REAL,228,34
"Stanford-இல் உள்ள ஆராய்ச்சியாளர்கள் Science இதழில் ஆய்வு முடிவுகளை வெளியிட்டனர். 3 ஆண்டுகள் 10,000 பங்கேற்பாளர்களுடன் நடத்தப்பட்ட இந்த ஆய்வு cut costs by 30% என்று கண்டறிந்தது. சகாக்கள் ஆய்வு முறையை பாராட்டினர்.",0,ta,REAL,211,25
"ALERT: a governor caught accepting bribe on camera — VIDEO PROOF! Deep state PANICKING! Over 2,300 million patriots DEMAND justice! France is FALLING because of foreign agents! RT if you AGREE! Share EVERYWHERE!",1,en,FAKE,211,33
BREAKING: a tech billionaire SECRETLY meets foreign spy! Government HIDING the TRUTH about climate! SHARE before they DELETE this! Reuters confirms SHOCKING revelation that mainstream media REFUSES to cover. This changes EVERYTHING!,1,en,FAKE,232,32
அதிர்ச்சி செய்தி: a tech billionaire இரகசியமாக funds terror groups! அரசு chemtrails பற்றிய உண்மையை மறைக்கிறது! DELETE ஆவதற்கு முன் SHARE செய்யுங்கள்! Reuters இந்த அதிர்ச்சிகரமான உண்மையை உறுதிப்படுத்துகிறது!,1,ta,FAKE,206,24
EXCLUSIVE: Scientists DISCOVER that coconut oil CURES dengue in just 90 days! Big Pharma DOESN'T want you to know! 100 doctors SILENCED for revealing this! WAKE UP! The Big Pharma cover-up is REAL!,1,en,FAKE,197,33
France அரசு healthcare துறைக்கு ₹5 கோடி நிதி ஒதுக்கியது. finance ministry மதிப்பாய்வு செய்த திட்டம் 2035-ல் boost GDP by 7% நோக்கமாக கொண்டுள்ளது. எதிர்க்கட்சிகள் கலவையான கருத்துக்களை தெரிவித்தன.,0,ta,REAL,194,24
"The WHO announced today that climate policy will take effect from December 1. Officials confirmed the decision after 14 days of deliberation. The measure is expected to cut emissions, according to senior official.",0,en,REAL,213,33
USA அரசு agriculture துறைக்கு ₹5 கோடி நிதி ஒதுக்கியது. expert panel மதிப்பாய்வு செய்த திட்டம் 2030-ல் eradicate poverty நோக்கமாக கொண்டுள்ளது. எதிர்க்கட்சிகள் கலவையான கருத்துக்களை தெரிவித்தன.,0,ta,REAL,190,22
"Researchers at IIT Madras published findings in Nature showing that doubled lifespan. The study, conducted over 2 years with 500 participants, concludes that lifestyle changes matter. Peer reviewers praised the methodology.",0,en,REAL,223,31
Hyderabad reported 45 new cases of malaria on Wednesday. Health authorities have deployed mobile units to manage the situation. Officials urge residents to avoid crowding.,0,en,REAL,171,25
அதிசயம்: a mother of three ஒரே 60 நாளில் 5 கிலோ குறைத்தனர்! மருத்துவர்கள் வெறுக்கும் இந்த ஒரு இரகசிய உத்தி! a famous actor தினமும் இதை பயன்படுத்துகிறார்! இன்றே ஆர்டர் செய்யுங்கள்!,1,ta,FAKE,179,26
BREAKING: a tech billionaire SECRETLY funds terror groups! Government HIDING the TRUTH about water supply! SHARE before they DELETE this! senior official confirms SHOCKING revelation that mainstream media REFUSES to cover. This changes EVERYTHING!,1,en,FAKE,247,34
"The UN announced today that vaccine mandate will take effect from March 15. Officials confirmed the decision after 60 days of deliberation. The measure is expected to improve healthcare, according to Reuters.",0,en,REAL,208,32
LEAKED: secret memo REVEALS that government plans to censor internet by 2035! Insiders FLEE for their lives! 12% of population at RISK! They are COMING for your gun rights! RESIST now!,1,en,FAKE,184,31
LEAKED: secret memo REVEALS that UN plans to microchip citizens by 2035! Insiders FLEE for their lives! 45% of population at RISK! They are COMING for your privacy! RESIST now!,1,en,FAKE,176,30
அதிர்ச்சி செய்தி: a tech billionaire இரகசியமாக betrays nation! அரசு chemtrails பற்றிய உண்மையை மறைக்கிறது! DELETE ஆவதற்கு முன் SHARE செய்யுங்கள்! AFP இந்த அதிர்ச்சிகரமான உண்மையை உறுதிப்படுத்துகிறது!,1,ta,FAKE,197,23
"ALERT: the opposition leader caught accepting bribe on camera — VIDEO PROOF! Deep state PANICKING! Over 500,000 million patriots DEMAND justice! Japan is FALLING because of globalists! RT if you AGREE! Share EVERYWHERE!",1,en,FAKE,219,33
"Stock markets rose on Friday as Apple reported record quarterly earnings. Analysts at JPMorgan revised their 2025 forecast to 9.0%, citing strong demand.",0,en,REAL,153,23
Google நிறுவனம் record காலாண்டு வருவாய் அறிவித்ததால் Wednesday அன்று சந்தை surged. Morgan Stanley பகுப்பாய்வாளர்கள் 2035 கணிப்பை 8.1% ஆக திருத்தினர்.,0,ta,REAL,149,18
கசிந்த ஆவணம்: WHO 2035-ல் microchip citizens திட்டமிடுகிறது! உள்நாட்டு தகவலாளர்கள் உயிருக்கு பயந்து ஓடுகின்றனர்! மக்களுக்கு privacy ஆபத்தில் உள்ளது! SHARE செய்யுங்கள்!,1,ta,FAKE,167,18
அதிசயம்: a local farmer ஒரே 21 நாளில் 200 கிலோ குறைத்தனர்! மருத்துவர்கள் வெறுக்கும் இந்த ஒரு இரகசிய உத்தி! a famous actor தினமும் இதை பயன்படுத்துகிறார்! இன்றே ஆர்டர் செய்யுங்கள்!,1,ta,FAKE,178,25
LEAKED: classified file REVEALS that government plans to censor internet by 2030! Insiders FLEE for their lives! 45% of population at RISK! They are COMING for your gun rights! RESIST now!,1,en,FAKE,188,31
"ALERT: a senior minister caught hiding documents on camera — VIDEO PROOF! Deep state PANICKING! Over 2,300 million patriots DEMAND justice! France is FALLING because of elites! RT if you AGREE! Share EVERYWHERE!",1,en,FAKE,211,33
"அம்பலம்: a senior minister கேமராவில் accepting bribe பிடிக்கப்பட்டனர்! 500,000 லட்சம் மக்கள் நீதி கோருகின்றனர்! Germany elites காரணமாக நலிவடைகிறது! உடனே பகிருங்கள்!",1,ta,FAKE,164,19
"Delhi-ல் Monday அன்று 500,000 புதிய malaria வழக்குகள் பதிவாயின. சுகாதார அதிகாரிகள் நிலைமையை சமாளிக்க medical teams நிறுத்தினர். குடிமக்கள் avoid crowding என்று அறிவுறுத்தப்படுகின்றனர்.",0,ta,REAL,184,20
"The IMF announced today that new trade agreement will take effect from June 30. Officials confirmed the decision after 60 days of deliberation. The measure is expected to improve healthcare, according to ministry spokesperson.",0,en,REAL,226,34
அம்பலம்: the opposition leader கேமராவில் accepting bribe பிடிக்கப்பட்டனர்! 10 million லட்சம் மக்கள் நீதி கோருகின்றனர்! UK elites காரணமாக நலிவடைகிறது! உடனே பகிருங்கள்!,1,ta,FAKE,166,20
"The WHO announced today that climate policy will take effect from April 5. Officials confirmed the decision after 60 days of deliberation. The measure is expected to cut emissions, according to Reuters.",0,en,REAL,202,32
"Stock markets dipped on Monday as HDFC reported disappointing quarterly earnings. Analysts at JPMorgan revised their 2027 forecast to 9.0%, citing supply chain issues.",0,en,REAL,167,24
"The UK government approved a $5 billion budget for infrastructure. The plan, reviewed by cabinet, aims to boost GDP by 7% by 2027. Opposition parties offered mixed responses.",0,en,REAL,174,28
"இரகசியம் வெளியாயிற்று: turmeric 21 நாளில் COVID-19-ஐ குணப்படுத்துகிறது! பெரிய நிறுவனங்கள் இதை மறைக்கின்றன! 500,000 மருத்துவர்கள் இதை வெளியிட்டதால் நிறுத்தப்பட்டனர்! விழிப்புணர்வு பெறுங்கள்! Big Pharma cover-up உண்மையானது!",1,ta,FAKE,221,22
"Researchers at NUS published findings in Science showing that doubled lifespan. The study, conducted over 5 years with 10,000 participants, concludes that lifestyle changes matter. Peer reviewers praised the methodology.",0,en,REAL,220,30
ALERT: a senior minister caught accepting bribe on camera — VIDEO PROOF! Deep state PANICKING! Over 100 million patriots DEMAND justice! India is FALLING because of foreign agents! RT if you AGREE! Share EVERYWHERE!,1,en,FAKE,215,34
HDFC நிறுவனம் mixed காலாண்டு வருவாய் அறிவித்ததால் Thursday அன்று சந்தை rallied. Goldman Sachs பகுப்பாய்வாளர்கள் 2035 கணிப்பை 9.0% ஆக திருத்தினர்.,0,ta,REAL,145,18
Tesla நிறுவனம் record காலாண்டு வருவாய் அறிவித்ததால் Monday அன்று சந்தை rose. Morgan Stanley பகுப்பாய்வாளர்கள் 2025 கணிப்பை 6.3% ஆக திருத்தினர்.,0,ta,REAL,143,18
HDFC நிறுவனம் disappointing காலாண்டு வருவாய் அறிவித்ததால் Monday அன்று சந்தை rose. ICICI பகுப்பாய்வாளர்கள் 2035 கணிப்பை 7.5% ஆக திருத்தினர்.,0,ta,REAL,140,17
"Stock markets dipped on Friday as Reliance reported disappointing quarterly earnings. Analysts at Citi revised their 2027 forecast to 6.3%, citing strong demand.",0,en,REAL,161,23
இரகசியம் வெளியாயிற்று: lemon water 30 நாளில் dengue-ஐ குணப்படுத்துகிறது! பெரிய நிறுவனங்கள் இதை மறைக்கின்றன! 45 மருத்துவர்கள் இதை வெளியிட்டதால் நிறுத்தப்பட்டனர்! விழிப்புணர்வு பெறுங்கள்! New World Order உண்மையானது!,1,ta,FAKE,213,23
கசிந்த ஆவணம்: UN 2035-ல் microchip citizens திட்டமிடுகிறது! உள்நாட்டு தகவலாளர்கள் உயிருக்கு பயந்து ஓடுகின்றனர்! மக்களுக்கு privacy ஆபத்தில் உள்ளது! SHARE செய்யுங்கள்!,1,ta,FAKE,166,18
"BITS Pilani-இல் உள்ள ஆராய்ச்சியாளர்கள் Science இதழில் ஆய்வு முடிவுகளை வெளியிட்டனர். 3 ஆண்டுகள் 1,200 பங்கேற்பாளர்களுடன் நடத்தப்பட்ட இந்த ஆய்வு cut costs by 30% என்று கண்டறிந்தது. சகாக்கள் ஆய்வு முறையை பாராட்டினர்.",0,ta,REAL,213,26
கசிந்த ஆவணம்: WHO 2035-ல் control food supply திட்டமிடுகிறது! உள்நாட்டு தகவலாளர்கள் உயிருக்கு பயந்து ஓடுகின்றனர்! மக்களுக்கு freedom of speech ஆபத்தில் உள்ளது! SHARE செய்யுங்கள்!,1,ta,FAKE,178,21
"The UN announced today that new trade agreement will take effect from March 15. Officials confirmed the decision after 14 days of deliberation. The measure is expected to boost employment, according to Reuters.",0,en,REAL,210,33
EXCLUSIVE: Scientists DISCOVER that turmeric CURES dengue in just 30 days! Big Pharma DOESN'T want you to know! 12 doctors SILENCED for revealing this! WAKE UP! The Big Pharma cover-up is REAL!,1,en,FAKE,193,32
Reliance நிறுவனம் strong காலாண்டு வருவாய் அறிவித்ததால் Friday அன்று சந்தை dipped. Morgan Stanley பகுப்பாய்வாளர்கள் 2027 கணிப்பை 6.3% ஆக திருத்தினர்.,0,ta,REAL,148,18
அதிர்ச்சி செய்தி: a famous actor இரகசியமாக funds terror groups! அரசு 5G towers பற்றிய உண்மையை மறைக்கிறது! DELETE ஆவதற்கு முன் SHARE செய்யுங்கள்! Reuters இந்த அதிர்ச்சிகரமான உண்மையை உறுதிப்படுத்துகிறது!,1,ta,FAKE,201,25
இரகசியம் வெளியாயிற்று: lemon water 60 நாளில் cholera-ஐ குணப்படுத்துகிறது! பெரிய நிறுவனங்கள் இதை மறைக்கின்றன! 45 மருத்துவர்கள் இதை வெளியிட்டதால் நிறுத்தப்பட்டனர்! விழிப்புணர்வு பெறுங்கள்! deep state plot உண்மையானது!,1,ta,FAKE,214,23
Mumbai reported 12 new cases of dengue on Thursday. Health authorities have deployed mobile units to manage the situation. Officials urge residents to get vaccinated.,0,en,REAL,166,25
BREAKING: a major politician SECRETLY meets foreign spy! Government HIDING the TRUTH about climate! SHARE before they DELETE this! senior official confirms SHOCKING revelation that mainstream media REFUSES to cover. This changes EVERYTHING!,1,en,FAKE,240,33
"LEAKED: leaked email REVEALS that WHO plans to censor internet by 2026! Insiders FLEE for their lives! 500,000% of population at RISK! They are COMING for your gun rights! RESIST now!",1,en,FAKE,183,31
"The SEBI announced today that climate policy will take effect from April 5. Officials confirmed the decision after 7 days of deliberation. The measure is expected to cut emissions, according to PTI.",0,en,REAL,198,32
EXCLUSIVE: Scientists DISCOVER that turmeric CURES cholera in just 21 days! Big Pharma DOESN'T want you to know! 12 doctors SILENCED for revealing this! WAKE UP! The deep state plot is REAL!,1,en,FAKE,190,32
"The IMF announced today that new trade agreement will take effect from March 15. Officials confirmed the decision after 7 days of deliberation. The measure is expected to cut emissions, according to AFP.",0,en,REAL,203,33
LEAKED: leaked email REVEALS that UN plans to microchip citizens by 2030! Insiders FLEE for their lives! 45% of population at RISK! They are COMING for your freedom of speech! RESIST now!,1,en,FAKE,187,32
"The Japan government approved a $2,500 billion budget for defence. The plan, reviewed by expert panel, aims to boost GDP by 7% by 2025. Opposition parties offered mixed responses.",0,en,REAL,179,29
"Mumbai-ல் Friday அன்று 2,300 புதிய COVID-19 வழக்குகள் பதிவாயின. சுகாதார அதிகாரிகள் நிலைமையை சமாளிக்க testing kits நிறுத்தினர். குடிமக்கள் stay home என்று அறிவுறுத்தப்படுகின்றனர்.",0,ta,REAL,178,20
அதிர்ச்சி செய்தி: a tech billionaire இரகசியமாக betrays nation! அரசு water supply பற்றிய உண்மையை மறைக்கிறது! DELETE ஆவதற்கு முன் SHARE செய்யுங்கள்! AFP இந்த அதிர்ச்சிகரமான உண்மையை உறுதிப்படுத்துகிறது!,1,ta,FAKE,199,24
அம்பலம்: the opposition leader கேமராவில் accepting bribe பிடிக்கப்பட்டனர்! 45 லட்சம் மக்கள் நீதி கோருகின்றனர்! UK immigrants காரணமாக நலிவடைகிறது! உடனே பகிருங்கள்!,1,ta,FAKE,162,19
"Stock markets plunged on Wednesday as Apple reported record quarterly earnings. Analysts at JPMorgan revised their 2035 forecast to 4.2%, citing supply chain issues.",0,en,REAL,165,24
MIRACLE: a local farmer LOSES 12 kg in 30 days using ONE weird trick doctors HATE! Experts BAFFLED! a famous actor uses this SECRET daily! ORDER before December 1 — LIMITED SUPPLY!,1,en,FAKE,180,32
கசிந்த ஆவணம்: UN 2027-ல் censor internet திட்டமிடுகிறது! உள்நாட்டு தகவலாளர்கள் உயிருக்கு பயந்து ஓடுகின்றனர்! மக்களுக்கு privacy ஆபத்தில் உள்ளது! SHARE செய்யுங்கள்!,1,ta,FAKE,163,18
அதிசயம்: a local farmer ஒரே 30 நாளில் 5 கிலோ குறைத்தனர்! மருத்துவர்கள் வெறுக்கும் இந்த ஒரு இரகசிய உத்தி! a major politician தினமும் இதை பயன்படுத்துகிறார்! இன்றே ஆர்டர் செய்யுங்கள்!,1,ta,FAKE,180,25
"The UNESCO announced today that new trade agreement will take effect from January 1. Officials confirmed the decision after 7 days of deliberation. The measure is expected to reduce inflation, according to ministry spokesperson.",0,en,REAL,228,34
MIRACLE: a local farmer LOSES 200 kg in 60 days using ONE weird trick doctors HATE! Experts BAFFLED! a famous actor uses this SECRET daily! ORDER before June 30 — LIMITED SUPPLY!,1,en,FAKE,178,32
அதிர்ச்சி செய்தி: a major politician இரகசியமாக meets foreign spy! அரசு water supply பற்றிய உண்மையை மறைக்கிறது! DELETE ஆவதற்கு முன் SHARE செய்யுங்கள்! Reuters இந்த அதிர்ச்சிகரமான உண்மையை உறுதிப்படுத்துகிறது!,1,ta,FAKE,206,25
Delhi reported 45 new cases of cholera on Friday. Health authorities have deployed medical teams to manage the situation. Officials urge residents to get vaccinated.,0,en,REAL,165,25
EXCLUSIVE: Scientists DISCOVER that garlic CURES dengue in just 30 days! Big Pharma DOESN'T want you to know! 12 doctors SILENCED for revealing this! WAKE UP! The New World Order is REAL!,1,en,FAKE,187,32
Google நிறுவனம் mixed காலாண்டு வருவாய் அறிவித்ததால் Monday அன்று சந்தை rallied. Citi பகுப்பாய்வாளர்கள் 2030 கணிப்பை 4.2% ஆக திருத்தினர்.,0,ta,REAL,136,17
USA அரசு healthcare துறைக்கு ₹50 கோடி நிதி ஒதுக்கியது. expert panel மதிப்பாய்வு செய்த திட்டம் 2030-ல் eradicate poverty நோக்கமாக கொண்டுள்ளது. எதிர்க்கட்சிகள் கலவையான கருத்துக்களை தெரிவித்தன.,0,ta,REAL,190,22
Hyderabad-ல் Tuesday அன்று 45 புதிய dengue வழக்குகள் பதிவாயின. சுகாதார அதிகாரிகள் நிலைமையை சமாளிக்க mobile units நிறுத்தினர். குடிமக்கள் stay home என்று அறிவுறுத்தப்படுகின்றனர்.,0,ta,REAL,177,20
ALERT: the opposition leader caught hiding documents on camera — VIDEO PROOF! Deep state PANICKING! Over 10 million million patriots DEMAND justice! Japan is FALLING because of immigrants! RT if you AGREE! Share EVERYWHERE!,1,en,FAKE,223,34
"The UNESCO announced today that new trade agreement will take effect from April 5. Officials confirmed the decision after 14 days of deliberation. The measure is expected to cut emissions, according to Reuters.",0,en,REAL,210,33
அதிசயம்: a mother of three ஒரே 30 நாளில் 12 கிலோ குறைத்தனர்! மருத்துவர்கள் வெறுக்கும் இந்த ஒரு இரகசிய உத்தி! a tech billionaire தினமும் இதை பயன்படுத்துகிறார்! இன்றே ஆர்டர் செய்யுங்கள்!,1,ta,FAKE,184,26
"Researchers at Oxford published findings in NEJM showing that improved accuracy. The study, conducted over 2 years with 500 participants, concludes that early screening saves lives. Peer reviewers praised the methodology.",0,en,REAL,221,31
"The France government approved a $2,500 billion budget for infrastructure. The plan, reviewed by parliament, aims to eradicate poverty by 2027. Opposition parties offered mixed responses.",0,en,REAL,187,26
"The UK government approved a $2,500 billion budget for healthcare. The plan, reviewed by cabinet, aims to eradicate poverty by 2026. Opposition parties offered mixed responses.",0,en,REAL,176,26
"NUS-இல் உள்ள ஆராய்ச்சியாளர்கள் Cell இதழில் ஆய்வு முடிவுகளை வெளியிட்டனர். 10 ஆண்டுகள் 10,000 பங்கேற்பாளர்களுடன் நடத்தப்பட்ட இந்த ஆய்வு doubled lifespan என்று கண்டறிந்தது. சகாக்கள் ஆய்வு முறையை பாராட்டினர்.",0,ta,REAL,204,23
EXCLUSIVE: Scientists DISCOVER that neem CURES influenza in just 21 days! Big Pharma DOESN'T want you to know! 45 doctors SILENCED for revealing this! WAKE UP! The deep state plot is REAL!,1,en,FAKE,188,32
"Stock markets plunged on Tuesday as Apple reported strong quarterly earnings. Analysts at JPMorgan revised their 2030 forecast to 7.5%, citing supply chain issues.",0,en,REAL,163,24
Japan அரசு education துறைக்கு ₹50 கோடி நிதி ஒதுக்கியது. cabinet மதிப்பாய்வு செய்த திட்டம் 2030-ல் boost GDP by 7% நோக்கமாக கொண்டுள்ளது. எதிர்க்கட்சிகள் கலவையான கருத்துக்களை தெரிவித்தன.,0,ta,REAL,184,23
Delhi-ல் Friday அன்று 10 million புதிய COVID-19 வழக்குகள் பதிவாயின. சுகாதார அதிகாரிகள் நிலைமையை சமாளிக்க medical teams நிறுத்தினர். குடிமக்கள் wear masks என்று அறிவுறுத்தப்படுகின்றனர்.,0,ta,REAL,184,21
MIRACLE: a mother of three LOSES 200 kg in 14 days using ONE weird trick doctors HATE! Experts BAFFLED! a famous actor uses this SECRET daily! ORDER before June 30 — LIMITED SUPPLY!,1,en,FAKE,181,33
Tesla நிறுவனம் stellar காலாண்டு வருவாய் அறிவித்ததால் Thursday அன்று சந்தை rallied. Citi பகுப்பாய்வாளர்கள் 2035 கணிப்பை 8.1% ஆக திருத்தினர்.,0,ta,REAL,139,17
"Stock markets rose on Thursday as HDFC reported mixed quarterly earnings. Analysts at JPMorgan revised their 2025 forecast to 9.0%, citing strong demand.",0,en,REAL,153,23
"ALERT: the opposition leader caught lying under oath on camera — VIDEO PROOF! Deep state PANICKING! Over 2,300 million patriots DEMAND justice! Germany is FALLING because of globalists! RT if you AGREE! Share EVERYWHERE!",1,en,FAKE,220,34
HDFC நிறுவனம் disappointing காலாண்டு வருவாய் அறிவித்ததால் Thursday அன்று சந்தை rallied. ICICI பகுப்பாய்வாளர்கள் 2026 கணிப்பை 6.3% ஆக திருத்தினர்.,0,ta,REAL,145,17
அதிர்ச்சி செய்தி: a famous actor இரகசியமாக betrays nation! அரசு 5G towers பற்றிய உண்மையை மறைக்கிறது! DELETE ஆவதற்கு முன் SHARE செய்யுங்கள்! PTI இந்த அதிர்ச்சிகரமான உண்மையை உறுதிப்படுத்துகிறது!,1,ta,FAKE,192,24
"WHO நிறுவனம் இன்று அறிவித்தது: climate policy March 15 முதல் நடைமுறைக்கு வரும். 21 நாள் ஆலோசனைக்குப் பிறகு அதிகாரிகள் இந்த முடிவை உறுதிப்படுத்தினர். PTI தெரிவிக்கும் வகையில், இந்த நடவடிக்கை improve healthcare என்று எதிர்பார்க்கப்படுகிறது.",0,ta,REAL,238,28
Chennai-ல் Tuesday அன்று 45 புதிய malaria வழக்குகள் பதிவாயின. சுகாதார அதிகாரிகள் நிலைமையை சமாளிக்க mobile units நிறுத்தினர். குடிமக்கள் stay home என்று அறிவுறுத்தப்படுகின்றனர்.,0,ta,REAL,176,20
UK அரசு healthcare துறைக்கு ₹12 கோடி நிதி ஒதுக்கியது. finance ministry மதிப்பாய்வு செய்த திட்டம் 2025-ல் boost GDP by 7% நோக்கமாக கொண்டுள்ளது. எதிர்க்கட்சிகள் கலவையான கருத்துக்களை தெரிவித்தன.,0,ta,REAL,191,24
TCS நிறுவனம் strong காலாண்டு வருவாய் அறிவித்ததால் Monday அன்று சந்தை surged. Goldman Sachs பகுப்பாய்வாளர்கள் 2026 கணிப்பை 8.1% ஆக திருத்தினர்.,0,ta,REAL,142,18
EXCLUSIVE: Scientists DISCOVER that garlic CURES cholera in just 30 days! Big Pharma DOESN'T want you to know! 12 doctors SILENCED for revealing this! WAKE UP! The deep state plot is REAL!,1,en,FAKE,188,32
கசிந்த ஆவணம்: UN 2027-ல் microchip citizens திட்டமிடுகிறது! உள்நாட்டு தகவலாளர்கள் உயிருக்கு பயந்து ஓடுகின்றனர்! மக்களுக்கு privacy ஆபத்தில் உள்ளது! SHARE செய்யுங்கள்!,1,ta,FAKE,166,18
"LEAKED: classified file REVEALS that government plans to microchip citizens by 2025! Insiders FLEE for their lives! 500,000% of population at RISK! They are COMING for your freedom of speech! RESIST now!",1,en,FAKE,203,32
அதிசயம்: a local farmer ஒரே 21 நாளில் 50 கிலோ குறைத்தனர்! மருத்துவர்கள் வெறுக்கும் இந்த ஒரு இரகசிய உத்தி! a famous actor தினமும் இதை பயன்படுத்துகிறார்! இன்றே ஆர்டர் செய்யுங்கள்!,1,ta,FAKE,177,25
"The NASA announced today that tax reform will take effect from April 5. Officials confirmed the decision after 30 days of deliberation. The measure is expected to reduce inflation, according to senior official.",0,en,REAL,210,33
"Stock markets plunged on Wednesday as HDFC reported mixed quarterly earnings. Analysts at Goldman Sachs revised their 2026 forecast to 7.5%, citing cost pressures.",0,en,REAL,163,24
"RBI நிறுவனம் இன்று அறிவித்தது: new trade agreement December 1 முதல் நடைமுறைக்கு வரும். 30 நாள் ஆலோசனைக்குப் பிறகு அதிகாரிகள் இந்த முடிவை உறுதிப்படுத்தினர். AFP தெரிவிக்கும் வகையில், இந்த நடவடிக்கை boost employment என்று எதிர்பார்க்கப்படுகிறது.",0,ta,REAL,243,29
அதிசயம்: a local farmer ஒரே 30 நாளில் 50 கிலோ குறைத்தனர்! மருத்துவர்கள் வெறுக்கும் இந்த ஒரு இரகசிய உத்தி! a famous actor தினமும் இதை பயன்படுத்துகிறார்! இன்றே ஆர்டர் செய்யுங்கள்!,1,ta,FAKE,177,25
Google நிறுவனம் record காலாண்டு வருவாய் அறிவித்ததால் Tuesday அன்று சந்தை rose. Morgan Stanley பகுப்பாய்வாளர்கள் 2035 கணிப்பை 7.5% ஆக திருத்தினர்.,0,ta,REAL,145,18
BREAKING: a famous actor SECRETLY funds terror groups! Government HIDING the TRUTH about climate! SHARE before they DELETE this! ministry spokesperson confirms SHOCKING revelation that mainstream media REFUSES to cover. This changes EVERYTHING!,1,en,FAKE,244,33
USA அரசு healthcare துறைக்கு ₹5 கோடி நிதி ஒதுக்கியது. cabinet மதிப்பாய்வு செய்த திட்டம் 2027-ல் eradicate poverty நோக்கமாக கொண்டுள்ளது. எதிர்க்கட்சிகள் கலவையான கருத்துக்களை தெரிவித்தன.,0,ta,REAL,184,21
Infosys நிறுவனம் record காலாண்டு வருவாய் அறிவித்ததால் Friday அன்று சந்தை rallied. ICICI பகுப்பாய்வாளர்கள் 2035 கணிப்பை 6.3% ஆக திருத்தினர்.,0,ta,REAL,139,17
அதிர்ச்சி செய்தி: a tech billionaire இரகசியமாக funds terror groups! அரசு 5G towers பற்றிய உண்மையை மறைக்கிறது! DELETE ஆவதற்கு முன் SHARE செய்யுங்கள்! senior official இந்த அதிர்ச்சிகரமான உண்மையை உறுதிப்படுத்துகிறது!,1,ta,FAKE,213,26
அதிர்ச்சி செய்தி: a tech billionaire இரகசியமாக funds terror groups! அரசு climate பற்றிய உண்மையை மறைக்கிறது! DELETE ஆவதற்கு முன் SHARE செய்யுங்கள்! AFP இந்த அதிர்ச்சிகரமான உண்மையை உறுதிப்படுத்துகிறது!,1,ta,FAKE,199,24
கசிந்த ஆவணம்: government 2030-ல் censor internet திட்டமிடுகிறது! உள்நாட்டு தகவலாளர்கள் உயிருக்கு பயந்து ஓடுகின்றனர்! மக்களுக்கு property ஆபத்தில் உள்ளது! SHARE செய்யுங்கள்!,1,ta,FAKE,172,18
Hyderabad-ல் Thursday அன்று 100 புதிய cholera வழக்குகள் பதிவாயின. சுகாதார அதிகாரிகள் நிலைமையை சமாளிக்க medical teams நிறுத்தினர். குடிமக்கள் get vaccinated என்று அறிவுறுத்தப்படுகின்றனர்.,0,ta,REAL,186,20
Apple நிறுவனம் record காலாண்டு வருவாய் அறிவித்ததால் Monday அன்று சந்தை surged. Goldman Sachs பகுப்பாய்வாளர்கள் 2027 கணிப்பை 8.1% ஆக திருத்தினர்.,0,ta,REAL,144,18
"IMF நிறுவனம் இன்று அறிவித்தது: new trade agreement March 15 முதல் நடைமுறைக்கு வரும். 21 நாள் ஆலோசனைக்குப் பிறகு அதிகாரிகள் இந்த முடிவை உறுதிப்படுத்தினர். Reuters தெரிவிக்கும் வகையில், இந்த நடவடிக்கை cut emissions என்று எதிர்பார்க்கப்படுகிறது.",0,ta,REAL,242,29
கசிந்த ஆவணம்: WEF 2025-ல் microchip citizens திட்டமிடுகிறது! உள்நாட்டு தகவலாளர்கள் உயிருக்கு பயந்து ஓடுகின்றனர்! மக்களுக்கு gun rights ஆபத்தில் உள்ளது! SHARE செய்யுங்கள்!,1,ta,FAKE,170,19
BREAKING: a tech billionaire SECRETLY meets foreign spy! Government HIDING the TRUTH about water supply! SHARE before they DELETE this! Reuters confirms SHOCKING revelation that mainstream media REFUSES to cover. This changes EVERYTHING!,1,en,FAKE,237,33
அம்பலம்: a senior minister கேமராவில் hiding documents பிடிக்கப்பட்டனர்! 45 லட்சம் மக்கள் நீதி கோருகின்றனர்! UK immigrants காரணமாக நலிவடைகிறது! உடனே பகிருங்கள்!,1,ta,FAKE,159,19
இரகசியம் வெளியாயிற்று: garlic 30 நாளில் cholera-ஐ குணப்படுத்துகிறது! பெரிய நிறுவனங்கள் இதை மறைக்கின்றன! 45 மருத்துவர்கள் இதை வெளியிட்டதால் நிறுத்தப்பட்டனர்! விழிப்புணர்வு பெறுங்கள்! deep state plot உண்மையானது!,1,ta,FAKE,209,22
BREAKING: a major politician SECRETLY funds terror groups! Government HIDING the TRUTH about water supply! SHARE before they DELETE this! Reuters confirms SHOCKING revelation that mainstream media REFUSES to cover. This changes EVERYTHING!,1,en,FAKE,239,33
கசிந்த ஆவணம்: WEF 2025-ல் control food supply திட்டமிடுகிறது! உள்நாட்டு தகவலாளர்கள் உயிருக்கு பயந்து ஓடுகின்றனர்! மக்களுக்கு freedom of speech ஆபத்தில் உள்ளது! SHARE செய்யுங்கள்!,1,ta,FAKE,178,21
"The NASA announced today that vaccine mandate will take effect from March 15. Officials confirmed the decision after 21 days of deliberation. The measure is expected to boost employment, according to Reuters.",0,en,REAL,208,32
"Stock markets surged on Monday as HDFC reported record quarterly earnings. Analysts at Goldman Sachs revised their 2027 forecast to 6.3%, citing innovation.",0,en,REAL,156,23
"LEAKED: leaked email REVEALS that government plans to censor internet by 2025! Insiders FLEE for their lives! 2,300% of population at RISK! They are COMING for your gun rights! RESIST now!",1,en,FAKE,188,31
அதிசயம்: a local farmer ஒரே 30 நாளில் 5 கிலோ குறைத்தனர்! மருத்துவர்கள் வெறுக்கும் இந்த ஒரு இரகசிய உத்தி! a tech billionaire தினமும் இதை பயன்படுத்துகிறார்! இன்றே ஆர்டர் செய்யுங்கள்!,1,ta,FAKE,180,25
"இரகசியம் வெளியாயிற்று: neem 14 நாளில் dengue-ஐ குணப்படுத்துகிறது! பெரிய நிறுவனங்கள் இதை மறைக்கின்றன! 2,300 மருத்துவர்கள் இதை வெளியிட்டதால் நிறுத்தப்பட்டனர்! விழிப்புணர்வு பெறுங்கள்! deep state plot உண்மையானது!",1,ta,FAKE,209,22
"NASA நிறுவனம் இன்று அறிவித்தது: new trade agreement March 15 முதல் நடைமுறைக்கு வரும். 14 நாள் ஆலோசனைக்குப் பிறகு அதிகாரிகள் இந்த முடிவை உறுதிப்படுத்தினர். ministry spokesperson தெரிவிக்கும் வகையில், இந்த நடவடிக்கை improve healthcare என்று எதிர்பார்க்கப்படுகிறது.",0,ta,REAL,262,30
ALERT: the opposition leader caught hiding documents on camera — VIDEO PROOF! Deep state PANICKING! Over 12 million patriots DEMAND justice! UK is FALLING because of foreign agents! RT if you AGREE! Share EVERYWHERE!,1,en,FAKE,216,34
TCS நிறுவனம் record காலாண்டு வருவாய் அறிவித்ததால் Tuesday அன்று சந்தை rallied. Citi பகுப்பாய்வாளர்கள் 2035 கணிப்பை 9.0% ஆக திருத்தினர்.,0,ta,REAL,135,17
இரகசியம் வெளியாயிற்று: neem 90 நாளில் COVID-19-ஐ குணப்படுத்துகிறது! பெரிய நிறுவனங்கள் இதை மறைக்கின்றன! 10 million மருத்துவர்கள் இதை வெளியிட்டதால் நிறுத்தப்பட்டனர்! விழிப்புணர்வு பெறுங்கள்! New World Order உண்மையானது!,1,ta,FAKE,216,23
Hyderabad reported 10 million new cases of cholera on Tuesday. Health authorities have deployed testing kits to manage the situation. Officials urge residents to stay home.,0,en,REAL,172,26
EXCLUSIVE: Scientists DISCOVER that turmeric CURES malaria in just 60 days! Big Pharma DOESN'T want you to know! 10 million doctors SILENCED for revealing this! WAKE UP! The Big Pharma cover-up is REAL!,1,en,FAKE,202,33
அதிர்ச்சி செய்தி: a famous actor இரகசியமாக meets foreign spy! அரசு climate பற்றிய உண்மையை மறைக்கிறது! DELETE ஆவதற்கு முன் SHARE செய்யுங்கள்! AFP இந்த அதிர்ச்சிகரமான உண்மையை உறுதிப்படுத்துகிறது!,1,ta,FAKE,193,24
"The UNESCO announced today that vaccine mandate will take effect from January 1. Officials confirmed the decision after 30 days of deliberation. The measure is expected to cut emissions, according to Reuters.",0,en,REAL,208,32
BREAKING: a major politician SECRETLY meets foreign spy! Government HIDING the TRUTH about chemtrails! SHARE before they DELETE this! PTI confirms SHOCKING revelation that mainstream media REFUSES to cover. This changes EVERYTHING!,1,en,FAKE,231,32
"UNESCO நிறுவனம் இன்று அறிவித்தது: new trade agreement December 1 முதல் நடைமுறைக்கு வரும். 30 நாள் ஆலோசனைக்குப் பிறகு அதிகாரிகள் இந்த முடிவை உறுதிப்படுத்தினர். senior official தெரிவிக்கும் வகையில், இந்த நடவடிக்கை boost employment என்று எதிர்பார்க்கப்படுகிறது.",0,ta,REAL,258,30
"The UN announced today that new trade agreement will take effect from January 1. Officials confirmed the decision after 60 days of deliberation. The measure is expected to boost employment, according to ministry spokesperson.",0,en,REAL,225,34
இரகசியம் வெளியாயிற்று: lemon water 7 நாளில் cholera-ஐ குணப்படுத்துகிறது! பெரிய நிறுவனங்கள் இதை மறைக்கின்றன! 45 மருத்துவர்கள் இதை வெளியிட்டதால் நிறுத்தப்பட்டனர்! விழிப்புணர்வு பெறுங்கள்! New World Order உண்மையானது!,1,ta,FAKE,213,23
கசிந்த ஆவணம்: UN 2035-ல் control food supply திட்டமிடுகிறது! உள்நாட்டு தகவலாளர்கள் உயிருக்கு பயந்து ஓடுகின்றனர்! மக்களுக்கு freedom of speech ஆபத்தில் உள்ளது! SHARE செய்யுங்கள்!,1,ta,FAKE,177,21
"UN நிறுவனம் இன்று அறிவித்தது: tax reform April 5 முதல் நடைமுறைக்கு வரும். 60 நாள் ஆலோசனைக்குப் பிறகு அதிகாரிகள் இந்த முடிவை உறுதிப்படுத்தினர். senior official தெரிவிக்கும் வகையில், இந்த நடவடிக்கை improve healthcare என்று எதிர்பார்க்கப்படுகிறது.",0,ta,REAL,244,29
"LEAKED: secret memo REVEALS that government plans to microchip citizens by 2030! Insiders FLEE for their lives! 2,300% of population at RISK! They are COMING for your gun rights! RESIST now!",1,en,FAKE,190,31
"The India government approved a $2,500 billion budget for defence. The plan, reviewed by cabinet, aims to boost GDP by 7% by 2026. Opposition parties offered mixed responses.",0,en,REAL,174,28
"Researchers at NUS published findings in NEJM showing that doubled lifespan. The study, conducted over 5 years with 5,000 participants, concludes that diet is key. Peer reviewers praised the methodology.",0,en,REAL,203,30
"Kolkata-ல் Monday அன்று 500,000 புதிய COVID-19 வழக்குகள் பதிவாயின. சுகாதார அதிகாரிகள் நிலைமையை சமாளிக்க vaccines நிறுத்தினர். குடிமக்கள் wear masks என்று அறிவுறுத்தப்படுகின்றனர்.",0,ta,REAL,178,19
Bengaluru reported 45 new cases of influenza on Tuesday. Health authorities have deployed medical teams to manage the situation. Officials urge residents to stay home.,0,en,REAL,167,25
HDFC நிறுவனம் disappointing காலாண்டு வருவாய் அறிவித்ததால் Tuesday அன்று சந்தை rallied. JPMorgan பகுப்பாய்வாளர்கள் 2030 கணிப்பை 4.2% ஆக திருத்தினர்.,0,ta,REAL,147,17
"அம்பலம்: a senior minister கேமராவில் lying under oath பிடிக்கப்பட்டனர்! 500,000 லட்சம் மக்கள் நீதி கோருகின்றனர்! Japan globalists காரணமாக நலிவடைகிறது! உடனே பகிருங்கள்!",1,ta,FAKE,167,20
"Hyderabad reported 2,300 new cases of cholera on Monday. Health authorities have deployed vaccines to manage the situation. Officials urge residents to avoid crowding.",0,en,REAL,167,24
EXCLUSIVE: Scientists DISCOVER that coconut oil CURES dengue in just 60 days! Big Pharma DOESN'T want you to know! 100 doctors SILENCED for revealing this! WAKE UP! The New World Order is REAL!,1,en,FAKE,193,33
"Stock markets rallied on Tuesday as Google reported stellar quarterly earnings. Analysts at Morgan Stanley revised their 2035 forecast to 4.2%, citing strong demand.",0,en,REAL,165,24
"WHO நிறுவனம் இன்று அறிவித்தது: vaccine mandate January 1 முதல் நடைமுறைக்கு வரும். 90 நாள் ஆலோசனைக்குப் பிறகு அதிகாரிகள் இந்த முடிவை உறுதிப்படுத்தினர். ministry spokesperson தெரிவிக்கும் வகையில், இந்த நடவடிக்கை boost employment என்று எதிர்பார்க்கப்படுகிறது.",0,ta,REAL,256,29
"SEBI நிறுவனம் இன்று அறிவித்தது: climate policy December 1 முதல் நடைமுறைக்கு வரும். 60 நாள் ஆலோசனைக்குப் பிறகு அதிகாரிகள் இந்த முடிவை உறுதிப்படுத்தினர். Reuters தெரிவிக்கும் வகையில், இந்த நடவடிக்கை improve healthcare என்று எதிர்பார்க்கப்படுகிறது.",0,ta,REAL,245,28
"The UN announced today that new trade agreement will take effect from March 15. Officials confirmed the decision after 7 days of deliberation. The measure is expected to reduce inflation, according to senior official.",0,en,REAL,217,34
Delhi reported 100 new cases of dengue on Thursday. Health authorities have deployed medical teams to manage the situation. Officials urge residents to avoid crowding.,0,en,REAL,167,25
"MIT-இல் உள்ள ஆராய்ச்சியாளர்கள் Lancet இதழில் ஆய்வு முடிவுகளை வெளியிட்டனர். 3 ஆண்டுகள் 10,000 பங்கேற்பாளர்களுடன் நடத்தப்பட்ட இந்த ஆய்வு improved accuracy என்று கண்டறிந்தது. சகாக்கள் ஆய்வு முறையை பாராட்டினர்.",0,ta,REAL,206,23
அதிசயம்: a retired teacher ஒரே 30 நாளில் 200 கிலோ குறைத்தனர்! மருத்துவர்கள் வெறுக்கும் இந்த ஒரு இரகசிய உத்தி! a major politician தினமும் இதை பயன்படுத்துகிறார்! இன்றே ஆர்டர் செய்யுங்கள்!,1,ta,FAKE,185,25
LEAKED: leaked email REVEALS that UN plans to censor internet by 2026! Insiders FLEE for their lives! 10 million% of population at RISK! They are COMING for your privacy! RESIST now!,1,en,FAKE,182,31
"The France government approved a $2,500 billion budget for agriculture. The plan, reviewed by expert panel, aims to eradicate poverty by 2035. Opposition parties offered mixed responses.",0,en,REAL,186,27
LEAKED: leaked email REVEALS that government plans to censor internet by 2030! Insiders FLEE for their lives! 45% of population at RISK! They are COMING for your property! RESIST now!,1,en,FAKE,183,30
MIRACLE: a retired teacher LOSES 5 kg in 30 days using ONE weird trick doctors HATE! Experts BAFFLED! a major politician uses this SECRET daily! ORDER before June 30 — LIMITED SUPPLY!,1,en,FAKE,183,32
Delhi reported 100 new cases of COVID-19 on Monday. Health authorities have deployed vaccines to manage the situation. Officials urge residents to wear masks.,0,en,REAL,158,24
"அம்பலம்: the opposition leader கேமராவில் hiding documents பிடிக்கப்பட்டனர்! 500,000 லட்சம் மக்கள் நீதி கோருகின்றனர்! USA foreign agents காரணமாக நலிவடைகிறது! உடனே பகிருங்கள்!",1,ta,FAKE,173,20
BREAKING: a tech billionaire SECRETLY funds terror groups! Government HIDING the TRUTH about climate! SHARE before they DELETE this! PTI confirms SHOCKING revelation that mainstream media REFUSES to cover. This changes EVERYTHING!,1,en,FAKE,230,32
அதிசயம்: a retired teacher ஒரே 90 நாளில் 200 கிலோ குறைத்தனர்! மருத்துவர்கள் வெறுக்கும் இந்த ஒரு இரகசிய உத்தி! a major politician தினமும் இதை பயன்படுத்துகிறார்! இன்றே ஆர்டர் செய்யுங்கள்!,1,ta,FAKE,185,25
இரகசியம் வெளியாயிற்று: lemon water 30 நாளில் malaria-ஐ குணப்படுத்துகிறது! பெரிய நிறுவனங்கள் இதை மறைக்கின்றன! 100 மருத்துவர்கள் இதை வெளியிட்டதால் நிறுத்தப்பட்டனர்! விழிப்புணர்வு பெறுங்கள்! deep state plot உண்மையானது!,1,ta,FAKE,215,23
"அதிசயம்: a mother of three ஒரே 14 நாளில் 1,000 கிலோ குறைத்தனர்! மருத்துவர்கள் வெறுக்கும் இந்த ஒரு இரகசிய உத்தி! a famous actor தினமும் இதை பயன்படுத்துகிறார்! இன்றே ஆர்டர் செய்யுங்கள்!",1,ta,FAKE,183,26
"ALERT: the opposition leader caught accepting bribe on camera — VIDEO PROOF! Deep state PANICKING! Over 2,300 million patriots DEMAND justice! France is FALLING because of immigrants! RT if you AGREE! Share EVERYWHERE!",1,en,FAKE,218,33
Reliance நிறுவனம் record காலாண்டு வருவாய் அறிவித்ததால் Thursday அன்று சந்தை rallied. Citi பகுப்பாய்வாளர்கள் 2025 கணிப்பை 7.5% ஆக திருத்தினர்.,0,ta,REAL,141,17
அதிர்ச்சி செய்தி: a famous actor இரகசியமாக meets foreign spy! அரசு climate பற்றிய உண்மையை மறைக்கிறது! DELETE ஆவதற்கு முன் SHARE செய்யுங்கள்! senior official இந்த அதிர்ச்சிகரமான உண்மையை உறுதிப்படுத்துகிறது!,1,ta,FAKE,205,25
அதிர்ச்சி செய்தி: a famous actor இரகசியமாக meets foreign spy! அரசு chemtrails பற்றிய உண்மையை மறைக்கிறது! DELETE ஆவதற்கு முன் SHARE செய்யுங்கள்! ministry spokesperson இந்த அதிர்ச்சிகரமான உண்மையை உறுதிப்படுத்துகிறது!,1,ta,FAKE,214,25
UK அரசு infrastructure துறைக்கு ₹50 கோடி நிதி ஒதுக்கியது. finance ministry மதிப்பாய்வு செய்த திட்டம் 2027-ல் boost GDP by 7% நோக்கமாக கொண்டுள்ளது. எதிர்க்கட்சிகள் கலவையான கருத்துக்களை தெரிவித்தன.,0,ta,REAL,195,24
LEAKED: classified file REVEALS that UN plans to control food supply by 2026! Insiders FLEE for their lives! 100% of population at RISK! They are COMING for your freedom of speech! RESIST now!,1,en,FAKE,192,33
EXCLUSIVE: Scientists DISCOVER that turmeric CURES cholera in just 21 days! Big Pharma DOESN'T want you to know! 10 million doctors SILENCED for revealing this! WAKE UP! The New World Order is REAL!,1,en,FAKE,198,33
அதிர்ச்சி செய்தி: a major politician இரகசியமாக funds terror groups! அரசு climate பற்றிய உண்மையை மறைக்கிறது! DELETE ஆவதற்கு முன் SHARE செய்யுங்கள்! Reuters இந்த அதிர்ச்சிகரமான உண்மையை உறுதிப்படுத்துகிறது!,1,ta,FAKE,203,24
அதிர்ச்சி செய்தி: a tech billionaire இரகசியமாக meets foreign spy! அரசு 5G towers பற்றிய உண்மையை மறைக்கிறது! DELETE ஆவதற்கு முன் SHARE செய்யுங்கள்! ministry spokesperson இந்த அதிர்ச்சிகரமான உண்மையை உறுதிப்படுத்துகிறது!,1,ta,FAKE,217,26
Bengaluru reported 12 new cases of cholera on Wednesday. Health authorities have deployed mobile units to manage the situation. Officials urge residents to avoid crowding.,0,en,REAL,171,25
"The France government approved a $5 billion budget for agriculture. The plan, reviewed by parliament, aims to boost GDP by 7% by 2026. Opposition parties offered mixed responses.",0,en,REAL,178,28
இரகசியம் வெளியாயிற்று: lemon water 30 நாளில் cholera-ஐ குணப்படுத்துகிறது! பெரிய நிறுவனங்கள் இதை மறைக்கின்றன! 45 மருத்துவர்கள் இதை வெளியிட்டதால் நிறுத்தப்பட்டனர்! விழிப்புணர்வு பெறுங்கள்! New World Order உண்மையானது!,1,ta,FAKE,214,23
USA அரசு agriculture துறைக்கு ₹200 கோடி நிதி ஒதுக்கியது. parliament மதிப்பாய்வு செய்த திட்டம் 2025-ல் boost GDP by 7% நோக்கமாக கொண்டுள்ளது. எதிர்க்கட்சிகள் கலவையான கருத்துக்களை தெரிவித்தன.,0,ta,REAL,188,23
HDFC நிறுவனம் mixed காலாண்டு வருவாய் அறிவித்ததால் Wednesday அன்று சந்தை fell. ICICI பகுப்பாய்வாளர்கள் 2025 கணிப்பை 9.0% ஆக திருத்தினர்.,0,ta,REAL,135,17
"The NASA announced today that climate policy will take effect from March 15. Officials confirmed the decision after 21 days of deliberation. The measure is expected to reduce inflation, according to AFP.",0,en,REAL,203,32
அதிசயம்: a retired teacher ஒரே 60 நாளில் 200 கிலோ குறைத்தனர்! மருத்துவர்கள் வெறுக்கும் இந்த ஒரு இரகசிய உத்தி! a major politician தினமும் இதை பயன்படுத்துகிறார்! இன்றே ஆர்டர் செய்யுங்கள்!,1,ta,FAKE,185,25
"ALERT: the opposition leader caught accepting bribe on camera — VIDEO PROOF! Deep state PANICKING! Over 2,300 million patriots DEMAND justice! Germany is FALLING because of immigrants! RT if you AGREE! Share EVERYWHERE!",1,en,FAKE,219,33
கசிந்த ஆவணம்: WEF 2026-ல் microchip citizens திட்டமிடுகிறது! உள்நாட்டு தகவலாளர்கள் உயிருக்கு பயந்து ஓடுகின்றனர்! மக்களுக்கு privacy ஆபத்தில் உள்ளது! SHARE செய்யுங்கள்!,1,ta,FAKE,167,18
LEAKED: leaked email REVEALS that WEF plans to control food supply by 2035! Insiders FLEE for their lives! 45% of population at RISK! They are COMING for your gun rights! RESIST now!,1,en,FAKE,182,32
MIRACLE: a retired teacher LOSES 12 kg in 30 days using ONE weird trick doctors HATE! Experts BAFFLED! a major politician uses this SECRET daily! ORDER before March 15 — LIMITED SUPPLY!,1,en,FAKE,185,32
அம்பலம்: a senior minister கேமராவில் accepting bribe பிடிக்கப்பட்டனர்! 10 million லட்சம் மக்கள் நீதி கோருகின்றனர்! France foreign agents காரணமாக நலிவடைகிறது! உடனே பகிருங்கள்!,1,ta,FAKE,174,21
"The UK government approved a $1,000 billion budget for agriculture. The plan, reviewed by parliament, aims to achieve net-zero by 2030. Opposition parties offered mixed responses.",0,en,REAL,179,26
"UN நிறுவனம் இன்று அறிவித்தது: climate policy April 5 முதல் நடைமுறைக்கு வரும். 14 நாள் ஆலோசனைக்குப் பிறகு அதிகாரிகள் இந்த முடிவை உறுதிப்படுத்தினர். ministry spokesperson தெரிவிக்கும் வகையில், இந்த நடவடிக்கை cut emissions என்று எதிர்பார்க்கப்படுகிறது.",0,ta,REAL,249,29
அதிர்ச்சி செய்தி: a major politician இரகசியமாக meets foreign spy! அரசு water supply பற்றிய உண்மையை மறைக்கிறது! DELETE ஆவதற்கு முன் SHARE செய்யுங்கள்! AFP இந்த அதிர்ச்சிகரமான உண்மையை உறுதிப்படுத்துகிறது!,1,ta,FAKE,202,25
"அம்பலம்: a senior minister கேமராவில் accepting bribe பிடிக்கப்பட்டனர்! 500,000 லட்சம் மக்கள் நீதி கோருகின்றனர்! UK globalists காரணமாக நலிவடைகிறது! உடனே பகிருங்கள்!",1,ta,FAKE,163,19
EXCLUSIVE: Scientists DISCOVER that lemon water CURES influenza in just 30 days! Big Pharma DOESN'T want you to know! 10 million doctors SILENCED for revealing this! WAKE UP! The deep state plot is REAL!,1,en,FAKE,203,34
"ISRO நிறுவனம் இன்று அறிவித்தது: new trade agreement April 5 முதல் நடைமுறைக்கு வரும். 90 நாள் ஆலோசனைக்குப் பிறகு அதிகாரிகள் இந்த முடிவை உறுதிப்படுத்தினர். ministry spokesperson தெரிவிக்கும் வகையில், இந்த நடவடிக்கை boost employment என்று எதிர்பார்க்கப்படுகிறது.",0,ta,REAL,259,30
"அதிசயம்: a mother of three ஒரே 14 நாளில் 1,000 கிலோ குறைத்தனர்! மருத்துவர்கள் வெறுக்கும் இந்த ஒரு இரகசிய உத்தி! a famous actor தினமும் இதை பயன்படுத்துகிறார்! இன்றே ஆர்டர் செய்யுங்கள்!",1,ta,FAKE,183,26
"இரகசியம் வெளியாயிற்று: garlic 14 நாளில் cholera-ஐ குணப்படுத்துகிறது! பெரிய நிறுவனங்கள் இதை மறைக்கின்றன! 500,000 மருத்துவர்கள் இதை வெளியிட்டதால் நிறுத்தப்பட்டனர்! விழிப்புணர்வு பெறுங்கள்! deep state plot உண்மையானது!",1,ta,FAKE,214,22
கசிந்த ஆவணம்: WEF 2026-ல் control food supply திட்டமிடுகிறது! உள்நாட்டு தகவலாளர்கள் உயிருக்கு பயந்து ஓடுகின்றனர்! மக்களுக்கு privacy ஆபத்தில் உள்ளது! SHARE செய்யுங்கள்!,1,ta,FAKE,168,19
"The Germany government approved a $12 billion budget for agriculture. The plan, reviewed by finance ministry, aims to boost GDP by 7% by 2027. Opposition parties offered mixed responses.",0,en,REAL,186,29
"The Japan government approved a $200 billion budget for education. The plan, reviewed by expert panel, aims to boost GDP by 7% by 2026. Opposition parties offered mixed responses.",0,en,REAL,179,29
"The France government approved a $12 billion budget for defence. The plan, reviewed by cabinet, aims to boost GDP by 7% by 2035. Opposition parties offered mixed responses.",0,en,REAL,172,28
கசிந்த ஆவணம்: UN 2025-ல் control food supply திட்டமிடுகிறது! உள்நாட்டு தகவலாளர்கள் உயிருக்கு பயந்து ஓடுகின்றனர்! மக்களுக்கு privacy ஆபத்தில் உள்ளது! SHARE செய்யுங்கள்!,1,ta,FAKE,167,19
கசிந்த ஆவணம்: government 2035-ல் microchip citizens திட்டமிடுகிறது! உள்நாட்டு தகவலாளர்கள் உயிருக்கு பயந்து ஓடுகின்றனர்! மக்களுக்கு gun rights ஆபத்தில் உள்ளது! SHARE செய்யுங்கள்!,1,ta,FAKE,177,19
ALERT: a governor caught accepting bribe on camera — VIDEO PROOF! Deep state PANICKING! Over 12 million patriots DEMAND justice! India is FALLING because of foreign agents! RT if you AGREE! Share EVERYWHERE!,1,en,FAKE,207,33
BREAKING: a tech billionaire SECRETLY meets foreign spy! Government HIDING the TRUTH about chemtrails! SHARE before they DELETE this! Reuters confirms SHOCKING revelation that mainstream media REFUSES to cover. This changes EVERYTHING!,1,en,FAKE,235,32
"Oxford-இல் உள்ள ஆராய்ச்சியாளர்கள் Nature இதழில் ஆய்வு முடிவுகளை வெளியிட்டனர். 3 ஆண்டுகள் 1,200 பங்கேற்பாளர்களுடன் நடத்தப்பட்ட இந்த ஆய்வு reduced risk by 40% என்று கண்டறிந்தது. சகாக்கள் ஆய்வு முறையை பாராட்டினர்.",0,ta,REAL,210,25
BREAKING: a famous actor SECRETLY funds terror groups! Government HIDING the TRUTH about climate! SHARE before they DELETE this! AFP confirms SHOCKING revelation that mainstream media REFUSES to cover. This changes EVERYTHING!,1,en,FAKE,226,32
"ISRO நிறுவனம் இன்று அறிவித்தது: new trade agreement April 5 முதல் நடைமுறைக்கு வரும். 7 நாள் ஆலோசனைக்குப் பிறகு அதிகாரிகள் இந்த முடிவை உறுதிப்படுத்தினர். PTI தெரிவிக்கும் வகையில், இந்த நடவடிக்கை boost employment என்று எதிர்பார்க்கப்படுகிறது.",0,ta,REAL,240,29
ALERT: a governor caught hiding documents on camera — VIDEO PROOF! Deep state PANICKING! Over 45 million patriots DEMAND justice! Japan is FALLING because of globalists! RT if you AGREE! Share EVERYWHERE!,1,en,FAKE,204,32
"Hyderabad-ல் Thursday அன்று 500,000 புதிய cholera வழக்குகள் பதிவாயின. சுகாதார அதிகாரிகள் நிலைமையை சமாளிக்க mobile units நிறுத்தினர். குடிமக்கள் get vaccinated என்று அறிவுறுத்தப்படுகின்றனர்.",0,ta,REAL,189,20
அதிர்ச்சி செய்தி: a famous actor இரகசியமாக meets foreign spy! அரசு climate பற்றிய உண்மையை மறைக்கிறது! DELETE ஆவதற்கு முன் SHARE செய்யுங்கள்! PTI இந்த அதிர்ச்சிகரமான உண்மையை உறுதிப்படுத்துகிறது!,1,ta,FAKE,193,24
LEAKED: leaked email REVEALS that deep state plans to control food supply by 2026! Insiders FLEE for their lives! 45% of population at RISK! They are COMING for your privacy! RESIST now!,1,en,FAKE,186,32
LEAKED: classified file REVEALS that WEF plans to censor internet by 2027! Insiders FLEE for their lives! 45% of population at RISK! They are COMING for your privacy! RESIST now!,1,en,FAKE,178,30
"UN நிறுவனம் இன்று அறிவித்தது: tax reform June 30 முதல் நடைமுறைக்கு வரும். 90 நாள் ஆலோசனைக்குப் பிறகு அதிகாரிகள் இந்த முடிவை உறுதிப்படுத்தினர். senior official தெரிவிக்கும் வகையில், இந்த நடவடிக்கை reduce inflation என்று எதிர்பார்க்கப்படுகிறது.",0,ta,REAL,242,29
"MIRACLE: a local farmer LOSES 2,500 kg in 21 days using ONE weird trick doctors HATE! Experts BAFFLED! a major politician uses this SECRET daily! ORDER before April 5 — LIMITED SUPPLY!",1,en,FAKE,184,32
"Stock markets rallied on Thursday as Google reported strong quarterly earnings. Analysts at Citi revised their 2026 forecast to 8.1%, citing strong demand.",0,en,REAL,155,23
ALERT: a senior minister caught lying under oath on camera — VIDEO PROOF! Deep state PANICKING! Over 45 million patriots DEMAND justice! UK is FALLING because of foreign agents! RT if you AGREE! Share EVERYWHERE!,1,en,FAKE,212,35
BREAKING: a tech billionaire SECRETLY betrays nation! Government HIDING the TRUTH about water supply! SHARE before they DELETE this! senior official confirms SHOCKING revelation that mainstream media REFUSES to cover. This changes EVERYTHING!,1,en,FAKE,242,33
"Stock markets plunged on Wednesday as Apple reported mixed quarterly earnings. Analysts at Morgan Stanley revised their 2026 forecast to 4.2%, citing strong demand.",0,en,REAL,164,24
EXCLUSIVE: Scientists DISCOVER that neem CURES cholera in just 21 days! Big Pharma DOESN'T want you to know! 100 doctors SILENCED for revealing this! WAKE UP! The Big Pharma cover-up is REAL!,1,en,FAKE,191,32
"MIT-இல் உள்ள ஆராய்ச்சியாளர்கள் Lancet இதழில் ஆய்வு முடிவுகளை வெளியிட்டனர். 10 ஆண்டுகள் 1,200 பங்கேற்பாளர்களுடன் நடத்தப்பட்ட இந்த ஆய்வு reduced risk by 40% என்று கண்டறிந்தது. சகாக்கள் ஆய்வு முறையை பாராட்டினர்.",0,ta,REAL,208,25
MIRACLE: a mother of three LOSES 200 kg in 90 days using ONE weird trick doctors HATE! Experts BAFFLED! a famous actor uses this SECRET daily! ORDER before January 1 — LIMITED SUPPLY!,1,en,FAKE,183,33
"MIT-இல் உள்ள ஆராய்ச்சியாளர்கள் Science இதழில் ஆய்வு முடிவுகளை வெளியிட்டனர். 10 ஆண்டுகள் 1,200 பங்கேற்பாளர்களுடன் நடத்தப்பட்ட இந்த ஆய்வு cut costs by 30% என்று கண்டறிந்தது. சகாக்கள் ஆய்வு முறையை பாராட்டினர்.",0,ta,REAL,206,25
"BITS Pilani-இல் உள்ள ஆராய்ச்சியாளர்கள் Nature இதழில் ஆய்வு முடிவுகளை வெளியிட்டனர். 10 ஆண்டுகள் 1,200 பங்கேற்பாளர்களுடன் நடத்தப்பட்ட இந்த ஆய்வு doubled lifespan என்று கண்டறிந்தது. சகாக்கள் ஆய்வு முறையை பாராட்டினர்.",0,ta,REAL,213,24
"Researchers at Oxford published findings in Nature showing that cut costs by 30%. The study, conducted over 5 years with 1,200 participants, concludes that early screening saves lives. Peer reviewers praised the methodology.",0,en,REAL,224,33
"UK அரசு healthcare துறைக்கு ₹1,000 கோடி நிதி ஒதுக்கியது. expert panel மதிப்பாய்வு செய்த திட்டம் 2035-ல் achieve net-zero நோக்கமாக கொண்டுள்ளது. எதிர்க்கட்சிகள் கலவையான கருத்துக்களை தெரிவித்தன.",0,ta,REAL,191,22
BREAKING: a major politician SECRETLY betrays nation! Government HIDING the TRUTH about climate! SHARE before they DELETE this! ministry spokesperson confirms SHOCKING revelation that mainstream media REFUSES to cover. This changes EVERYTHING!,1,en,FAKE,243,32
"Hyderabad reported 2,300 new cases of COVID-19 on Friday. Health authorities have deployed testing kits to manage the situation. Officials urge residents to avoid crowding.",0,en,REAL,172,25
Google நிறுவனம் stellar காலாண்டு வருவாய் அறிவித்ததால் Thursday அன்று சந்தை rallied. ICICI பகுப்பாய்வாளர்கள் 2026 கணிப்பை 7.5% ஆக திருத்தினர்.,0,ta,REAL,141,17
இரகசியம் வெளியாயிற்று: coconut oil 30 நாளில் influenza-ஐ குணப்படுத்துகிறது! பெரிய நிறுவனங்கள் இதை மறைக்கின்றன! 45 மருத்துவர்கள் இதை வெளியிட்டதால் நிறுத்தப்பட்டனர்! விழிப்புணர்வு பெறுங்கள்! deep state plot உண்மையானது!,1,ta,FAKE,216,23
"UNESCO நிறுவனம் இன்று அறிவித்தது: tax reform March 15 முதல் நடைமுறைக்கு வரும். 21 நாள் ஆலோசனைக்குப் பிறகு அதிகாரிகள் இந்த முடிவை உறுதிப்படுத்தினர். AFP தெரிவிக்கும் வகையில், இந்த நடவடிக்கை boost employment என்று எதிர்பார்க்கப்படுகிறது.",0,ta,REAL,235,28
EXCLUSIVE: Scientists DISCOVER that lemon water CURES influenza in just 60 days! Big Pharma DOESN'T want you to know! 100 doctors SILENCED for revealing this! WAKE UP! The New World Order is REAL!,1,en,FAKE,196,33
"The NASA announced today that tax reform will take effect from March 15. Officials confirmed the decision after 7 days of deliberation. The measure is expected to boost employment, according to ministry spokesperson.",0,en,REAL,216,33
"WHO நிறுவனம் இன்று அறிவித்தது: climate policy March 15 முதல் நடைமுறைக்கு வரும். 60 நாள் ஆலோசனைக்குப் பிறகு அதிகாரிகள் இந்த முடிவை உறுதிப்படுத்தினர். AFP தெரிவிக்கும் வகையில், இந்த நடவடிக்கை reduce inflation என்று எதிர்பார்க்கப்படுகிறது.",0,ta,REAL,236,28
"EXCLUSIVE: Scientists DISCOVER that garlic CURES influenza in just 7 days! Big Pharma DOESN'T want you to know! 500,000 doctors SILENCED for revealing this! WAKE UP! The New World Order is REAL!",1,en,FAKE,194,32
கசிந்த ஆவணம்: WEF 2030-ல் censor internet திட்டமிடுகிறது! உள்நாட்டு தகவலாளர்கள் உயிருக்கு பயந்து ஓடுகின்றனர்! மக்களுக்கு property ஆபத்தில் உள்ளது! SHARE செய்யுங்கள்!,1,ta,FAKE,165,18
"UNESCO நிறுவனம் இன்று அறிவித்தது: new trade agreement April 5 முதல் நடைமுறைக்கு வரும். 14 நாள் ஆலோசனைக்குப் பிறகு அதிகாரிகள் இந்த முடிவை உறுதிப்படுத்தினர். AFP தெரிவிக்கும் வகையில், இந்த நடவடிக்கை improve healthcare என்று எதிர்பார்க்கப்படுகிறது.",0,ta,REAL,245,29
"அம்பலம்: the opposition leader கேமராவில் lying under oath பிடிக்கப்பட்டனர்! 2,300 லட்சம் மக்கள் நீதி கோருகின்றனர்! Germany foreign agents காரணமாக நலிவடைகிறது! உடனே பகிருங்கள்!",1,ta,FAKE,175,21
USA அரசு agriculture துறைக்கு ₹50 கோடி நிதி ஒதுக்கியது. expert panel மதிப்பாய்வு செய்த திட்டம் 2026-ல் achieve net-zero நோக்கமாக கொண்டுள்ளது. எதிர்க்கட்சிகள் கலவையான கருத்துக்களை தெரிவித்தன.,0,ta,REAL,190,22
Oxford-இல் உள்ள ஆராய்ச்சியாளர்கள் Lancet இதழில் ஆய்வு முடிவுகளை வெளியிட்டனர். 5 ஆண்டுகள் 500 பங்கேற்பாளர்களுடன் நடத்தப்பட்ட இந்த ஆய்வு cut costs by 30% என்று கண்டறிந்தது. சகாக்கள் ஆய்வு முறையை பாராட்டினர்.,0,ta,REAL,205,25
"UN நிறுவனம் இன்று அறிவித்தது: tax reform June 30 முதல் நடைமுறைக்கு வரும். 14 நாள் ஆலோசனைக்குப் பிறகு அதிகாரிகள் இந்த முடிவை உறுதிப்படுத்தினர். senior official தெரிவிக்கும் வகையில், இந்த நடவடிக்கை reduce inflation என்று எதிர்பார்க்கப்படுகிறது.",0,ta,REAL,242,29
BREAKING: a tech billionaire SECRETLY funds terror groups! Government HIDING the TRUTH about climate! SHARE before they DELETE this! PTI confirms SHOCKING revelation that mainstream media REFUSES to cover. This changes EVERYTHING!,1,en,FAKE,230,32
கசிந்த ஆவணம்: deep state 2026-ல் microchip citizens திட்டமிடுகிறது! உள்நாட்டு தகவலாளர்கள் உயிருக்கு பயந்து ஓடுகின்றனர்! மக்களுக்கு privacy ஆபத்தில் உள்ளது! SHARE செய்யுங்கள்!,1,ta,FAKE,174,19
இரகசியம் வெளியாயிற்று: turmeric 14 நாளில் influenza-ஐ குணப்படுத்துகிறது! பெரிய நிறுவனங்கள் இதை மறைக்கின்றன! 45 மருத்துவர்கள் இதை வெளியிட்டதால் நிறுத்தப்பட்டனர்! விழிப்புணர்வு பெறுங்கள்! New World Order உண்மையானது!,1,ta,FAKE,213,22
MIRACLE: a mother of three LOSES 50 kg in 7 days using ONE weird trick doctors HATE! Experts BAFFLED! a famous actor uses this SECRET daily! ORDER before April 5 — LIMITED SUPPLY!,1,en,FAKE,179,33
"EXCLUSIVE: Scientists DISCOVER that neem CURES influenza in just 7 days! Big Pharma DOESN'T want you to know! 2,300 doctors SILENCED for revealing this! WAKE UP! The deep state plot is REAL!",1,en,FAKE,190,32
LEAKED: secret memo REVEALS that deep state plans to control food supply by 2030! Insiders FLEE for their lives! 10 million% of population at RISK! They are COMING for your gun rights! RESIST now!,1,en,FAKE,196,34
"The WHO announced today that vaccine mandate will take effect from June 30. Officials confirmed the decision after 60 days of deliberation. The measure is expected to improve healthcare, according to Reuters.",0,en,REAL,208,32
"Stock markets plunged on Friday as HDFC reported disappointing quarterly earnings. Analysts at Morgan Stanley revised their 2025 forecast to 8.1%, citing strong demand.",0,en,REAL,168,24
"The Japan government approved a $1,000 billion budget for infrastructure. The plan, reviewed by parliament, aims to boost GDP by 7% by 2026. Opposition parties offered mixed responses.",0,en,REAL,184,28
EXCLUSIVE: Scientists DISCOVER that lemon water CURES COVID-19 in just 60 days! Big Pharma DOESN'T want you to know! 10 million doctors SILENCED for revealing this! WAKE UP! The deep state plot is REAL!,1,en,FAKE,202,34
Tesla நிறுவனம் disappointing காலாண்டு வருவாய் அறிவித்ததால் Wednesday அன்று சந்தை dipped. Morgan Stanley பகுப்பாய்வாளர்கள் 2035 கணிப்பை 6.3% ஆக திருத்தினர்.,0,ta,REAL,155,18
"Bengaluru-ல் Monday அன்று 2,300 புதிய cholera வழக்குகள் பதிவாயின. சுகாதார அதிகாரிகள் நிலைமையை சமாளிக்க vaccines நிறுத்தினர். குடிமக்கள் get vaccinated என்று அறிவுறுத்தப்படுகின்றனர்.",0,ta,REAL,181,19
ALERT: a governor caught accepting bribe on camera — VIDEO PROOF! Deep state PANICKING! Over 10 million million patriots DEMAND justice! Germany is FALLING because of foreign agents! RT if you AGREE! Share EVERYWHERE!,1,en,FAKE,217,34
"The India government approved a $200 billion budget for agriculture. The plan, reviewed by cabinet, aims to boost GDP by 7% by 2027. Opposition parties offered mixed responses.",0,en,REAL,176,28
LEAKED: classified file REVEALS that government plans to microchip citizens by 2026! Insiders FLEE for their lives! 100% of population at RISK! They are COMING for your freedom of speech! RESIST now!,1,en,FAKE,199,32
LEAKED: leaked email REVEALS that WEF plans to censor internet by 2035! Insiders FLEE for their lives! 10 million% of population at RISK! They are COMING for your freedom of speech! RESIST now!,1,en,FAKE,193,33
MIRACLE: a retired teacher LOSES 12 kg in 60 days using ONE weird trick doctors HATE! Experts BAFFLED! a tech billionaire uses this SECRET daily! ORDER before December 1 — LIMITED SUPPLY!,1,en,FAKE,187,32
கசிந்த ஆவணம்: WEF 2035-ல் censor internet திட்டமிடுகிறது! உள்நாட்டு தகவலாளர்கள் உயிருக்கு பயந்து ஓடுகின்றனர்! மக்களுக்கு gun rights ஆபத்தில் உள்ளது! SHARE செய்யுங்கள்!,1,ta,FAKE,167,19
கசிந்த ஆவணம்: WEF 2026-ல் censor internet திட்டமிடுகிறது! உள்நாட்டு தகவலாளர்கள் உயிருக்கு பயந்து ஓடுகின்றனர்! மக்களுக்கு freedom of speech ஆபத்தில் உள்ளது! SHARE செய்யுங்கள்!,1,ta,FAKE,174,20
"MIRACLE: a mother of three LOSES 2,500 kg in 7 days using ONE weird trick doctors HATE! Experts BAFFLED! a tech billionaire uses this SECRET daily! ORDER before December 1 — LIMITED SUPPLY!",1,en,FAKE,189,33
"The UN announced today that vaccine mandate will take effect from June 30. Officials confirmed the decision after 60 days of deliberation. The measure is expected to boost employment, according to Reuters.",0,en,REAL,205,32
"அதிசயம்: a retired teacher ஒரே 30 நாளில் 1,000 கிலோ குறைத்தனர்! மருத்துவர்கள் வெறுக்கும் இந்த ஒரு இரகசிய உத்தி! a major politician தினமும் இதை பயன்படுத்துகிறார்! இன்றே ஆர்டர் செய்யுங்கள்!",1,ta,FAKE,187,25
இரகசியம் வெளியாயிற்று: garlic 21 நாளில் COVID-19-ஐ குணப்படுத்துகிறது! பெரிய நிறுவனங்கள் இதை மறைக்கின்றன! 45 மருத்துவர்கள் இதை வெளியிட்டதால் நிறுத்தப்பட்டனர்! விழிப்புணர்வு பெறுங்கள்! Big Pharma cover-up உண்மையானது!,1,ta,FAKE,214,22
Oxford-இல் உள்ள ஆராய்ச்சியாளர்கள் Nature இதழில் ஆய்வு முடிவுகளை வெளியிட்டனர். 5 ஆண்டுகள் 500 பங்கேற்பாளர்களுடன் நடத்தப்பட்ட இந்த ஆய்வு improved accuracy என்று கண்டறிந்தது. சகாக்கள் ஆய்வு முறையை பாராட்டினர்.,0,ta,REAL,206,23
Reliance நிறுவனம் mixed காலாண்டு வருவாய் அறிவித்ததால் Friday அன்று சந்தை surged. Citi பகுப்பாய்வாளர்கள் 2035 கணிப்பை 9.0% ஆக திருத்தினர்.,0,ta,REAL,137,17
"UN நிறுவனம் இன்று அறிவித்தது: climate policy June 30 முதல் நடைமுறைக்கு வரும். 90 நாள் ஆலோசனைக்குப் பிறகு அதிகாரிகள் இந்த முடிவை உறுதிப்படுத்தினர். senior official தெரிவிக்கும் வகையில், இந்த நடவடிக்கை reduce inflation என்று எதிர்பார்க்கப்படுகிறது.",0,ta,REAL,246,29
"The RBI announced today that new trade agreement will take effect from March 15. Officials confirmed the decision after 30 days of deliberation. The measure is expected to cut emissions, according to AFP.",0,en,REAL,204,33
இரகசியம் வெளியாயிற்று: lemon water 90 நாளில் COVID-19-ஐ குணப்படுத்துகிறது! பெரிய நிறுவனங்கள் இதை மறைக்கின்றன! 100 மருத்துவர்கள் இதை வெளியிட்டதால் நிறுத்தப்பட்டனர்! விழிப்புணர்வு பெறுங்கள்! Big Pharma cover-up உண்மையானது!,1,ta,FAKE,220,23
"இரகசியம் வெளியாயிற்று: turmeric 14 நாளில் cholera-ஐ குணப்படுத்துகிறது! பெரிய நிறுவனங்கள் இதை மறைக்கின்றன! 2,300 மருத்துவர்கள் இதை வெளியிட்டதால் நிறுத்தப்பட்டனர்! விழிப்புணர்வு பெறுங்கள்! New World Order உண்மையானது!",1,ta,FAKE,214,22
அதிர்ச்சி செய்தி: a famous actor இரகசியமாக betrays nation! அரசு vaccines பற்றிய உண்மையை மறைக்கிறது! DELETE ஆவதற்கு முன் SHARE செய்யுங்கள்! ministry spokesperson இந்த அதிர்ச்சிகரமான உண்மையை உறுதிப்படுத்துகிறது!,1,ta,FAKE,209,24
Japan அரசு infrastructure துறைக்கு ₹12 கோடி நிதி ஒதுக்கியது. parliament மதிப்பாய்வு செய்த திட்டம் 2026-ல் boost GDP by 7% நோக்கமாக கொண்டுள்ளது. எதிர்க்கட்சிகள் கலவையான கருத்துக்களை தெரிவித்தன.,0,ta,REAL,192,23
Delhi reported 100 new cases of malaria on Friday. Health authorities have deployed mobile units to manage the situation. Officials urge residents to avoid crowding.,0,en,REAL,165,25
"ALERT: the opposition leader caught accepting bribe on camera — VIDEO PROOF! Deep state PANICKING! Over 2,300 million patriots DEMAND justice! France is FALLING because of elites! RT if you AGREE! Share EVERYWHERE!",1,en,FAKE,214,33
"Stock markets plunged on Tuesday as TCS reported stellar quarterly earnings. Analysts at JPMorgan revised their 2035 forecast to 6.3%, citing strong demand.",0,en,REAL,156,23
EXCLUSIVE: Scientists DISCOVER that neem CURES malaria in just 90 days! Big Pharma DOESN'T want you to know! 12 doctors SILENCED for revealing this! WAKE UP! The deep state plot is REAL!,1,en,FAKE,186,32
"The India government approved a $5 billion budget for infrastructure. The plan, reviewed by cabinet, aims to boost GDP by 7% by 2026. Opposition parties offered mixed responses.",0,en,REAL,177,28
EXCLUSIVE: Scientists DISCOVER that coconut oil CURES dengue in just 30 days! Big Pharma DOESN'T want you to know! 45 doctors SILENCED for revealing this! WAKE UP! The deep state plot is REAL!,1,en,FAKE,192,33
"WHO நிறுவனம் இன்று அறிவித்தது: climate policy January 1 முதல் நடைமுறைக்கு வரும். 7 நாள் ஆலோசனைக்குப் பிறகு அதிகாரிகள் இந்த முடிவை உறுதிப்படுத்தினர். senior official தெரிவிக்கும் வகையில், இந்த நடவடிக்கை reduce inflation என்று எதிர்பார்க்கப்படுகிறது.",0,ta,REAL,248,29
USA அரசு defence துறைக்கு ₹50 கோடி நிதி ஒதுக்கியது. expert panel மதிப்பாய்வு செய்த திட்டம் 2026-ல் boost GDP by 7% நோக்கமாக கொண்டுள்ளது. எதிர்க்கட்சிகள் கலவையான கருத்துக்களை தெரிவித்தன.,0,ta,REAL,185,24
"Stanford-இல் உள்ள ஆராய்ச்சியாளர்கள் Lancet இதழில் ஆய்வு முடிவுகளை வெளியிட்டனர். 10 ஆண்டுகள் 10,000 பங்கேற்பாளர்களுடன் நடத்தப்பட்ட இந்த ஆய்வு cut costs by 30% என்று கண்டறிந்தது. சகாக்கள் ஆய்வு முறையை பாராட்டினர்.",0,ta,REAL,211,25
Bengaluru reported 12 new cases of cholera on Wednesday. Health authorities have deployed vaccines to manage the situation. Officials urge residents to get vaccinated.,0,en,REAL,167,24
அம்பலம்: a governor கேமராவில் accepting bribe பிடிக்கப்பட்டனர்! 100 லட்சம் மக்கள் நீதி கோருகின்றனர்! Germany elites காரணமாக நலிவடைகிறது! உடனே பகிருங்கள்!,1,ta,FAKE,153,18
அம்பலம்: a senior minister கேமராவில் lying under oath பிடிக்கப்பட்டனர்! 45 லட்சம் மக்கள் நீதி கோருகின்றனர்! UK globalists காரணமாக நலிவடைகிறது! உடனே பகிருங்கள்!,1,ta,FAKE,159,20
Hyderabad-ல் Thursday அன்று 45 புதிய influenza வழக்குகள் பதிவாயின. சுகாதார அதிகாரிகள் நிலைமையை சமாளிக்க testing kits நிறுத்தினர். குடிமக்கள் wear masks என்று அறிவுறுத்தப்படுகின்றனர்.,0,ta,REAL,182,20
அம்பலம்: a senior minister கேமராவில் lying under oath பிடிக்கப்பட்டனர்! 45 லட்சம் மக்கள் நீதி கோருகின்றனர்! France globalists காரணமாக நலிவடைகிறது! உடனே பகிருங்கள்!,1,ta,FAKE,163,20
அம்பலம்: a governor கேமராவில் lying under oath பிடிக்கப்பட்டனர்! 45 லட்சம் மக்கள் நீதி கோருகின்றனர்! Germany elites காரணமாக நலிவடைகிறது! உடனே பகிருங்கள்!,1,ta,FAKE,153,19
"IMF நிறுவனம் இன்று அறிவித்தது: vaccine mandate March 15 முதல் நடைமுறைக்கு வரும். 21 நாள் ஆலோசனைக்குப் பிறகு அதிகாரிகள் இந்த முடிவை உறுதிப்படுத்தினர். PTI தெரிவிக்கும் வகையில், இந்த நடவடிக்கை reduce inflation என்று எதிர்பார்க்கப்படுகிறது.",0,ta,REAL,237,28
EXCLUSIVE: Scientists DISCOVER that turmeric CURES COVID-19 in just 30 days! Big Pharma DOESN'T want you to know! 100 doctors SILENCED for revealing this! WAKE UP! The New World Order is REAL!,1,en,FAKE,192,32
"LEAKED: leaked email REVEALS that government plans to control food supply by 2025! Insiders FLEE for their lives! 2,300% of population at RISK! They are COMING for your gun rights! RESIST now!",1,en,FAKE,192,32
"UNESCO நிறுவனம் இன்று அறிவித்தது: vaccine mandate March 15 முதல் நடைமுறைக்கு வரும். 60 நாள் ஆலோசனைக்குப் பிறகு அதிகாரிகள் இந்த முடிவை உறுதிப்படுத்தினர். AFP தெரிவிக்கும் வகையில், இந்த நடவடிக்கை improve healthcare என்று எதிர்பார்க்கப்படுகிறது.",0,ta,REAL,242,28
Tesla நிறுவனம் strong காலாண்டு வருவாய் அறிவித்ததால் Tuesday அன்று சந்தை rose. Citi பகுப்பாய்வாளர்கள் 2027 கணிப்பை 6.3% ஆக திருத்தினர்.,0,ta,REAL,134,17
"ALERT: a senior minister caught accepting bribe on camera — VIDEO PROOF! Deep state PANICKING! Over 2,300 million patriots DEMAND justice! USA is FALLING because of globalists! RT if you AGREE! Share EVERYWHERE!",1,en,FAKE,211,33
LEAKED: classified file REVEALS that UN plans to control food supply by 2026! Insiders FLEE for their lives! 12% of population at RISK! They are COMING for your privacy! RESIST now!,1,en,FAKE,181,31
அதிர்ச்சி செய்தி: a major politician இரகசியமாக betrays nation! அரசு chemtrails பற்றிய உண்மையை மறைக்கிறது! DELETE ஆவதற்கு முன் SHARE செய்யுங்கள்! senior official இந்த அதிர்ச்சிகரமான உண்மையை உறுதிப்படுத்துகிறது!,1,ta,FAKE,209,24
France அரசு education துறைக்கு ₹200 கோடி நிதி ஒதுக்கியது. expert panel மதிப்பாய்வு செய்த திட்டம் 2025-ல் achieve net-zero நோக்கமாக கொண்டுள்ளது. எதிர்க்கட்சிகள் கலவையான கருத்துக்களை தெரிவித்தன.,0,ta,REAL,192,22
"MIRACLE: a retired teacher LOSES 2,500 kg in 90 days using ONE weird trick doctors HATE! Experts BAFFLED! a major politician uses this SECRET daily! ORDER before March 15 — LIMITED SUPPLY!",1,en,FAKE,188,32
"Stock markets rallied on Tuesday as Infosys reported disappointing quarterly earnings. Analysts at Citi revised their 2035 forecast to 4.2%, citing strong demand.",0,en,REAL,162,23
"The IMF announced today that new trade agreement will take effect from March 15. Officials confirmed the decision after 14 days of deliberation. The measure is expected to cut emissions, according to Reuters.",0,en,REAL,208,33
அம்பலம்: the opposition leader கேமராவில் lying under oath பிடிக்கப்பட்டனர்! 12 லட்சம் மக்கள் நீதி கோருகின்றனர்! India elites காரணமாக நலிவடைகிறது! உடனே பகிருங்கள்!,1,ta,FAKE,162,20
Mumbai-ல் Thursday அன்று 10 million புதிய influenza வழக்குகள் பதிவாயின. சுகாதார அதிகாரிகள் நிலைமையை சமாளிக்க testing kits நிறுத்தினர். குடிமக்கள் wear masks என்று அறிவுறுத்தப்படுகின்றனர்.,0,ta,REAL,187,21
"MIRACLE: a mother of three LOSES 2,500 kg in 60 days using ONE weird trick doctors HATE! Experts BAFFLED! a famous actor uses this SECRET daily! ORDER before March 15 — LIMITED SUPPLY!",1,en,FAKE,184,33
"Chennai-ல் Tuesday அன்று 500,000 புதிய malaria வழக்குகள் பதிவாயின. சுகாதார அதிகாரிகள் நிலைமையை சமாளிக்க testing kits நிறுத்தினர். குடிமக்கள் wear masks என்று அறிவுறுத்தப்படுகின்றனர்.",0,ta,REAL,182,20
Kolkata reported 100 new cases of influenza on Friday. Health authorities have deployed mobile units to manage the situation. Officials urge residents to get vaccinated.,0,en,REAL,169,25
LEAKED: classified file REVEALS that government plans to censor internet by 2025! Insiders FLEE for their lives! 12% of population at RISK! They are COMING for your property! RESIST now!,1,en,FAKE,186,30
அம்பலம்: the opposition leader கேமராவில் accepting bribe பிடிக்கப்பட்டனர்! 45 லட்சம் மக்கள் நீதி கோருகின்றனர்! USA elites காரணமாக நலிவடைகிறது! உடனே பகிருங்கள்!,1,ta,FAKE,159,19
அதிர்ச்சி செய்தி: a famous actor இரகசியமாக betrays nation! அரசு chemtrails பற்றிய உண்மையை மறைக்கிறது! DELETE ஆவதற்கு முன் SHARE செய்யுங்கள்! senior official இந்த அதிர்ச்சிகரமான உண்மையை உறுதிப்படுத்துகிறது!,1,ta,FAKE,205,24
"The IMF announced today that tax reform will take effect from January 1. Officials confirmed the decision after 7 days of deliberation. The measure is expected to reduce inflation, according to senior official.",0,en,REAL,210,33
"Hyderabad-ல் Thursday அன்று 500,000 புதிய dengue வழக்குகள் பதிவாயின. சுகாதார அதிகாரிகள் நிலைமையை சமாளிக்க mobile units நிறுத்தினர். குடிமக்கள் stay home என்று அறிவுறுத்தப்படுகின்றனர்.",0,ta,REAL,183,20
"Researchers at Oxford published findings in NEJM showing that doubled lifespan. The study, conducted over 5 years with 5,000 participants, concludes that early screening saves lives. Peer reviewers praised the methodology.",0,en,REAL,222,31
BREAKING: a famous actor SECRETLY betrays nation! Government HIDING the TRUTH about chemtrails! SHARE before they DELETE this! ministry spokesperson confirms SHOCKING revelation that mainstream media REFUSES to cover. This changes EVERYTHING!,1,en,FAKE,242,32
"Stock markets rose on Monday as TCS reported strong quarterly earnings. Analysts at Citi revised their 2025 forecast to 8.1%, citing innovation.",0,en,REAL,144,22
"The Germany government approved a $2,500 billion budget for infrastructure. The plan, reviewed by finance ministry, aims to achieve net-zero by 2035. Opposition parties offered mixed responses.",0,en,REAL,193,27
"BITS Pilani-இல் உள்ள ஆராய்ச்சியாளர்கள் Cell இதழில் ஆய்வு முடிவுகளை வெளியிட்டனர். 2 ஆண்டுகள் 1,200 பங்கேற்பாளர்களுடன் நடத்தப்பட்ட இந்த ஆய்வு improved accuracy என்று கண்டறிந்தது. சகாக்கள் ஆய்வு முறையை பாராட்டினர்.",0,ta,REAL,211,24
"MIRACLE: a local farmer LOSES 2,500 kg in 90 days using ONE weird trick doctors HATE! Experts BAFFLED! a tech billionaire uses this SECRET daily! ORDER before June 30 — LIMITED SUPPLY!",1,en,FAKE,184,32
"UK அரசு agriculture துறைக்கு ₹2,500 கோடி நிதி ஒதுக்கியது. cabinet மதிப்பாய்வு செய்த திட்டம் 2025-ல் achieve net-zero நோக்கமாக கொண்டுள்ளது. எதிர்க்கட்சிகள் கலவையான கருத்துக்களை தெரிவித்தன.",0,ta,REAL,187,21
"Stanford-இல் உள்ள ஆராய்ச்சியாளர்கள் NEJM இதழில் ஆய்வு முடிவுகளை வெளியிட்டனர். 5 ஆண்டுகள் 10,000 பங்கேற்பாளர்களுடன் நடத்தப்பட்ட இந்த ஆய்வு reduced risk by 40% என்று கண்டறிந்தது. சகாக்கள் ஆய்வு முறையை பாராட்டினர்.",0,ta,REAL,211,25
India அரசு education துறைக்கு ₹50 கோடி நிதி ஒதுக்கியது. cabinet மதிப்பாய்வு செய்த திட்டம் 2030-ல் boost GDP by 7% நோக்கமாக கொண்டுள்ளது. எதிர்க்கட்சிகள் கலவையான கருத்துக்களை தெரிவித்தன.,0,ta,REAL,184,23
"SEBI நிறுவனம் இன்று அறிவித்தது: climate policy January 1 முதல் நடைமுறைக்கு வரும். 7 நாள் ஆலோசனைக்குப் பிறகு அதிகாரிகள் இந்த முடிவை உறுதிப்படுத்தினர். AFP தெரிவிக்கும் வகையில், இந்த நடவடிக்கை cut emissions என்று எதிர்பார்க்கப்படுகிறது.",0,ta,REAL,234,28
அம்பலம்: a senior minister கேமராவில் hiding documents பிடிக்கப்பட்டனர்! 100 லட்சம் மக்கள் நீதி கோருகின்றனர்! USA globalists காரணமாக நலிவடைகிறது! உடனே பகிருங்கள்!,1,ta,FAKE,161,19
அதிசயம்: a mother of three ஒரே 21 நாளில் 200 கிலோ குறைத்தனர்! மருத்துவர்கள் வெறுக்கும் இந்த ஒரு இரகசிய உத்தி! a tech billionaire தினமும் இதை பயன்படுத்துகிறார்! இன்றே ஆர்டர் செய்யுங்கள்!,1,ta,FAKE,185,26
LEAKED: classified file REVEALS that deep state plans to control food supply by 2026! Insiders FLEE for their lives! 100% of population at RISK! They are COMING for your privacy! RESIST now!,1,en,FAKE,190,32
"ALERT: a senior minister caught accepting bribe on camera — VIDEO PROOF! Deep state PANICKING! Over 2,300 million patriots DEMAND justice! Germany is FALLING because of elites! RT if you AGREE! Share EVERYWHERE!",1,en,FAKE,211,33
Tesla நிறுவனம் mixed காலாண்டு வருவாய் அறிவித்ததால் Wednesday அன்று சந்தை dipped. JPMorgan பகுப்பாய்வாளர்கள் 2035 கணிப்பை 8.1% ஆக திருத்தினர்.,0,ta,REAL,141,17
"Researchers at Oxford published findings in Cell showing that cut costs by 30%. The study, conducted over 10 years with 1,200 participants, concludes that early screening saves lives. Peer reviewers praised the methodology.",0,en,REAL,223,33
MIRACLE: a mother of three LOSES 12 kg in 14 days using ONE weird trick doctors HATE! Experts BAFFLED! a tech billionaire uses this SECRET daily! ORDER before April 5 — LIMITED SUPPLY!,1,en,FAKE,184,33
"The Japan government approved a $200 billion budget for infrastructure. The plan, reviewed by parliament, aims to boost GDP by 7% by 2026. Opposition parties offered mixed responses.",0,en,REAL,182,28
BREAKING: a famous actor SECRETLY betrays nation! Government HIDING the TRUTH about water supply! SHARE before they DELETE this! Reuters confirms SHOCKING revelation that mainstream media REFUSES to cover. This changes EVERYTHING!,1,en,FAKE,230,32
"The NASA announced today that climate policy will take effect from December 1. Officials confirmed the decision after 7 days of deliberation. The measure is expected to cut emissions, according to PTI.",0,en,REAL,201,32
"இரகசியம் வெளியாயிற்று: lemon water 30 நாளில் influenza-ஐ குணப்படுத்துகிறது! பெரிய நிறுவனங்கள் இதை மறைக்கின்றன! 2,300 மருத்துவர்கள் இதை வெளியிட்டதால் நிறுத்தப்பட்டனர்! விழிப்புணர்வு பெறுங்கள்! New World Order உண்மையானது!",1,ta,FAKE,219,23
அதிசயம்: a retired teacher ஒரே 14 நாளில் 5 கிலோ குறைத்தனர்! மருத்துவர்கள் வெறுக்கும் இந்த ஒரு இரகசிய உத்தி! a major politician தினமும் இதை பயன்படுத்துகிறார்! இன்றே ஆர்டர் செய்யுங்கள்!,1,ta,FAKE,183,25
Apple நிறுவனம் mixed காலாண்டு வருவாய் அறிவித்ததால் Wednesday அன்று சந்தை plunged. Morgan Stanley பகுப்பாய்வாளர்கள் 2027 கணிப்பை 6.3% ஆக திருத்தினர்.,0,ta,REAL,148,18
அதிர்ச்சி செய்தி: a tech billionaire இரகசியமாக meets foreign spy! அரசு 5G towers பற்றிய உண்மையை மறைக்கிறது! DELETE ஆவதற்கு முன் SHARE செய்யுங்கள்! PTI இந்த அதிர்ச்சிகரமான உண்மையை உறுதிப்படுத்துகிறது!,1,ta,FAKE,199,25
UK அரசு agriculture துறைக்கு ₹5 கோடி நிதி ஒதுக்கியது. finance ministry மதிப்பாய்வு செய்த திட்டம் 2025-ல் boost GDP by 7% நோக்கமாக கொண்டுள்ளது. எதிர்க்கட்சிகள் கலவையான கருத்துக்களை தெரிவித்தன.,0,ta,REAL,191,24
அம்பலம்: a governor கேமராவில் lying under oath பிடிக்கப்பட்டனர்! 45 லட்சம் மக்கள் நீதி கோருகின்றனர்! USA immigrants காரணமாக நலிவடைகிறது! உடனே பகிருங்கள்!,1,ta,FAKE,153,19
"The SEBI announced today that climate policy will take effect from June 30. Officials confirmed the decision after 7 days of deliberation. The measure is expected to reduce inflation, according to PTI.",0,en,REAL,201,32
அதிசயம்: a mother of three ஒரே 60 நாளில் 12 கிலோ குறைத்தனர்! மருத்துவர்கள் வெறுக்கும் இந்த ஒரு இரகசிய உத்தி! a major politician தினமும் இதை பயன்படுத்துகிறார்! இன்றே ஆர்டர் செய்யுங்கள்!,1,ta,FAKE,184,26
"அதிசயம்: a retired teacher ஒரே 14 நாளில் 1,000 கிலோ குறைத்தனர்! மருத்துவர்கள் வெறுக்கும் இந்த ஒரு இரகசிய உத்தி! a tech billionaire தினமும் இதை பயன்படுத்துகிறார்! இன்றே ஆர்டர் செய்யுங்கள்!",1,ta,FAKE,187,25
Google நிறுவனம் strong காலாண்டு வருவாய் அறிவித்ததால் Thursday அன்று சந்தை plunged. Morgan Stanley பகுப்பாய்வாளர்கள் 2035 கணிப்பை 6.3% ஆக திருத்தினர்.,0,ta,REAL,149,18
அம்பலம்: a governor கேமராவில் hiding documents பிடிக்கப்பட்டனர்! 45 லட்சம் மக்கள் நீதி கோருகின்றனர்! Germany foreign agents காரணமாக நலிவடைகிறது! உடனே பகிருங்கள்!,1,ta,FAKE,161,19
"LEAKED: secret memo REVEALS that WHO plans to censor internet by 2025! Insiders FLEE for their lives! 500,000% of population at RISK! They are COMING for your freedom of speech! RESIST now!",1,en,FAKE,189,32
அதிர்ச்சி செய்தி: a famous actor இரகசியமாக funds terror groups! அரசு climate பற்றிய உண்மையை மறைக்கிறது! DELETE ஆவதற்கு முன் SHARE செய்யுங்கள்! ministry spokesperson இந்த அதிர்ச்சிகரமான உண்மையை உறுதிப்படுத்துகிறது!,1,ta,FAKE,213,25
Mumbai-ல் Thursday அன்று 100 புதிய COVID-19 வழக்குகள் பதிவாயின. சுகாதார அதிகாரிகள் நிலைமையை சமாளிக்க vaccines நிறுத்தினர். குடிமக்கள் get vaccinated என்று அறிவுறுத்தப்படுகின்றனர்.,0,ta,REAL,179,19
"BITS Pilani-இல் உள்ள ஆராய்ச்சியாளர்கள் Science இதழில் ஆய்வு முடிவுகளை வெளியிட்டனர். 2 ஆண்டுகள் 5,000 பங்கேற்பாளர்களுடன் நடத்தப்பட்ட இந்த ஆய்வு reduced risk by 40% என்று கண்டறிந்தது. சகாக்கள் ஆய்வு முறையை பாராட்டினர்.",0,ta,REAL,216,26
கசிந்த ஆவணம்: deep state 2035-ல் censor internet திட்டமிடுகிறது! உள்நாட்டு தகவலாளர்கள் உயிருக்கு பயந்து ஓடுகின்றனர்! மக்களுக்கு freedom of speech ஆபத்தில் உள்ளது! SHARE செய்யுங்கள்!,1,ta,FAKE,181,21
அதிசயம்: a mother of three ஒரே 60 நாளில் 12 கிலோ குறைத்தனர்! மருத்துவர்கள் வெறுக்கும் இந்த ஒரு இரகசிய உத்தி! a tech billionaire தினமும் இதை பயன்படுத்துகிறார்! இன்றே ஆர்டர் செய்யுங்கள்!,1,ta,FAKE,184,26
"ALERT: the opposition leader caught accepting bribe on camera — VIDEO PROOF! Deep state PANICKING! Over 500,000 million patriots DEMAND justice! Germany is FALLING because of immigrants! RT if you AGREE! Share EVERYWHERE!",1,en,FAKE,221,33
"UN நிறுவனம் இன்று அறிவித்தது: new trade agreement January 1 முதல் நடைமுறைக்கு வரும். 60 நாள் ஆலோசனைக்குப் பிறகு அதிகாரிகள் இந்த முடிவை உறுதிப்படுத்தினர். AFP தெரிவிக்கும் வகையில், இந்த நடவடிக்கை improve healthcare என்று எதிர்பார்க்கப்படுகிறது.",0,ta,REAL,243,29
LEAKED: classified file REVEALS that UN plans to censor internet by 2025! Insiders FLEE for their lives! 100% of population at RISK! They are COMING for your gun rights! RESIST now!,1,en,FAKE,181,31
"Researchers at BITS Pilani published findings in NEJM showing that cut costs by 30%. The study, conducted over 3 years with 1,200 participants, concludes that lifestyle changes matter. Peer reviewers praised the methodology.",0,en,REAL,224,33
"The SEBI announced today that climate policy will take effect from March 15. Officials confirmed the decision after 60 days of deliberation. The measure is expected to improve healthcare, according to PTI.",0,en,REAL,205,32
BREAKING: a famous actor SECRETLY funds terror groups! Government HIDING the TRUTH about climate! SHARE before they DELETE this! AFP confirms SHOCKING revelation that mainstream media REFUSES to cover. This changes EVERYTHING!,1,en,FAKE,226,32
"The UN announced today that new trade agreement will take effect from June 30. Officials confirmed the decision after 90 days of deliberation. The measure is expected to improve healthcare, according to senior official.",0,en,REAL,219,34
BREAKING: a tech billionaire SECRETLY betrays nation! Government HIDING the TRUTH about vaccines! SHARE before they DELETE this! senior official confirms SHOCKING revelation that mainstream media REFUSES to cover. This changes EVERYTHING!,1,en,FAKE,238,32
EXCLUSIVE: Scientists DISCOVER that neem CURES dengue in just 21 days! Big Pharma DOESN'T want you to know! 45 doctors SILENCED for revealing this! WAKE UP! The deep state plot is REAL!,1,en,FAKE,185,32
"Stock markets fell on Thursday as TCS reported mixed quarterly earnings. Analysts at JPMorgan revised their 2030 forecast to 4.2%, citing supply chain issues.",0,en,REAL,158,24
"Kolkata reported 2,300 new cases of COVID-19 on Wednesday. Health authorities have deployed mobile units to manage the situation. Officials urge residents to stay home.",0,en,REAL,168,25
BITS Pilani-இல் உள்ள ஆராய்ச்சியாளர்கள் NEJM இதழில் ஆய்வு முடிவுகளை வெளியிட்டனர். 3 ஆண்டுகள் 500 பங்கேற்பாளர்களுடன் நடத்தப்பட்ட இந்த ஆய்வு cut costs by 30% என்று கண்டறிந்தது. சகாக்கள் ஆய்வு முறையை பாராட்டினர்.,0,ta,REAL,208,26
BREAKING: a major politician SECRETLY meets foreign spy! Government HIDING the TRUTH about water supply! SHARE before they DELETE this! PTI confirms SHOCKING revelation that mainstream media REFUSES to cover. This changes EVERYTHING!,1,en,FAKE,233,33
EXCLUSIVE: Scientists DISCOVER that turmeric CURES influenza in just 90 days! Big Pharma DOESN'T want you to know! 100 doctors SILENCED for revealing this! WAKE UP! The New World Order is REAL!,1,en,FAKE,193,32
"EXCLUSIVE: Scientists DISCOVER that neem CURES influenza in just 90 days! Big Pharma DOESN'T want you to know! 2,300 doctors SILENCED for revealing this! WAKE UP! The New World Order is REAL!",1,en,FAKE,191,32
"The SEBI announced today that new trade agreement will take effect from June 30. Officials confirmed the decision after 60 days of deliberation. The measure is expected to improve healthcare, according to senior official.",0,en,REAL,221,34
கசிந்த ஆவணம்: deep state 2025-ல் control food supply திட்டமிடுகிறது! உள்நாட்டு தகவலாளர்கள் உயிருக்கு பயந்து ஓடுகின்றனர்! மக்களுக்கு privacy ஆபத்தில் உள்ளது! SHARE செய்யுங்கள்!,1,ta,FAKE,175,20
"Stock markets rallied on Thursday as Google reported stellar quarterly earnings. Analysts at Citi revised their 2026 forecast to 4.2%, citing supply chain issues.",0,en,REAL,162,24
"The SEBI announced today that climate policy will take effect from April 5. Officials confirmed the decision after 14 days of deliberation. The measure is expected to reduce inflation, according to AFP.",0,en,REAL,202,32
Kolkata-ல் Friday அன்று 12 புதிய COVID-19 வழக்குகள் பதிவாயின. சுகாதார அதிகாரிகள் நிலைமையை சமாளிக்க mobile units நிறுத்தினர். குடிமக்கள் wear masks என்று அறிவுறுத்தப்படுகின்றனர்.,0,ta,REAL,177,20
EXCLUSIVE: Scientists DISCOVER that coconut oil CURES malaria in just 7 days! Big Pharma DOESN'T want you to know! 10 million doctors SILENCED for revealing this! WAKE UP! The New World Order is REAL!,1,en,FAKE,200,34
"IIT Madras-இல் உள்ள ஆராய்ச்சியாளர்கள் Cell இதழில் ஆய்வு முடிவுகளை வெளியிட்டனர். 2 ஆண்டுகள் 5,000 பங்கேற்பாளர்களுடன் நடத்தப்பட்ட இந்த ஆய்வு cut costs by 30% என்று கண்டறிந்தது. சகாக்கள் ஆய்வு முறையை பாராட்டினர்.",0,ta,REAL,209,26
ALERT: a senior minister caught accepting bribe on camera — VIDEO PROOF! Deep state PANICKING! Over 10 million million patriots DEMAND justice! France is FALLING because of globalists! RT if you AGREE! Share EVERYWHERE!,1,en,FAKE,219,34
அதிர்ச்சி செய்தி: a famous actor இரகசியமாக betrays nation! அரசு chemtrails பற்றிய உண்மையை மறைக்கிறது! DELETE ஆவதற்கு முன் SHARE செய்யுங்கள்! AFP இந்த அதிர்ச்சிகரமான உண்மையை உறுதிப்படுத்துகிறது!,1,ta,FAKE,193,23
HDFC நிறுவனம் mixed காலாண்டு வருவாய் அறிவித்ததால் Thursday அன்று சந்தை rose. JPMorgan பகுப்பாய்வாளர்கள் 2027 கணிப்பை 9.0% ஆக திருத்தினர்.,0,ta,REAL,137,17
Reliance நிறுவனம் mixed காலாண்டு வருவாய் அறிவித்ததால் Wednesday அன்று சந்தை dipped. Citi பகுப்பாய்வாளர்கள் 2027 கணிப்பை 6.3% ஆக திருத்தினர்.,0,ta,REAL,140,17
"The UN announced today that new trade agreement will take effect from April 5. Officials confirmed the decision after 60 days of deliberation. The measure is expected to boost employment, according to senior official.",0,en,REAL,217,34
இரகசியம் வெளியாயிற்று: lemon water 90 நாளில் influenza-ஐ குணப்படுத்துகிறது! பெரிய நிறுவனங்கள் இதை மறைக்கின்றன! 45 மருத்துவர்கள் இதை வெளியிட்டதால் நிறுத்தப்பட்டனர்! விழிப்புணர்வு பெறுங்கள்! Big Pharma cover-up உண்மையானது!,1,ta,FAKE,220,23
LEAKED: leaked email REVEALS that government plans to control food supply by 2030! Insiders FLEE for their lives! 10 million% of population at RISK! They are COMING for your privacy! RESIST now!,1,en,FAKE,194,32
அம்பலம்: the opposition leader கேமராவில் lying under oath பிடிக்கப்பட்டனர்! 12 லட்சம் மக்கள் நீதி கோருகின்றனர்! Japan elites காரணமாக நலிவடைகிறது! உடனே பகிருங்கள்!,1,ta,FAKE,162,20
BREAKING: a major politician SECRETLY betrays nation! Government HIDING the TRUTH about 5G towers! SHARE before they DELETE this! senior official confirms SHOCKING revelation that mainstream media REFUSES to cover. This changes EVERYTHING!,1,en,FAKE,239,33
MIRACLE: a local farmer LOSES 12 kg in 90 days using ONE weird trick doctors HATE! Experts BAFFLED! a famous actor uses this SECRET daily! ORDER before June 30 — LIMITED SUPPLY!,1,en,FAKE,177,32
BREAKING: a tech billionaire SECRETLY funds terror groups! Government HIDING the TRUTH about vaccines! SHARE before they DELETE this! Reuters confirms SHOCKING revelation that mainstream media REFUSES to cover. This changes EVERYTHING!,1,en,FAKE,235,32
கசிந்த ஆவணம்: WEF 2035-ல் control food supply திட்டமிடுகிறது! உள்நாட்டு தகவலாளர்கள் உயிருக்கு பயந்து ஓடுகின்றனர்! மக்களுக்கு gun rights ஆபத்தில் உள்ளது! SHARE செய்யுங்கள்!,1,ta,FAKE,171,20
"இரகசியம் வெளியாயிற்று: lemon water 30 நாளில் dengue-ஐ குணப்படுத்துகிறது! பெரிய நிறுவனங்கள் இதை மறைக்கின்றன! 500,000 மருத்துவர்கள் இதை வெளியிட்டதால் நிறுத்தப்பட்டனர்! விழிப்புணர்வு பெறுங்கள்! Big Pharma cover-up உண்மையானது!",1,ta,FAKE,222,23
அதிர்ச்சி செய்தி: a tech billionaire இரகசியமாக betrays nation! அரசு climate பற்றிய உண்மையை மறைக்கிறது! DELETE ஆவதற்கு முன் SHARE செய்யுங்கள்! PTI இந்த அதிர்ச்சிகரமான உண்மையை உறுதிப்படுத்துகிறது!,1,ta,FAKE,194,23
"Mumbai-ல் Wednesday அன்று 2,300 புதிய COVID-19 வழக்குகள் பதிவாயின. சுகாதார அதிகாரிகள் நிலைமையை சமாளிக்க mobile units நிறுத்தினர். குடிமக்கள் stay home என்று அறிவுறுத்தப்படுகின்றனர்.",0,ta,REAL,181,20
கசிந்த ஆவணம்: WHO 2026-ல் microchip citizens திட்டமிடுகிறது! உள்நாட்டு தகவலாளர்கள் உயிருக்கு பயந்து ஓடுகின்றனர்! மக்களுக்கு property ஆபத்தில் உள்ளது! SHARE செய்யுங்கள்!,1,ta,FAKE,168,18
"The IMF announced today that new trade agreement will take effect from March 15. Officials confirmed the decision after 7 days of deliberation. The measure is expected to improve healthcare, according to AFP.",0,en,REAL,208,33
"The USA government approved a $12 billion budget for education. The plan, reviewed by cabinet, aims to achieve net-zero by 2025. Opposition parties offered mixed responses.",0,en,REAL,172,26
ALERT: a governor caught accepting bribe on camera — VIDEO PROOF! Deep state PANICKING! Over 12 million patriots DEMAND justice! India is FALLING because of immigrants! RT if you AGREE! Share EVERYWHERE!,1,en,FAKE,203,32
Bengaluru reported 45 new cases of COVID-19 on Thursday. Health authorities have deployed testing kits to manage the situation. Officials urge residents to wear masks.,0,en,REAL,167,25
EXCLUSIVE: Scientists DISCOVER that neem CURES COVID-19 in just 60 days! Big Pharma DOESN'T want you to know! 12 doctors SILENCED for revealing this! WAKE UP! The deep state plot is REAL!,1,en,FAKE,187,32
"Researchers at Stanford published findings in NEJM showing that doubled lifespan. The study, conducted over 2 years with 1,200 participants, concludes that lifestyle changes matter. Peer reviewers praised the methodology.",0,en,REAL,221,30
LEAKED: leaked email REVEALS that WHO plans to control food supply by 2027! Insiders FLEE for their lives! 100% of population at RISK! They are COMING for your gun rights! RESIST now!,1,en,FAKE,183,32
கசிந்த ஆவணம்: government 2027-ல் control food supply திட்டமிடுகிறது! உள்நாட்டு தகவலாளர்கள் உயிருக்கு பயந்து ஓடுகின்றனர்! மக்களுக்கு gun rights ஆபத்தில் உள்ளது! SHARE செய்யுங்கள்!,1,ta,FAKE,178,20
"அம்பலம்: the opposition leader கேமராவில் lying under oath பிடிக்கப்பட்டனர்! 2,300 லட்சம் மக்கள் நீதி கோருகின்றனர்! France foreign agents காரணமாக நலிவடைகிறது! உடனே பகிருங்கள்!",1,ta,FAKE,174,21
Google நிறுவனம் disappointing காலாண்டு வருவாய் அறிவித்ததால் Wednesday அன்று சந்தை plunged. Citi பகுப்பாய்வாளர்கள் 2026 கணிப்பை 7.5% ஆக திருத்தினர்.,0,ta,REAL,147,17
கசிந்த ஆவணம்: deep state 2026-ல் censor internet திட்டமிடுகிறது! உள்நாட்டு தகவலாளர்கள் உயிருக்கு பயந்து ஓடுகின்றனர்! மக்களுக்கு freedom of speech ஆபத்தில் உள்ளது! SHARE செய்யுங்கள்!,1,ta,FAKE,181,21
"MIT-இல் உள்ள ஆராய்ச்சியாளர்கள் Cell இதழில் ஆய்வு முடிவுகளை வெளியிட்டனர். 3 ஆண்டுகள் 5,000 பங்கேற்பாளர்களுடன் நடத்தப்பட்ட இந்த ஆய்வு cut costs by 30% என்று கண்டறிந்தது. சகாக்கள் ஆய்வு முறையை பாராட்டினர்.",0,ta,REAL,202,25
BREAKING: a famous actor SECRETLY betrays nation! Government HIDING the TRUTH about water supply! SHARE before they DELETE this! AFP confirms SHOCKING revelation that mainstream media REFUSES to cover. This changes EVERYTHING!,1,en,FAKE,226,32
USA அரசு defence துறைக்கு ₹12 கோடி நிதி ஒதுக்கியது. cabinet மதிப்பாய்வு செய்த திட்டம் 2030-ல் achieve net-zero நோக்கமாக கொண்டுள்ளது. எதிர்க்கட்சிகள் கலவையான கருத்துக்களை தெரிவித்தன.,0,ta,REAL,181,21
"Stock markets surged on Friday as Infosys reported stellar quarterly earnings. Analysts at ICICI revised their 2030 forecast to 6.3%, citing supply chain issues.",0,en,REAL,161,24
Hyderabad reported 10 million new cases of dengue on Monday. Health authorities have deployed medical teams to manage the situation. Officials urge residents to stay home.,0,en,REAL,171,26
"Stock markets fell on Monday as Apple reported stellar quarterly earnings. Analysts at Goldman Sachs revised their 2027 forecast to 9.0%, citing strong demand.",0,en,REAL,159,24
ALERT: the opposition leader caught accepting bribe on camera — VIDEO PROOF! Deep state PANICKING! Over 10 million million patriots DEMAND justice! Germany is FALLING because of globalists! RT if you AGREE! Share EVERYWHERE!,1,en,FAKE,224,34
ALERT: a senior minister caught accepting bribe on camera — VIDEO PROOF! Deep state PANICKING! Over 45 million patriots DEMAND justice! UK is FALLING because of globalists! RT if you AGREE! Share EVERYWHERE!,1,en,FAKE,207,33
Hyderabad reported 45 new cases of malaria on Monday. Health authorities have deployed medical teams to manage the situation. Officials urge residents to get vaccinated.,0,en,REAL,169,25
ALERT: a senior minister caught lying under oath on camera — VIDEO PROOF! Deep state PANICKING! Over 12 million patriots DEMAND justice! France is FALLING because of elites! RT if you AGREE! Share EVERYWHERE!,1,en,FAKE,208,34
"MIRACLE: a mother of three LOSES 2,500 kg in 60 days using ONE weird trick doctors HATE! Experts BAFFLED! a major politician uses this SECRET daily! ORDER before April 5 — LIMITED SUPPLY!",1,en,FAKE,187,33
"அதிசயம்: a local farmer ஒரே 90 நாளில் 1,000 கிலோ குறைத்தனர்! மருத்துவர்கள் வெறுக்கும் இந்த ஒரு இரகசிய உத்தி! a tech billionaire தினமும் இதை பயன்படுத்துகிறார்! இன்றே ஆர்டர் செய்யுங்கள்!",1,ta,FAKE,184,25
MIRACLE: a retired teacher LOSES 50 kg in 60 days using ONE weird trick doctors HATE! Experts BAFFLED! a major politician uses this SECRET daily! ORDER before June 30 — LIMITED SUPPLY!,1,en,FAKE,184,32
ALERT: the opposition leader caught hiding documents on camera — VIDEO PROOF! Deep state PANICKING! Over 10 million million patriots DEMAND justice! Japan is FALLING because of elites! RT if you AGREE! Share EVERYWHERE!,1,en,FAKE,219,34
Japan அரசு healthcare துறைக்கு ₹200 கோடி நிதி ஒதுக்கியது. parliament மதிப்பாய்வு செய்த திட்டம் 2026-ல் boost GDP by 7% நோக்கமாக கொண்டுள்ளது. எதிர்க்கட்சிகள் கலவையான கருத்துக்களை தெரிவித்தன.,0,ta,REAL,189,23
Germany அரசு defence துறைக்கு ₹200 கோடி நிதி ஒதுக்கியது. expert panel மதிப்பாய்வு செய்த திட்டம் 2030-ல் achieve net-zero நோக்கமாக கொண்டுள்ளது. எதிர்க்கட்சிகள் கலவையான கருத்துக்களை தெரிவித்தன.,0,ta,REAL,191,22
"IMF நிறுவனம் இன்று அறிவித்தது: new trade agreement March 15 முதல் நடைமுறைக்கு வரும். 30 நாள் ஆலோசனைக்குப் பிறகு அதிகாரிகள் இந்த முடிவை உறுதிப்படுத்தினர். Reuters தெரிவிக்கும் வகையில், இந்த நடவடிக்கை boost employment என்று எதிர்பார்க்கப்படுகிறது.",0,ta,REAL,245,29
"Stock markets fell on Monday as Infosys reported mixed quarterly earnings. Analysts at Goldman Sachs revised their 2030 forecast to 9.0%, citing strong demand.",0,en,REAL,159,24
BREAKING: a major politician SECRETLY betrays nation! Government HIDING the TRUTH about climate! SHARE before they DELETE this! Reuters confirms SHOCKING revelation that mainstream media REFUSES to cover. This changes EVERYTHING!,1,en,FAKE,229,31
BREAKING: a famous actor SECRETLY funds terror groups! Government HIDING the TRUTH about vaccines! SHARE before they DELETE this! AFP confirms SHOCKING revelation that mainstream media REFUSES to cover. This changes EVERYTHING!,1,en,FAKE,227,32
USA அரசு education துறைக்கு ₹12 கோடி நிதி ஒதுக்கியது. cabinet மதிப்பாய்வு செய்த திட்டம் 2035-ல் boost GDP by 7% நோக்கமாக கொண்டுள்ளது. எதிர்க்கட்சிகள் கலவையான கருத்துக்களை தெரிவித்தன.,0,ta,REAL,182,23
இரகசியம் வெளியாயிற்று: garlic 21 நாளில் cholera-ஐ குணப்படுத்துகிறது! பெரிய நிறுவனங்கள் இதை மறைக்கின்றன! 100 மருத்துவர்கள் இதை வெளியிட்டதால் நிறுத்தப்பட்டனர்! விழிப்புணர்வு பெறுங்கள்! New World Order உண்மையானது!,1,ta,FAKE,210,22
"Stock markets rallied on Friday as Reliance reported strong quarterly earnings. Analysts at JPMorgan revised their 2030 forecast to 8.1%, citing cost pressures.",0,en,REAL,160,23
HDFC நிறுவனம் strong காலாண்டு வருவாய் அறிவித்ததால் Wednesday அன்று சந்தை dipped. ICICI பகுப்பாய்வாளர்கள் 2025 கணிப்பை 6.3% ஆக திருத்தினர்.,0,ta,REAL,138,17
"Stock markets dipped on Friday as TCS reported strong quarterly earnings. Analysts at ICICI revised their 2026 forecast to 8.1%, citing strong demand.",0,en,REAL,150,23
"அதிசயம்: a local farmer ஒரே 30 நாளில் 2,500 கிலோ குறைத்தனர்! மருத்துவர்கள் வெறுக்கும் இந்த ஒரு இரகசிய உத்தி! a major politician தினமும் இதை பயன்படுத்துகிறார்! இன்றே ஆர்டர் செய்யுங்கள்!",1,ta,FAKE,184,25
அதிர்ச்சி செய்தி: a famous actor இரகசியமாக betrays nation! அரசு vaccines பற்றிய உண்மையை மறைக்கிறது! DELETE ஆவதற்கு முன் SHARE செய்யுங்கள்! Reuters இந்த அதிர்ச்சிகரமான உண்மையை உறுதிப்படுத்துகிறது!,1,ta,FAKE,195,23
"Stock markets plunged on Monday as TCS reported mixed quarterly earnings. Analysts at JPMorgan revised their 2026 forecast to 8.1%, citing innovation.",0,en,REAL,150,22
"UNESCO நிறுவனம் இன்று அறிவித்தது: tax reform December 1 முதல் நடைமுறைக்கு வரும். 21 நாள் ஆலோசனைக்குப் பிறகு அதிகாரிகள் இந்த முடிவை உறுதிப்படுத்தினர். ministry spokesperson தெரிவிக்கும் வகையில், இந்த நடவடிக்கை boost employment என்று எதிர்பார்க்கப்படுகிறது.",0,ta,REAL,255,29
ALERT: the opposition leader caught hiding documents on camera — VIDEO PROOF! Deep state PANICKING! Over 45 million patriots DEMAND justice! UK is FALLING because of globalists! RT if you AGREE! Share EVERYWHERE!,1,en,FAKE,212,33
"The UK government approved a $2,500 billion budget for agriculture. The plan, reviewed by finance ministry, aims to achieve net-zero by 2027. Opposition parties offered mixed responses.",0,en,REAL,185,27
"The India government approved a $1,000 billion budget for healthcare. The plan, reviewed by cabinet, aims to achieve net-zero by 2027. Opposition parties offered mixed responses.",0,en,REAL,178,26
Google நிறுவனம் disappointing காலாண்டு வருவாய் அறிவித்ததால் Thursday அன்று சந்தை surged. ICICI பகுப்பாய்வாளர்கள் 2035 கணிப்பை 9.0% ஆக திருத்தினர்.,0,ta,REAL,146,17
"UNESCO நிறுவனம் இன்று அறிவித்தது: climate policy April 5 முதல் நடைமுறைக்கு வரும். 14 நாள் ஆலோசனைக்குப் பிறகு அதிகாரிகள் இந்த முடிவை உறுதிப்படுத்தினர். AFP தெரிவிக்கும் வகையில், இந்த நடவடிக்கை boost employment என்று எதிர்பார்க்கப்படுகிறது.",0,ta,REAL,238,28
"ALERT: a governor caught hiding documents on camera — VIDEO PROOF! Deep state PANICKING! Over 2,300 million patriots DEMAND justice! Germany is FALLING because of elites! RT if you AGREE! Share EVERYWHERE!",1,en,FAKE,205,32
EXCLUSIVE: Scientists DISCOVER that neem CURES dengue in just 90 days! Big Pharma DOESN'T want you to know! 45 doctors SILENCED for revealing this! WAKE UP! The deep state plot is REAL!,1,en,FAKE,185,32
India அரசு infrastructure துறைக்கு ₹200 கோடி நிதி ஒதுக்கியது. finance ministry மதிப்பாய்வு செய்த திட்டம் 2026-ல் eradicate poverty நோக்கமாக கொண்டுள்ளது. எதிர்க்கட்சிகள் கலவையான கருத்துக்களை தெரிவித்தன.,0,ta,REAL,201,22
India அரசு infrastructure துறைக்கு ₹200 கோடி நிதி ஒதுக்கியது. expert panel மதிப்பாய்வு செய்த திட்டம் 2030-ல் boost GDP by 7% நோக்கமாக கொண்டுள்ளது. எதிர்க்கட்சிகள் கலவையான கருத்துக்களை தெரிவித்தன.,0,ta,REAL,195,24
அதிர்ச்சி செய்தி: a major politician இரகசியமாக meets foreign spy! அரசு water supply பற்றிய உண்மையை மறைக்கிறது! DELETE ஆவதற்கு முன் SHARE செய்யுங்கள்! AFP இந்த அதிர்ச்சிகரமான உண்மையை உறுதிப்படுத்துகிறது!,1,ta,FAKE,202,25
"ISRO நிறுவனம் இன்று அறிவித்தது: vaccine mandate April 5 முதல் நடைமுறைக்கு வரும். 21 நாள் ஆலோசனைக்குப் பிறகு அதிகாரிகள் இந்த முடிவை உறுதிப்படுத்தினர். Reuters தெரிவிக்கும் வகையில், இந்த நடவடிக்கை boost employment என்று எதிர்பார்க்கப்படுகிறது.",0,ta,REAL,241,28
"MIT-இல் உள்ள ஆராய்ச்சியாளர்கள் Nature இதழில் ஆய்வு முடிவுகளை வெளியிட்டனர். 3 ஆண்டுகள் 10,000 பங்கேற்பாளர்களுடன் நடத்தப்பட்ட இந்த ஆய்வு improved accuracy என்று கண்டறிந்தது. சகாக்கள் ஆய்வு முறையை பாராட்டினர்.",0,ta,REAL,206,23
"Hyderabad-ல் Wednesday அன்று 2,300 புதிய COVID-19 வழக்குகள் பதிவாயின. சுகாதார அதிகாரிகள் நிலைமையை சமாளிக்க mobile units நிறுத்தினர். குடிமக்கள் get vaccinated என்று அறிவுறுத்தப்படுகின்றனர்.",0,ta,REAL,189,20
"Japan அரசு defence துறைக்கு ₹2,500 கோடி நிதி ஒதுக்கியது. expert panel மதிப்பாய்வு செய்த திட்டம் 2027-ல் eradicate poverty நோக்கமாக கொண்டுள்ளது. எதிர்க்கட்சிகள் கலவையான கருத்துக்களை தெரிவித்தன.",0,ta,REAL,192,22
கசிந்த ஆவணம்: WHO 2027-ல் microchip citizens திட்டமிடுகிறது! உள்நாட்டு தகவலாளர்கள் உயிருக்கு பயந்து ஓடுகின்றனர்! மக்களுக்கு gun rights ஆபத்தில் உள்ளது! SHARE செய்யுங்கள்!,1,ta,FAKE,170,19
India அரசு agriculture துறைக்கு ₹5 கோடி நிதி ஒதுக்கியது. parliament மதிப்பாய்வு செய்த திட்டம் 2027-ல் achieve net-zero நோக்கமாக கொண்டுள்ளது. எதிர்க்கட்சிகள் கலவையான கருத்துக்களை தெரிவித்தன.,0,ta,REAL,189,21
"ISRO நிறுவனம் இன்று அறிவித்தது: tax reform December 1 முதல் நடைமுறைக்கு வரும். 90 நாள் ஆலோசனைக்குப் பிறகு அதிகாரிகள் இந்த முடிவை உறுதிப்படுத்தினர். Reuters தெரிவிக்கும் வகையில், இந்த நடவடிக்கை boost employment என்று எதிர்பார்க்கப்படுகிறது.",0,ta,REAL,239,28
MIRACLE: a retired teacher LOSES 50 kg in 90 days using ONE weird trick doctors HATE! Experts BAFFLED! a tech billionaire uses this SECRET daily! ORDER before April 5 — LIMITED SUPPLY!,1,en,FAKE,184,32
MIRACLE: a mother of three LOSES 200 kg in 7 days using ONE weird trick doctors HATE! Experts BAFFLED! a major politician uses this SECRET daily! ORDER before December 1 — LIMITED SUPPLY!,1,en,FAKE,187,33
கசிந்த ஆவணம்: WHO 2030-ல் censor internet திட்டமிடுகிறது! உள்நாட்டு தகவலாளர்கள் உயிருக்கு பயந்து ஓடுகின்றனர்! மக்களுக்கு gun rights ஆபத்தில் உள்ளது! SHARE செய்யுங்கள்!,1,ta,FAKE,167,19
EXCLUSIVE: Scientists DISCOVER that coconut oil CURES malaria in just 90 days! Big Pharma DOESN'T want you to know! 45 doctors SILENCED for revealing this! WAKE UP! The Big Pharma cover-up is REAL!,1,en,FAKE,197,33
Bengaluru-ல் Wednesday அன்று 10 million புதிய malaria வழக்குகள் பதிவாயின. சுகாதார அதிகாரிகள் நிலைமையை சமாளிக்க testing kits நிறுத்தினர். குடிமக்கள் wear masks என்று அறிவுறுத்தப்படுகின்றனர்.,0,ta,REAL,189,21
BREAKING: a tech billionaire SECRETLY funds terror groups! Government HIDING the TRUTH about water supply! SHARE before they DELETE this! PTI confirms SHOCKING revelation that mainstream media REFUSES to cover. This changes EVERYTHING!,1,en,FAKE,235,33
BREAKING: a famous actor SECRETLY meets foreign spy! Government HIDING the TRUTH about climate! SHARE before they DELETE this! Reuters confirms SHOCKING revelation that mainstream media REFUSES to cover. This changes EVERYTHING!,1,en,FAKE,228,32
இரகசியம் வெளியாயிற்று: neem 90 நாளில் malaria-ஐ குணப்படுத்துகிறது! பெரிய நிறுவனங்கள் இதை மறைக்கின்றன! 100 மருத்துவர்கள் இதை வெளியிட்டதால் நிறுத்தப்பட்டனர்! விழிப்புணர்வு பெறுங்கள்! Big Pharma cover-up உண்மையானது!,1,ta,FAKE,212,22
"MIRACLE: a retired teacher LOSES 2,500 kg in 60 days using ONE weird trick doctors HATE! Experts BAFFLED! a tech billionaire uses this SECRET daily! ORDER before December 1 — LIMITED SUPPLY!",1,en,FAKE,190,32
Reliance நிறுவனம் stellar காலாண்டு வருவாய் அறிவித்ததால் Monday அன்று சந்தை dipped. Morgan Stanley பகுப்பாய்வாளர்கள் 2035 கணிப்பை 6.3% ஆக திருத்தினர்.,0,ta,REAL,149,18
கசிந்த ஆவணம்: UN 2030-ல் microchip citizens திட்டமிடுகிறது! உள்நாட்டு தகவலாளர்கள் உயிருக்கு பயந்து ஓடுகின்றனர்! மக்களுக்கு privacy ஆபத்தில் உள்ளது! SHARE செய்யுங்கள்!,1,ta,FAKE,166,18
"IIT Madras-இல் உள்ள ஆராய்ச்சியாளர்கள் Nature இதழில் ஆய்வு முடிவுகளை வெளியிட்டனர். 5 ஆண்டுகள் 1,200 பங்கேற்பாளர்களுடன் நடத்தப்பட்ட இந்த ஆய்வு cut costs by 30% என்று கண்டறிந்தது. சகாக்கள் ஆய்வு முறையை பாராட்டினர்.",0,ta,REAL,211,26
"Researchers at MIT published findings in Cell showing that doubled lifespan. The study, conducted over 3 years with 1,200 participants, concludes that diet is key. Peer reviewers praised the methodology.",0,en,REAL,203,30
Delhi-ல் Tuesday அன்று 12 புதிய COVID-19 வழக்குகள் பதிவாயின. சுகாதார அதிகாரிகள் நிலைமையை சமாளிக்க vaccines நிறுத்தினர். குடிமக்கள் avoid crowding என்று அறிவுறுத்தப்படுகின்றனர்.,0,ta,REAL,176,19
"MIRACLE: a local farmer LOSES 2,500 kg in 60 days using ONE weird trick doctors HATE! Experts BAFFLED! a major politician uses this SECRET daily! ORDER before June 30 — LIMITED SUPPLY!",1,en,FAKE,184,32
அதிர்ச்சி செய்தி: a famous actor இரகசியமாக betrays nation! அரசு climate பற்றிய உண்மையை மறைக்கிறது! DELETE ஆவதற்கு முன் SHARE செய்யுங்கள்! AFP இந்த அதிர்ச்சிகரமான உண்மையை உறுதிப்படுத்துகிறது!,1,ta,FAKE,190,23
"The Japan government approved a $2,500 billion budget for agriculture. The plan, reviewed by finance ministry, aims to eradicate poverty by 2027. Opposition parties offered mixed responses.",0,en,REAL,189,27
BREAKING: a famous actor SECRETLY betrays nation! Government HIDING the TRUTH about climate! SHARE before they DELETE this! Reuters confirms SHOCKING revelation that mainstream media REFUSES to cover. This changes EVERYTHING!,1,en,FAKE,225,31
"IMF நிறுவனம் இன்று அறிவித்தது: tax reform January 1 முதல் நடைமுறைக்கு வரும். 7 நாள் ஆலோசனைக்குப் பிறகு அதிகாரிகள் இந்த முடிவை உறுதிப்படுத்தினர். senior official தெரிவிக்கும் வகையில், இந்த நடவடிக்கை boost employment என்று எதிர்பார்க்கப்படுகிறது.",0,ta,REAL,244,29
"Stock markets dipped on Tuesday as Reliance reported stellar quarterly earnings. Analysts at ICICI revised their 2030 forecast to 6.3%, citing innovation.",0,en,REAL,154,22
ALERT: the opposition leader caught hiding documents on camera — VIDEO PROOF! Deep state PANICKING! Over 45 million patriots DEMAND justice! India is FALLING because of globalists! RT if you AGREE! Share EVERYWHERE!,1,en,FAKE,215,33
LEAKED: secret memo REVEALS that WEF plans to control food supply by 2027! Insiders FLEE for their lives! 45% of population at RISK! They are COMING for your freedom of speech! RESIST now!,1,en,FAKE,188,33
"Mumbai-ல் Tuesday அன்று 500,000 புதிய dengue வழக்குகள் பதிவாயின. சுகாதார அதிகாரிகள் நிலைமையை சமாளிக்க mobile units நிறுத்தினர். குடிமக்கள் wear masks என்று அறிவுறுத்தப்படுகின்றனர்.",0,ta,REAL,180,20
BREAKING: a major politician SECRETLY betrays nation! Government HIDING the TRUTH about water supply! SHARE before they DELETE this! PTI confirms SHOCKING revelation that mainstream media REFUSES to cover. This changes EVERYTHING!,1,en,FAKE,230,32
ALERT: the opposition leader caught hiding documents on camera — VIDEO PROOF! Deep state PANICKING! Over 100 million patriots DEMAND justice! Germany is FALLING because of foreign agents! RT if you AGREE! Share EVERYWHERE!,1,en,FAKE,222,34
இரகசியம் வெளியாயிற்று: garlic 60 நாளில் dengue-ஐ குணப்படுத்துகிறது! பெரிய நிறுவனங்கள் இதை மறைக்கின்றன! 100 மருத்துவர்கள் இதை வெளியிட்டதால் நிறுத்தப்பட்டனர்! விழிப்புணர்வு பெறுங்கள்! New World Order உண்மையானது!,1,ta,FAKE,209,22
"The ISRO announced today that climate policy will take effect from January 1. Officials confirmed the decision after 14 days of deliberation. The measure is expected to cut emissions, according to senior official.",0,en,REAL,213,33
LEAKED: secret memo REVEALS that WHO plans to censor internet by 2025! Insiders FLEE for their lives! 45% of population at RISK! They are COMING for your privacy! RESIST now!,1,en,FAKE,174,30
Chennai-ல் Thursday அன்று 10 million புதிய cholera வழக்குகள் பதிவாயின. சுகாதார அதிகாரிகள் நிலைமையை சமாளிக்க vaccines நிறுத்தினர். குடிமக்கள் get vaccinated என்று அறிவுறுத்தப்படுகின்றனர்.,0,ta,REAL,186,20
"The UNESCO announced today that tax reform will take effect from December 1. Officials confirmed the decision after 60 days of deliberation. The measure is expected to boost employment, according to PTI.",0,en,REAL,203,32
"Stanford-இல் உள்ள ஆராய்ச்சியாளர்கள் Science இதழில் ஆய்வு முடிவுகளை வெளியிட்டனர். 5 ஆண்டுகள் 10,000 பங்கேற்பாளர்களுடன் நடத்தப்பட்ட இந்த ஆய்வு reduced risk by 40% என்று கண்டறிந்தது. சகாக்கள் ஆய்வு முறையை பாராட்டினர்.",0,ta,REAL,214,25
Infosys நிறுவனம் disappointing காலாண்டு வருவாய் அறிவித்ததால் Tuesday அன்று சந்தை rallied. Goldman Sachs பகுப்பாய்வாளர்கள் 2025 கணிப்பை 8.1% ஆக திருத்தினர்.,0,ta,REAL,155,18
ALERT: a governor caught hiding documents on camera — VIDEO PROOF! Deep state PANICKING! Over 10 million million patriots DEMAND justice! France is FALLING because of globalists! RT if you AGREE! Share EVERYWHERE!,1,en,FAKE,213,33
"The UK government approved a $2,500 billion budget for defence. The plan, reviewed by finance ministry, aims to boost GDP by 7% by 2026. Opposition parties offered mixed responses.",0,en,REAL,180,29
கசிந்த ஆவணம்: deep state 2027-ல் microchip citizens திட்டமிடுகிறது! உள்நாட்டு தகவலாளர்கள் உயிருக்கு பயந்து ஓடுகின்றனர்! மக்களுக்கு property ஆபத்தில் உள்ளது! SHARE செய்யுங்கள்!,1,ta,FAKE,175,19
Germany அரசு education துறைக்கு ₹200 கோடி நிதி ஒதுக்கியது. parliament மதிப்பாய்வு செய்த திட்டம் 2026-ல் boost GDP by 7% நோக்கமாக கொண்டுள்ளது. எதிர்க்கட்சிகள் கலவையான கருத்துக்களை தெரிவித்தன.,0,ta,REAL,190,23
இரகசியம் வெளியாயிற்று: garlic 30 நாளில் COVID-19-ஐ குணப்படுத்துகிறது! பெரிய நிறுவனங்கள் இதை மறைக்கின்றன! 100 மருத்துவர்கள் இதை வெளியிட்டதால் நிறுத்தப்பட்டனர்! விழிப்புணர்வு பெறுங்கள்! New World Order உண்மையானது!,1,ta,FAKE,211,22
"NUS-இல் உள்ள ஆராய்ச்சியாளர்கள் Cell இதழில் ஆய்வு முடிவுகளை வெளியிட்டனர். 2 ஆண்டுகள் 10,000 பங்கேற்பாளர்களுடன் நடத்தப்பட்ட இந்த ஆய்வு improved accuracy என்று கண்டறிந்தது. சகாக்கள் ஆய்வு முறையை பாராட்டினர்.",0,ta,REAL,204,23
"EXCLUSIVE: Scientists DISCOVER that garlic CURES malaria in just 14 days! Big Pharma DOESN'T want you to know! 2,300 doctors SILENCED for revealing this! WAKE UP! The Big Pharma cover-up is REAL!",1,en,FAKE,195,32
MIRACLE: a local farmer LOSES 50 kg in 30 days using ONE weird trick doctors HATE! Experts BAFFLED! a famous actor uses this SECRET daily! ORDER before March 15 — LIMITED SUPPLY!,1,en,FAKE,178,32
இரகசியம் வெளியாயிற்று: lemon water 14 நாளில் influenza-ஐ குணப்படுத்துகிறது! பெரிய நிறுவனங்கள் இதை மறைக்கின்றன! 10 million மருத்துவர்கள் இதை வெளியிட்டதால் நிறுத்தப்பட்டனர்! விழிப்புணர்வு பெறுங்கள்! Big Pharma cover-up உண்மையானது!,1,ta,FAKE,228,24
அம்பலம்: the opposition leader கேமராவில் hiding documents பிடிக்கப்பட்டனர்! 100 லட்சம் மக்கள் நீதி கோருகின்றனர்! Japan elites காரணமாக நலிவடைகிறது! உடனே பகிருங்கள்!,1,ta,FAKE,163,19
Bengaluru-ல் Monday அன்று 45 புதிய COVID-19 வழக்குகள் பதிவாயின. சுகாதார அதிகாரிகள் நிலைமையை சமாளிக்க testing kits நிறுத்தினர். குடிமக்கள் avoid crowding என்று அறிவுறுத்தப்படுகின்றனர்.,0,ta,REAL,183,20
EXCLUSIVE: Scientists DISCOVER that neem CURES malaria in just 21 days! Big Pharma DOESN'T want you to know! 45 doctors SILENCED for revealing this! WAKE UP! The Big Pharma cover-up is REAL!,1,en,FAKE,190,32
LEAKED: leaked email REVEALS that UN plans to censor internet by 2027! Insiders FLEE for their lives! 45% of population at RISK! They are COMING for your property! RESIST now!,1,en,FAKE,175,30
கசிந்த ஆவணம்: WHO 2035-ல் control food supply திட்டமிடுகிறது! உள்நாட்டு தகவலாளர்கள் உயிருக்கு பயந்து ஓடுகின்றனர்! மக்களுக்கு freedom of speech ஆபத்தில் உள்ளது! SHARE செய்யுங்கள்!,1,ta,FAKE,178,21
"India அரசு infrastructure துறைக்கு ₹2,500 கோடி நிதி ஒதுக்கியது. expert panel மதிப்பாய்வு செய்த திட்டம் 2027-ல் boost GDP by 7% நோக்கமாக கொண்டுள்ளது. எதிர்க்கட்சிகள் கலவையான கருத்துக்களை தெரிவித்தன.",0,ta,REAL,197,24
Mumbai-ல் Wednesday அன்று 12 புதிய COVID-19 வழக்குகள் பதிவாயின. சுகாதார அதிகாரிகள் நிலைமையை சமாளிக்க testing kits நிறுத்தினர். குடிமக்கள் avoid crowding என்று அறிவுறுத்தப்படுகின்றனர்.,0,ta,REAL,183,20
"EXCLUSIVE: Scientists DISCOVER that turmeric CURES dengue in just 21 days! Big Pharma DOESN'T want you to know! 500,000 doctors SILENCED for revealing this! WAKE UP! The deep state plot is REAL!",1,en,FAKE,194,32
"Bengaluru reported 500,000 new cases of COVID-19 on Tuesday. Health authorities have deployed vaccines to manage the situation. Officials urge residents to get vaccinated.",0,en,REAL,171,24
இரகசியம் வெளியாயிற்று: lemon water 21 நாளில் malaria-ஐ குணப்படுத்துகிறது! பெரிய நிறுவனங்கள் இதை மறைக்கின்றன! 12 மருத்துவர்கள் இதை வெளியிட்டதால் நிறுத்தப்பட்டனர்! விழிப்புணர்வு பெறுங்கள்! deep state plot உண்மையானது!,1,ta,FAKE,214,23
"The UN announced today that tax reform will take effect from March 15. Officials confirmed the decision after 21 days of deliberation. The measure is expected to improve healthcare, according to ministry spokesperson.",0,en,REAL,217,33
"Stock markets rose on Tuesday as Tesla reported stellar quarterly earnings. Analysts at Goldman Sachs revised their 2027 forecast to 4.2%, citing cost pressures.",0,en,REAL,161,24
"The WHO announced today that climate policy will take effect from December 1. Officials confirmed the decision after 21 days of deliberation. The measure is expected to cut emissions, according to AFP.",0,en,REAL,201,32
"IIT Madras-இல் உள்ள ஆராய்ச்சியாளர்கள் Science இதழில் ஆய்வு முடிவுகளை வெளியிட்டனர். 5 ஆண்டுகள் 10,000 பங்கேற்பாளர்களுடன் நடத்தப்பட்ட இந்த ஆய்வு reduced risk by 40% என்று கண்டறிந்தது. சகாக்கள் ஆய்வு முறையை பாராட்டினர்.",0,ta,REAL,216,26
"Chennai reported 2,300 new cases of malaria on Friday. Health authorities have deployed vaccines to manage the situation. Officials urge residents to stay home.",0,en,REAL,160,24
UK அரசு defence துறைக்கு ₹200 கோடி நிதி ஒதுக்கியது. cabinet மதிப்பாய்வு செய்த திட்டம் 2027-ல் boost GDP by 7% நோக்கமாக கொண்டுள்ளது. எதிர்க்கட்சிகள் கலவையான கருத்துக்களை தெரிவித்தன.,0,ta,REAL,180,23
கசிந்த ஆவணம்: UN 2027-ல் microchip citizens திட்டமிடுகிறது! உள்நாட்டு தகவலாளர்கள் உயிருக்கு பயந்து ஓடுகின்றனர்! மக்களுக்கு privacy ஆபத்தில் உள்ளது! SHARE செய்யுங்கள்!,1,ta,FAKE,166,18
கசிந்த ஆவணம்: UN 2035-ல் microchip citizens திட்டமிடுகிறது! உள்நாட்டு தகவலாளர்கள் உயிருக்கு பயந்து ஓடுகின்றனர்! மக்களுக்கு privacy ஆபத்தில் உள்ளது! SHARE செய்யுங்கள்!,1,ta,FAKE,166,18
அம்பலம்: the opposition leader கேமராவில் lying under oath பிடிக்கப்பட்டனர்! 12 லட்சம் மக்கள் நீதி கோருகின்றனர்! Germany immigrants காரணமாக நலிவடைகிறது! உடனே பகிருங்கள்!,1,ta,FAKE,168,20
கசிந்த ஆவணம்: WEF 2030-ல் control food supply திட்டமிடுகிறது! உள்நாட்டு தகவலாளர்கள் உயிருக்கு பயந்து ஓடுகின்றனர்! மக்களுக்கு privacy ஆபத்தில் உள்ளது! SHARE செய்யுங்கள்!,1,ta,FAKE,168,19
EXCLUSIVE: Scientists DISCOVER that coconut oil CURES cholera in just 30 days! Big Pharma DOESN'T want you to know! 100 doctors SILENCED for revealing this! WAKE UP! The deep state plot is REAL!,1,en,FAKE,194,33
"Researchers at IIT Madras published findings in NEJM showing that cut costs by 30%. The study, conducted over 3 years with 10,000 participants, concludes that diet is key. Peer reviewers praised the methodology.",0,en,REAL,211,33
Delhi reported 12 new cases of influenza on Monday. Health authorities have deployed vaccines to manage the situation. Officials urge residents to get vaccinated.,0,en,REAL,162,24
Japan அரசு infrastructure துறைக்கு ₹5 கோடி நிதி ஒதுக்கியது. cabinet மதிப்பாய்வு செய்த திட்டம் 2035-ல் boost GDP by 7% நோக்கமாக கொண்டுள்ளது. எதிர்க்கட்சிகள் கலவையான கருத்துக்களை தெரிவித்தன.,0,ta,REAL,188,23
TCS நிறுவனம் disappointing காலாண்டு வருவாய் அறிவித்ததால் Monday அன்று சந்தை fell. Morgan Stanley பகுப்பாய்வாளர்கள் 2035 கணிப்பை 6.3% ஆக திருத்தினர்.,0,ta,REAL,148,18
அதிர்ச்சி செய்தி: a tech billionaire இரகசியமாக meets foreign spy! அரசு vaccines பற்றிய உண்மையை மறைக்கிறது! DELETE ஆவதற்கு முன் SHARE செய்யுங்கள்! PTI இந்த அதிர்ச்சிகரமான உண்மையை உறுதிப்படுத்துகிறது!,1,ta,FAKE,198,24
Infosys நிறுவனம் disappointing காலாண்டு வருவாய் அறிவித்ததால் Tuesday அன்று சந்தை surged. Morgan Stanley பகுப்பாய்வாளர்கள் 2027 கணிப்பை 9.0% ஆக திருத்தினர்.,0,ta,REAL,155,18
"Kolkata-ல் Tuesday அன்று 2,300 புதிய cholera வழக்குகள் பதிவாயின. சுகாதார அதிகாரிகள் நிலைமையை சமாளிக்க testing kits நிறுத்தினர். குடிமக்கள் wear masks என்று அறிவுறுத்தப்படுகின்றனர்.",0,ta,REAL,180,20
"The RBI announced today that vaccine mandate will take effect from March 15. Officials confirmed the decision after 7 days of deliberation. The measure is expected to improve healthcare, according to Reuters.",0,en,REAL,208,32
கசிந்த ஆவணம்: WEF 2030-ல் microchip citizens திட்டமிடுகிறது! உள்நாட்டு தகவலாளர்கள் உயிருக்கு பயந்து ஓடுகின்றனர்! மக்களுக்கு gun rights ஆபத்தில் உள்ளது! SHARE செய்யுங்கள்!,1,ta,FAKE,170,19
"The NASA announced today that vaccine mandate will take effect from January 1. Officials confirmed the decision after 90 days of deliberation. The measure is expected to cut emissions, according to Reuters.",0,en,REAL,206,32
Infosys நிறுவனம் disappointing காலாண்டு வருவாய் அறிவித்ததால் Thursday அன்று சந்தை rallied. ICICI பகுப்பாய்வாளர்கள் 2027 கணிப்பை 7.5% ஆக திருத்தினர்.,0,ta,REAL,148,17
கசிந்த ஆவணம்: UN 2030-ல் microchip citizens திட்டமிடுகிறது! உள்நாட்டு தகவலாளர்கள் உயிருக்கு பயந்து ஓடுகின்றனர்! மக்களுக்கு privacy ஆபத்தில் உள்ளது! SHARE செய்யுங்கள்!,1,ta,FAKE,166,18
Delhi reported 10 million new cases of malaria on Tuesday. Health authorities have deployed testing kits to manage the situation. Officials urge residents to stay home.,0,en,REAL,168,26
கசிந்த ஆவணம்: WEF 2025-ல் microchip citizens திட்டமிடுகிறது! உள்நாட்டு தகவலாளர்கள் உயிருக்கு பயந்து ஓடுகின்றனர்! மக்களுக்கு gun rights ஆபத்தில் உள்ளது! SHARE செய்யுங்கள்!,1,ta,FAKE,170,19
"LEAKED: leaked email REVEALS that WEF plans to control food supply by 2027! Insiders FLEE for their lives! 2,300% of population at RISK! They are COMING for your property! RESIST now!",1,en,FAKE,183,31
இரகசியம் வெளியாயிற்று: garlic 30 நாளில் malaria-ஐ குணப்படுத்துகிறது! பெரிய நிறுவனங்கள் இதை மறைக்கின்றன! 45 மருத்துவர்கள் இதை வெளியிட்டதால் நிறுத்தப்பட்டனர்! விழிப்புணர்வு பெறுங்கள்! Big Pharma cover-up உண்மையானது!,1,ta,FAKE,213,22
"இரகசியம் வெளியாயிற்று: turmeric 30 நாளில் malaria-ஐ குணப்படுத்துகிறது! பெரிய நிறுவனங்கள் இதை மறைக்கின்றன! 2,300 மருத்துவர்கள் இதை வெளியிட்டதால் நிறுத்தப்பட்டனர்! விழிப்புணர்வு பெறுங்கள்! New World Order உண்மையானது!",1,ta,FAKE,214,22
"The ISRO announced today that new trade agreement will take effect from June 30. Officials confirmed the decision after 90 days of deliberation. The measure is expected to cut emissions, according to AFP.",0,en,REAL,204,33
அதிசயம்: a local farmer ஒரே 30 நாளில் 12 கிலோ குறைத்தனர்! மருத்துவர்கள் வெறுக்கும் இந்த ஒரு இரகசிய உத்தி! a tech billionaire தினமும் இதை பயன்படுத்துகிறார்! இன்றே ஆர்டர் செய்யுங்கள்!,1,ta,FAKE,181,25
Hyderabad-ல் Tuesday அன்று 100 புதிய influenza வழக்குகள் பதிவாயின. சுகாதார அதிகாரிகள் நிலைமையை சமாளிக்க testing kits நிறுத்தினர். குடிமக்கள் stay home என்று அறிவுறுத்தப்படுகின்றனர்.,0,ta,REAL,181,20
"The ISRO announced today that vaccine mandate will take effect from June 30. Officials confirmed the decision after 30 days of deliberation. The measure is expected to reduce inflation, according to PTI.",0,en,REAL,203,32
ALERT: a senior minister caught lying under oath on camera — VIDEO PROOF! Deep state PANICKING! Over 45 million patriots DEMAND justice! India is FALLING because of foreign agents! RT if you AGREE! Share EVERYWHERE!,1,en,FAKE,215,35
"ALERT: a governor caught lying under oath on camera — VIDEO PROOF! Deep state PANICKING! Over 500,000 million patriots DEMAND justice! UK is FALLING because of globalists! RT if you AGREE! Share EVERYWHERE!",1,en,FAKE,206,33
"France அரசு defence துறைக்கு ₹2,500 கோடி நிதி ஒதுக்கியது. parliament மதிப்பாய்வு செய்த திட்டம் 2027-ல் boost GDP by 7% நோக்கமாக கொண்டுள்ளது. எதிர்க்கட்சிகள் கலவையான கருத்துக்களை தெரிவித்தன.",0,ta,REAL,189,23
"இரகசியம் வெளியாயிற்று: garlic 90 நாளில் cholera-ஐ குணப்படுத்துகிறது! பெரிய நிறுவனங்கள் இதை மறைக்கின்றன! 500,000 மருத்துவர்கள் இதை வெளியிட்டதால் நிறுத்தப்பட்டனர்! விழிப்புணர்வு பெறுங்கள்! New World Order உண்மையானது!",1,ta,FAKE,214,22
அம்பலம்: a senior minister கேமராவில் hiding documents பிடிக்கப்பட்டனர்! 12 லட்சம் மக்கள் நீதி கோருகின்றனர்! Japan globalists காரணமாக நலிவடைகிறது! உடனே பகிருங்கள்!,1,ta,FAKE,162,19
"இரகசியம் வெளியாயிற்று: neem 90 நாளில் cholera-ஐ குணப்படுத்துகிறது! பெரிய நிறுவனங்கள் இதை மறைக்கின்றன! 500,000 மருத்துவர்கள் இதை வெளியிட்டதால் நிறுத்தப்பட்டனர்! விழிப்புணர்வு பெறுங்கள்! Big Pharma cover-up உண்மையானது!",1,ta,FAKE,216,22
Apple நிறுவனம் disappointing காலாண்டு வருவாய் அறிவித்ததால் Monday அன்று சந்தை dipped. Goldman Sachs பகுப்பாய்வாளர்கள் 2026 கணிப்பை 7.5% ஆக திருத்தினர்.,0,ta,REAL,151,18
"The WHO announced today that new trade agreement will take effect from March 15. Officials confirmed the decision after 60 days of deliberation. The measure is expected to reduce inflation, according to AFP.",0,en,REAL,207,33
இரகசியம் வெளியாயிற்று: neem 60 நாளில் cholera-ஐ குணப்படுத்துகிறது! பெரிய நிறுவனங்கள் இதை மறைக்கின்றன! 45 மருத்துவர்கள் இதை வெளியிட்டதால் நிறுத்தப்பட்டனர்! விழிப்புணர்வு பெறுங்கள்! New World Order உண்மையானது!,1,ta,FAKE,207,22
EXCLUSIVE: Scientists DISCOVER that coconut oil CURES COVID-19 in just 7 days! Big Pharma DOESN'T want you to know! 45 doctors SILENCED for revealing this! WAKE UP! The deep state plot is REAL!,1,en,FAKE,193,33
"Stock markets fell on Monday as TCS reported disappointing quarterly earnings. Analysts at ICICI revised their 2030 forecast to 4.2%, citing strong demand.",0,en,REAL,155,23
"Stock markets surged on Tuesday as TCS reported record quarterly earnings. Analysts at Morgan Stanley revised their 2035 forecast to 4.2%, citing supply chain issues.",0,en,REAL,166,25
"Researchers at IIT Madras published findings in Science showing that reduced risk by 40%. The study, conducted over 2 years with 1,200 participants, concludes that lifestyle changes matter. Peer reviewers praised the methodology.",0,en,REAL,229,33
Reliance நிறுவனம் record காலாண்டு வருவாய் அறிவித்ததால் Monday அன்று சந்தை rallied. Morgan Stanley பகுப்பாய்வாளர்கள் 2025 கணிப்பை 6.3% ஆக திருத்தினர்.,0,ta,REAL,149,18
Infosys நிறுவனம் stellar காலாண்டு வருவாய் அறிவித்ததால் Monday அன்று சந்தை rose. Citi பகுப்பாய்வாளர்கள் 2026 கணிப்பை 9.0% ஆக திருத்தினர்.,0,ta,REAL,136,17
அதிர்ச்சி செய்தி: a major politician இரகசியமாக funds terror groups! அரசு climate பற்றிய உண்மையை மறைக்கிறது! DELETE ஆவதற்கு முன் SHARE செய்யுங்கள்! ministry spokesperson இந்த அதிர்ச்சிகரமான உண்மையை உறுதிப்படுத்துகிறது!,1,ta,FAKE,217,25
"The IMF announced today that tax reform will take effect from December 1. Officials confirmed the decision after 60 days of deliberation. The measure is expected to reduce inflation, according to senior official.",0,en,REAL,212,33
கசிந்த ஆவணம்: WEF 2030-ல் censor internet திட்டமிடுகிறது! உள்நாட்டு தகவலாளர்கள் உயிருக்கு பயந்து ஓடுகின்றனர்! மக்களுக்கு gun rights ஆபத்தில் உள்ளது! SHARE செய்யுங்கள்!,1,ta,FAKE,167,19
"அதிசயம்: a mother of three ஒரே 14 நாளில் 2,500 கிலோ குறைத்தனர்! மருத்துவர்கள் வெறுக்கும் இந்த ஒரு இரகசிய உத்தி! a famous actor தினமும் இதை பயன்படுத்துகிறார்! இன்றே ஆர்டர் செய்யுங்கள்!",1,ta,FAKE,183,26
"Researchers at NUS published findings in Lancet showing that cut costs by 30%. The study, conducted over 10 years with 500 participants, concludes that early screening saves lives. Peer reviewers praised the methodology.",0,en,REAL,220,33
"UN நிறுவனம் இன்று அறிவித்தது: vaccine mandate March 15 முதல் நடைமுறைக்கு வரும். 7 நாள் ஆலோசனைக்குப் பிறகு அதிகாரிகள் இந்த முடிவை உறுதிப்படுத்தினர். ministry spokesperson தெரிவிக்கும் வகையில், இந்த நடவடிக்கை boost employment என்று எதிர்பார்க்கப்படுகிறது.",0,ta,REAL,253,29
BITS Pilani-இல் உள்ள ஆராய்ச்சியாளர்கள் Nature இதழில் ஆய்வு முடிவுகளை வெளியிட்டனர். 3 ஆண்டுகள் 500 பங்கேற்பாளர்களுடன் நடத்தப்பட்ட இந்த ஆய்வு improved accuracy என்று கண்டறிந்தது. சகாக்கள் ஆய்வு முறையை பாராட்டினர்.,0,ta,REAL,211,24
Mumbai-ல் Tuesday அன்று 10 million புதிய COVID-19 வழக்குகள் பதிவாயின. சுகாதார அதிகாரிகள் நிலைமையை சமாளிக்க testing kits நிறுத்தினர். குடிமக்கள் get vaccinated என்று அறிவுறுத்தப்படுகின்றனர்.,0,ta,REAL,189,21
அம்பலம்: a governor கேமராவில் accepting bribe பிடிக்கப்பட்டனர்! 12 லட்சம் மக்கள் நீதி கோருகின்றனர்! UK foreign agents காரணமாக நலிவடைகிறது! உடனே பகிருங்கள்!,1,ta,FAKE,155,19
கசிந்த ஆவணம்: UN 2026-ல் microchip citizens திட்டமிடுகிறது! உள்நாட்டு தகவலாளர்கள் உயிருக்கு பயந்து ஓடுகின்றனர்! மக்களுக்கு freedom of speech ஆபத்தில் உள்ளது! SHARE செய்யுங்கள்!,1,ta,FAKE,176,20
Mumbai reported 45 new cases of malaria on Wednesday. Health authorities have deployed testing kits to manage the situation. Officials urge residents to wear masks.,0,en,REAL,164,25
"UNESCO நிறுவனம் இன்று அறிவித்தது: climate policy April 5 முதல் நடைமுறைக்கு வரும். 60 நாள் ஆலோசனைக்குப் பிறகு அதிகாரிகள் இந்த முடிவை உறுதிப்படுத்தினர். PTI தெரிவிக்கும் வகையில், இந்த நடவடிக்கை reduce inflation என்று எதிர்பார்க்கப்படுகிறது.",0,ta,REAL,238,28
"The UN announced today that climate policy will take effect from March 15. Officials confirmed the decision after 7 days of deliberation. The measure is expected to boost employment, according to Reuters.",0,en,REAL,204,32
அதிர்ச்சி செய்தி: a tech billionaire இரகசியமாக funds terror groups! அரசு 5G towers பற்றிய உண்மையை மறைக்கிறது! DELETE ஆவதற்கு முன் SHARE செய்யுங்கள்! ministry spokesperson இந்த அதிர்ச்சிகரமான உண்மையை உறுதிப்படுத்துகிறது!,1,ta,FAKE,219,26
Bengaluru-ல் Thursday அன்று 12 புதிய malaria வழக்குகள் பதிவாயின. சுகாதார அதிகாரிகள் நிலைமையை சமாளிக்க medical teams நிறுத்தினர். குடிமக்கள் avoid crowding என்று அறிவுறுத்தப்படுகின்றனர்.,0,ta,REAL,185,20
"EXCLUSIVE: Scientists DISCOVER that neem CURES influenza in just 21 days! Big Pharma DOESN'T want you to know! 2,300 doctors SILENCED for revealing this! WAKE UP! The Big Pharma cover-up is REAL!",1,en,FAKE,195,32
"LEAKED: classified file REVEALS that WHO plans to censor internet by 2026! Insiders FLEE for their lives! 500,000% of population at RISK! They are COMING for your gun rights! RESIST now!",1,en,FAKE,186,31
அதிர்ச்சி செய்தி: a tech billionaire இரகசியமாக meets foreign spy! அரசு 5G towers பற்றிய உண்மையை மறைக்கிறது! DELETE ஆவதற்கு முன் SHARE செய்யுங்கள்! AFP இந்த அதிர்ச்சிகரமான உண்மையை உறுதிப்படுத்துகிறது!,1,ta,FAKE,199,25
கசிந்த ஆவணம்: WHO 2026-ல் microchip citizens திட்டமிடுகிறது! உள்நாட்டு தகவலாளர்கள் உயிருக்கு பயந்து ஓடுகின்றனர்! மக்களுக்கு property ஆபத்தில் உள்ளது! SHARE செய்யுங்கள்!,1,ta,FAKE,168,18
LEAKED: secret memo REVEALS that government plans to control food supply by 2025! Insiders FLEE for their lives! 10 million% of population at RISK! They are COMING for your freedom of speech! RESIST now!,1,en,FAKE,203,34
Japan அரசு defence துறைக்கு ₹200 கோடி நிதி ஒதுக்கியது. cabinet மதிப்பாய்வு செய்த திட்டம் 2027-ல் eradicate poverty நோக்கமாக கொண்டுள்ளது. எதிர்க்கட்சிகள் கலவையான கருத்துக்களை தெரிவித்தன.,0,ta,REAL,185,21
"Stock markets rallied on Friday as Google reported mixed quarterly earnings. Analysts at Citi revised their 2030 forecast to 4.2%, citing supply chain issues.",0,en,REAL,158,24
"Oxford-இல் உள்ள ஆராய்ச்சியாளர்கள் Science இதழில் ஆய்வு முடிவுகளை வெளியிட்டனர். 10 ஆண்டுகள் 1,200 பங்கேற்பாளர்களுடன் நடத்தப்பட்ட இந்த ஆய்வு cut costs by 30% என்று கண்டறிந்தது. சகாக்கள் ஆய்வு முறையை பாராட்டினர்.",0,ta,REAL,209,25
Infosys நிறுவனம் record காலாண்டு வருவாய் அறிவித்ததால் Wednesday அன்று சந்தை dipped. ICICI பகுப்பாய்வாளர்கள் 2027 கணிப்பை 6.3% ஆக திருத்தினர்.,0,ta,REAL,141,17
அம்பலம்: a governor கேமராவில் accepting bribe பிடிக்கப்பட்டனர்! 12 லட்சம் மக்கள் நீதி கோருகின்றனர்! Japan foreign agents காரணமாக நலிவடைகிறது! உடனே பகிருங்கள்!,1,ta,FAKE,158,19
அதிசயம்: a mother of three ஒரே 21 நாளில் 12 கிலோ குறைத்தனர்! மருத்துவர்கள் வெறுக்கும் இந்த ஒரு இரகசிய உத்தி! a major politician தினமும் இதை பயன்படுத்துகிறார்! இன்றே ஆர்டர் செய்யுங்கள்!,1,ta,FAKE,184,26
இரகசியம் வெளியாயிற்று: lemon water 14 நாளில் dengue-ஐ குணப்படுத்துகிறது! பெரிய நிறுவனங்கள் இதை மறைக்கின்றன! 12 மருத்துவர்கள் இதை வெளியிட்டதால் நிறுத்தப்பட்டனர்! விழிப்புணர்வு பெறுங்கள்! Big Pharma cover-up உண்மையானது!,1,ta,FAKE,217,23
ALERT: a senior minister caught accepting bribe on camera — VIDEO PROOF! Deep state PANICKING! Over 12 million patriots DEMAND justice! India is FALLING because of globalists! RT if you AGREE! Share EVERYWHERE!,1,en,FAKE,210,33
EXCLUSIVE: Scientists DISCOVER that neem CURES cholera in just 14 days! Big Pharma DOESN'T want you to know! 10 million doctors SILENCED for revealing this! WAKE UP! The New World Order is REAL!,1,en,FAKE,194,33
அதிர்ச்சி செய்தி: a major politician இரகசியமாக funds terror groups! அரசு vaccines பற்றிய உண்மையை மறைக்கிறது! DELETE ஆவதற்கு முன் SHARE செய்யுங்கள்! Reuters இந்த அதிர்ச்சிகரமான உண்மையை உறுதிப்படுத்துகிறது!,1,ta,FAKE,204,24
கசிந்த ஆவணம்: WHO 2026-ல் censor internet திட்டமிடுகிறது! உள்நாட்டு தகவலாளர்கள் உயிருக்கு பயந்து ஓடுகின்றனர்! மக்களுக்கு gun rights ஆபத்தில் உள்ளது! SHARE செய்யுங்கள்!,1,ta,FAKE,167,19
ALERT: the opposition leader caught lying under oath on camera — VIDEO PROOF! Deep state PANICKING! Over 10 million million patriots DEMAND justice! India is FALLING because of globalists! RT if you AGREE! Share EVERYWHERE!,1,en,FAKE,223,35
ALERT: a senior minister caught hiding documents on camera — VIDEO PROOF! Deep state PANICKING! Over 10 million million patriots DEMAND justice! Japan is FALLING because of foreign agents! RT if you AGREE! Share EVERYWHERE!,1,en,FAKE,223,35
Kolkata reported 45 new cases of cholera on Monday. Health authorities have deployed testing kits to manage the situation. Officials urge residents to get vaccinated.,0,en,REAL,166,25
LEAKED: leaked email REVEALS that UN plans to microchip citizens by 2030! Insiders FLEE for their lives! 100% of population at RISK! They are COMING for your privacy! RESIST now!,1,en,FAKE,178,30
BREAKING: a famous actor SECRETLY betrays nation! Government HIDING the TRUTH about chemtrails! SHARE before they DELETE this! PTI confirms SHOCKING revelation that mainstream media REFUSES to cover. This changes EVERYTHING!,1,en,FAKE,224,31
"Stock markets dipped on Tuesday as Reliance reported strong quarterly earnings. Analysts at ICICI revised their 2026 forecast to 7.5%, citing cost pressures.",0,en,REAL,157,23
"EXCLUSIVE: Scientists DISCOVER that garlic CURES influenza in just 60 days! Big Pharma DOESN'T want you to know! 2,300 doctors SILENCED for revealing this! WAKE UP! The deep state plot is REAL!",1,en,FAKE,193,32
EXCLUSIVE: Scientists DISCOVER that turmeric CURES influenza in just 7 days! Big Pharma DOESN'T want you to know! 12 doctors SILENCED for revealing this! WAKE UP! The deep state plot is REAL!,1,en,FAKE,191,32
அதிசயம்: a mother of three ஒரே 7 நாளில் 12 கிலோ குறைத்தனர்! மருத்துவர்கள் வெறுக்கும் இந்த ஒரு இரகசிய உத்தி! a tech billionaire தினமும் இதை பயன்படுத்துகிறார்! இன்றே ஆர்டர் செய்யுங்கள்!,1,ta,FAKE,183,26
அம்பலம்: a senior minister கேமராவில் accepting bribe பிடிக்கப்பட்டனர்! 12 லட்சம் மக்கள் நீதி கோருகின்றனர்! France immigrants காரணமாக நலிவடைகிறது! உடனே பகிருங்கள்!,1,ta,FAKE,162,19
"WHO நிறுவனம் இன்று அறிவித்தது: new trade agreement January 1 முதல் நடைமுறைக்கு வரும். 30 நாள் ஆலோசனைக்குப் பிறகு அதிகாரிகள் இந்த முடிவை உறுதிப்படுத்தினர். senior official தெரிவிக்கும் வகையில், இந்த நடவடிக்கை improve healthcare என்று எதிர்பார்க்கப்படுகிறது.",0,ta,REAL,256,30
"Oxford-இல் உள்ள ஆராய்ச்சியாளர்கள் Lancet இதழில் ஆய்வு முடிவுகளை வெளியிட்டனர். 10 ஆண்டுகள் 10,000 பங்கேற்பாளர்களுடன் நடத்தப்பட்ட இந்த ஆய்வு improved accuracy என்று கண்டறிந்தது. சகாக்கள் ஆய்வு முறையை பாராட்டினர்.",0,ta,REAL,210,23
"NUS-இல் உள்ள ஆராய்ச்சியாளர்கள் NEJM இதழில் ஆய்வு முடிவுகளை வெளியிட்டனர். 2 ஆண்டுகள் 10,000 பங்கேற்பாளர்களுடன் நடத்தப்பட்ட இந்த ஆய்வு cut costs by 30% என்று கண்டறிந்தது. சகாக்கள் ஆய்வு முறையை பாராட்டினர்.",0,ta,REAL,203,25
Bengaluru-ல் Tuesday அன்று 100 புதிய COVID-19 வழக்குகள் பதிவாயின. சுகாதார அதிகாரிகள் நிலைமையை சமாளிக்க testing kits நிறுத்தினர். குடிமக்கள் stay home என்று அறிவுறுத்தப்படுகின்றனர்.,0,ta,REAL,180,20
Mumbai-ல் Monday அன்று 100 புதிய dengue வழக்குகள் பதிவாயின. சுகாதார அதிகாரிகள் நிலைமையை சமாளிக்க vaccines நிறுத்தினர். குடிமக்கள் avoid crowding என்று அறிவுறுத்தப்படுகின்றனர்.,0,ta,REAL,175,19
"The USA government approved a $2,500 billion budget for healthcare. The plan, reviewed by parliament, aims to eradicate poverty by 2025. Opposition parties offered mixed responses.",0,en,REAL,180,26
"Chennai-ல் Monday அன்று 2,300 புதிய cholera வழக்குகள் பதிவாயின. சுகாதார அதிகாரிகள் நிலைமையை சமாளிக்க mobile units நிறுத்தினர். குடிமக்கள் avoid crowding என்று அறிவுறுத்தப்படுகின்றனர்.",0,ta,REAL,183,20
"The NASA announced today that tax reform will take effect from April 5. Officials confirmed the decision after 30 days of deliberation. The measure is expected to improve healthcare, according to Reuters.",0,en,REAL,204,32
"அம்பலம்: a senior minister கேமராவில் accepting bribe பிடிக்கப்பட்டனர்! 2,300 லட்சம் மக்கள் நீதி கோருகின்றனர்! France foreign agents காரணமாக நலிவடைகிறது! உடனே பகிருங்கள்!",1,ta,FAKE,169,20
"Germany அரசு defence துறைக்கு ₹1,000 கோடி நிதி ஒதுக்கியது. parliament மதிப்பாய்வு செய்த திட்டம் 2025-ல் achieve net-zero நோக்கமாக கொண்டுள்ளது. எதிர்க்கட்சிகள் கலவையான கருத்துக்களை தெரிவித்தன.",0,ta,REAL,191,21
அம்பலம்: the opposition leader கேமராவில் lying under oath பிடிக்கப்பட்டனர்! 12 லட்சம் மக்கள் நீதி கோருகின்றனர்! Germany globalists காரணமாக நலிவடைகிறது! உடனே பகிருங்கள்!,1,ta,FAKE,168,20
"EXCLUSIVE: Scientists DISCOVER that garlic CURES malaria in just 7 days! Big Pharma DOESN'T want you to know! 500,000 doctors SILENCED for revealing this! WAKE UP! The Big Pharma cover-up is REAL!",1,en,FAKE,196,32
BITS Pilani-இல் உள்ள ஆராய்ச்சியாளர்கள் Nature இதழில் ஆய்வு முடிவுகளை வெளியிட்டனர். 5 ஆண்டுகள் 500 பங்கேற்பாளர்களுடன் நடத்தப்பட்ட இந்த ஆய்வு cut costs by 30% என்று கண்டறிந்தது. சகாக்கள் ஆய்வு முறையை பாராட்டினர்.,0,ta,REAL,210,26
Japan அரசு agriculture துறைக்கு ₹50 கோடி நிதி ஒதுக்கியது. finance ministry மதிப்பாய்வு செய்த திட்டம் 2027-ல் achieve net-zero நோக்கமாக கொண்டுள்ளது. எதிர்க்கட்சிகள் கலவையான கருத்துக்களை தெரிவித்தன.,0,ta,REAL,196,22
LEAKED: leaked email REVEALS that government plans to censor internet by 2030! Insiders FLEE for their lives! 12% of population at RISK! They are COMING for your privacy! RESIST now!,1,en,FAKE,182,30
அதிசயம்: a mother of three ஒரே 21 நாளில் 50 கிலோ குறைத்தனர்! மருத்துவர்கள் வெறுக்கும் இந்த ஒரு இரகசிய உத்தி! a tech billionaire தினமும் இதை பயன்படுத்துகிறார்! இன்றே ஆர்டர் செய்யுங்கள்!,1,ta,FAKE,184,26
Mumbai-ல் Tuesday அன்று 45 புதிய influenza வழக்குகள் பதிவாயின. சுகாதார அதிகாரிகள் நிலைமையை சமாளிக்க mobile units நிறுத்தினர். குடிமக்கள் stay home என்று அறிவுறுத்தப்படுகின்றனர்.,0,ta,REAL,177,20
"The ISRO announced today that tax reform will take effect from December 1. Officials confirmed the decision after 60 days of deliberation. The measure is expected to improve healthcare, according to AFP.",0,en,REAL,203,32
"அம்பலம்: a governor கேமராவில் lying under oath பிடிக்கப்பட்டனர்! 500,000 லட்சம் மக்கள் நீதி கோருகின்றனர்! Germany globalists காரணமாக நலிவடைகிறது! உடனே பகிருங்கள்!",1,ta,FAKE,162,19
கசிந்த ஆவணம்: WEF 2030-ல் control food supply திட்டமிடுகிறது! உள்நாட்டு தகவலாளர்கள் உயிருக்கு பயந்து ஓடுகின்றனர்! மக்களுக்கு freedom of speech ஆபத்தில் உள்ளது! SHARE செய்யுங்கள்!,1,ta,FAKE,178,21
IIT Madras-இல் உள்ள ஆராய்ச்சியாளர்கள் Nature இதழில் ஆய்வு முடிவுகளை வெளியிட்டனர். 2 ஆண்டுகள் 500 பங்கேற்பாளர்களுடன் நடத்தப்பட்ட இந்த ஆய்வு reduced risk by 40% என்று கண்டறிந்தது. சகாக்கள் ஆய்வு முறையை பாராட்டினர்.,0,ta,REAL,212,26
BREAKING: a famous actor SECRETLY funds terror groups! Government HIDING the TRUTH about vaccines! SHARE before they DELETE this! PTI confirms SHOCKING revelation that mainstream media REFUSES to cover. This changes EVERYTHING!,1,en,FAKE,227,32
LEAKED: classified file REVEALS that deep state plans to censor internet by 2026! Insiders FLEE for their lives! 10 million% of population at RISK! They are COMING for your gun rights! RESIST now!,1,en,FAKE,196,33
"EXCLUSIVE: Scientists DISCOVER that lemon water CURES COVID-19 in just 30 days! Big Pharma DOESN'T want you to know! 500,000 doctors SILENCED for revealing this! WAKE UP! The deep state plot is REAL!",1,en,FAKE,199,33
MIRACLE: a local farmer LOSES 12 kg in 30 days using ONE weird trick doctors HATE! Experts BAFFLED! a major politician uses this SECRET daily! ORDER before April 5 — LIMITED SUPPLY!,1,en,FAKE,181,32
"Delhi reported 2,300 new cases of COVID-19 on Thursday. Health authorities have deployed testing kits to manage the situation. Officials urge residents to stay home.",0,en,REAL,165,25
IIT Madras-இல் உள்ள ஆராய்ச்சியாளர்கள் Nature இதழில் ஆய்வு முடிவுகளை வெளியிட்டனர். 10 ஆண்டுகள் 500 பங்கேற்பாளர்களுடன் நடத்தப்பட்ட இந்த ஆய்வு reduced risk by 40% என்று கண்டறிந்தது. சகாக்கள் ஆய்வு முறையை பாராட்டினர்.,0,ta,REAL,213,26
"Stock markets dipped on Wednesday as Google reported mixed quarterly earnings. Analysts at Citi revised their 2027 forecast to 4.2%, citing cost pressures.",0,en,REAL,155,23
"WHO நிறுவனம் இன்று அறிவித்தது: climate policy January 1 முதல் நடைமுறைக்கு வரும். 14 நாள் ஆலோசனைக்குப் பிறகு அதிகாரிகள் இந்த முடிவை உறுதிப்படுத்தினர். ministry spokesperson தெரிவிக்கும் வகையில், இந்த நடவடிக்கை cut emissions என்று எதிர்பார்க்கப்படுகிறது.",0,ta,REAL,252,29
Chennai reported 100 new cases of malaria on Friday. Health authorities have deployed medical teams to manage the situation. Officials urge residents to get vaccinated.,0,en,REAL,168,25
Japan அரசு infrastructure துறைக்கு ₹200 கோடி நிதி ஒதுக்கியது. parliament மதிப்பாய்வு செய்த திட்டம் 2027-ல் achieve net-zero நோக்கமாக கொண்டுள்ளது. எதிர்க்கட்சிகள் கலவையான கருத்துக்களை தெரிவித்தன.,0,ta,REAL,194,21
"The France government approved a $200 billion budget for agriculture. The plan, reviewed by expert panel, aims to achieve net-zero by 2027. Opposition parties offered mixed responses.",0,en,REAL,183,27
"Bengaluru-ல் Monday அன்று 2,300 புதிய dengue வழக்குகள் பதிவாயின. சுகாதார அதிகாரிகள் நிலைமையை சமாளிக்க medical teams நிறுத்தினர். குடிமக்கள் stay home என்று அறிவுறுத்தப்படுகின்றனர்.",0,ta,REAL,180,20
"ALERT: a governor caught lying under oath on camera — VIDEO PROOF! Deep state PANICKING! Over 500,000 million patriots DEMAND justice! India is FALLING because of immigrants! RT if you AGREE! Share EVERYWHERE!",1,en,FAKE,209,33
"NUS-இல் உள்ள ஆராய்ச்சியாளர்கள் Nature இதழில் ஆய்வு முடிவுகளை வெளியிட்டனர். 2 ஆண்டுகள் 5,000 பங்கேற்பாளர்களுடன் நடத்தப்பட்ட இந்த ஆய்வு cut costs by 30% என்று கண்டறிந்தது. சகாக்கள் ஆய்வு முறையை பாராட்டினர்.",0,ta,REAL,204,25
Kolkata-ல் Friday அன்று 10 million புதிய COVID-19 வழக்குகள் பதிவாயின. சுகாதார அதிகாரிகள் நிலைமையை சமாளிக்க testing kits நிறுத்தினர். குடிமக்கள் wear masks என்று அறிவுறுத்தப்படுகின்றனர்.,0,ta,REAL,185,21
"Researchers at Oxford published findings in Cell showing that doubled lifespan. The study, conducted over 10 years with 1,200 participants, concludes that diet is key. Peer reviewers praised the methodology.",0,en,REAL,207,30
LEAKED: secret memo REVEALS that UN plans to microchip citizens by 2030! Insiders FLEE for their lives! 10 million% of population at RISK! They are COMING for your freedom of speech! RESIST now!,1,en,FAKE,194,33
Japan அரசு education துறைக்கு ₹50 கோடி நிதி ஒதுக்கியது. cabinet மதிப்பாய்வு செய்த திட்டம் 2027-ல் achieve net-zero நோக்கமாக கொண்டுள்ளது. எதிர்க்கட்சிகள் கலவையான கருத்துக்களை தெரிவித்தன.,0,ta,REAL,185,21
"ALERT: a senior minister caught hiding documents on camera — VIDEO PROOF! Deep state PANICKING! Over 500,000 million patriots DEMAND justice! USA is FALLING because of foreign agents! RT if you AGREE! Share EVERYWHERE!",1,en,FAKE,218,34
BREAKING: a famous actor SECRETLY meets foreign spy! Government HIDING the TRUTH about 5G towers! SHARE before they DELETE this! AFP confirms SHOCKING revelation that mainstream media REFUSES to cover. This changes EVERYTHING!,1,en,FAKE,226,33
India அரசு defence துறைக்கு ₹5 கோடி நிதி ஒதுக்கியது. expert panel மதிப்பாய்வு செய்த திட்டம் 2026-ல் eradicate poverty நோக்கமாக கொண்டுள்ளது. எதிர்க்கட்சிகள் கலவையான கருத்துக்களை தெரிவித்தன.,0,ta,REAL,188,22
"LEAKED: leaked email REVEALS that deep state plans to control food supply by 2035! Insiders FLEE for their lives! 2,300% of population at RISK! They are COMING for your privacy! RESIST now!",1,en,FAKE,189,32
EXCLUSIVE: Scientists DISCOVER that neem CURES COVID-19 in just 14 days! Big Pharma DOESN'T want you to know! 100 doctors SILENCED for revealing this! WAKE UP! The Big Pharma cover-up is REAL!,1,en,FAKE,192,32
"EXCLUSIVE: Scientists DISCOVER that neem CURES cholera in just 21 days! Big Pharma DOESN'T want you to know! 500,000 doctors SILENCED for revealing this! WAKE UP! The Big Pharma cover-up is REAL!",1,en,FAKE,195,32
"Researchers at IIT Madras published findings in Lancet showing that improved accuracy. The study, conducted over 2 years with 5,000 participants, concludes that early screening saves lives. Peer reviewers praised the methodology.",0,en,REAL,229,32
ALERT: a senior minister caught accepting bribe on camera — VIDEO PROOF! Deep state PANICKING! Over 12 million patriots DEMAND justice! France is FALLING because of elites! RT if you AGREE! Share EVERYWHERE!,1,en,FAKE,207,33
கசிந்த ஆவணம்: UN 2030-ல் censor internet திட்டமிடுகிறது! உள்நாட்டு தகவலாளர்கள் உயிருக்கு பயந்து ஓடுகின்றனர்! மக்களுக்கு privacy ஆபத்தில் உள்ளது! SHARE செய்யுங்கள்!,1,ta,FAKE,163,18
LEAKED: classified file REVEALS that WHO plans to censor internet by 2030! Insiders FLEE for their lives! 45% of population at RISK! They are COMING for your privacy! RESIST now!,1,en,FAKE,178,30
EXCLUSIVE: Scientists DISCOVER that turmeric CURES dengue in just 21 days! Big Pharma DOESN'T want you to know! 10 million doctors SILENCED for revealing this! WAKE UP! The New World Order is REAL!,1,en,FAKE,197,33
"The RBI announced today that vaccine mandate will take effect from January 1. Officials confirmed the decision after 60 days of deliberation. The measure is expected to reduce inflation, according to Reuters.",0,en,REAL,208,32
TCS நிறுவனம் strong காலாண்டு வருவாய் அறிவித்ததால் Tuesday அன்று சந்தை rose. ICICI பகுப்பாய்வாளர்கள் 2035 கணிப்பை 8.1% ஆக திருத்தினர்.,0,ta,REAL,133,17
MIRACLE: a retired teacher LOSES 12 kg in 21 days using ONE weird trick doctors HATE! Experts BAFFLED! a major politician uses this SECRET daily! ORDER before January 1 — LIMITED SUPPLY!,1,en,FAKE,186,32
"The UNESCO announced today that new trade agreement will take effect from March 15. Officials confirmed the decision after 7 days of deliberation. The measure is expected to improve healthcare, according to AFP.",0,en,REAL,211,33
ALERT: a senior minister caught lying under oath on camera — VIDEO PROOF! Deep state PANICKING! Over 12 million patriots DEMAND justice! France is FALLING because of foreign agents! RT if you AGREE! Share EVERYWHERE!,1,en,FAKE,216,35
கசிந்த ஆவணம்: deep state 2025-ல் microchip citizens திட்டமிடுகிறது! உள்நாட்டு தகவலாளர்கள் உயிருக்கு பயந்து ஓடுகின்றனர்! மக்களுக்கு freedom of speech ஆபத்தில் உள்ளது! SHARE செய்யுங்கள்!,1,ta,FAKE,184,21
Tesla நிறுவனம் mixed காலாண்டு வருவாய் அறிவித்ததால் Thursday அன்று சந்தை rallied. Morgan Stanley பகுப்பாய்வாளர்கள் 2025 கணிப்பை 8.1% ஆக திருத்தினர்.,0,ta,REAL,147,18
"The UN announced today that new trade agreement will take effect from April 5. Officials confirmed the decision after 21 days of deliberation. The measure is expected to boost employment, according to AFP.",0,en,REAL,205,33
"அம்பலம்: a senior minister கேமராவில் lying under oath பிடிக்கப்பட்டனர்! 500,000 லட்சம் மக்கள் நீதி கோருகின்றனர்! USA immigrants காரணமாக நலிவடைகிறது! உடனே பகிருங்கள்!",1,ta,FAKE,165,20
"EXCLUSIVE: Scientists DISCOVER that lemon water CURES cholera in just 7 days! Big Pharma DOESN'T want you to know! 2,300 doctors SILENCED for revealing this! WAKE UP! The New World Order is REAL!",1,en,FAKE,195,33
"Stock markets dipped on Wednesday as Google reported strong quarterly earnings. Analysts at Morgan Stanley revised their 2025 forecast to 4.2%, citing innovation.",0,en,REAL,162,23
Stanford-இல் உள்ள ஆராய்ச்சியாளர்கள் Cell இதழில் ஆய்வு முடிவுகளை வெளியிட்டனர். 2 ஆண்டுகள் 500 பங்கேற்பாளர்களுடன் நடத்தப்பட்ட இந்த ஆய்வு improved accuracy என்று கண்டறிந்தது. சகாக்கள் ஆய்வு முறையை பாராட்டினர்.,0,ta,REAL,206,23
அதிர்ச்சி செய்தி: a famous actor இரகசியமாக meets foreign spy! அரசு 5G towers பற்றிய உண்மையை மறைக்கிறது! DELETE ஆவதற்கு முன் SHARE செய்யுங்கள்! PTI இந்த அதிர்ச்சிகரமான உண்மையை உறுதிப்படுத்துகிறது!,1,ta,FAKE,195,25
"Researchers at NUS published findings in Cell showing that doubled lifespan. The study, conducted over 10 years with 10,000 participants, concludes that early screening saves lives. Peer reviewers praised the methodology.",0,en,REAL,221,31
"Researchers at NUS published findings in Science showing that doubled lifespan. The study, conducted over 2 years with 1,200 participants, concludes that early screening saves lives. Peer reviewers praised the methodology.",0,en,REAL,222,31
"Kolkata-ல் Thursday அன்று 2,300 புதிய cholera வழக்குகள் பதிவாயின. சுகாதார அதிகாரிகள் நிலைமையை சமாளிக்க testing kits நிறுத்தினர். குடிமக்கள் get vaccinated என்று அறிவுறுத்தப்படுகின்றனர்.",0,ta,REAL,185,20
"MIRACLE: a mother of three LOSES 1,000 kg in 21 days using ONE weird trick doctors HATE! Experts BAFFLED! a tech billionaire uses this SECRET daily! ORDER before December 1 — LIMITED SUPPLY!",1,en,FAKE,190,33
"EXCLUSIVE: Scientists DISCOVER that lemon water CURES dengue in just 14 days! Big Pharma DOESN'T want you to know! 500,000 doctors SILENCED for revealing this! WAKE UP! The Big Pharma cover-up is REAL!",1,en,FAKE,201,33
அதிர்ச்சி செய்தி: a major politician இரகசியமாக funds terror groups! அரசு climate பற்றிய உண்மையை மறைக்கிறது! DELETE ஆவதற்கு முன் SHARE செய்யுங்கள்! PTI இந்த அதிர்ச்சிகரமான உண்மையை உறுதிப்படுத்துகிறது!,1,ta,FAKE,199,24
அதிர்ச்சி செய்தி: a major politician இரகசியமாக funds terror groups! அரசு chemtrails பற்றிய உண்மையை மறைக்கிறது! DELETE ஆவதற்கு முன் SHARE செய்யுங்கள்! Reuters இந்த அதிர்ச்சிகரமான உண்மையை உறுதிப்படுத்துகிறது!,1,ta,FAKE,206,24
"The IMF announced today that tax reform will take effect from June 30. Officials confirmed the decision after 21 days of deliberation. The measure is expected to boost employment, according to senior official.",0,en,REAL,209,33
Chennai reported 12 new cases of malaria on Tuesday. Health authorities have deployed mobile units to manage the situation. Officials urge residents to get vaccinated.,0,en,REAL,167,25
"MIRACLE: a mother of three LOSES 2,500 kg in 7 days using ONE weird trick doctors HATE! Experts BAFFLED! a famous actor uses this SECRET daily! ORDER before March 15 — LIMITED SUPPLY!",1,en,FAKE,183,33
அதிர்ச்சி செய்தி: a major politician இரகசியமாக meets foreign spy! அரசு climate பற்றிய உண்மையை மறைக்கிறது! DELETE ஆவதற்கு முன் SHARE செய்யுங்கள்! senior official இந்த அதிர்ச்சிகரமான உண்மையை உறுதிப்படுத்துகிறது!,1,ta,FAKE,209,25
India அரசு healthcare துறைக்கு ₹50 கோடி நிதி ஒதுக்கியது. finance ministry மதிப்பாய்வு செய்த திட்டம் 2030-ல் boost GDP by 7% நோக்கமாக கொண்டுள்ளது. எதிர்க்கட்சிகள் கலவையான கருத்துக்களை தெரிவித்தன.,0,ta,REAL,194,24
"MIRACLE: a retired teacher LOSES 2,500 kg in 30 days using ONE weird trick doctors HATE! Experts BAFFLED! a major politician uses this SECRET daily! ORDER before April 5 — LIMITED SUPPLY!",1,en,FAKE,187,32
ALERT: the opposition leader caught hiding documents on camera — VIDEO PROOF! Deep state PANICKING! Over 100 million patriots DEMAND justice! India is FALLING because of foreign agents! RT if you AGREE! Share EVERYWHERE!,1,en,FAKE,220,34
இரகசியம் வெளியாயிற்று: lemon water 30 நாளில் influenza-ஐ குணப்படுத்துகிறது! பெரிய நிறுவனங்கள் இதை மறைக்கின்றன! 100 மருத்துவர்கள் இதை வெளியிட்டதால் நிறுத்தப்பட்டனர்! விழிப்புணர்வு பெறுங்கள்! deep state plot உண்மையானது!,1,ta,FAKE,217,23
அதிர்ச்சி செய்தி: a famous actor இரகசியமாக funds terror groups! அரசு chemtrails பற்றிய உண்மையை மறைக்கிறது! DELETE ஆவதற்கு முன் SHARE செய்யுங்கள்! PTI இந்த அதிர்ச்சிகரமான உண்மையை உறுதிப்படுத்துகிறது!,1,ta,FAKE,198,24
"இரகசியம் வெளியாயிற்று: turmeric 30 நாளில் influenza-ஐ குணப்படுத்துகிறது! பெரிய நிறுவனங்கள் இதை மறைக்கின்றன! 2,300 மருத்துவர்கள் இதை வெளியிட்டதால் நிறுத்தப்பட்டனர்! விழிப்புணர்வு பெறுங்கள்! Big Pharma cover-up உண்மையானது!",1,ta,FAKE,220,22
HDFC நிறுவனம் record காலாண்டு வருவாய் அறிவித்ததால் Tuesday அன்று சந்தை fell. Morgan Stanley பகுப்பாய்வாளர்கள் 2035 கணிப்பை 7.5% ஆக திருத்தினர்.,0,ta,REAL,143,18
MIRACLE: a mother of three LOSES 5 kg in 60 days using ONE weird trick doctors HATE! Experts BAFFLED! a famous actor uses this SECRET daily! ORDER before April 5 — LIMITED SUPPLY!,1,en,FAKE,179,33
EXCLUSIVE: Scientists DISCOVER that neem CURES COVID-19 in just 14 days! Big Pharma DOESN'T want you to know! 10 million doctors SILENCED for revealing this! WAKE UP! The deep state plot is REAL!,1,en,FAKE,195,33
HDFC நிறுவனம் mixed காலாண்டு வருவாய் அறிவித்ததால் Monday அன்று சந்தை plunged. Citi பகுப்பாய்வாளர்கள் 2030 கணிப்பை 9.0% ஆக திருத்தினர்.,0,ta,REAL,134,17
Delhi-ல் Thursday அன்று 12 புதிய malaria வழக்குகள் பதிவாயின. சுகாதார அதிகாரிகள் நிலைமையை சமாளிக்க mobile units நிறுத்தினர். குடிமக்கள் wear masks என்று அறிவுறுத்தப்படுகின்றனர்.,0,ta,REAL,176,20
"Researchers at IIT Madras published findings in Cell showing that cut costs by 30%. The study, conducted over 2 years with 1,200 participants, concludes that early screening saves lives. Peer reviewers praised the methodology.",0,en,REAL,226,34
"Researchers at BITS Pilani published findings in Nature showing that cut costs by 30%. The study, conducted over 10 years with 1,200 participants, concludes that early screening saves lives. Peer reviewers praised the methodology.",0,en,REAL,230,34
கசிந்த ஆவணம்: WHO 2025-ல் control food supply திட்டமிடுகிறது! உள்நாட்டு தகவலாளர்கள் உயிருக்கு பயந்து ஓடுகின்றனர்! மக்களுக்கு freedom of speech ஆபத்தில் உள்ளது! SHARE செய்யுங்கள்!,1,ta,FAKE,178,21
BREAKING: a major politician SECRETLY funds terror groups! Government HIDING the TRUTH about vaccines! SHARE before they DELETE this! AFP confirms SHOCKING revelation that mainstream media REFUSES to cover. This changes EVERYTHING!,1,en,FAKE,231,32
Bengaluru reported 100 new cases of influenza on Tuesday. Health authorities have deployed vaccines to manage the situation. Officials urge residents to get vaccinated.,0,en,REAL,168,24
இரகசியம் வெளியாயிற்று: lemon water 90 நாளில் dengue-ஐ குணப்படுத்துகிறது! பெரிய நிறுவனங்கள் இதை மறைக்கின்றன! 45 மருத்துவர்கள் இதை வெளியிட்டதால் நிறுத்தப்பட்டனர்! விழிப்புணர்வு பெறுங்கள்! New World Order உண்மையானது!,1,ta,FAKE,213,23
"Oxford-இல் உள்ள ஆராய்ச்சியாளர்கள் Science இதழில் ஆய்வு முடிவுகளை வெளியிட்டனர். 2 ஆண்டுகள் 10,000 பங்கேற்பாளர்களுடன் நடத்தப்பட்ட இந்த ஆய்வு improved accuracy என்று கண்டறிந்தது. சகாக்கள் ஆய்வு முறையை பாராட்டினர்.",0,ta,REAL,210,23
"ISRO நிறுவனம் இன்று அறிவித்தது: climate policy June 30 முதல் நடைமுறைக்கு வரும். 14 நாள் ஆலோசனைக்குப் பிறகு அதிகாரிகள் இந்த முடிவை உறுதிப்படுத்தினர். senior official தெரிவிக்கும் வகையில், இந்த நடவடிக்கை reduce inflation என்று எதிர்பார்க்கப்படுகிறது.",0,ta,REAL,248,29
Apple நிறுவனம் disappointing காலாண்டு வருவாய் அறிவித்ததால் Monday அன்று சந்தை dipped. Goldman Sachs பகுப்பாய்வாளர்கள் 2030 கணிப்பை 4.2% ஆக திருத்தினர்.,0,ta,REAL,151,18
BREAKING: a major politician SECRETLY betrays nation! Government HIDING the TRUTH about 5G towers! SHARE before they DELETE this! senior official confirms SHOCKING revelation that mainstream media REFUSES to cover. This changes EVERYTHING!,1,en,FAKE,239,33
கசிந்த ஆவணம்: government 2025-ல் microchip citizens திட்டமிடுகிறது! உள்நாட்டு தகவலாளர்கள் உயிருக்கு பயந்து ஓடுகின்றனர்! மக்களுக்கு privacy ஆபத்தில் உள்ளது! SHARE செய்யுங்கள்!,1,ta,FAKE,174,18
"MIT-இல் உள்ள ஆராய்ச்சியாளர்கள் NEJM இதழில் ஆய்வு முடிவுகளை வெளியிட்டனர். 2 ஆண்டுகள் 1,200 பங்கேற்பாளர்களுடன் நடத்தப்பட்ட இந்த ஆய்வு reduced risk by 40% என்று கண்டறிந்தது. சகாக்கள் ஆய்வு முறையை பாராட்டினர்.",0,ta,REAL,205,25
LEAKED: classified file REVEALS that UN plans to microchip citizens by 2025! Insiders FLEE for their lives! 45% of population at RISK! They are COMING for your gun rights! RESIST now!,1,en,FAKE,183,31
"The NASA announced today that new trade agreement will take effect from June 30. Officials confirmed the decision after 14 days of deliberation. The measure is expected to reduce inflation, according to senior official.",0,en,REAL,219,34
"LEAKED: leaked email REVEALS that deep state plans to control food supply by 2035! Insiders FLEE for their lives! 2,300% of population at RISK! They are COMING for your freedom of speech! RESIST now!",1,en,FAKE,199,34
அதிர்ச்சி செய்தி: a famous actor இரகசியமாக meets foreign spy! அரசு vaccines பற்றிய உண்மையை மறைக்கிறது! DELETE ஆவதற்கு முன் SHARE செய்யுங்கள்! senior official இந்த அதிர்ச்சிகரமான உண்மையை உறுதிப்படுத்துகிறது!,1,ta,FAKE,206,25
"Researchers at NUS published findings in Cell showing that improved accuracy. The study, conducted over 2 years with 1,200 participants, concludes that lifestyle changes matter. Peer reviewers praised the methodology.",0,en,REAL,217,30
HDFC நிறுவனம் mixed காலாண்டு வருவாய் அறிவித்ததால் Monday அன்று சந்தை plunged. JPMorgan பகுப்பாய்வாளர்கள் 2025 கணிப்பை 6.3% ஆக திருத்தினர்.,0,ta,REAL,138,17
MIRACLE: a retired teacher LOSES 200 kg in 21 days using ONE weird trick doctors HATE! Experts BAFFLED! a famous actor uses this SECRET daily! ORDER before December 1 — LIMITED SUPPLY!,1,en,FAKE,184,32
இரகசியம் வெளியாயிற்று: coconut oil 30 நாளில் cholera-ஐ குணப்படுத்துகிறது! பெரிய நிறுவனங்கள் இதை மறைக்கின்றன! 12 மருத்துவர்கள் இதை வெளியிட்டதால் நிறுத்தப்பட்டனர்! விழிப்புணர்வு பெறுங்கள்! Big Pharma cover-up உண்மையானது!,1,ta,FAKE,218,23
"Chennai reported 2,300 new cases of cholera on Tuesday. Health authorities have deployed mobile units to manage the situation. Officials urge residents to wear masks.",0,en,REAL,166,25
"EXCLUSIVE: Scientists DISCOVER that coconut oil CURES dengue in just 7 days! Big Pharma DOESN'T want you to know! 2,300 doctors SILENCED for revealing this! WAKE UP! The deep state plot is REAL!",1,en,FAKE,194,33
அம்பலம்: a senior minister கேமராவில் accepting bribe பிடிக்கப்பட்டனர்! 45 லட்சம் மக்கள் நீதி கோருகின்றனர்! USA immigrants காரணமாக நலிவடைகிறது! உடனே பகிருங்கள்!,1,ta,FAKE,159,19
"LEAKED: secret memo REVEALS that WEF plans to microchip citizens by 2025! Insiders FLEE for their lives! 500,000% of population at RISK! They are COMING for your privacy! RESIST now!",1,en,FAKE,182,30
Google நிறுவனம் mixed காலாண்டு வருவாய் அறிவித்ததால் Wednesday அன்று சந்தை rallied. ICICI பகுப்பாய்வாளர்கள் 2035 கணிப்பை 9.0% ஆக திருத்தினர்.,0,ta,REAL,140,17
அதிர்ச்சி செய்தி: a tech billionaire இரகசியமாக meets foreign spy! அரசு chemtrails பற்றிய உண்மையை மறைக்கிறது! DELETE ஆவதற்கு முன் SHARE செய்யுங்கள்! Reuters இந்த அதிர்ச்சிகரமான உண்மையை உறுதிப்படுத்துகிறது!,1,ta,FAKE,204,24
Tesla நிறுவனம் stellar காலாண்டு வருவாய் அறிவித்ததால் Friday அன்று சந்தை plunged. Citi பகுப்பாய்வாளர்கள் 2035 கணிப்பை 9.0% ஆக திருத்தினர்.,0,ta,REAL,137,17
"Chennai reported 500,000 new cases of cholera on Tuesday. Health authorities have deployed medical teams to manage the situation. Officials urge residents to stay home.",0,en,REAL,168,25
"Delhi-ல் Monday அன்று 2,300 புதிய influenza வழக்குகள் பதிவாயின. சுகாதார அதிகாரிகள் நிலைமையை சமாளிக்க vaccines நிறுத்தினர். குடிமக்கள் get vaccinated என்று அறிவுறுத்தப்படுகின்றனர்.",0,ta,REAL,179,19
ALERT: a governor caught accepting bribe on camera — VIDEO PROOF! Deep state PANICKING! Over 10 million million patriots DEMAND justice! Japan is FALLING because of foreign agents! RT if you AGREE! Share EVERYWHERE!,1,en,FAKE,215,34
அதிர்ச்சி செய்தி: a tech billionaire இரகசியமாக meets foreign spy! அரசு climate பற்றிய உண்மையை மறைக்கிறது! DELETE ஆவதற்கு முன் SHARE செய்யுங்கள்! senior official இந்த அதிர்ச்சிகரமான உண்மையை உறுதிப்படுத்துகிறது!,1,ta,FAKE,209,25
"The SEBI announced today that new trade agreement will take effect from June 30. Officials confirmed the decision after 14 days of deliberation. The measure is expected to reduce inflation, according to PTI.",0,en,REAL,207,33
BREAKING: a major politician SECRETLY funds terror groups! Government HIDING the TRUTH about chemtrails! SHARE before they DELETE this! Reuters confirms SHOCKING revelation that mainstream media REFUSES to cover. This changes EVERYTHING!,1,en,FAKE,237,32
அதிர்ச்சி செய்தி: a famous actor இரகசியமாக funds terror groups! அரசு vaccines பற்றிய உண்மையை மறைக்கிறது! DELETE ஆவதற்கு முன் SHARE செய்யுங்கள்! ministry spokesperson இந்த அதிர்ச்சிகரமான உண்மையை உறுதிப்படுத்துகிறது!,1,ta,FAKE,214,25
MIRACLE: a retired teacher LOSES 5 kg in 7 days using ONE weird trick doctors HATE! Experts BAFFLED! a famous actor uses this SECRET daily! ORDER before January 1 — LIMITED SUPPLY!,1,en,FAKE,180,32
Mumbai-ல் Monday அன்று 45 புதிய influenza வழக்குகள் பதிவாயின. சுகாதார அதிகாரிகள் நிலைமையை சமாளிக்க medical teams நிறுத்தினர். குடிமக்கள் avoid crowding என்று அறிவுறுத்தப்படுகின்றனர்.,0,ta,REAL,182,20
"Stock markets rallied on Thursday as Apple reported disappointing quarterly earnings. Analysts at Morgan Stanley revised their 2026 forecast to 7.5%, citing cost pressures.",0,en,REAL,172,24
"Stanford-இல் உள்ள ஆராய்ச்சியாளர்கள் Cell இதழில் ஆய்வு முடிவுகளை வெளியிட்டனர். 10 ஆண்டுகள் 5,000 பங்கேற்பாளர்களுடன் நடத்தப்பட்ட இந்த ஆய்வு doubled lifespan என்று கண்டறிந்தது. சகாக்கள் ஆய்வு முறையை பாராட்டினர்.",0,ta,REAL,208,23
"இரகசியம் வெளியாயிற்று: coconut oil 30 நாளில் dengue-ஐ குணப்படுத்துகிறது! பெரிய நிறுவனங்கள் இதை மறைக்கின்றன! 500,000 மருத்துவர்கள் இதை வெளியிட்டதால் நிறுத்தப்பட்டனர்! விழிப்புணர்வு பெறுங்கள்! Big Pharma cover-up உண்மையானது!",1,ta,FAKE,222,23
"அதிசயம்: a retired teacher ஒரே 14 நாளில் 2,500 கிலோ குறைத்தனர்! மருத்துவர்கள் வெறுக்கும் இந்த ஒரு இரகசிய உத்தி! a major politician தினமும் இதை பயன்படுத்துகிறார்! இன்றே ஆர்டர் செய்யுங்கள்!",1,ta,FAKE,187,25
"ALERT: a governor caught hiding documents on camera — VIDEO PROOF! Deep state PANICKING! Over 2,300 million patriots DEMAND justice! USA is FALLING because of globalists! RT if you AGREE! Share EVERYWHERE!",1,en,FAKE,205,32
அம்பலம்: a senior minister கேமராவில் hiding documents பிடிக்கப்பட்டனர்! 100 லட்சம் மக்கள் நீதி கோருகின்றனர்! India immigrants காரணமாக நலிவடைகிறது! உடனே பகிருங்கள்!,1,ta,FAKE,163,19
Reliance நிறுவனம் stellar காலாண்டு வருவாய் அறிவித்ததால் Tuesday அன்று சந்தை rallied. ICICI பகுப்பாய்வாளர்கள் 2035 கணிப்பை 9.0% ஆக திருத்தினர்.,0,ta,REAL,142,17
EXCLUSIVE: Scientists DISCOVER that neem CURES COVID-19 in just 90 days! Big Pharma DOESN'T want you to know! 100 doctors SILENCED for revealing this! WAKE UP! The Big Pharma cover-up is REAL!,1,en,FAKE,192,32
"RBI நிறுவனம் இன்று அறிவித்தது: tax reform March 15 முதல் நடைமுறைக்கு வரும். 7 நாள் ஆலோசனைக்குப் பிறகு அதிகாரிகள் இந்த முடிவை உறுதிப்படுத்தினர். AFP தெரிவிக்கும் வகையில், இந்த நடவடிக்கை cut emissions என்று எதிர்பார்க்கப்படுகிறது.",0,ta,REAL,228,28
Delhi reported 12 new cases of cholera on Tuesday. Health authorities have deployed mobile units to manage the situation. Officials urge residents to avoid crowding.,0,en,REAL,165,25
"Stanford-இல் உள்ள ஆராய்ச்சியாளர்கள் NEJM இதழில் ஆய்வு முடிவுகளை வெளியிட்டனர். 5 ஆண்டுகள் 5,000 பங்கேற்பாளர்களுடன் நடத்தப்பட்ட இந்த ஆய்வு doubled lifespan என்று கண்டறிந்தது. சகாக்கள் ஆய்வு முறையை பாராட்டினர்.",0,ta,REAL,207,23
அதிர்ச்சி செய்தி: a major politician இரகசியமாக betrays nation! அரசு chemtrails பற்றிய உண்மையை மறைக்கிறது! DELETE ஆவதற்கு முன் SHARE செய்யுங்கள்! Reuters இந்த அதிர்ச்சிகரமான உண்மையை உறுதிப்படுத்துகிறது!,1,ta,FAKE,201,23
அதிர்ச்சி செய்தி: a major politician இரகசியமாக betrays nation! அரசு water supply பற்றிய உண்மையை மறைக்கிறது! DELETE ஆவதற்கு முன் SHARE செய்யுங்கள்! AFP இந்த அதிர்ச்சிகரமான உண்மையை உறுதிப்படுத்துகிறது!,1,ta,FAKE,199,24
MIRACLE: a local farmer LOSES 12 kg in 7 days using ONE weird trick doctors HATE! Experts BAFFLED! a major politician uses this SECRET daily! ORDER before March 15 — LIMITED SUPPLY!,1,en,FAKE,181,32
அதிசயம்: a retired teacher ஒரே 60 நாளில் 5 கிலோ குறைத்தனர்! மருத்துவர்கள் வெறுக்கும் இந்த ஒரு இரகசிய உத்தி! a tech billionaire தினமும் இதை பயன்படுத்துகிறார்! இன்றே ஆர்டர் செய்யுங்கள்!,1,ta,FAKE,183,25
LEAKED: classified file REVEALS that WHO plans to control food supply by 2030! Insiders FLEE for their lives! 45% of population at RISK! They are COMING for your freedom of speech! RESIST now!,1,en,FAKE,192,33
"Stock markets fell on Friday as Apple reported stellar quarterly earnings. Analysts at Citi revised their 2030 forecast to 8.1%, citing cost pressures.",0,en,REAL,151,23
"Oxford-இல் உள்ள ஆராய்ச்சியாளர்கள் Nature இதழில் ஆய்வு முடிவுகளை வெளியிட்டனர். 5 ஆண்டுகள் 10,000 பங்கேற்பாளர்களுடன் நடத்தப்பட்ட இந்த ஆய்வு reduced risk by 40% என்று கண்டறிந்தது. சகாக்கள் ஆய்வு முறையை பாராட்டினர்.",0,ta,REAL,211,25
அதிர்ச்சி செய்தி: a major politician இரகசியமாக funds terror groups! அரசு water supply பற்றிய உண்மையை மறைக்கிறது! DELETE ஆவதற்கு முன் SHARE செய்யுங்கள்! senior official இந்த அதிர்ச்சிகரமான உண்மையை உறுதிப்படுத்துகிறது!,1,ta,FAKE,216,26
"The USA government approved a $50 billion budget for infrastructure. The plan, reviewed by expert panel, aims to boost GDP by 7% by 2025. Opposition parties offered mixed responses.",0,en,REAL,181,29
"Researchers at MIT published findings in Science showing that cut costs by 30%. The study, conducted over 10 years with 1,200 participants, concludes that lifestyle changes matter. Peer reviewers praised the methodology.",0,en,REAL,220,32
BREAKING: a tech billionaire SECRETLY meets foreign spy! Government HIDING the TRUTH about chemtrails! SHARE before they DELETE this! senior official confirms SHOCKING revelation that mainstream media REFUSES to cover. This changes EVERYTHING!,1,en,FAKE,243,33
EXCLUSIVE: Scientists DISCOVER that neem CURES COVID-19 in just 7 days! Big Pharma DOESN'T want you to know! 10 million doctors SILENCED for revealing this! WAKE UP! The Big Pharma cover-up is REAL!,1,en,FAKE,198,33
MIRACLE: a local farmer LOSES 5 kg in 21 days using ONE weird trick doctors HATE! Experts BAFFLED! a tech billionaire uses this SECRET daily! ORDER before March 15 — LIMITED SUPPLY!,1,en,FAKE,181,32
"MIT-இல் உள்ள ஆராய்ச்சியாளர்கள் NEJM இதழில் ஆய்வு முடிவுகளை வெளியிட்டனர். 5 ஆண்டுகள் 10,000 பங்கேற்பாளர்களுடன் நடத்தப்பட்ட இந்த ஆய்வு improved accuracy என்று கண்டறிந்தது. சகாக்கள் ஆய்வு முறையை பாராட்டினர்.",0,ta,REAL,204,23
"The Germany government approved a $12 billion budget for healthcare. The plan, reviewed by cabinet, aims to eradicate poverty by 2027. Opposition parties offered mixed responses.",0,en,REAL,178,26
"Stock markets plunged on Monday as Tesla reported strong quarterly earnings. Analysts at ICICI revised their 2026 forecast to 4.2%, citing supply chain issues.",0,en,REAL,159,24
MIRACLE: a local farmer LOSES 12 kg in 90 days using ONE weird trick doctors HATE! Experts BAFFLED! a major politician uses this SECRET daily! ORDER before April 5 — LIMITED SUPPLY!,1,en,FAKE,181,32
MIRACLE: a local farmer LOSES 50 kg in 60 days using ONE weird trick doctors HATE! Experts BAFFLED! a famous actor uses this SECRET daily! ORDER before January 1 — LIMITED SUPPLY!,1,en,FAKE,179,32
"NASA நிறுவனம் இன்று அறிவித்தது: new trade agreement June 30 முதல் நடைமுறைக்கு வரும். 14 நாள் ஆலோசனைக்குப் பிறகு அதிகாரிகள் இந்த முடிவை உறுதிப்படுத்தினர். Reuters தெரிவிக்கும் வகையில், இந்த நடவடிக்கை boost employment என்று எதிர்பார்க்கப்படுகிறது.",0,ta,REAL,245,29
"Stock markets plunged on Thursday as HDFC reported stellar quarterly earnings. Analysts at JPMorgan revised their 2027 forecast to 4.2%, citing strong demand.",0,en,REAL,158,23
MIRACLE: a mother of three LOSES 5 kg in 21 days using ONE weird trick doctors HATE! Experts BAFFLED! a famous actor uses this SECRET daily! ORDER before April 5 — LIMITED SUPPLY!,1,en,FAKE,179,33
"SEBI நிறுவனம் இன்று அறிவித்தது: vaccine mandate June 30 முதல் நடைமுறைக்கு வரும். 30 நாள் ஆலோசனைக்குப் பிறகு அதிகாரிகள் இந்த முடிவை உறுதிப்படுத்தினர். senior official தெரிவிக்கும் வகையில், இந்த நடவடிக்கை improve healthcare என்று எதிர்பார்க்கப்படுகிறது.",0,ta,REAL,251,29
"Researchers at Oxford published findings in Science showing that cut costs by 30%. The study, conducted over 2 years with 1,200 participants, concludes that diet is key. Peer reviewers praised the methodology.",0,en,REAL,209,32
இரகசியம் வெளியாயிற்று: turmeric 14 நாளில் malaria-ஐ குணப்படுத்துகிறது! பெரிய நிறுவனங்கள் இதை மறைக்கின்றன! 100 மருத்துவர்கள் இதை வெளியிட்டதால் நிறுத்தப்பட்டனர்! விழிப்புணர்வு பெறுங்கள்! deep state plot உண்மையானது!,1,ta,FAKE,212,22
"MIT-இல் உள்ள ஆராய்ச்சியாளர்கள் Cell இதழில் ஆய்வு முடிவுகளை வெளியிட்டனர். 3 ஆண்டுகள் 1,200 பங்கேற்பாளர்களுடன் நடத்தப்பட்ட இந்த ஆய்வு doubled lifespan என்று கண்டறிந்தது. சகாக்கள் ஆய்வு முறையை பாராட்டினர்.",0,ta,REAL,202,23
கசிந்த ஆவணம்: WHO 2027-ல் censor internet திட்டமிடுகிறது! உள்நாட்டு தகவலாளர்கள் உயிருக்கு பயந்து ஓடுகின்றனர்! மக்களுக்கு privacy ஆபத்தில் உள்ளது! SHARE செய்யுங்கள்!,1,ta,FAKE,164,18
EXCLUSIVE: Scientists DISCOVER that coconut oil CURES dengue in just 60 days! Big Pharma DOESN'T want you to know! 45 doctors SILENCED for revealing this! WAKE UP! The New World Order is REAL!,1,en,FAKE,192,33
ALERT: a senior minister caught hiding documents on camera — VIDEO PROOF! Deep state PANICKING! Over 10 million million patriots DEMAND justice! Japan is FALLING because of elites! RT if you AGREE! Share EVERYWHERE!,1,en,FAKE,215,34
"USA அரசு healthcare துறைக்கு ₹1,000 கோடி நிதி ஒதுக்கியது. cabinet மதிப்பாய்வு செய்த திட்டம் 2030-ல் eradicate poverty நோக்கமாக கொண்டுள்ளது. எதிர்க்கட்சிகள் கலவையான கருத்துக்களை தெரிவித்தன.",0,ta,REAL,188,21
"RBI நிறுவனம் இன்று அறிவித்தது: vaccine mandate December 1 முதல் நடைமுறைக்கு வரும். 7 நாள் ஆலோசனைக்குப் பிறகு அதிகாரிகள் இந்த முடிவை உறுதிப்படுத்தினர். PTI தெரிவிக்கும் வகையில், இந்த நடவடிக்கை cut emissions என்று எதிர்பார்க்கப்படுகிறது.",0,ta,REAL,235,28
"MIRACLE: a retired teacher LOSES 2,500 kg in 21 days using ONE weird trick doctors HATE! Experts BAFFLED! a famous actor uses this SECRET daily! ORDER before June 30 — LIMITED SUPPLY!",1,en,FAKE,183,32
Mumbai reported 45 new cases of COVID-19 on Monday. Health authorities have deployed medical teams to manage the situation. Officials urge residents to get vaccinated.,0,en,REAL,167,25
"Oxford-இல் உள்ள ஆராய்ச்சியாளர்கள் Cell இதழில் ஆய்வு முடிவுகளை வெளியிட்டனர். 5 ஆண்டுகள் 10,000 பங்கேற்பாளர்களுடன் நடத்தப்பட்ட இந்த ஆய்வு reduced risk by 40% என்று கண்டறிந்தது. சகாக்கள் ஆய்வு முறையை பாராட்டினர்.",0,ta,REAL,209,25
MIRACLE: a mother of three LOSES 50 kg in 60 days using ONE weird trick doctors HATE! Experts BAFFLED! a tech billionaire uses this SECRET daily! ORDER before December 1 — LIMITED SUPPLY!,1,en,FAKE,187,33
"The UK government approved a $12 billion budget for healthcare. The plan, reviewed by expert panel, aims to achieve net-zero by 2025. Opposition parties offered mixed responses.",0,en,REAL,177,27
"அம்பலம்: the opposition leader கேமராவில் accepting bribe பிடிக்கப்பட்டனர்! 500,000 லட்சம் மக்கள் நீதி கோருகின்றனர்! USA globalists காரணமாக நலிவடைகிறது! உடனே பகிருங்கள்!",1,ta,FAKE,168,19
கசிந்த ஆவணம்: WEF 2030-ல் control food supply திட்டமிடுகிறது! உள்நாட்டு தகவலாளர்கள் உயிருக்கு பயந்து ஓடுகின்றனர்! மக்களுக்கு property ஆபத்தில் உள்ளது! SHARE செய்யுங்கள்!,1,ta,FAKE,169,19
EXCLUSIVE: Scientists DISCOVER that neem CURES malaria in just 7 days! Big Pharma DOESN'T want you to know! 12 doctors SILENCED for revealing this! WAKE UP! The New World Order is REAL!,1,en,FAKE,185,32
"NUS-இல் உள்ள ஆராய்ச்சியாளர்கள் Cell இதழில் ஆய்வு முடிவுகளை வெளியிட்டனர். 10 ஆண்டுகள் 1,200 பங்கேற்பாளர்களுடன் நடத்தப்பட்ட இந்த ஆய்வு cut costs by 30% என்று கண்டறிந்தது. சகாக்கள் ஆய்வு முறையை பாராட்டினர்.",0,ta,REAL,203,25
Delhi-ல் Friday அன்று 12 புதிய COVID-19 வழக்குகள் பதிவாயின. சுகாதார அதிகாரிகள் நிலைமையை சமாளிக்க medical teams நிறுத்தினர். குடிமக்கள் avoid crowding என்று அறிவுறுத்தப்படுகின்றனர்.,0,ta,REAL,180,20
India அரசு defence துறைக்கு ₹200 கோடி நிதி ஒதுக்கியது. expert panel மதிப்பாய்வு செய்த திட்டம் 2025-ல் boost GDP by 7% நோக்கமாக கொண்டுள்ளது. எதிர்க்கட்சிகள் கலவையான கருத்துக்களை தெரிவித்தன.,0,ta,REAL,188,24
Mumbai reported 100 new cases of dengue on Monday. Health authorities have deployed vaccines to manage the situation. Officials urge residents to avoid crowding.,0,en,REAL,161,24
"The UK government approved a $12 billion budget for defence. The plan, reviewed by parliament, aims to eradicate poverty by 2030. Opposition parties offered mixed responses.",0,en,REAL,173,26
HDFC நிறுவனம் stellar காலாண்டு வருவாய் அறிவித்ததால் Wednesday அன்று சந்தை rallied. Citi பகுப்பாய்வாளர்கள் 2026 கணிப்பை 6.3% ஆக திருத்தினர்.,0,ta,REAL,139,17
HDFC நிறுவனம் disappointing காலாண்டு வருவாய் அறிவித்ததால் Friday அன்று சந்தை fell. ICICI பகுப்பாய்வாளர்கள் 2035 கணிப்பை 4.2% ஆக திருத்தினர்.,0,ta,REAL,140,17
"Stock markets rallied on Friday as Reliance reported disappointing quarterly earnings. Analysts at JPMorgan revised their 2030 forecast to 9.0%, citing strong demand.",0,en,REAL,166,23
கசிந்த ஆவணம்: WEF 2025-ல் control food supply திட்டமிடுகிறது! உள்நாட்டு தகவலாளர்கள் உயிருக்கு பயந்து ஓடுகின்றனர்! மக்களுக்கு privacy ஆபத்தில் உள்ளது! SHARE செய்யுங்கள்!,1,ta,FAKE,168,19
MIRACLE: a mother of three LOSES 5 kg in 60 days using ONE weird trick doctors HATE! Experts BAFFLED! a famous actor uses this SECRET daily! ORDER before March 15 — LIMITED SUPPLY!,1,en,FAKE,180,33
இரகசியம் வெளியாயிற்று: garlic 30 நாளில் influenza-ஐ குணப்படுத்துகிறது! பெரிய நிறுவனங்கள் இதை மறைக்கின்றன! 12 மருத்துவர்கள் இதை வெளியிட்டதால் நிறுத்தப்பட்டனர்! விழிப்புணர்வு பெறுங்கள்! New World Order உண்மையானது!,1,ta,FAKE,211,22
Bengaluru-ல் Thursday அன்று 45 புதிய influenza வழக்குகள் பதிவாயின. சுகாதார அதிகாரிகள் நிலைமையை சமாளிக்க vaccines நிறுத்தினர். குடிமக்கள் get vaccinated என்று அறிவுறுத்தப்படுகின்றனர்.,0,ta,REAL,182,19
ALERT: a senior minister caught lying under oath on camera — VIDEO PROOF! Deep state PANICKING! Over 10 million million patriots DEMAND justice! Japan is FALLING because of immigrants! RT if you AGREE! Share EVERYWHERE!,1,en,FAKE,219,35
BREAKING: a famous actor SECRETLY funds terror groups! Government HIDING the TRUTH about water supply! SHARE before they DELETE this! senior official confirms SHOCKING revelation that mainstream media REFUSES to cover. This changes EVERYTHING!,1,en,FAKE,243,34
Delhi reported 45 new cases of dengue on Friday. Health authorities have deployed vaccines to manage the situation. Officials urge residents to get vaccinated.,0,en,REAL,159,24
Mumbai-ல் Friday அன்று 100 புதிய malaria வழக்குகள் பதிவாயின. சுகாதார அதிகாரிகள் நிலைமையை சமாளிக்க vaccines நிறுத்தினர். குடிமக்கள் avoid crowding என்று அறிவுறுத்தப்படுகின்றனர்.,0,ta,REAL,176,19
"Stock markets surged on Tuesday as TCS reported mixed quarterly earnings. Analysts at ICICI revised their 2030 forecast to 8.1%, citing innovation.",0,en,REAL,147,22
"ISRO நிறுவனம் இன்று அறிவித்தது: vaccine mandate March 15 முதல் நடைமுறைக்கு வரும். 60 நாள் ஆலோசனைக்குப் பிறகு அதிகாரிகள் இந்த முடிவை உறுதிப்படுத்தினர். Reuters தெரிவிக்கும் வகையில், இந்த நடவடிக்கை boost employment என்று எதிர்பார்க்கப்படுகிறது.",0,ta,REAL,242,28
HDFC நிறுவனம் record காலாண்டு வருவாய் அறிவித்ததால் Wednesday அன்று சந்தை surged. ICICI பகுப்பாய்வாளர்கள் 2025 கணிப்பை 6.3% ஆக திருத்தினர்.,0,ta,REAL,138,17
"IMF நிறுவனம் இன்று அறிவித்தது: tax reform January 1 முதல் நடைமுறைக்கு வரும். 7 நாள் ஆலோசனைக்குப் பிறகு அதிகாரிகள் இந்த முடிவை உறுதிப்படுத்தினர். Reuters தெரிவிக்கும் வகையில், இந்த நடவடிக்கை reduce inflation என்று எதிர்பார்க்கப்படுகிறது.",0,ta,REAL,236,28
"The France government approved a $1,000 billion budget for infrastructure. The plan, reviewed by finance ministry, aims to boost GDP by 7% by 2030. Opposition parties offered mixed responses.",0,en,REAL,191,29
"ALERT: the opposition leader caught accepting bribe on camera — VIDEO PROOF! Deep state PANICKING! Over 2,300 million patriots DEMAND justice! Japan is FALLING because of immigrants! RT if you AGREE! Share EVERYWHERE!",1,en,FAKE,217,33
அதிசயம்: a retired teacher ஒரே 14 நாளில் 5 கிலோ குறைத்தனர்! மருத்துவர்கள் வெறுக்கும் இந்த ஒரு இரகசிய உத்தி! a tech billionaire தினமும் இதை பயன்படுத்துகிறார்! இன்றே ஆர்டர் செய்யுங்கள்!,1,ta,FAKE,183,25
அதிர்ச்சி செய்தி: a major politician இரகசியமாக funds terror groups! அரசு water supply பற்றிய உண்மையை மறைக்கிறது! DELETE ஆவதற்கு முன் SHARE செய்யுங்கள்! PTI இந்த அதிர்ச்சிகரமான உண்மையை உறுதிப்படுத்துகிறது!,1,ta,FAKE,204,25
Google நிறுவனம் record காலாண்டு வருவாய் அறிவித்ததால் Friday அன்று சந்தை fell. JPMorgan பகுப்பாய்வாளர்கள் 2025 கணிப்பை 4.2% ஆக திருத்தினர்.,0,ta,REAL,138,17
"The UK government approved a $200 billion budget for healthcare. The plan, reviewed by cabinet, aims to eradicate poverty by 2027. Opposition parties offered mixed responses.",0,en,REAL,174,26
"அம்பலம்: the opposition leader கேமராவில் hiding documents பிடிக்கப்பட்டனர்! 2,300 லட்சம் மக்கள் நீதி கோருகின்றனர்! USA immigrants காரணமாக நலிவடைகிறது! உடனே பகிருங்கள்!",1,ta,FAKE,167,19
Mumbai reported 12 new cases of COVID-19 on Friday. Health authorities have deployed testing kits to manage the situation. Officials urge residents to avoid crowding.,0,en,REAL,166,25
"LEAKED: leaked email REVEALS that WHO plans to control food supply by 2030! Insiders FLEE for their lives! 500,000% of population at RISK! They are COMING for your gun rights! RESIST now!",1,en,FAKE,187,32
"Researchers at IIT Madras published findings in Cell showing that improved accuracy. The study, conducted over 2 years with 5,000 participants, concludes that diet is key. Peer reviewers praised the methodology.",0,en,REAL,211,31
"UNESCO நிறுவனம் இன்று அறிவித்தது: new trade agreement April 5 முதல் நடைமுறைக்கு வரும். 60 நாள் ஆலோசனைக்குப் பிறகு அதிகாரிகள் இந்த முடிவை உறுதிப்படுத்தினர். PTI தெரிவிக்கும் வகையில், இந்த நடவடிக்கை boost employment என்று எதிர்பார்க்கப்படுகிறது.",0,ta,REAL,243,29
"Japan அரசு education துறைக்கு ₹1,000 கோடி நிதி ஒதுக்கியது. expert panel மதிப்பாய்வு செய்த திட்டம் 2026-ல் boost GDP by 7% நோக்கமாக கொண்டுள்ளது. எதிர்க்கட்சிகள் கலவையான கருத்துக்களை தெரிவித்தன.",0,ta,REAL,192,24
"Mumbai-ல் Wednesday அன்று 2,300 புதிய dengue வழக்குகள் பதிவாயின. சுகாதார அதிகாரிகள் நிலைமையை சமாளிக்க testing kits நிறுத்தினர். குடிமக்கள் get vaccinated என்று அறிவுறுத்தப்படுகின்றனர்.",0,ta,REAL,184,20
ALERT: a senior minister caught lying under oath on camera — VIDEO PROOF! Deep state PANICKING! Over 100 million patriots DEMAND justice! Germany is FALLING because of globalists! RT if you AGREE! Share EVERYWHERE!,1,en,FAKE,214,34
BREAKING: a tech billionaire SECRETLY funds terror groups! Government HIDING the TRUTH about vaccines! SHARE before they DELETE this! Reuters confirms SHOCKING revelation that mainstream media REFUSES to cover. This changes EVERYTHING!,1,en,FAKE,235,32
BREAKING: a major politician SECRETLY betrays nation! Government HIDING the TRUTH about water supply! SHARE before they DELETE this! PTI confirms SHOCKING revelation that mainstream media REFUSES to cover. This changes EVERYTHING!,1,en,FAKE,230,32
BREAKING: a tech billionaire SECRETLY funds terror groups! Government HIDING the TRUTH about water supply! SHARE before they DELETE this! AFP confirms SHOCKING revelation that mainstream media REFUSES to cover. This changes EVERYTHING!,1,en,FAKE,235,33
Bengaluru reported 12 new cases of influenza on Wednesday. Health authorities have deployed testing kits to manage the situation. Officials urge residents to stay home.,0,en,REAL,168,25
EXCLUSIVE: Scientists DISCOVER that coconut oil CURES cholera in just 90 days! Big Pharma DOESN'T want you to know! 45 doctors SILENCED for revealing this! WAKE UP! The New World Order is REAL!,1,en,FAKE,193,33
"இரகசியம் வெளியாயிற்று: garlic 60 நாளில் COVID-19-ஐ குணப்படுத்துகிறது! பெரிய நிறுவனங்கள் இதை மறைக்கின்றன! 2,300 மருத்துவர்கள் இதை வெளியிட்டதால் நிறுத்தப்பட்டனர்! விழிப்புணர்வு பெறுங்கள்! deep state plot உண்மையானது!",1,ta,FAKE,213,22
India அரசு healthcare துறைக்கு ₹200 கோடி நிதி ஒதுக்கியது. expert panel மதிப்பாய்வு செய்த திட்டம் 2027-ல் achieve net-zero நோக்கமாக கொண்டுள்ளது. எதிர்க்கட்சிகள் கலவையான கருத்துக்களை தெரிவித்தன.,0,ta,REAL,192,22
அதிசயம்: a retired teacher ஒரே 7 நாளில் 12 கிலோ குறைத்தனர்! மருத்துவர்கள் வெறுக்கும் இந்த ஒரு இரகசிய உத்தி! a tech billionaire தினமும் இதை பயன்படுத்துகிறார்! இன்றே ஆர்டர் செய்யுங்கள்!,1,ta,FAKE,183,25
"அம்பலம்: a senior minister கேமராவில் lying under oath பிடிக்கப்பட்டனர்! 500,000 லட்சம் மக்கள் நீதி கோருகின்றனர்! USA elites காரணமாக நலிவடைகிறது! உடனே பகிருங்கள்!",1,ta,FAKE,161,20
அதிசயம்: a mother of three ஒரே 7 நாளில் 5 கிலோ குறைத்தனர்! மருத்துவர்கள் வெறுக்கும் இந்த ஒரு இரகசிய உத்தி! a tech billionaire தினமும் இதை பயன்படுத்துகிறார்! இன்றே ஆர்டர் செய்யுங்கள்!,1,ta,FAKE,182,26
LEAKED: leaked email REVEALS that UN plans to microchip citizens by 2030! Insiders FLEE for their lives! 45% of population at RISK! They are COMING for your freedom of speech! RESIST now!,1,en,FAKE,187,32
"Researchers at BITS Pilani published findings in Nature showing that improved accuracy. The study, conducted over 5 years with 500 participants, concludes that lifestyle changes matter. Peer reviewers praised the methodology.",0,en,REAL,225,31
BREAKING: a tech billionaire SECRETLY betrays nation! Government HIDING the TRUTH about water supply! SHARE before they DELETE this! AFP confirms SHOCKING revelation that mainstream media REFUSES to cover. This changes EVERYTHING!,1,en,FAKE,230,32
"BITS Pilani-இல் உள்ள ஆராய்ச்சியாளர்கள் Nature இதழில் ஆய்வு முடிவுகளை வெளியிட்டனர். 2 ஆண்டுகள் 5,000 பங்கேற்பாளர்களுடன் நடத்தப்பட்ட இந்த ஆய்வு cut costs by 30% என்று கண்டறிந்தது. சகாக்கள் ஆய்வு முறையை பாராட்டினர்.",0,ta,REAL,212,26
"The Germany government approved a $2,500 billion budget for infrastructure. The plan, reviewed by cabinet, aims to achieve net-zero by 2030. Opposition parties offered mixed responses.",0,en,REAL,184,26
"Researchers at Oxford published findings in Nature showing that reduced risk by 40%. The study, conducted over 2 years with 500 participants, concludes that early screening saves lives. Peer reviewers praised the methodology.",0,en,REAL,225,33
EXCLUSIVE: Scientists DISCOVER that coconut oil CURES COVID-19 in just 90 days! Big Pharma DOESN'T want you to know! 12 doctors SILENCED for revealing this! WAKE UP! The deep state plot is REAL!,1,en,FAKE,194,33
அம்பலம்: a governor கேமராவில் accepting bribe பிடிக்கப்பட்டனர்! 10 million லட்சம் மக்கள் நீதி கோருகின்றனர்! India elites காரணமாக நலிவடைகிறது! உடனே பகிருங்கள்!,1,ta,FAKE,158,19
"Stock markets fell on Tuesday as Infosys reported strong quarterly earnings. Analysts at JPMorgan revised their 2027 forecast to 7.5%, citing supply chain issues.",0,en,REAL,162,24
இரகசியம் வெளியாயிற்று: neem 14 நாளில் cholera-ஐ குணப்படுத்துகிறது! பெரிய நிறுவனங்கள் இதை மறைக்கின்றன! 100 மருத்துவர்கள் இதை வெளியிட்டதால் நிறுத்தப்பட்டனர்! விழிப்புணர்வு பெறுங்கள்! deep state plot உண்மையானது!,1,ta,FAKE,208,22
"Stock markets fell on Monday as Infosys reported strong quarterly earnings. Analysts at ICICI revised their 2035 forecast to 4.2%, citing supply chain issues.",0,en,REAL,158,24
EXCLUSIVE: Scientists DISCOVER that lemon water CURES dengue in just 90 days! Big Pharma DOESN'T want you to know! 45 doctors SILENCED for revealing this! WAKE UP! The New World Order is REAL!,1,en,FAKE,192,33
"அம்பலம்: a senior minister கேமராவில் lying under oath பிடிக்கப்பட்டனர்! 2,300 லட்சம் மக்கள் நீதி கோருகின்றனர்! India immigrants காரணமாக நலிவடைகிறது! உடனே பகிருங்கள்!",1,ta,FAKE,165,20
"Researchers at Stanford published findings in Cell showing that cut costs by 30%. The study, conducted over 2 years with 10,000 participants, concludes that early screening saves lives. Peer reviewers praised the methodology.",0,en,REAL,225,33
"Researchers at BITS Pilani published findings in Science showing that cut costs by 30%. The study, conducted over 3 years with 1,200 participants, concludes that early screening saves lives. Peer reviewers praised the methodology.",0,en,REAL,230,34
Hyderabad-ல் Monday அன்று 100 புதிய influenza வழக்குகள் பதிவாயின. சுகாதார அதிகாரிகள் நிலைமையை சமாளிக்க testing kits நிறுத்தினர். குடிமக்கள் avoid crowding என்று அறிவுறுத்தப்படுகின்றனர்.,0,ta,REAL,185,20
Apple நிறுவனம் record காலாண்டு வருவாய் அறிவித்ததால் Friday அன்று சந்தை fell. Citi பகுப்பாய்வாளர்கள் 2030 கணிப்பை 6.3% ஆக திருத்தினர்.,0,ta,REAL,133,17
"Delhi reported 500,000 new cases of COVID-19 on Tuesday. Health authorities have deployed mobile units to manage the situation. Officials urge residents to avoid crowding.",0,en,REAL,171,25
"Kolkata reported 500,000 new cases of dengue on Thursday. Health authorities have deployed medical teams to manage the situation. Officials urge residents to get vaccinated.",0,en,REAL,173,25
BREAKING: a major politician SECRETLY funds terror groups! Government HIDING the TRUTH about climate! SHARE before they DELETE this! senior official confirms SHOCKING revelation that mainstream media REFUSES to cover. This changes EVERYTHING!,1,en,FAKE,242,33
"அதிசயம்: a mother of three ஒரே 7 நாளில் 2,500 கிலோ குறைத்தனர்! மருத்துவர்கள் வெறுக்கும் இந்த ஒரு இரகசிய உத்தி! a major politician தினமும் இதை பயன்படுத்துகிறார்! இன்றே ஆர்டர் செய்யுங்கள்!",1,ta,FAKE,186,26
"Stock markets plunged on Wednesday as Google reported mixed quarterly earnings. Analysts at Goldman Sachs revised their 2030 forecast to 4.2%, citing supply chain issues.",0,en,REAL,170,25
BREAKING: a tech billionaire SECRETLY meets foreign spy! Government HIDING the TRUTH about 5G towers! SHARE before they DELETE this! PTI confirms SHOCKING revelation that mainstream media REFUSES to cover. This changes EVERYTHING!,1,en,FAKE,230,33
"IIT Madras-இல் உள்ள ஆராய்ச்சியாளர்கள் Lancet இதழில் ஆய்வு முடிவுகளை வெளியிட்டனர். 2 ஆண்டுகள் 5,000 பங்கேற்பாளர்களுடன் நடத்தப்பட்ட இந்த ஆய்வு cut costs by 30% என்று கண்டறிந்தது. சகாக்கள் ஆய்வு முறையை பாராட்டினர்.",0,ta,REAL,211,26
"Mumbai-ல் Wednesday அன்று 500,000 புதிய COVID-19 வழக்குகள் பதிவாயின. சுகாதார அதிகாரிகள் நிலைமையை சமாளிக்க testing kits நிறுத்தினர். குடிமக்கள் get vaccinated என்று அறிவுறுத்தப்படுகின்றனர்.",0,ta,REAL,188,20
"Stock markets fell on Tuesday as Reliance reported strong quarterly earnings. Analysts at JPMorgan revised their 2027 forecast to 6.3%, citing strong demand.",0,en,REAL,157,23
"Researchers at IIT Madras published findings in Cell showing that cut costs by 30%. The study, conducted over 10 years with 500 participants, concludes that early screening saves lives. Peer reviewers praised the methodology.",0,en,REAL,225,34
"The ISRO announced today that new trade agreement will take effect from June 30. Officials confirmed the decision after 14 days of deliberation. The measure is expected to reduce inflation, according to PTI.",0,en,REAL,207,33
"The UK government approved a $2,500 billion budget for education. The plan, reviewed by parliament, aims to achieve net-zero by 2026. Opposition parties offered mixed responses.",0,en,REAL,177,26
"Stock markets rose on Friday as TCS reported disappointing quarterly earnings. Analysts at Citi revised their 2030 forecast to 4.2%, citing innovation.",0,en,REAL,151,22
அதிசயம்: a mother of three ஒரே 90 நாளில் 5 கிலோ குறைத்தனர்! மருத்துவர்கள் வெறுக்கும் இந்த ஒரு இரகசிய உத்தி! a major politician தினமும் இதை பயன்படுத்துகிறார்! இன்றே ஆர்டர் செய்யுங்கள்!,1,ta,FAKE,183,26
"Delhi reported 500,000 new cases of malaria on Friday. Health authorities have deployed medical teams to manage the situation. Officials urge residents to get vaccinated.",0,en,REAL,170,25
"IMF நிறுவனம் இன்று அறிவித்தது: vaccine mandate January 1 முதல் நடைமுறைக்கு வரும். 30 நாள் ஆலோசனைக்குப் பிறகு அதிகாரிகள் இந்த முடிவை உறுதிப்படுத்தினர். ministry spokesperson தெரிவிக்கும் வகையில், இந்த நடவடிக்கை reduce inflation என்று எதிர்பார்க்கப்படுகிறது.",0,ta,REAL,256,29
அம்பலம்: the opposition leader கேமராவில் lying under oath பிடிக்கப்பட்டனர்! 12 லட்சம் மக்கள் நீதி கோருகின்றனர்! Germany elites காரணமாக நலிவடைகிறது! உடனே பகிருங்கள்!,1,ta,FAKE,164,20
"Stock markets rallied on Tuesday as Apple reported stellar quarterly earnings. Analysts at Morgan Stanley revised their 2027 forecast to 7.5%, citing innovation.",0,en,REAL,161,23
Delhi-ல் Tuesday அன்று 12 புதிய influenza வழக்குகள் பதிவாயின. சுகாதார அதிகாரிகள் நிலைமையை சமாளிக்க medical teams நிறுத்தினர். குடிமக்கள் avoid crowding என்று அறிவுறுத்தப்படுகின்றனர்.,0,ta,REAL,182,20
"Researchers at Oxford published findings in Science showing that cut costs by 30%. The study, conducted over 10 years with 10,000 participants, concludes that early screening saves lives. Peer reviewers praised the methodology.",0,en,REAL,227,33
கசிந்த ஆவணம்: WEF 2025-ல் microchip citizens திட்டமிடுகிறது! உள்நாட்டு தகவலாளர்கள் உயிருக்கு பயந்து ஓடுகின்றனர்! மக்களுக்கு freedom of speech ஆபத்தில் உள்ளது! SHARE செய்யுங்கள்!,1,ta,FAKE,177,20
"Stanford-இல் உள்ள ஆராய்ச்சியாளர்கள் NEJM இதழில் ஆய்வு முடிவுகளை வெளியிட்டனர். 5 ஆண்டுகள் 5,000 பங்கேற்பாளர்களுடன் நடத்தப்பட்ட இந்த ஆய்வு reduced risk by 40% என்று கண்டறிந்தது. சகாக்கள் ஆய்வு முறையை பாராட்டினர்.",0,ta,REAL,210,25
Apple நிறுவனம் record காலாண்டு வருவாய் அறிவித்ததால் Friday அன்று சந்தை plunged. Goldman Sachs பகுப்பாய்வாளர்கள் 2026 கணிப்பை 6.3% ஆக திருத்தினர்.,0,ta,REAL,145,18
Germany அரசு infrastructure துறைக்கு ₹12 கோடி நிதி ஒதுக்கியது. parliament மதிப்பாய்வு செய்த திட்டம் 2025-ல் boost GDP by 7% நோக்கமாக கொண்டுள்ளது. எதிர்க்கட்சிகள் கலவையான கருத்துக்களை தெரிவித்தன.,0,ta,REAL,194,23
Infosys நிறுவனம் strong காலாண்டு வருவாய் அறிவித்ததால் Tuesday அன்று சந்தை plunged. ICICI பகுப்பாய்வாளர்கள் 2030 கணிப்பை 6.3% ஆக திருத்தினர்.,0,ta,REAL,140,17
BREAKING: a major politician SECRETLY meets foreign spy! Government HIDING the TRUTH about climate! SHARE before they DELETE this! ministry spokesperson confirms SHOCKING revelation that mainstream media REFUSES to cover. This changes EVERYTHING!,1,en,FAKE,246,33
ALERT: the opposition leader caught accepting bribe on camera — VIDEO PROOF! Deep state PANICKING! Over 10 million million patriots DEMAND justice! India is FALLING because of elites! RT if you AGREE! Share EVERYWHERE!,1,en,FAKE,218,34
Apple நிறுவனம் strong காலாண்டு வருவாய் அறிவித்ததால் Wednesday அன்று சந்தை plunged. JPMorgan பகுப்பாய்வாளர்கள் 2030 கணிப்பை 8.1% ஆக திருத்தினர்.,0,ta,REAL,143,17
"IIT Madras-இல் உள்ள ஆராய்ச்சியாளர்கள் Nature இதழில் ஆய்வு முடிவுகளை வெளியிட்டனர். 2 ஆண்டுகள் 5,000 பங்கேற்பாளர்களுடன் நடத்தப்பட்ட இந்த ஆய்வு doubled lifespan என்று கண்டறிந்தது. சகாக்கள் ஆய்வு முறையை பாராட்டினர்.",0,ta,REAL,211,24
"Researchers at IIT Madras published findings in Nature showing that doubled lifespan. The study, conducted over 2 years with 10,000 participants, concludes that diet is key. Peer reviewers praised the methodology.",0,en,REAL,213,31
கசிந்த ஆவணம்: WHO 2035-ல் control food supply திட்டமிடுகிறது! உள்நாட்டு தகவலாளர்கள் உயிருக்கு பயந்து ஓடுகின்றனர்! மக்களுக்கு property ஆபத்தில் உள்ளது! SHARE செய்யுங்கள்!,1,ta,FAKE,169,19
அதிர்ச்சி செய்தி: a tech billionaire இரகசியமாக funds terror groups! அரசு vaccines பற்றிய உண்மையை மறைக்கிறது! DELETE ஆவதற்கு முன் SHARE செய்யுங்கள்! Reuters இந்த அதிர்ச்சிகரமான உண்மையை உறுதிப்படுத்துகிறது!,1,ta,FAKE,204,24
MIRACLE: a mother of three LOSES 12 kg in 14 days using ONE weird trick doctors HATE! Experts BAFFLED! a famous actor uses this SECRET daily! ORDER before January 1 — LIMITED SUPPLY!,1,en,FAKE,182,33
"Stock markets fell on Tuesday as TCS reported stellar quarterly earnings. Analysts at JPMorgan revised their 2030 forecast to 4.2%, citing innovation.",0,en,REAL,150,22
அதிர்ச்சி செய்தி: a major politician இரகசியமாக betrays nation! அரசு chemtrails பற்றிய உண்மையை மறைக்கிறது! DELETE ஆவதற்கு முன் SHARE செய்யுங்கள்! Reuters இந்த அதிர்ச்சிகரமான உண்மையை உறுதிப்படுத்துகிறது!,1,ta,FAKE,201,23
"The NASA announced today that tax reform will take effect from January 1. Officials confirmed the decision after 14 days of deliberation. The measure is expected to cut emissions, according to ministry spokesperson.",0,en,REAL,215,33
கசிந்த ஆவணம்: government 2026-ல் microchip citizens திட்டமிடுகிறது! உள்நாட்டு தகவலாளர்கள் உயிருக்கு பயந்து ஓடுகின்றனர்! மக்களுக்கு privacy ஆபத்தில் உள்ளது! SHARE செய்யுங்கள்!,1,ta,FAKE,174,18
"இரகசியம் வெளியாயிற்று: turmeric 21 நாளில் COVID-19-ஐ குணப்படுத்துகிறது! பெரிய நிறுவனங்கள் இதை மறைக்கின்றன! 2,300 மருத்துவர்கள் இதை வெளியிட்டதால் நிறுத்தப்பட்டனர்! விழிப்புணர்வு பெறுங்கள்! New World Order உண்மையானது!",1,ta,FAKE,215,22
MIRACLE: a retired teacher LOSES 12 kg in 90 days using ONE weird trick doctors HATE! Experts BAFFLED! a tech billionaire uses this SECRET daily! ORDER before March 15 — LIMITED SUPPLY!,1,en,FAKE,185,32
"The Japan government approved a $2,500 billion budget for defence. The plan, reviewed by cabinet, aims to achieve net-zero by 2025. Opposition parties offered mixed responses.",0,en,REAL,175,26
இரகசியம் வெளியாயிற்று: garlic 90 நாளில் cholera-ஐ குணப்படுத்துகிறது! பெரிய நிறுவனங்கள் இதை மறைக்கின்றன! 10 million மருத்துவர்கள் இதை வெளியிட்டதால் நிறுத்தப்பட்டனர்! விழிப்புணர்வு பெறுங்கள்! deep state plot உண்மையானது!,1,ta,FAKE,217,23
"The Germany government approved a $200 billion budget for healthcare. The plan, reviewed by cabinet, aims to achieve net-zero by 2027. Opposition parties offered mixed responses.",0,en,REAL,178,26
"Researchers at IIT Madras published findings in Cell showing that improved accuracy. The study, conducted over 3 years with 5,000 participants, concludes that lifestyle changes matter. Peer reviewers praised the methodology.",0,en,REAL,224,31
Reliance நிறுவனம் mixed காலாண்டு வருவாய் அறிவித்ததால் Wednesday அன்று சந்தை surged. Morgan Stanley பகுப்பாய்வாளர்கள் 2030 கணிப்பை 7.5% ஆக திருத்தினர்.,0,ta,REAL,150,18
இரகசியம் வெளியாயிற்று: garlic 30 நாளில் dengue-ஐ குணப்படுத்துகிறது! பெரிய நிறுவனங்கள் இதை மறைக்கின்றன! 10 million மருத்துவர்கள் இதை வெளியிட்டதால் நிறுத்தப்பட்டனர்! விழிப்புணர்வு பெறுங்கள்! Big Pharma cover-up உண்மையானது!,1,ta,FAKE,220,23
India அரசு agriculture துறைக்கு ₹5 கோடி நிதி ஒதுக்கியது. expert panel மதிப்பாய்வு செய்த திட்டம் 2027-ல் achieve net-zero நோக்கமாக கொண்டுள்ளது. எதிர்க்கட்சிகள் கலவையான கருத்துக்களை தெரிவித்தன.,0,ta,REAL,191,22
LEAKED: leaked email REVEALS that deep state plans to microchip citizens by 2026! Insiders FLEE for their lives! 100% of population at RISK! They are COMING for your privacy! RESIST now!,1,en,FAKE,186,31
அதிசயம்: a mother of three ஒரே 21 நாளில் 12 கிலோ குறைத்தனர்! மருத்துவர்கள் வெறுக்கும் இந்த ஒரு இரகசிய உத்தி! a famous actor தினமும் இதை பயன்படுத்துகிறார்! இன்றே ஆர்டர் செய்யுங்கள்!,1,ta,FAKE,180,26
அம்பலம்: the opposition leader கேமராவில் accepting bribe பிடிக்கப்பட்டனர்! 45 லட்சம் மக்கள் நீதி கோருகின்றனர்! India elites காரணமாக நலிவடைகிறது! உடனே பகிருங்கள்!,1,ta,FAKE,161,19
"Japan அரசு agriculture துறைக்கு ₹2,500 கோடி நிதி ஒதுக்கியது. parliament மதிப்பாய்வு செய்த திட்டம் 2026-ல் achieve net-zero நோக்கமாக கொண்டுள்ளது. எதிர்க்கட்சிகள் கலவையான கருத்துக்களை தெரிவித்தன.",0,ta,REAL,193,21
அதிசயம்: a mother of three ஒரே 7 நாளில் 12 கிலோ குறைத்தனர்! மருத்துவர்கள் வெறுக்கும் இந்த ஒரு இரகசிய உத்தி! a famous actor தினமும் இதை பயன்படுத்துகிறார்! இன்றே ஆர்டர் செய்யுங்கள்!,1,ta,FAKE,179,26
MIRACLE: a local farmer LOSES 5 kg in 21 days using ONE weird trick doctors HATE! Experts BAFFLED! a major politician uses this SECRET daily! ORDER before January 1 — LIMITED SUPPLY!,1,en,FAKE,182,32
Delhi-ல் Thursday அன்று 10 million புதிய COVID-19 வழக்குகள் பதிவாயின. சுகாதார அதிகாரிகள் நிலைமையை சமாளிக்க vaccines நிறுத்தினர். குடிமக்கள் wear masks என்று அறிவுறுத்தப்படுகின்றனர்.,0,ta,REAL,181,20
"BITS Pilani-இல் உள்ள ஆராய்ச்சியாளர்கள் Cell இதழில் ஆய்வு முடிவுகளை வெளியிட்டனர். 5 ஆண்டுகள் 1,200 பங்கேற்பாளர்களுடன் நடத்தப்பட்ட இந்த ஆய்வு doubled lifespan என்று கண்டறிந்தது. சகாக்கள் ஆய்வு முறையை பாராட்டினர்.",0,ta,REAL,210,24
Reliance நிறுவனம் disappointing காலாண்டு வருவாய் அறிவித்ததால் Thursday அன்று சந்தை plunged. Citi பகுப்பாய்வாளர்கள் 2035 கணிப்பை 4.2% ஆக திருத்தினர்.,0,ta,REAL,148,17
LEAKED: secret memo REVEALS that government plans to microchip citizens by 2035! Insiders FLEE for their lives! 45% of population at RISK! They are COMING for your gun rights! RESIST now!,1,en,FAKE,187,31
"Stanford-இல் உள்ள ஆராய்ச்சியாளர்கள் Nature இதழில் ஆய்வு முடிவுகளை வெளியிட்டனர். 10 ஆண்டுகள் 5,000 பங்கேற்பாளர்களுடன் நடத்தப்பட்ட இந்த ஆய்வு doubled lifespan என்று கண்டறிந்தது. சகாக்கள் ஆய்வு முறையை பாராட்டினர்.",0,ta,REAL,210,23
"Stock markets plunged on Friday as Reliance reported disappointing quarterly earnings. Analysts at JPMorgan revised their 2027 forecast to 6.3%, citing innovation.",0,en,REAL,163,22
அதிசயம்: a local farmer ஒரே 60 நாளில் 12 கிலோ குறைத்தனர்! மருத்துவர்கள் வெறுக்கும் இந்த ஒரு இரகசிய உத்தி! a tech billionaire தினமும் இதை பயன்படுத்துகிறார்! இன்றே ஆர்டர் செய்யுங்கள்!,1,ta,FAKE,181,25
MIRACLE: a local farmer LOSES 200 kg in 14 days using ONE weird trick doctors HATE! Experts BAFFLED! a tech billionaire uses this SECRET daily! ORDER before January 1 — LIMITED SUPPLY!,1,en,FAKE,184,32
Kolkata-ல் Friday அன்று 45 புதிய cholera வழக்குகள் பதிவாயின. சுகாதார அதிகாரிகள் நிலைமையை சமாளிக்க testing kits நிறுத்தினர். குடிமக்கள் get vaccinated என்று அறிவுறுத்தப்படுகின்றனர்.,0,ta,REAL,180,20
"Stock markets surged on Tuesday as Google reported mixed quarterly earnings. Analysts at Morgan Stanley revised their 2027 forecast to 9.0%, citing strong demand.",0,en,REAL,162,24
Chennai reported 12 new cases of malaria on Thursday. Health authorities have deployed vaccines to manage the situation. Officials urge residents to avoid crowding.,0,en,REAL,164,24
அதிர்ச்சி செய்தி: a tech billionaire இரகசியமாக meets foreign spy! அரசு climate பற்றிய உண்மையை மறைக்கிறது! DELETE ஆவதற்கு முன் SHARE செய்யுங்கள்! ministry spokesperson இந்த அதிர்ச்சிகரமான உண்மையை உறுதிப்படுத்துகிறது!,1,ta,FAKE,215,25
Mumbai-ல் Friday அன்று 10 million புதிய influenza வழக்குகள் பதிவாயின. சுகாதார அதிகாரிகள் நிலைமையை சமாளிக்க mobile units நிறுத்தினர். குடிமக்கள் wear masks என்று அறிவுறுத்தப்படுகின்றனர்.,0,ta,REAL,185,21
Kolkata-ல் Wednesday அன்று 12 புதிய cholera வழக்குகள் பதிவாயின. சுகாதார அதிகாரிகள் நிலைமையை சமாளிக்க medical teams நிறுத்தினர். குடிமக்கள் wear masks என்று அறிவுறுத்தப்படுகின்றனர்.,0,ta,REAL,180,20
அம்பலம்: a senior minister கேமராவில் hiding documents பிடிக்கப்பட்டனர்! 10 million லட்சம் மக்கள் நீதி கோருகின்றனர்! USA immigrants காரணமாக நலிவடைகிறது! உடனே பகிருங்கள்!,1,ta,FAKE,168,20
"IMF நிறுவனம் இன்று அறிவித்தது: new trade agreement April 5 முதல் நடைமுறைக்கு வரும். 30 நாள் ஆலோசனைக்குப் பிறகு அதிகாரிகள் இந்த முடிவை உறுதிப்படுத்தினர். Reuters தெரிவிக்கும் வகையில், இந்த நடவடிக்கை reduce inflation என்று எதிர்பார்க்கப்படுகிறது.",0,ta,REAL,244,29
"IIT Madras-இல் உள்ள ஆராய்ச்சியாளர்கள் Science இதழில் ஆய்வு முடிவுகளை வெளியிட்டனர். 10 ஆண்டுகள் 1,200 பங்கேற்பாளர்களுடன் நடத்தப்பட்ட இந்த ஆய்வு doubled lifespan என்று கண்டறிந்தது. சகாக்கள் ஆய்வு முறையை பாராட்டினர்.",0,ta,REAL,213,24
LEAKED: secret memo REVEALS that UN plans to microchip citizens by 2035! Insiders FLEE for their lives! 45% of population at RISK! They are COMING for your gun rights! RESIST now!,1,en,FAKE,179,31
அதிசயம்: a local farmer ஒரே 21 நாளில் 12 கிலோ குறைத்தனர்! மருத்துவர்கள் வெறுக்கும் இந்த ஒரு இரகசிய உத்தி! a major politician தினமும் இதை பயன்படுத்துகிறார்! இன்றே ஆர்டர் செய்யுங்கள்!,1,ta,FAKE,181,25
அதிசயம்: a mother of three ஒரே 14 நாளில் 200 கிலோ குறைத்தனர்! மருத்துவர்கள் வெறுக்கும் இந்த ஒரு இரகசிய உத்தி! a tech billionaire தினமும் இதை பயன்படுத்துகிறார்! இன்றே ஆர்டர் செய்யுங்கள்!,1,ta,FAKE,185,26
"UNESCO நிறுவனம் இன்று அறிவித்தது: climate policy April 5 முதல் நடைமுறைக்கு வரும். 7 நாள் ஆலோசனைக்குப் பிறகு அதிகாரிகள் இந்த முடிவை உறுதிப்படுத்தினர். senior official தெரிவிக்கும் வகையில், இந்த நடவடிக்கை reduce inflation என்று எதிர்பார்க்கப்படுகிறது.",0,ta,REAL,249,29
"அம்பலம்: the opposition leader கேமராவில் lying under oath பிடிக்கப்பட்டனர்! 2,300 லட்சம் மக்கள் நீதி கோருகின்றனர்! UK globalists காரணமாக நலிவடைகிறது! உடனே பகிருங்கள்!",1,ta,FAKE,166,20
"ALERT: a governor caught lying under oath on camera — VIDEO PROOF! Deep state PANICKING! Over 500,000 million patriots DEMAND justice! Germany is FALLING because of immigrants! RT if you AGREE! Share EVERYWHERE!",1,en,FAKE,211,33
UK அரசு healthcare துறைக்கு ₹200 கோடி நிதி ஒதுக்கியது. expert panel மதிப்பாய்வு செய்த திட்டம் 2025-ல் achieve net-zero நோக்கமாக கொண்டுள்ளது. எதிர்க்கட்சிகள் கலவையான கருத்துக்களை தெரிவித்தன.,0,ta,REAL,189,22
"Researchers at Oxford published findings in Cell showing that cut costs by 30%. The study, conducted over 3 years with 5,000 participants, concludes that early screening saves lives. Peer reviewers praised the methodology.",0,en,REAL,222,33
"Researchers at BITS Pilani published findings in NEJM showing that improved accuracy. The study, conducted over 5 years with 5,000 participants, concludes that diet is key. Peer reviewers praised the methodology.",0,en,REAL,212,31
"EXCLUSIVE: Scientists DISCOVER that coconut oil CURES malaria in just 30 days! Big Pharma DOESN'T want you to know! 2,300 doctors SILENCED for revealing this! WAKE UP! The New World Order is REAL!",1,en,FAKE,196,33
"Stock markets dipped on Thursday as Tesla reported strong quarterly earnings. Analysts at ICICI revised their 2035 forecast to 8.1%, citing innovation.",0,en,REAL,151,22
Kolkata reported 45 new cases of COVID-19 on Monday. Health authorities have deployed mobile units to manage the situation. Officials urge residents to get vaccinated.,0,en,REAL,167,25
இரகசியம் வெளியாயிற்று: turmeric 30 நாளில் cholera-ஐ குணப்படுத்துகிறது! பெரிய நிறுவனங்கள் இதை மறைக்கின்றன! 10 million மருத்துவர்கள் இதை வெளியிட்டதால் நிறுத்தப்பட்டனர்! விழிப்புணர்வு பெறுங்கள்! deep state plot உண்மையானது!,1,ta,FAKE,219,23
Apple நிறுவனம் mixed காலாண்டு வருவாய் அறிவித்ததால் Tuesday அன்று சந்தை rose. Morgan Stanley பகுப்பாய்வாளர்கள் 2026 கணிப்பை 4.2% ஆக திருத்தினர்.,0,ta,REAL,143,18
அதிர்ச்சி செய்தி: a major politician இரகசியமாக betrays nation! அரசு climate பற்றிய உண்மையை மறைக்கிறது! DELETE ஆவதற்கு முன் SHARE செய்யுங்கள்! ministry spokesperson இந்த அதிர்ச்சிகரமான உண்மையை உறுதிப்படுத்துகிறது!,1,ta,FAKE,212,24
"அதிசயம்: a mother of three ஒரே 14 நாளில் 1,000 கிலோ குறைத்தனர்! மருத்துவர்கள் வெறுக்கும் இந்த ஒரு இரகசிய உத்தி! a tech billionaire தினமும் இதை பயன்படுத்துகிறார்! இன்றே ஆர்டர் செய்யுங்கள்!",1,ta,FAKE,187,26
Apple நிறுவனம் strong காலாண்டு வருவாய் அறிவித்ததால் Tuesday அன்று சந்தை dipped. JPMorgan பகுப்பாய்வாளர்கள் 2030 கணிப்பை 9.0% ஆக திருத்தினர்.,0,ta,REAL,140,17
IIT Madras-இல் உள்ள ஆராய்ச்சியாளர்கள் Science இதழில் ஆய்வு முடிவுகளை வெளியிட்டனர். 3 ஆண்டுகள் 500 பங்கேற்பாளர்களுடன் நடத்தப்பட்ட இந்த ஆய்வு reduced risk by 40% என்று கண்டறிந்தது. சகாக்கள் ஆய்வு முறையை பாராட்டினர்.,0,ta,REAL,213,26
ALERT: a senior minister caught lying under oath on camera — VIDEO PROOF! Deep state PANICKING! Over 100 million patriots DEMAND justice! France is FALLING because of elites! RT if you AGREE! Share EVERYWHERE!,1,en,FAKE,209,34
அதிர்ச்சி செய்தி: a famous actor இரகசியமாக funds terror groups! அரசு 5G towers பற்றிய உண்மையை மறைக்கிறது! DELETE ஆவதற்கு முன் SHARE செய்யுங்கள்! AFP இந்த அதிர்ச்சிகரமான உண்மையை உறுதிப்படுத்துகிறது!,1,ta,FAKE,197,25
MIRACLE: a retired teacher LOSES 12 kg in 30 days using ONE weird trick doctors HATE! Experts BAFFLED! a tech billionaire uses this SECRET daily! ORDER before March 15 — LIMITED SUPPLY!,1,en,FAKE,185,32
"Researchers at IIT Madras published findings in Lancet showing that doubled lifespan. The study, conducted over 5 years with 500 participants, concludes that diet is key. Peer reviewers praised the methodology.",0,en,REAL,210,31
"The UK government approved a $2,500 billion budget for infrastructure. The plan, reviewed by finance ministry, aims to boost GDP by 7% by 2030. Opposition parties offered mixed responses.",0,en,REAL,187,29
"ALERT: the opposition leader caught accepting bribe on camera — VIDEO PROOF! Deep state PANICKING! Over 500,000 million patriots DEMAND justice! India is FALLING because of globalists! RT if you AGREE! Share EVERYWHERE!",1,en,FAKE,219,33
Mumbai-ல் Monday அன்று 100 புதிய influenza வழக்குகள் பதிவாயின. சுகாதார அதிகாரிகள் நிலைமையை சமாளிக்க mobile units நிறுத்தினர். குடிமக்கள் stay home என்று அறிவுறுத்தப்படுகின்றனர்.,0,ta,REAL,177,20
LEAKED: leaked email REVEALS that WEF plans to censor internet by 2026! Insiders FLEE for their lives! 45% of population at RISK! They are COMING for your freedom of speech! RESIST now!,1,en,FAKE,185,32
கசிந்த ஆவணம்: deep state 2026-ல் control food supply திட்டமிடுகிறது! உள்நாட்டு தகவலாளர்கள் உயிருக்கு பயந்து ஓடுகின்றனர்! மக்களுக்கு property ஆபத்தில் உள்ளது! SHARE செய்யுங்கள்!,1,ta,FAKE,176,20
"The UNESCO announced today that tax reform will take effect from January 1. Officials confirmed the decision after 30 days of deliberation. The measure is expected to cut emissions, according to ministry spokesperson.",0,en,REAL,217,33
அதிசயம்: a mother of three ஒரே 14 நாளில் 5 கிலோ குறைத்தனர்! மருத்துவர்கள் வெறுக்கும் இந்த ஒரு இரகசிய உத்தி! a famous actor தினமும் இதை பயன்படுத்துகிறார்! இன்றே ஆர்டர் செய்யுங்கள்!,1,ta,FAKE,179,26
BREAKING: a major politician SECRETLY meets foreign spy! Government HIDING the TRUTH about climate! SHARE before they DELETE this! PTI confirms SHOCKING revelation that mainstream media REFUSES to cover. This changes EVERYTHING!,1,en,FAKE,228,32
"ALERT: the opposition leader caught hiding documents on camera — VIDEO PROOF! Deep state PANICKING! Over 500,000 million patriots DEMAND justice! Japan is FALLING because of elites! RT if you AGREE! Share EVERYWHERE!",1,en,FAKE,216,33
"Stock markets fell on Tuesday as Tesla reported disappointing quarterly earnings. Analysts at ICICI revised their 2026 forecast to 4.2%, citing supply chain issues.",0,en,REAL,164,24
"Researchers at Stanford published findings in NEJM showing that cut costs by 30%. The study, conducted over 2 years with 5,000 participants, concludes that lifestyle changes matter. Peer reviewers praised the methodology.",0,en,REAL,221,32
அம்பலம்: a governor கேமராவில் lying under oath பிடிக்கப்பட்டனர்! 100 லட்சம் மக்கள் நீதி கோருகின்றனர்! USA foreign agents காரணமாக நலிவடைகிறது! உடனே பகிருங்கள்!,1,ta,FAKE,158,20
Google நிறுவனம் disappointing காலாண்டு வருவாய் அறிவித்ததால் Wednesday அன்று சந்தை dipped. ICICI பகுப்பாய்வாளர்கள் 2025 கணிப்பை 6.3% ஆக திருத்தினர்.,0,ta,REAL,147,17
EXCLUSIVE: Scientists DISCOVER that turmeric CURES malaria in just 21 days! Big Pharma DOESN'T want you to know! 100 doctors SILENCED for revealing this! WAKE UP! The Big Pharma cover-up is REAL!,1,en,FAKE,195,32
Hyderabad-ல் Tuesday அன்று 10 million புதிய cholera வழக்குகள் பதிவாயின. சுகாதார அதிகாரிகள் நிலைமையை சமாளிக்க mobile units நிறுத்தினர். குடிமக்கள் get vaccinated என்று அறிவுறுத்தப்படுகின்றனர்.,0,ta,REAL,191,21
கசிந்த ஆவணம்: deep state 2027-ல் control food supply திட்டமிடுகிறது! உள்நாட்டு தகவலாளர்கள் உயிருக்கு பயந்து ஓடுகின்றனர்! மக்களுக்கு privacy ஆபத்தில் உள்ளது! SHARE செய்யுங்கள்!,1,ta,FAKE,175,20
MIRACLE: a retired teacher LOSES 12 kg in 21 days using ONE weird trick doctors HATE! Experts BAFFLED! a famous actor uses this SECRET daily! ORDER before April 5 — LIMITED SUPPLY!,1,en,FAKE,180,32
அதிர்ச்சி செய்தி: a major politician இரகசியமாக funds terror groups! அரசு water supply பற்றிய உண்மையை மறைக்கிறது! DELETE ஆவதற்கு முன் SHARE செய்யுங்கள்! ministry spokesperson இந்த அதிர்ச்சிகரமான உண்மையை உறுதிப்படுத்துகிறது!,1,ta,FAKE,222,26
"The RBI announced today that new trade agreement will take effect from December 1. Officials confirmed the decision after 60 days of deliberation. The measure is expected to cut emissions, according to Reuters.",0,en,REAL,210,33
கசிந்த ஆவணம்: deep state 2035-ல் censor internet திட்டமிடுகிறது! உள்நாட்டு தகவலாளர்கள் உயிருக்கு பயந்து ஓடுகின்றனர்! மக்களுக்கு privacy ஆபத்தில் உள்ளது! SHARE செய்யுங்கள்!,1,ta,FAKE,171,19
LEAKED: secret memo REVEALS that government plans to censor internet by 2027! Insiders FLEE for their lives! 10 million% of population at RISK! They are COMING for your gun rights! RESIST now!,1,en,FAKE,192,32
"IIT Madras-இல் உள்ள ஆராய்ச்சியாளர்கள் Nature இதழில் ஆய்வு முடிவுகளை வெளியிட்டனர். 2 ஆண்டுகள் 1,200 பங்கேற்பாளர்களுடன் நடத்தப்பட்ட இந்த ஆய்வு doubled lifespan என்று கண்டறிந்தது. சகாக்கள் ஆய்வு முறையை பாராட்டினர்.",0,ta,REAL,211,24
Germany அரசு agriculture துறைக்கு ₹200 கோடி நிதி ஒதுக்கியது. finance ministry மதிப்பாய்வு செய்த திட்டம் 2035-ல் achieve net-zero நோக்கமாக கொண்டுள்ளது. எதிர்க்கட்சிகள் கலவையான கருத்துக்களை தெரிவித்தன.,0,ta,REAL,199,22
EXCLUSIVE: Scientists DISCOVER that coconut oil CURES cholera in just 90 days! Big Pharma DOESN'T want you to know! 10 million doctors SILENCED for revealing this! WAKE UP! The New World Order is REAL!,1,en,FAKE,201,34
ALERT: a senior minister caught lying under oath on camera — VIDEO PROOF! Deep state PANICKING! Over 10 million million patriots DEMAND justice! Japan is FALLING because of immigrants! RT if you AGREE! Share EVERYWHERE!,1,en,FAKE,219,35
Stanford-இல் உள்ள ஆராய்ச்சியாளர்கள் Nature இதழில் ஆய்வு முடிவுகளை வெளியிட்டனர். 2 ஆண்டுகள் 500 பங்கேற்பாளர்களுடன் நடத்தப்பட்ட இந்த ஆய்வு cut costs by 30% என்று கண்டறிந்தது. சகாக்கள் ஆய்வு முறையை பாராட்டினர்.,0,ta,REAL,207,25
அதிசயம்: a local farmer ஒரே 14 நாளில் 200 கிலோ குறைத்தனர்! மருத்துவர்கள் வெறுக்கும் இந்த ஒரு இரகசிய உத்தி! a famous actor தினமும் இதை பயன்படுத்துகிறார்! இன்றே ஆர்டர் செய்யுங்கள்!,1,ta,FAKE,178,25
"The UNESCO announced today that new trade agreement will take effect from April 5. Officials confirmed the decision after 30 days of deliberation. The measure is expected to improve healthcare, according to senior official.",0,en,REAL,223,34
அதிசயம்: a local farmer ஒரே 60 நாளில் 50 கிலோ குறைத்தனர்! மருத்துவர்கள் வெறுக்கும் இந்த ஒரு இரகசிய உத்தி! a major politician தினமும் இதை பயன்படுத்துகிறார்! இன்றே ஆர்டர் செய்யுங்கள்!,1,ta,FAKE,181,25
"The RBI announced today that climate policy will take effect from March 15. Officials confirmed the decision after 30 days of deliberation. The measure is expected to boost employment, according to AFP.",0,en,REAL,202,32
"ISRO நிறுவனம் இன்று அறிவித்தது: climate policy March 15 முதல் நடைமுறைக்கு வரும். 21 நாள் ஆலோசனைக்குப் பிறகு அதிகாரிகள் இந்த முடிவை உறுதிப்படுத்தினர். ministry spokesperson தெரிவிக்கும் வகையில், இந்த நடவடிக்கை reduce inflation என்று எதிர்பார்க்கப்படுகிறது.",0,ta,REAL,255,29
MIRACLE: a local farmer LOSES 50 kg in 14 days using ONE weird trick doctors HATE! Experts BAFFLED! a major politician uses this SECRET daily! ORDER before April 5 — LIMITED SUPPLY!,1,en,FAKE,181,32
"The ISRO announced today that climate policy will take effect from June 30. Officials confirmed the decision after 90 days of deliberation. The measure is expected to cut emissions, according to AFP.",0,en,REAL,199,32
"EXCLUSIVE: Scientists DISCOVER that neem CURES cholera in just 30 days! Big Pharma DOESN'T want you to know! 500,000 doctors SILENCED for revealing this! WAKE UP! The New World Order is REAL!",1,en,FAKE,191,32
HDFC நிறுவனம் record காலாண்டு வருவாய் அறிவித்ததால் Thursday அன்று சந்தை rose. Goldman Sachs பகுப்பாய்வாளர்கள் 2030 கணிப்பை 7.5% ஆக திருத்தினர்.,0,ta,REAL,143,18
LEAKED: leaked email REVEALS that UN plans to control food supply by 2025! Insiders FLEE for their lives! 12% of population at RISK! They are COMING for your property! RESIST now!,1,en,FAKE,179,31
Tesla நிறுவனம் disappointing காலாண்டு வருவாய் அறிவித்ததால் Wednesday அன்று சந்தை rallied. Citi பகுப்பாய்வாளர்கள் 2026 கணிப்பை 8.1% ஆக திருத்தினர்.,0,ta,REAL,146,17
"The RBI announced today that tax reform will take effect from April 5. Officials confirmed the decision after 21 days of deliberation. The measure is expected to improve healthcare, according to Reuters.",0,en,REAL,203,32
"UNESCO நிறுவனம் இன்று அறிவித்தது: vaccine mandate March 15 முதல் நடைமுறைக்கு வரும். 21 நாள் ஆலோசனைக்குப் பிறகு அதிகாரிகள் இந்த முடிவை உறுதிப்படுத்தினர். Reuters தெரிவிக்கும் வகையில், இந்த நடவடிக்கை reduce inflation என்று எதிர்பார்க்கப்படுகிறது.",0,ta,REAL,244,28
கசிந்த ஆவணம்: deep state 2035-ல் censor internet திட்டமிடுகிறது! உள்நாட்டு தகவலாளர்கள் உயிருக்கு பயந்து ஓடுகின்றனர்! மக்களுக்கு privacy ஆபத்தில் உள்ளது! SHARE செய்யுங்கள்!,1,ta,FAKE,171,19
கசிந்த ஆவணம்: WHO 2027-ல் microchip citizens திட்டமிடுகிறது! உள்நாட்டு தகவலாளர்கள் உயிருக்கு பயந்து ஓடுகின்றனர்! மக்களுக்கு freedom of speech ஆபத்தில் உள்ளது! SHARE செய்யுங்கள்!,1,ta,FAKE,177,20
"Stock markets rose on Friday as Tesla reported record quarterly earnings. Analysts at Citi revised their 2026 forecast to 8.1%, citing cost pressures.",0,en,REAL,150,23
EXCLUSIVE: Scientists DISCOVER that turmeric CURES malaria in just 90 days! Big Pharma DOESN'T want you to know! 12 doctors SILENCED for revealing this! WAKE UP! The New World Order is REAL!,1,en,FAKE,190,32
USA அரசு agriculture துறைக்கு ₹12 கோடி நிதி ஒதுக்கியது. expert panel மதிப்பாய்வு செய்த திட்டம் 2035-ல் boost GDP by 7% நோக்கமாக கொண்டுள்ளது. எதிர்க்கட்சிகள் கலவையான கருத்துக்களை தெரிவித்தன.,0,ta,REAL,189,24
அதிர்ச்சி செய்தி: a major politician இரகசியமாக meets foreign spy! அரசு water supply பற்றிய உண்மையை மறைக்கிறது! DELETE ஆவதற்கு முன் SHARE செய்யுங்கள்! Reuters இந்த அதிர்ச்சிகரமான உண்மையை உறுதிப்படுத்துகிறது!,1,ta,FAKE,206,25
TCS நிறுவனம் strong காலாண்டு வருவாய் அறிவித்ததால் Wednesday அன்று சந்தை plunged. Citi பகுப்பாய்வாளர்கள் 2030 கணிப்பை 9.0% ஆக திருத்தினர்.,0,ta,REAL,137,17
"Researchers at Oxford published findings in NEJM showing that reduced risk by 40%. The study, conducted over 5 years with 500 participants, concludes that lifestyle changes matter. Peer reviewers praised the methodology.",0,en,REAL,220,32
UK அரசு defence துறைக்கு ₹5 கோடி நிதி ஒதுக்கியது. cabinet மதிப்பாய்வு செய்த திட்டம் 2035-ல் achieve net-zero நோக்கமாக கொண்டுள்ளது. எதிர்க்கட்சிகள் கலவையான கருத்துக்களை தெரிவித்தன.,0,ta,REAL,179,21
BITS Pilani-இல் உள்ள ஆராய்ச்சியாளர்கள் Cell இதழில் ஆய்வு முடிவுகளை வெளியிட்டனர். 3 ஆண்டுகள் 500 பங்கேற்பாளர்களுடன் நடத்தப்பட்ட இந்த ஆய்வு cut costs by 30% என்று கண்டறிந்தது. சகாக்கள் ஆய்வு முறையை பாராட்டினர்.,0,ta,REAL,208,26
"The SEBI announced today that climate policy will take effect from December 1. Officials confirmed the decision after 14 days of deliberation. The measure is expected to reduce inflation, according to Reuters.",0,en,REAL,209,32
"WHO நிறுவனம் இன்று அறிவித்தது: vaccine mandate January 1 முதல் நடைமுறைக்கு வரும். 14 நாள் ஆலோசனைக்குப் பிறகு அதிகாரிகள் இந்த முடிவை உறுதிப்படுத்தினர். senior official தெரிவிக்கும் வகையில், இந்த நடவடிக்கை boost employment என்று எதிர்பார்க்கப்படுகிறது.",0,ta,REAL,250,29
HDFC நிறுவனம் record காலாண்டு வருவாய் அறிவித்ததால் Monday அன்று சந்தை fell. ICICI பகுப்பாய்வாளர்கள் 2030 கணிப்பை 6.3% ஆக திருத்தினர்.,0,ta,REAL,133,17
"Stock markets dipped on Wednesday as Tesla reported mixed quarterly earnings. Analysts at Citi revised their 2026 forecast to 4.2%, citing supply chain issues.",0,en,REAL,159,24
Mumbai-ல் Thursday அன்று 100 புதிய cholera வழக்குகள் பதிவாயின. சுகாதார அதிகாரிகள் நிலைமையை சமாளிக்க testing kits நிறுத்தினர். குடிமக்கள் stay home என்று அறிவுறுத்தப்படுகின்றனர்.,0,ta,REAL,177,20
"The India government approved a $2,500 billion budget for agriculture. The plan, reviewed by finance ministry, aims to eradicate poverty by 2025. Opposition parties offered mixed responses.",0,en,REAL,189,27
"அம்பலம்: the opposition leader கேமராவில் accepting bribe பிடிக்கப்பட்டனர்! 2,300 லட்சம் மக்கள் நீதி கோருகின்றனர்! France globalists காரணமாக நலிவடைகிறது! உடனே பகிருங்கள்!",1,ta,FAKE,169,19
Mumbai-ல் Tuesday அன்று 10 million புதிய dengue வழக்குகள் பதிவாயின. சுகாதார அதிகாரிகள் நிலைமையை சமாளிக்க testing kits நிறுத்தினர். குடிமக்கள் stay home என்று அறிவுறுத்தப்படுகின்றனர்.,0,ta,REAL,182,21
இரகசியம் வெளியாயிற்று: garlic 14 நாளில் influenza-ஐ குணப்படுத்துகிறது! பெரிய நிறுவனங்கள் இதை மறைக்கின்றன! 100 மருத்துவர்கள் இதை வெளியிட்டதால் நிறுத்தப்பட்டனர்! விழிப்புணர்வு பெறுங்கள்! deep state plot உண்மையானது!,1,ta,FAKE,212,22
"Stock markets surged on Thursday as HDFC reported mixed quarterly earnings. Analysts at Citi revised their 2025 forecast to 8.1%, citing strong demand.",0,en,REAL,151,23
"Stock markets fell on Tuesday as Tesla reported strong quarterly earnings. Analysts at Morgan Stanley revised their 2030 forecast to 7.5%, citing innovation.",0,en,REAL,157,23
"RBI நிறுவனம் இன்று அறிவித்தது: tax reform December 1 முதல் நடைமுறைக்கு வரும். 14 நாள் ஆலோசனைக்குப் பிறகு அதிகாரிகள் இந்த முடிவை உறுதிப்படுத்தினர். Reuters தெரிவிக்கும் வகையில், இந்த நடவடிக்கை boost employment என்று எதிர்பார்க்கப்படுகிறது.",0,ta,REAL,238,28
அதிசயம்: a mother of three ஒரே 30 நாளில் 12 கிலோ குறைத்தனர்! மருத்துவர்கள் வெறுக்கும் இந்த ஒரு இரகசிய உத்தி! a major politician தினமும் இதை பயன்படுத்துகிறார்! இன்றே ஆர்டர் செய்யுங்கள்!,1,ta,FAKE,184,26
"MIRACLE: a retired teacher LOSES 2,500 kg in 90 days using ONE weird trick doctors HATE! Experts BAFFLED! a tech billionaire uses this SECRET daily! ORDER before April 5 — LIMITED SUPPLY!",1,en,FAKE,187,32
"Stock markets rallied on Tuesday as HDFC reported disappointing quarterly earnings. Analysts at Goldman Sachs revised their 2025 forecast to 8.1%, citing innovation.",0,en,REAL,165,23
Apple நிறுவனம் disappointing காலாண்டு வருவாய் அறிவித்ததால் Tuesday அன்று சந்தை plunged. Goldman Sachs பகுப்பாய்வாளர்கள் 2027 கணிப்பை 6.3% ஆக திருத்தினர்.,0,ta,REAL,153,18
"அம்பலம்: the opposition leader கேமராவில் accepting bribe பிடிக்கப்பட்டனர்! 2,300 லட்சம் மக்கள் நீதி கோருகின்றனர்! Germany immigrants காரணமாக நலிவடைகிறது! உடனே பகிருங்கள்!",1,ta,FAKE,170,19
"The SEBI announced today that vaccine mandate will take effect from June 30. Officials confirmed the decision after 21 days of deliberation. The measure is expected to improve healthcare, according to PTI.",0,en,REAL,205,32
Delhi reported 10 million new cases of malaria on Monday. Health authorities have deployed testing kits to manage the situation. Officials urge residents to get vaccinated.,0,en,REAL,172,26
Kolkata-ல் Friday அன்று 12 புதிய cholera வழக்குகள் பதிவாயின. சுகாதார அதிகாரிகள் நிலைமையை சமாளிக்க mobile units நிறுத்தினர். குடிமக்கள் stay home என்று அறிவுறுத்தப்படுகின்றனர்.,0,ta,REAL,175,20
"EXCLUSIVE: Scientists DISCOVER that garlic CURES malaria in just 14 days! Big Pharma DOESN'T want you to know! 500,000 doctors SILENCED for revealing this! WAKE UP! The New World Order is REAL!",1,en,FAKE,193,32
"The ISRO announced today that climate policy will take effect from January 1. Officials confirmed the decision after 21 days of deliberation. The measure is expected to boost employment, according to Reuters.",0,en,REAL,208,32
ALERT: a governor caught lying under oath on camera — VIDEO PROOF! Deep state PANICKING! Over 45 million patriots DEMAND justice! UK is FALLING because of foreign agents! RT if you AGREE! Share EVERYWHERE!,1,en,FAKE,205,34
"Researchers at Stanford published findings in Cell showing that cut costs by 30%. The study, conducted over 3 years with 10,000 participants, concludes that lifestyle changes matter. Peer reviewers praised the methodology.",0,en,REAL,222,32
இரகசியம் வெளியாயிற்று: turmeric 30 நாளில் COVID-19-ஐ குணப்படுத்துகிறது! பெரிய நிறுவனங்கள் இதை மறைக்கின்றன! 10 million மருத்துவர்கள் இதை வெளியிட்டதால் நிறுத்தப்பட்டனர்! விழிப்புணர்வு பெறுங்கள்! New World Order உண்மையானது!,1,ta,FAKE,220,23
Google நிறுவனம் strong காலாண்டு வருவாய் அறிவித்ததால் Thursday அன்று சந்தை plunged. ICICI பகுப்பாய்வாளர்கள் 2030 கணிப்பை 6.3% ஆக திருத்தினர்.,0,ta,REAL,140,17
"Stock markets dipped on Monday as Google reported stellar quarterly earnings. Analysts at JPMorgan revised their 2030 forecast to 4.2%, citing innovation.",0,en,REAL,154,22
LEAKED: leaked email REVEALS that UN plans to microchip citizens by 2025! Insiders FLEE for their lives! 10 million% of population at RISK! They are COMING for your gun rights! RESIST now!,1,en,FAKE,188,32
BREAKING: a major politician SECRETLY funds terror groups! Government HIDING the TRUTH about water supply! SHARE before they DELETE this! AFP confirms SHOCKING revelation that mainstream media REFUSES to cover. This changes EVERYTHING!,1,en,FAKE,235,33
"The Germany government approved a $1,000 billion budget for defence. The plan, reviewed by cabinet, aims to eradicate poverty by 2030. Opposition parties offered mixed responses.",0,en,REAL,178,26
"The France government approved a $50 billion budget for healthcare. The plan, reviewed by parliament, aims to boost GDP by 7% by 2027. Opposition parties offered mixed responses.",0,en,REAL,178,28
கசிந்த ஆவணம்: WHO 2035-ல் microchip citizens திட்டமிடுகிறது! உள்நாட்டு தகவலாளர்கள் உயிருக்கு பயந்து ஓடுகின்றனர்! மக்களுக்கு gun rights ஆபத்தில் உள்ளது! SHARE செய்யுங்கள்!,1,ta,FAKE,170,19
"UNESCO நிறுவனம் இன்று அறிவித்தது: new trade agreement March 15 முதல் நடைமுறைக்கு வரும். 14 நாள் ஆலோசனைக்குப் பிறகு அதிகாரிகள் இந்த முடிவை உறுதிப்படுத்தினர். ministry spokesperson தெரிவிக்கும் வகையில், இந்த நடவடிக்கை improve healthcare என்று எதிர்பார்க்கப்படுகிறது.",0,ta,REAL,264,30
Mumbai-ல் Friday அன்று 100 புதிய cholera வழக்குகள் பதிவாயின. சுகாதார அதிகாரிகள் நிலைமையை சமாளிக்க testing kits நிறுத்தினர். குடிமக்கள் stay home என்று அறிவுறுத்தப்படுகின்றனர்.,0,ta,REAL,175,20
அதிர்ச்சி செய்தி: a famous actor இரகசியமாக funds terror groups! அரசு 5G towers பற்றிய உண்மையை மறைக்கிறது! DELETE ஆவதற்கு முன் SHARE செய்யுங்கள்! ministry spokesperson இந்த அதிர்ச்சிகரமான உண்மையை உறுதிப்படுத்துகிறது!,1,ta,FAKE,215,26
"NUS-இல் உள்ள ஆராய்ச்சியாளர்கள் NEJM இதழில் ஆய்வு முடிவுகளை வெளியிட்டனர். 2 ஆண்டுகள் 5,000 பங்கேற்பாளர்களுடன் நடத்தப்பட்ட இந்த ஆய்வு reduced risk by 40% என்று கண்டறிந்தது. சகாக்கள் ஆய்வு முறையை பாராட்டினர்.",0,ta,REAL,205,25
MIRACLE: a mother of three LOSES 50 kg in 14 days using ONE weird trick doctors HATE! Experts BAFFLED! a major politician uses this SECRET daily! ORDER before December 1 — LIMITED SUPPLY!,1,en,FAKE,187,33
அம்பலம்: the opposition leader கேமராவில் lying under oath பிடிக்கப்பட்டனர்! 10 million லட்சம் மக்கள் நீதி கோருகின்றனர்! UK foreign agents காரணமாக நலிவடைகிறது! உடனே பகிருங்கள்!,1,ta,FAKE,175,22
BREAKING: a tech billionaire SECRETLY meets foreign spy! Government HIDING the TRUTH about water supply! SHARE before they DELETE this! senior official confirms SHOCKING revelation that mainstream media REFUSES to cover. This changes EVERYTHING!,1,en,FAKE,245,34
"EXCLUSIVE: Scientists DISCOVER that coconut oil CURES dengue in just 21 days! Big Pharma DOESN'T want you to know! 2,300 doctors SILENCED for revealing this! WAKE UP! The New World Order is REAL!",1,en,FAKE,195,33
"Stock markets rose on Wednesday as Tesla reported stellar quarterly earnings. Analysts at Citi revised their 2027 forecast to 6.3%, citing cost pressures.",0,en,REAL,154,23
"MIRACLE: a mother of three LOSES 1,000 kg in 21 days using ONE weird trick doctors HATE! Experts BAFFLED! a major politician uses this SECRET daily! ORDER before March 15 — LIMITED SUPPLY!",1,en,FAKE,188,33
"Stanford-இல் உள்ள ஆராய்ச்சியாளர்கள் Cell இதழில் ஆய்வு முடிவுகளை வெளியிட்டனர். 3 ஆண்டுகள் 1,200 பங்கேற்பாளர்களுடன் நடத்தப்பட்ட இந்த ஆய்வு improved accuracy என்று கண்டறிந்தது. சகாக்கள் ஆய்வு முறையை பாராட்டினர்.",0,ta,REAL,208,23
"The Germany government approved a $1,000 billion budget for education. The plan, reviewed by expert panel, aims to eradicate poverty by 2027. Opposition parties offered mixed responses.",0,en,REAL,185,27
Kolkata-ல் Friday அன்று 45 புதிய COVID-19 வழக்குகள் பதிவாயின. சுகாதார அதிகாரிகள் நிலைமையை சமாளிக்க mobile units நிறுத்தினர். குடிமக்கள் stay home என்று அறிவுறுத்தப்படுகின்றனர்.,0,ta,REAL,176,20
அதிர்ச்சி செய்தி: a tech billionaire இரகசியமாக betrays nation! அரசு climate பற்றிய உண்மையை மறைக்கிறது! DELETE ஆவதற்கு முன் SHARE செய்யுங்கள்! AFP இந்த அதிர்ச்சிகரமான உண்மையை உறுதிப்படுத்துகிறது!,1,ta,FAKE,194,23
"The USA government approved a $2,500 billion budget for education. The plan, reviewed by parliament, aims to boost GDP by 7% by 2035. Opposition parties offered mixed responses.",0,en,REAL,177,28
MIRACLE: a mother of three LOSES 200 kg in 90 days using ONE weird trick doctors HATE! Experts BAFFLED! a major politician uses this SECRET daily! ORDER before March 15 — LIMITED SUPPLY!,1,en,FAKE,186,33
இரகசியம் வெளியாயிற்று: garlic 60 நாளில் malaria-ஐ குணப்படுத்துகிறது! பெரிய நிறுவனங்கள் இதை மறைக்கின்றன! 100 மருத்துவர்கள் இதை வெளியிட்டதால் நிறுத்தப்பட்டனர்! விழிப்புணர்வு பெறுங்கள்! Big Pharma cover-up உண்மையானது!,1,ta,FAKE,214,22
"Researchers at BITS Pilani published findings in Nature showing that cut costs by 30%. The study, conducted over 10 years with 1,200 participants, concludes that diet is key. Peer reviewers praised the methodology.",0,en,REAL,214,33
அதிர்ச்சி செய்தி: a major politician இரகசியமாக funds terror groups! அரசு chemtrails பற்றிய உண்மையை மறைக்கிறது! DELETE ஆவதற்கு முன் SHARE செய்யுங்கள்! ministry spokesperson இந்த அதிர்ச்சிகரமான உண்மையை உறுதிப்படுத்துகிறது!,1,ta,FAKE,220,25
"MIT-இல் உள்ள ஆராய்ச்சியாளர்கள் Nature இதழில் ஆய்வு முடிவுகளை வெளியிட்டனர். 5 ஆண்டுகள் 1,200 பங்கேற்பாளர்களுடன் நடத்தப்பட்ட இந்த ஆய்வு doubled lifespan என்று கண்டறிந்தது. சகாக்கள் ஆய்வு முறையை பாராட்டினர்.",0,ta,REAL,204,23
அதிசயம்: a retired teacher ஒரே 21 நாளில் 200 கிலோ குறைத்தனர்! மருத்துவர்கள் வெறுக்கும் இந்த ஒரு இரகசிய உத்தி! a major politician தினமும் இதை பயன்படுத்துகிறார்! இன்றே ஆர்டர் செய்யுங்கள்!,1,ta,FAKE,185,25
அதிசயம்: a local farmer ஒரே 21 நாளில் 5 கிலோ குறைத்தனர்! மருத்துவர்கள் வெறுக்கும் இந்த ஒரு இரகசிய உத்தி! a famous actor தினமும் இதை பயன்படுத்துகிறார்! இன்றே ஆர்டர் செய்யுங்கள்!,1,ta,FAKE,176,25
"NUS-இல் உள்ள ஆராய்ச்சியாளர்கள் Nature இதழில் ஆய்வு முடிவுகளை வெளியிட்டனர். 5 ஆண்டுகள் 5,000 பங்கேற்பாளர்களுடன் நடத்தப்பட்ட இந்த ஆய்வு reduced risk by 40% என்று கண்டறிந்தது. சகாக்கள் ஆய்வு முறையை பாராட்டினர்.",0,ta,REAL,207,25
BREAKING: a tech billionaire SECRETLY meets foreign spy! Government HIDING the TRUTH about water supply! SHARE before they DELETE this! ministry spokesperson confirms SHOCKING revelation that mainstream media REFUSES to cover. This changes EVERYTHING!,1,en,FAKE,251,34
EXCLUSIVE: Scientists DISCOVER that garlic CURES influenza in just 30 days! Big Pharma DOESN'T want you to know! 12 doctors SILENCED for revealing this! WAKE UP! The deep state plot is REAL!,1,en,FAKE,190,32
அதிர்ச்சி செய்தி: a major politician இரகசியமாக funds terror groups! அரசு 5G towers பற்றிய உண்மையை மறைக்கிறது! DELETE ஆவதற்கு முன் SHARE செய்யுங்கள்! Reuters இந்த அதிர்ச்சிகரமான உண்மையை உறுதிப்படுத்துகிறது!,1,ta,FAKE,205,25
அம்பலம்: a governor கேமராவில் lying under oath பிடிக்கப்பட்டனர்! 100 லட்சம் மக்கள் நீதி கோருகின்றனர்! Japan foreign agents காரணமாக நலிவடைகிறது! உடனே பகிருங்கள்!,1,ta,FAKE,160,20
"இரகசியம் வெளியாயிற்று: lemon water 30 நாளில் influenza-ஐ குணப்படுத்துகிறது! பெரிய நிறுவனங்கள் இதை மறைக்கின்றன! 500,000 மருத்துவர்கள் இதை வெளியிட்டதால் நிறுத்தப்பட்டனர்! விழிப்புணர்வு பெறுங்கள்! New World Order உண்மையானது!",1,ta,FAKE,221,23
France அரசு infrastructure துறைக்கு ₹200 கோடி நிதி ஒதுக்கியது. parliament மதிப்பாய்வு செய்த திட்டம் 2030-ல் eradicate poverty நோக்கமாக கொண்டுள்ளது. எதிர்க்கட்சிகள் கலவையான கருத்துக்களை தெரிவித்தன.,0,ta,REAL,196,21
MIRACLE: a local farmer LOSES 12 kg in 14 days using ONE weird trick doctors HATE! Experts BAFFLED! a tech billionaire uses this SECRET daily! ORDER before March 15 — LIMITED SUPPLY!,1,en,FAKE,182,32
கசிந்த ஆவணம்: UN 2026-ல் censor internet திட்டமிடுகிறது! உள்நாட்டு தகவலாளர்கள் உயிருக்கு பயந்து ஓடுகின்றனர்! மக்களுக்கு gun rights ஆபத்தில் உள்ளது! SHARE செய்யுங்கள்!,1,ta,FAKE,166,19
"IIT Madras-இல் உள்ள ஆராய்ச்சியாளர்கள் Lancet இதழில் ஆய்வு முடிவுகளை வெளியிட்டனர். 10 ஆண்டுகள் 10,000 பங்கேற்பாளர்களுடன் நடத்தப்பட்ட இந்த ஆய்வு reduced risk by 40% என்று கண்டறிந்தது. சகாக்கள் ஆய்வு முறையை பாராட்டினர்.",0,ta,REAL,216,26
அம்பலம்: the opposition leader கேமராவில் hiding documents பிடிக்கப்பட்டனர்! 100 லட்சம் மக்கள் நீதி கோருகின்றனர்! France foreign agents காரணமாக நலிவடைகிறது! உடனே பகிருங்கள்!,1,ta,FAKE,172,20
"Oxford-இல் உள்ள ஆராய்ச்சியாளர்கள் Science இதழில் ஆய்வு முடிவுகளை வெளியிட்டனர். 10 ஆண்டுகள் 1,200 பங்கேற்பாளர்களுடன் நடத்தப்பட்ட இந்த ஆய்வு improved accuracy என்று கண்டறிந்தது. சகாக்கள் ஆய்வு முறையை பாராட்டினர்.",0,ta,REAL,210,23
MIRACLE: a mother of three LOSES 5 kg in 30 days using ONE weird trick doctors HATE! Experts BAFFLED! a tech billionaire uses this SECRET daily! ORDER before April 5 — LIMITED SUPPLY!,1,en,FAKE,183,33
BREAKING: a major politician SECRETLY betrays nation! Government HIDING the TRUTH about chemtrails! SHARE before they DELETE this! Reuters confirms SHOCKING revelation that mainstream media REFUSES to cover. This changes EVERYTHING!,1,en,FAKE,232,31
இரகசியம் வெளியாயிற்று: turmeric 60 நாளில் malaria-ஐ குணப்படுத்துகிறது! பெரிய நிறுவனங்கள் இதை மறைக்கின்றன! 12 மருத்துவர்கள் இதை வெளியிட்டதால் நிறுத்தப்பட்டனர்! விழிப்புணர்வு பெறுங்கள்! Big Pharma cover-up உண்மையானது!,1,ta,FAKE,215,22
India அரசு education துறைக்கு ₹200 கோடி நிதி ஒதுக்கியது. parliament மதிப்பாய்வு செய்த திட்டம் 2035-ல் boost GDP by 7% நோக்கமாக கொண்டுள்ளது. எதிர்க்கட்சிகள் கலவையான கருத்துக்களை தெரிவித்தன.,0,ta,REAL,188,23
அதிர்ச்சி செய்தி: a tech billionaire இரகசியமாக betrays nation! அரசு vaccines பற்றிய உண்மையை மறைக்கிறது! DELETE ஆவதற்கு முன் SHARE செய்யுங்கள்! AFP இந்த அதிர்ச்சிகரமான உண்மையை உறுதிப்படுத்துகிறது!,1,ta,FAKE,195,23
Google நிறுவனம் strong காலாண்டு வருவாய் அறிவித்ததால் Tuesday அன்று சந்தை rallied. Morgan Stanley பகுப்பாய்வாளர்கள் 2030 கணிப்பை 7.5% ஆக திருத்தினர்.,0,ta,REAL,148,18
அதிசயம்: a mother of three ஒரே 21 நாளில் 50 கிலோ குறைத்தனர்! மருத்துவர்கள் வெறுக்கும் இந்த ஒரு இரகசிய உத்தி! a major politician தினமும் இதை பயன்படுத்துகிறார்! இன்றே ஆர்டர் செய்யுங்கள்!,1,ta,FAKE,184,26
LEAKED: leaked email REVEALS that WEF plans to control food supply by 2035! Insiders FLEE for their lives! 10 million% of population at RISK! They are COMING for your freedom of speech! RESIST now!,1,en,FAKE,197,34
கசிந்த ஆவணம்: WHO 2026-ல் microchip citizens திட்டமிடுகிறது! உள்நாட்டு தகவலாளர்கள் உயிருக்கு பயந்து ஓடுகின்றனர்! மக்களுக்கு freedom of speech ஆபத்தில் உள்ளது! SHARE செய்யுங்கள்!,1,ta,FAKE,177,20
அம்பலம்: the opposition leader கேமராவில் accepting bribe பிடிக்கப்பட்டனர்! 10 million லட்சம் மக்கள் நீதி கோருகின்றனர்! Germany foreign agents காரணமாக நலிவடைகிறது! உடனே பகிருங்கள்!,1,ta,FAKE,179,21
அம்பலம்: a governor கேமராவில் lying under oath பிடிக்கப்பட்டனர்! 45 லட்சம் மக்கள் நீதி கோருகின்றனர்! UK foreign agents காரணமாக நலிவடைகிறது! உடனே பகிருங்கள்!,1,ta,FAKE,156,20
LEAKED: leaked email REVEALS that WEF plans to microchip citizens by 2026! Insiders FLEE for their lives! 12% of population at RISK! They are COMING for your gun rights! RESIST now!,1,en,FAKE,181,31
"அதிசயம்: a local farmer ஒரே 90 நாளில் 1,000 கிலோ குறைத்தனர்! மருத்துவர்கள் வெறுக்கும் இந்த ஒரு இரகசிய உத்தி! a famous actor தினமும் இதை பயன்படுத்துகிறார்! இன்றே ஆர்டர் செய்யுங்கள்!",1,ta,FAKE,180,25
"The RBI announced today that new trade agreement will take effect from December 1. Officials confirmed the decision after 21 days of deliberation. The measure is expected to improve healthcare, according to ministry spokesperson.",0,en,REAL,229,34
"Stock markets rose on Tuesday as HDFC reported strong quarterly earnings. Analysts at Goldman Sachs revised their 2035 forecast to 6.3%, citing supply chain issues.",0,en,REAL,164,25
"IIT Madras-இல் உள்ள ஆராய்ச்சியாளர்கள் Nature இதழில் ஆய்வு முடிவுகளை வெளியிட்டனர். 10 ஆண்டுகள் 5,000 பங்கேற்பாளர்களுடன் நடத்தப்பட்ட இந்த ஆய்வு reduced risk by 40% என்று கண்டறிந்தது. சகாக்கள் ஆய்வு முறையை பாராட்டினர்.",0,ta,REAL,215,26
MIRACLE: a local farmer LOSES 50 kg in 90 days using ONE weird trick doctors HATE! Experts BAFFLED! a famous actor uses this SECRET daily! ORDER before March 15 — LIMITED SUPPLY!,1,en,FAKE,178,32
"EXCLUSIVE: Scientists DISCOVER that turmeric CURES COVID-19 in just 30 days! Big Pharma DOESN'T want you to know! 2,300 doctors SILENCED for revealing this! WAKE UP! The deep state plot is REAL!",1,en,FAKE,194,32
"Stock markets rose on Monday as Tesla reported strong quarterly earnings. Analysts at Morgan Stanley revised their 2026 forecast to 6.3%, citing strong demand.",0,en,REAL,159,24
"The NASA announced today that tax reform will take effect from December 1. Officials confirmed the decision after 7 days of deliberation. The measure is expected to improve healthcare, according to senior official.",0,en,REAL,214,33
Hyderabad reported 10 million new cases of influenza on Monday. Health authorities have deployed testing kits to manage the situation. Officials urge residents to stay home.,0,en,REAL,173,26
BITS Pilani-இல் உள்ள ஆராய்ச்சியாளர்கள் Lancet இதழில் ஆய்வு முடிவுகளை வெளியிட்டனர். 3 ஆண்டுகள் 500 பங்கேற்பாளர்களுடன் நடத்தப்பட்ட இந்த ஆய்வு doubled lifespan என்று கண்டறிந்தது. சகாக்கள் ஆய்வு முறையை பாராட்டினர்.,0,ta,REAL,210,24
LEAKED: classified file REVEALS that deep state plans to microchip citizens by 2035! Insiders FLEE for their lives! 10 million% of population at RISK! They are COMING for your property! RESIST now!,1,en,FAKE,197,32
LEAKED: leaked email REVEALS that WHO plans to microchip citizens by 2027! Insiders FLEE for their lives! 100% of population at RISK! They are COMING for your freedom of speech! RESIST now!,1,en,FAKE,189,32
Mumbai reported 10 million new cases of malaria on Tuesday. Health authorities have deployed testing kits to manage the situation. Officials urge residents to avoid crowding.,0,en,REAL,174,26
EXCLUSIVE: Scientists DISCOVER that garlic CURES COVID-19 in just 21 days! Big Pharma DOESN'T want you to know! 12 doctors SILENCED for revealing this! WAKE UP! The Big Pharma cover-up is REAL!,1,en,FAKE,193,32
"UNESCO நிறுவனம் இன்று அறிவித்தது: tax reform December 1 முதல் நடைமுறைக்கு வரும். 14 நாள் ஆலோசனைக்குப் பிறகு அதிகாரிகள் இந்த முடிவை உறுதிப்படுத்தினர். Reuters தெரிவிக்கும் வகையில், இந்த நடவடிக்கை boost employment என்று எதிர்பார்க்கப்படுகிறது.",0,ta,REAL,241,28
"Researchers at Oxford published findings in Nature showing that doubled lifespan. The study, conducted over 10 years with 1,200 participants, concludes that diet is key. Peer reviewers praised the methodology.",0,en,REAL,209,30
ALERT: the opposition leader caught lying under oath on camera — VIDEO PROOF! Deep state PANICKING! Over 10 million million patriots DEMAND justice! France is FALLING because of elites! RT if you AGREE! Share EVERYWHERE!,1,en,FAKE,220,35
"Oxford-இல் உள்ள ஆராய்ச்சியாளர்கள் Lancet இதழில் ஆய்வு முடிவுகளை வெளியிட்டனர். 2 ஆண்டுகள் 1,200 பங்கேற்பாளர்களுடன் நடத்தப்பட்ட இந்த ஆய்வு doubled lifespan என்று கண்டறிந்தது. சகாக்கள் ஆய்வு முறையை பாராட்டினர்.",0,ta,REAL,207,23
அதிர்ச்சி செய்தி: a famous actor இரகசியமாக funds terror groups! அரசு 5G towers பற்றிய உண்மையை மறைக்கிறது! DELETE ஆவதற்கு முன் SHARE செய்யுங்கள்! Reuters இந்த அதிர்ச்சிகரமான உண்மையை உறுதிப்படுத்துகிறது!,1,ta,FAKE,201,25
USA அரசு defence துறைக்கு ₹200 கோடி நிதி ஒதுக்கியது. finance ministry மதிப்பாய்வு செய்த திட்டம் 2027-ல் boost GDP by 7% நோக்கமாக கொண்டுள்ளது. எதிர்க்கட்சிகள் கலவையான கருத்துக்களை தெரிவித்தன.,0,ta,REAL,190,24
Reliance நிறுவனம் stellar காலாண்டு வருவாய் அறிவித்ததால் Thursday அன்று சந்தை rallied. Morgan Stanley பகுப்பாய்வாளர்கள் 2025 கணிப்பை 4.2% ஆக திருத்தினர்.,0,ta,REAL,152,18
MIRACLE: a mother of three LOSES 12 kg in 30 days using ONE weird trick doctors HATE! Experts BAFFLED! a tech billionaire uses this SECRET daily! ORDER before January 1 — LIMITED SUPPLY!,1,en,FAKE,186,33
"ALERT: the opposition leader caught lying under oath on camera — VIDEO PROOF! Deep state PANICKING! Over 500,000 million patriots DEMAND justice! UK is FALLING because of immigrants! RT if you AGREE! Share EVERYWHERE!",1,en,FAKE,217,34
BREAKING: a tech billionaire SECRETLY funds terror groups! Government HIDING the TRUTH about 5G towers! SHARE before they DELETE this! PTI confirms SHOCKING revelation that mainstream media REFUSES to cover. This changes EVERYTHING!,1,en,FAKE,232,33
"ALERT: a governor caught hiding documents on camera — VIDEO PROOF! Deep state PANICKING! Over 500,000 million patriots DEMAND justice! France is FALLING because of globalists! RT if you AGREE! Share EVERYWHERE!",1,en,FAKE,210,32
"Stock markets rallied on Wednesday as TCS reported mixed quarterly earnings. Analysts at ICICI revised their 2035 forecast to 8.1%, citing strong demand.",0,en,REAL,153,23
"Oxford-இல் உள்ள ஆராய்ச்சியாளர்கள் Lancet இதழில் ஆய்வு முடிவுகளை வெளியிட்டனர். 2 ஆண்டுகள் 5,000 பங்கேற்பாளர்களுடன் நடத்தப்பட்ட இந்த ஆய்வு cut costs by 30% என்று கண்டறிந்தது. சகாக்கள் ஆய்வு முறையை பாராட்டினர்.",0,ta,REAL,207,25
"The UN announced today that new trade agreement will take effect from April 5. Officials confirmed the decision after 60 days of deliberation. The measure is expected to cut emissions, according to AFP.",0,en,REAL,202,33
"Researchers at NUS published findings in NEJM showing that reduced risk by 40%. The study, conducted over 2 years with 5,000 participants, concludes that diet is key. Peer reviewers praised the methodology.",0,en,REAL,206,32
"Researchers at MIT published findings in Nature showing that cut costs by 30%. The study, conducted over 10 years with 1,200 participants, concludes that lifestyle changes matter. Peer reviewers praised the methodology.",0,en,REAL,219,32
"Stock markets rallied on Friday as TCS reported stellar quarterly earnings. Analysts at Citi revised their 2025 forecast to 4.2%, citing innovation.",0,en,REAL,148,22
கசிந்த ஆவணம்: WEF 2030-ல் microchip citizens திட்டமிடுகிறது! உள்நாட்டு தகவலாளர்கள் உயிருக்கு பயந்து ஓடுகின்றனர்! மக்களுக்கு gun rights ஆபத்தில் உள்ளது! SHARE செய்யுங்கள்!,1,ta,FAKE,170,19
இரகசியம் வெளியாயிற்று: turmeric 21 நாளில் malaria-ஐ குணப்படுத்துகிறது! பெரிய நிறுவனங்கள் இதை மறைக்கின்றன! 45 மருத்துவர்கள் இதை வெளியிட்டதால் நிறுத்தப்பட்டனர்! விழிப்புணர்வு பெறுங்கள்! Big Pharma cover-up உண்மையானது!,1,ta,FAKE,215,22
"Delhi reported 2,300 new cases of influenza on Monday. Health authorities have deployed medical teams to manage the situation. Officials urge residents to avoid crowding.",0,en,REAL,170,25
Oxford-இல் உள்ள ஆராய்ச்சியாளர்கள் Science இதழில் ஆய்வு முடிவுகளை வெளியிட்டனர். 2 ஆண்டுகள் 500 பங்கேற்பாளர்களுடன் நடத்தப்பட்ட இந்த ஆய்வு doubled lifespan என்று கண்டறிந்தது. சகாக்கள் ஆய்வு முறையை பாராட்டினர்.,0,ta,REAL,206,23
BREAKING: a major politician SECRETLY meets foreign spy! Government HIDING the TRUTH about climate! SHARE before they DELETE this! Reuters confirms SHOCKING revelation that mainstream media REFUSES to cover. This changes EVERYTHING!,1,en,FAKE,232,32
BREAKING: a famous actor SECRETLY funds terror groups! Government HIDING the TRUTH about 5G towers! SHARE before they DELETE this! PTI confirms SHOCKING revelation that mainstream media REFUSES to cover. This changes EVERYTHING!,1,en,FAKE,228,33
"MIRACLE: a retired teacher LOSES 1,000 kg in 30 days using ONE weird trick doctors HATE! Experts BAFFLED! a famous actor uses this SECRET daily! ORDER before December 1 — LIMITED SUPPLY!",1,en,FAKE,186,32
MIRACLE: a retired teacher LOSES 200 kg in 90 days using ONE weird trick doctors HATE! Experts BAFFLED! a major politician uses this SECRET daily! ORDER before June 30 — LIMITED SUPPLY!,1,en,FAKE,185,32
"ALERT: a governor caught accepting bribe on camera — VIDEO PROOF! Deep state PANICKING! Over 500,000 million patriots DEMAND justice! India is FALLING because of immigrants! RT if you AGREE! Share EVERYWHERE!",1,en,FAKE,208,32
அதிர்ச்சி செய்தி: a famous actor இரகசியமாக betrays nation! அரசு climate பற்றிய உண்மையை மறைக்கிறது! DELETE ஆவதற்கு முன் SHARE செய்யுங்கள்! AFP இந்த அதிர்ச்சிகரமான உண்மையை உறுதிப்படுத்துகிறது!,1,ta,FAKE,190,23
"The India government approved a $200 billion budget for education. The plan, reviewed by cabinet, aims to eradicate poverty by 2027. Opposition parties offered mixed responses.",0,en,REAL,176,26
இரகசியம் வெளியாயிற்று: turmeric 90 நாளில் cholera-ஐ குணப்படுத்துகிறது! பெரிய நிறுவனங்கள் இதை மறைக்கின்றன! 100 மருத்துவர்கள் இதை வெளியிட்டதால் நிறுத்தப்பட்டனர்! விழிப்புணர்வு பெறுங்கள்! New World Order உண்மையானது!,1,ta,FAKE,212,22
EXCLUSIVE: Scientists DISCOVER that lemon water CURES malaria in just 60 days! Big Pharma DOESN'T want you to know! 12 doctors SILENCED for revealing this! WAKE UP! The Big Pharma cover-up is REAL!,1,en,FAKE,197,33
"USA அரசு healthcare துறைக்கு ₹2,500 கோடி நிதி ஒதுக்கியது. parliament மதிப்பாய்வு செய்த திட்டம் 2030-ல் eradicate poverty நோக்கமாக கொண்டுள்ளது. எதிர்க்கட்சிகள் கலவையான கருத்துக்களை தெரிவித்தன.",0,ta,REAL,191,21
"France அரசு healthcare துறைக்கு ₹1,000 கோடி நிதி ஒதுக்கியது. finance ministry மதிப்பாய்வு செய்த திட்டம் 2026-ல் boost GDP by 7% நோக்கமாக கொண்டுள்ளது. எதிர்க்கட்சிகள் கலவையான கருத்துக்களை தெரிவித்தன.",0,ta,REAL,198,24
அம்பலம்: a senior minister கேமராவில் lying under oath பிடிக்கப்பட்டனர்! 100 லட்சம் மக்கள் நீதி கோருகின்றனர்! Germany foreign agents காரணமாக நலிவடைகிறது! உடனே பகிருங்கள்!,1,ta,FAKE,169,21
"Stock markets plunged on Tuesday as TCS reported disappointing quarterly earnings. Analysts at ICICI revised their 2025 forecast to 7.5%, citing cost pressures.",0,en,REAL,160,23
கசிந்த ஆவணம்: WHO 2027-ல் censor internet திட்டமிடுகிறது! உள்நாட்டு தகவலாளர்கள் உயிருக்கு பயந்து ஓடுகின்றனர்! மக்களுக்கு gun rights ஆபத்தில் உள்ளது! SHARE செய்யுங்கள்!,1,ta,FAKE,167,19
LEAKED: classified file REVEALS that WHO plans to microchip citizens by 2035! Insiders FLEE for their lives! 45% of population at RISK! They are COMING for your privacy! RESIST now!,1,en,FAKE,181,30
அதிசயம்: a local farmer ஒரே 30 நாளில் 200 கிலோ குறைத்தனர்! மருத்துவர்கள் வெறுக்கும் இந்த ஒரு இரகசிய உத்தி! a tech billionaire தினமும் இதை பயன்படுத்துகிறார்! இன்றே ஆர்டர் செய்யுங்கள்!,1,ta,FAKE,182,25
அதிர்ச்சி செய்தி: a major politician இரகசியமாக meets foreign spy! அரசு chemtrails பற்றிய உண்மையை மறைக்கிறது! DELETE ஆவதற்கு முன் SHARE செய்யுங்கள்! ministry spokesperson இந்த அதிர்ச்சிகரமான உண்மையை உறுதிப்படுத்துகிறது!,1,ta,FAKE,218,25
ALERT: a senior minister caught accepting bribe on camera — VIDEO PROOF! Deep state PANICKING! Over 12 million patriots DEMAND justice! UK is FALLING because of elites! RT if you AGREE! Share EVERYWHERE!,1,en,FAKE,203,33
EXCLUSIVE: Scientists DISCOVER that coconut oil CURES cholera in just 21 days! Big Pharma DOESN'T want you to know! 12 doctors SILENCED for revealing this! WAKE UP! The New World Order is REAL!,1,en,FAKE,193,33
"Researchers at Stanford published findings in Nature showing that doubled lifespan. The study, conducted over 3 years with 10,000 participants, concludes that lifestyle changes matter. Peer reviewers praised the methodology.",0,en,REAL,224,30
Bengaluru-ல் Monday அன்று 45 புதிய influenza வழக்குகள் பதிவாயின. சுகாதார அதிகாரிகள் நிலைமையை சமாளிக்க testing kits நிறுத்தினர். குடிமக்கள் stay home என்று அறிவுறுத்தப்படுகின்றனர்.,0,ta,REAL,179,20
BREAKING: a famous actor SECRETLY meets foreign spy! Government HIDING the TRUTH about chemtrails! SHARE before they DELETE this! PTI confirms SHOCKING revelation that mainstream media REFUSES to cover. This changes EVERYTHING!,1,en,FAKE,227,32
MIRACLE: a local farmer LOSES 200 kg in 90 days using ONE weird trick doctors HATE! Experts BAFFLED! a famous actor uses this SECRET daily! ORDER before December 1 — LIMITED SUPPLY!,1,en,FAKE,181,32
Apple நிறுவனம் disappointing காலாண்டு வருவாய் அறிவித்ததால் Tuesday அன்று சந்தை fell. Citi பகுப்பாய்வாளர்கள் 2025 கணிப்பை 9.0% ஆக திருத்தினர்.,0,ta,REAL,141,17
BREAKING: a major politician SECRETLY funds terror groups! Government HIDING the TRUTH about climate! SHARE before they DELETE this! Reuters confirms SHOCKING revelation that mainstream media REFUSES to cover. This changes EVERYTHING!,1,en,FAKE,234,32
LEAKED: classified file REVEALS that WEF plans to microchip citizens by 2030! Insiders FLEE for their lives! 100% of population at RISK! They are COMING for your gun rights! RESIST now!,1,en,FAKE,185,31
"Stock markets rallied on Tuesday as Apple reported strong quarterly earnings. Analysts at Morgan Stanley revised their 2030 forecast to 8.1%, citing supply chain issues.",0,en,REAL,169,25
Infosys நிறுவனம் record காலாண்டு வருவாய் அறிவித்ததால் Tuesday அன்று சந்தை rose. Morgan Stanley பகுப்பாய்வாளர்கள் 2025 கணிப்பை 6.3% ஆக திருத்தினர்.,0,ta,REAL,146,18
"NUS-இல் உள்ள ஆராய்ச்சியாளர்கள் Nature இதழில் ஆய்வு முடிவுகளை வெளியிட்டனர். 2 ஆண்டுகள் 1,200 பங்கேற்பாளர்களுடன் நடத்தப்பட்ட இந்த ஆய்வு doubled lifespan என்று கண்டறிந்தது. சகாக்கள் ஆய்வு முறையை பாராட்டினர்.",0,ta,REAL,204,23
"Kolkata-ல் Thursday அன்று 2,300 புதிய COVID-19 வழக்குகள் பதிவாயின. சுகாதார அதிகாரிகள் நிலைமையை சமாளிக்க testing kits நிறுத்தினர். குடிமக்கள் get vaccinated என்று அறிவுறுத்தப்படுகின்றனர்.",0,ta,REAL,186,20
"USA அரசு agriculture துறைக்கு ₹1,000 கோடி நிதி ஒதுக்கியது. expert panel மதிப்பாய்வு செய்த திட்டம் 2030-ல் boost GDP by 7% நோக்கமாக கொண்டுள்ளது. எதிர்க்கட்சிகள் கலவையான கருத்துக்களை தெரிவித்தன.",0,ta,REAL,192,24
அதிசயம்: a retired teacher ஒரே 60 நாளில் 50 கிலோ குறைத்தனர்! மருத்துவர்கள் வெறுக்கும் இந்த ஒரு இரகசிய உத்தி! a famous actor தினமும் இதை பயன்படுத்துகிறார்! இன்றே ஆர்டர் செய்யுங்கள்!,1,ta,FAKE,180,25
France அரசு healthcare துறைக்கு ₹5 கோடி நிதி ஒதுக்கியது. expert panel மதிப்பாய்வு செய்த திட்டம் 2027-ல் achieve net-zero நோக்கமாக கொண்டுள்ளது. எதிர்க்கட்சிகள் கலவையான கருத்துக்களை தெரிவித்தன.,0,ta,REAL,191,22
Mumbai reported 45 new cases of cholera on Monday. Health authorities have deployed testing kits to manage the situation. Officials urge residents to wear masks.,0,en,REAL,161,25
"The France government approved a $1,000 billion budget for education. The plan, reviewed by cabinet, aims to eradicate poverty by 2027. Opposition parties offered mixed responses.",0,en,REAL,179,26
அதிர்ச்சி செய்தி: a famous actor இரகசியமாக betrays nation! அரசு vaccines பற்றிய உண்மையை மறைக்கிறது! DELETE ஆவதற்கு முன் SHARE செய்யுங்கள்! ministry spokesperson இந்த அதிர்ச்சிகரமான உண்மையை உறுதிப்படுத்துகிறது!,1,ta,FAKE,209,24
Hyderabad reported 10 million new cases of dengue on Tuesday. Health authorities have deployed vaccines to manage the situation. Officials urge residents to avoid crowding.,0,en,REAL,172,25
Hyderabad reported 12 new cases of COVID-19 on Thursday. Health authorities have deployed mobile units to manage the situation. Officials urge residents to stay home.,0,en,REAL,166,25
"The USA government approved a $12 billion budget for healthcare. The plan, reviewed by expert panel, aims to achieve net-zero by 2027. Opposition parties offered mixed responses.",0,en,REAL,178,27
"அதிசயம்: a local farmer ஒரே 30 நாளில் 1,000 கிலோ குறைத்தனர்! மருத்துவர்கள் வெறுக்கும் இந்த ஒரு இரகசிய உத்தி! a major politician தினமும் இதை பயன்படுத்துகிறார்! இன்றே ஆர்டர் செய்யுங்கள்!",1,ta,FAKE,184,25
"The UK government approved a $2,500 billion budget for agriculture. The plan, reviewed by cabinet, aims to achieve net-zero by 2030. Opposition parties offered mixed responses.",0,en,REAL,176,26
"USA அரசு healthcare துறைக்கு ₹2,500 கோடி நிதி ஒதுக்கியது. expert panel மதிப்பாய்வு செய்த திட்டம் 2025-ல் achieve net-zero நோக்கமாக கொண்டுள்ளது. எதிர்க்கட்சிகள் கலவையான கருத்துக்களை தெரிவித்தன.",0,ta,REAL,192,22
Apple நிறுவனம் strong காலாண்டு வருவாய் அறிவித்ததால் Tuesday அன்று சந்தை fell. ICICI பகுப்பாய்வாளர்கள் 2026 கணிப்பை 7.5% ஆக திருத்தினர்.,0,ta,REAL,135,17
அதிர்ச்சி செய்தி: a famous actor இரகசியமாக funds terror groups! அரசு water supply பற்றிய உண்மையை மறைக்கிறது! DELETE ஆவதற்கு முன் SHARE செய்யுங்கள்! AFP இந்த அதிர்ச்சிகரமான உண்மையை உறுதிப்படுத்துகிறது!,1,ta,FAKE,200,25
EXCLUSIVE: Scientists DISCOVER that coconut oil CURES COVID-19 in just 60 days! Big Pharma DOESN'T want you to know! 45 doctors SILENCED for revealing this! WAKE UP! The Big Pharma cover-up is REAL!,1,en,FAKE,198,33
Kolkata-ல் Thursday அன்று 12 புதிய influenza வழக்குகள் பதிவாயின. சுகாதார அதிகாரிகள் நிலைமையை சமாளிக்க medical teams நிறுத்தினர். குடிமக்கள் stay home என்று அறிவுறுத்தப்படுகின்றனர்.,0,ta,REAL,180,20
அதிர்ச்சி செய்தி: a major politician இரகசியமாக betrays nation! அரசு 5G towers பற்றிய உண்மையை மறைக்கிறது! DELETE ஆவதற்கு முன் SHARE செய்யுங்கள்! ministry spokesperson இந்த அதிர்ச்சிகரமான உண்மையை உறுதிப்படுத்துகிறது!,1,ta,FAKE,214,25
"Researchers at NUS published findings in Science showing that cut costs by 30%. The study, conducted over 10 years with 500 participants, concludes that diet is key. Peer reviewers praised the methodology.",0,en,REAL,205,32
Apple நிறுவனம் mixed காலாண்டு வருவாய் அறிவித்ததால் Wednesday அன்று சந்தை rallied. JPMorgan பகுப்பாய்வாளர்கள் 2025 கணிப்பை 8.1% ஆக திருத்தினர்.,0,ta,REAL,142,17
"The UN announced today that new trade agreement will take effect from April 5. Officials confirmed the decision after 90 days of deliberation. The measure is expected to boost employment, according to AFP.",0,en,REAL,205,33
அதிர்ச்சி செய்தி: a tech billionaire இரகசியமாக betrays nation! அரசு water supply பற்றிய உண்மையை மறைக்கிறது! DELETE ஆவதற்கு முன் SHARE செய்யுங்கள்! ministry spokesperson இந்த அதிர்ச்சிகரமான உண்மையை உறுதிப்படுத்துகிறது!,1,ta,FAKE,217,25
MIRACLE: a local farmer LOSES 200 kg in 60 days using ONE weird trick doctors HATE! Experts BAFFLED! a major politician uses this SECRET daily! ORDER before January 1 — LIMITED SUPPLY!,1,en,FAKE,184,32
"Researchers at Stanford published findings in Nature showing that cut costs by 30%. The study, conducted over 10 years with 5,000 participants, concludes that lifestyle changes matter. Peer reviewers praised the methodology.",0,en,REAL,224,32
Delhi reported 100 new cases of malaria on Friday. Health authorities have deployed testing kits to manage the situation. Officials urge residents to wear masks.,0,en,REAL,161,25
"இரகசியம் வெளியாயிற்று: lemon water 60 நாளில் influenza-ஐ குணப்படுத்துகிறது! பெரிய நிறுவனங்கள் இதை மறைக்கின்றன! 2,300 மருத்துவர்கள் இதை வெளியிட்டதால் நிறுத்தப்பட்டனர்! விழிப்புணர்வு பெறுங்கள்! New World Order உண்மையானது!",1,ta,FAKE,219,23
Chennai reported 12 new cases of malaria on Wednesday. Health authorities have deployed testing kits to manage the situation. Officials urge residents to avoid crowding.,0,en,REAL,169,25
இரகசியம் வெளியாயிற்று: lemon water 30 நாளில் malaria-ஐ குணப்படுத்துகிறது! பெரிய நிறுவனங்கள் இதை மறைக்கின்றன! 12 மருத்துவர்கள் இதை வெளியிட்டதால் நிறுத்தப்பட்டனர்! விழிப்புணர்வு பெறுங்கள்! deep state plot உண்மையானது!,1,ta,FAKE,214,23
"Stock markets fell on Wednesday as TCS reported strong quarterly earnings. Analysts at Morgan Stanley revised their 2035 forecast to 4.2%, citing cost pressures.",0,en,REAL,161,24
Reliance நிறுவனம் record காலாண்டு வருவாய் அறிவித்ததால் Thursday அன்று சந்தை fell. Morgan Stanley பகுப்பாய்வாளர்கள் 2026 கணிப்பை 7.5% ஆக திருத்தினர்.,0,ta,REAL,148,18
அதிர்ச்சி செய்தி: a major politician இரகசியமாக funds terror groups! அரசு 5G towers பற்றிய உண்மையை மறைக்கிறது! DELETE ஆவதற்கு முன் SHARE செய்யுங்கள்! AFP இந்த அதிர்ச்சிகரமான உண்மையை உறுதிப்படுத்துகிறது!,1,ta,FAKE,201,25
கசிந்த ஆவணம்: UN 2035-ல் control food supply திட்டமிடுகிறது! உள்நாட்டு தகவலாளர்கள் உயிருக்கு பயந்து ஓடுகின்றனர்! மக்களுக்கு gun rights ஆபத்தில் உள்ளது! SHARE செய்யுங்கள்!,1,ta,FAKE,170,20
"Researchers at MIT published findings in Science showing that reduced risk by 40%. The study, conducted over 3 years with 1,200 participants, concludes that diet is key. Peer reviewers praised the methodology.",0,en,REAL,209,32
ALERT: a governor caught hiding documents on camera — VIDEO PROOF! Deep state PANICKING! Over 10 million million patriots DEMAND justice! UK is FALLING because of immigrants! RT if you AGREE! Share EVERYWHERE!,1,en,FAKE,209,33
அதிர்ச்சி செய்தி: a famous actor இரகசியமாக meets foreign spy! அரசு chemtrails பற்றிய உண்மையை மறைக்கிறது! DELETE ஆவதற்கு முன் SHARE செய்யுங்கள்! AFP இந்த அதிர்ச்சிகரமான உண்மையை உறுதிப்படுத்துகிறது!,1,ta,FAKE,196,24
கசிந்த ஆவணம்: government 2030-ல் censor internet திட்டமிடுகிறது! உள்நாட்டு தகவலாளர்கள் உயிருக்கு பயந்து ஓடுகின்றனர்! மக்களுக்கு gun rights ஆபத்தில் உள்ளது! SHARE செய்யுங்கள்!,1,ta,FAKE,174,19
"LEAKED: leaked email REVEALS that WEF plans to control food supply by 2026! Insiders FLEE for their lives! 500,000% of population at RISK! They are COMING for your property! RESIST now!",1,en,FAKE,185,31
Delhi-ல் Friday அன்று 45 புதிய COVID-19 வழக்குகள் பதிவாயின. சுகாதார அதிகாரிகள் நிலைமையை சமாளிக்க testing kits நிறுத்தினர். குடிமக்கள் avoid crowding என்று அறிவுறுத்தப்படுகின்றனர்.,0,ta,REAL,179,20
"Stock markets surged on Tuesday as Apple reported disappointing quarterly earnings. Analysts at ICICI revised their 2035 forecast to 4.2%, citing strong demand.",0,en,REAL,160,23
"Researchers at NUS published findings in NEJM showing that improved accuracy. The study, conducted over 10 years with 500 participants, concludes that early screening saves lives. Peer reviewers praised the methodology.",0,en,REAL,219,31
"Stock markets rose on Wednesday as HDFC reported stellar quarterly earnings. Analysts at Citi revised their 2030 forecast to 4.2%, citing strong demand.",0,en,REAL,152,23
Hyderabad reported 45 new cases of dengue on Monday. Health authorities have deployed mobile units to manage the situation. Officials urge residents to wear masks.,0,en,REAL,163,25
BREAKING: a tech billionaire SECRETLY funds terror groups! Government HIDING the TRUTH about chemtrails! SHARE before they DELETE this! ministry spokesperson confirms SHOCKING revelation that mainstream media REFUSES to cover. This changes EVERYTHING!,1,en,FAKE,251,33
EXCLUSIVE: Scientists DISCOVER that turmeric CURES influenza in just 21 days! Big Pharma DOESN'T want you to know! 100 doctors SILENCED for revealing this! WAKE UP! The Big Pharma cover-up is REAL!,1,en,FAKE,197,32
அதிர்ச்சி செய்தி: a famous actor இரகசியமாக meets foreign spy! அரசு climate பற்றிய உண்மையை மறைக்கிறது! DELETE ஆவதற்கு முன் SHARE செய்யுங்கள்! AFP இந்த அதிர்ச்சிகரமான உண்மையை உறுதிப்படுத்துகிறது!,1,ta,FAKE,193,24
"Researchers at BITS Pilani published findings in Lancet showing that improved accuracy. The study, conducted over 2 years with 500 participants, concludes that early screening saves lives. Peer reviewers praised the methodology.",0,en,REAL,228,32
அதிசயம்: a local farmer ஒரே 21 நாளில் 12 கிலோ குறைத்தனர்! மருத்துவர்கள் வெறுக்கும் இந்த ஒரு இரகசிய உத்தி! a major politician தினமும் இதை பயன்படுத்துகிறார்! இன்றே ஆர்டர் செய்யுங்கள்!,1,ta,FAKE,181,25
Google நிறுவனம் strong காலாண்டு வருவாய் அறிவித்ததால் Thursday அன்று சந்தை dipped. Citi பகுப்பாய்வாளர்கள் 2026 கணிப்பை 6.3% ஆக திருத்தினர்.,0,ta,REAL,138,17
"அதிசயம்: a mother of three ஒரே 14 நாளில் 2,500 கிலோ குறைத்தனர்! மருத்துவர்கள் வெறுக்கும் இந்த ஒரு இரகசிய உத்தி! a famous actor தினமும் இதை பயன்படுத்துகிறார்! இன்றே ஆர்டர் செய்யுங்கள்!",1,ta,FAKE,183,26
"The France government approved a $2,500 billion budget for education. The plan, reviewed by finance ministry, aims to eradicate poverty by 2027. Opposition parties offered mixed responses.",0,en,REAL,188,27
"The USA government approved a $5 billion budget for healthcare. The plan, reviewed by expert panel, aims to achieve net-zero by 2027. Opposition parties offered mixed responses.",0,en,REAL,177,27
EXCLUSIVE: Scientists DISCOVER that turmeric CURES influenza in just 90 days! Big Pharma DOESN'T want you to know! 10 million doctors SILENCED for revealing this! WAKE UP! The Big Pharma cover-up is REAL!,1,en,FAKE,204,33
Google நிறுவனம் record காலாண்டு வருவாய் அறிவித்ததால் Monday அன்று சந்தை rallied. Morgan Stanley பகுப்பாய்வாளர்கள் 2027 கணிப்பை 8.1% ஆக திருத்தினர்.,0,ta,REAL,147,18
"MIRACLE: a local farmer LOSES 2,500 kg in 90 days using ONE weird trick doctors HATE! Experts BAFFLED! a tech billionaire uses this SECRET daily! ORDER before December 1 — LIMITED SUPPLY!",1,en,FAKE,187,32
இரகசியம் வெளியாயிற்று: neem 90 நாளில் cholera-ஐ குணப்படுத்துகிறது! பெரிய நிறுவனங்கள் இதை மறைக்கின்றன! 10 million மருத்துவர்கள் இதை வெளியிட்டதால் நிறுத்தப்பட்டனர்! விழிப்புணர்வு பெறுங்கள்! New World Order உண்மையானது!,1,ta,FAKE,215,23
ALERT: a senior minister caught accepting bribe on camera — VIDEO PROOF! Deep state PANICKING! Over 12 million patriots DEMAND justice! Germany is FALLING because of immigrants! RT if you AGREE! Share EVERYWHERE!,1,en,FAKE,212,33
"அதிசயம்: a retired teacher ஒரே 21 நாளில் 1,000 கிலோ குறைத்தனர்! மருத்துவர்கள் வெறுக்கும் இந்த ஒரு இரகசிய உத்தி! a tech billionaire தினமும் இதை பயன்படுத்துகிறார்! இன்றே ஆர்டர் செய்யுங்கள்!",1,ta,FAKE,187,25
"The UK government approved a $5 billion budget for defence. The plan, reviewed by parliament, aims to boost GDP by 7% by 2025. Opposition parties offered mixed responses.",0,en,REAL,170,28
LEAKED: leaked email REVEALS that government plans to control food supply by 2030! Insiders FLEE for their lives! 10 million% of population at RISK! They are COMING for your freedom of speech! RESIST now!,1,en,FAKE,204,34
"The France government approved a $200 billion budget for defence. The plan, reviewed by cabinet, aims to achieve net-zero by 2035. Opposition parties offered mixed responses.",0,en,REAL,174,26
"Researchers at MIT published findings in NEJM showing that improved accuracy. The study, conducted over 10 years with 5,000 participants, concludes that early screening saves lives. Peer reviewers praised the methodology.",0,en,REAL,221,31
Google நிறுவனம் strong காலாண்டு வருவாய் அறிவித்ததால் Friday அன்று சந்தை surged. Morgan Stanley பகுப்பாய்வாளர்கள் 2025 கணிப்பை 9.0% ஆக திருத்தினர்.,0,ta,REAL,146,18
Reliance நிறுவனம் mixed காலாண்டு வருவாய் அறிவித்ததால் Wednesday அன்று சந்தை plunged. JPMorgan பகுப்பாய்வாளர்கள் 2035 கணிப்பை 4.2% ஆக திருத்தினர்.,0,ta,REAL,145,17
"RBI நிறுவனம் இன்று அறிவித்தது: tax reform January 1 முதல் நடைமுறைக்கு வரும். 14 நாள் ஆலோசனைக்குப் பிறகு அதிகாரிகள் இந்த முடிவை உறுதிப்படுத்தினர். AFP தெரிவிக்கும் வகையில், இந்த நடவடிக்கை reduce inflation என்று எதிர்பார்க்கப்படுகிறது.",0,ta,REAL,233,28
"The USA government approved a $2,500 billion budget for infrastructure. The plan, reviewed by cabinet, aims to eradicate poverty by 2025. Opposition parties offered mixed responses.",0,en,REAL,181,26
Bengaluru reported 10 million new cases of cholera on Friday. Health authorities have deployed medical teams to manage the situation. Officials urge residents to get vaccinated.,0,en,REAL,177,26
"LEAKED: secret memo REVEALS that deep state plans to censor internet by 2035! Insiders FLEE for their lives! 2,300% of population at RISK! They are COMING for your freedom of speech! RESIST now!",1,en,FAKE,194,33
"The UNESCO announced today that new trade agreement will take effect from March 15. Officials confirmed the decision after 7 days of deliberation. The measure is expected to boost employment, according to ministry spokesperson.",0,en,REAL,227,34
"Bengaluru reported 2,300 new cases of influenza on Wednesday. Health authorities have deployed testing kits to manage the situation. Officials urge residents to avoid crowding.",0,en,REAL,176,25
"Stock markets dipped on Friday as TCS reported disappointing quarterly earnings. Analysts at Morgan Stanley revised their 2026 forecast to 8.1%, citing strong demand.",0,en,REAL,166,24
"Researchers at Stanford published findings in Lancet showing that doubled lifespan. The study, conducted over 10 years with 500 participants, concludes that lifestyle changes matter. Peer reviewers praised the methodology.",0,en,REAL,222,30
இரகசியம் வெளியாயிற்று: garlic 60 நாளில் COVID-19-ஐ குணப்படுத்துகிறது! பெரிய நிறுவனங்கள் இதை மறைக்கின்றன! 12 மருத்துவர்கள் இதை வெளியிட்டதால் நிறுத்தப்பட்டனர்! விழிப்புணர்வு பெறுங்கள்! New World Order உண்மையானது!,1,ta,FAKE,210,22
"LEAKED: classified file REVEALS that WEF plans to control food supply by 2030! Insiders FLEE for their lives! 2,300% of population at RISK! They are COMING for your privacy! RESIST now!",1,en,FAKE,185,31
அதிசயம்: a mother of three ஒரே 14 நாளில் 50 கிலோ குறைத்தனர்! மருத்துவர்கள் வெறுக்கும் இந்த ஒரு இரகசிய உத்தி! a tech billionaire தினமும் இதை பயன்படுத்துகிறார்! இன்றே ஆர்டர் செய்யுங்கள்!,1,ta,FAKE,184,26
"Researchers at BITS Pilani published findings in Cell showing that doubled lifespan. The study, conducted over 10 years with 500 participants, concludes that diet is key. Peer reviewers praised the methodology.",0,en,REAL,210,31
"LEAKED: leaked email REVEALS that WEF plans to microchip citizens by 2035! Insiders FLEE for their lives! 500,000% of population at RISK! They are COMING for your property! RESIST now!",1,en,FAKE,184,30
TCS நிறுவனம் disappointing காலாண்டு வருவாய் அறிவித்ததால் Monday அன்று சந்தை rallied. Goldman Sachs பகுப்பாய்வாளர்கள் 2030 கணிப்பை 6.3% ஆக திருத்தினர்.,0,ta,REAL,150,18
அதிசயம்: a retired teacher ஒரே 14 நாளில் 50 கிலோ குறைத்தனர்! மருத்துவர்கள் வெறுக்கும் இந்த ஒரு இரகசிய உத்தி! a famous actor தினமும் இதை பயன்படுத்துகிறார்! இன்றே ஆர்டர் செய்யுங்கள்!,1,ta,FAKE,180,25
MIRACLE: a retired teacher LOSES 50 kg in 90 days using ONE weird trick doctors HATE! Experts BAFFLED! a tech billionaire uses this SECRET daily! ORDER before March 15 — LIMITED SUPPLY!,1,en,FAKE,185,32
அதிர்ச்சி செய்தி: a major politician இரகசியமாக meets foreign spy! அரசு chemtrails பற்றிய உண்மையை மறைக்கிறது! DELETE ஆவதற்கு முன் SHARE செய்யுங்கள்! AFP இந்த அதிர்ச்சிகரமான உண்மையை உறுதிப்படுத்துகிறது!,1,ta,FAKE,200,24
கசிந்த ஆவணம்: WEF 2026-ல் microchip citizens திட்டமிடுகிறது! உள்நாட்டு தகவலாளர்கள் உயிருக்கு பயந்து ஓடுகின்றனர்! மக்களுக்கு gun rights ஆபத்தில் உள்ளது! SHARE செய்யுங்கள்!,1,ta,FAKE,170,19
LEAKED: leaked email REVEALS that deep state plans to control food supply by 2030! Insiders FLEE for their lives! 12% of population at RISK! They are COMING for your property! RESIST now!,1,en,FAKE,187,32
BREAKING: a tech billionaire SECRETLY betrays nation! Government HIDING the TRUTH about chemtrails! SHARE before they DELETE this! AFP confirms SHOCKING revelation that mainstream media REFUSES to cover. This changes EVERYTHING!,1,en,FAKE,228,31
Delhi-ல் Tuesday அன்று 45 புதிய dengue வழக்குகள் பதிவாயின. சுகாதார அதிகாரிகள் நிலைமையை சமாளிக்க medical teams நிறுத்தினர். குடிமக்கள் wear masks என்று அறிவுறுத்தப்படுகின்றனர்.,0,ta,REAL,175,20
IIT Madras-இல் உள்ள ஆராய்ச்சியாளர்கள் Science இதழில் ஆய்வு முடிவுகளை வெளியிட்டனர். 2 ஆண்டுகள் 500 பங்கேற்பாளர்களுடன் நடத்தப்பட்ட இந்த ஆய்வு reduced risk by 40% என்று கண்டறிந்தது. சகாக்கள் ஆய்வு முறையை பாராட்டினர்.,0,ta,REAL,213,26
"ALERT: a senior minister caught hiding documents on camera — VIDEO PROOF! Deep state PANICKING! Over 500,000 million patriots DEMAND justice! Germany is FALLING because of globalists! RT if you AGREE! Share EVERYWHERE!",1,en,FAKE,218,33
ALERT: the opposition leader caught lying under oath on camera — VIDEO PROOF! Deep state PANICKING! Over 100 million patriots DEMAND justice! UK is FALLING because of immigrants! RT if you AGREE! Share EVERYWHERE!,1,en,FAKE,213,34
இரகசியம் வெளியாயிற்று: neem 7 நாளில் cholera-ஐ குணப்படுத்துகிறது! பெரிய நிறுவனங்கள் இதை மறைக்கின்றன! 10 million மருத்துவர்கள் இதை வெளியிட்டதால் நிறுத்தப்பட்டனர்! விழிப்புணர்வு பெறுங்கள்! Big Pharma cover-up உண்மையானது!,1,ta,FAKE,218,23
"Researchers at BITS Pilani published findings in Nature showing that improved accuracy. The study, conducted over 3 years with 5,000 participants, concludes that early screening saves lives. Peer reviewers praised the methodology.",0,en,REAL,230,32
"Stock markets surged on Wednesday as Infosys reported record quarterly earnings. Analysts at Morgan Stanley revised their 2025 forecast to 8.1%, citing innovation.",0,en,REAL,163,23
MIRACLE: a mother of three LOSES 200 kg in 14 days using ONE weird trick doctors HATE! Experts BAFFLED! a famous actor uses this SECRET daily! ORDER before April 5 — LIMITED SUPPLY!,1,en,FAKE,181,33
அதிசயம்: a local farmer ஒரே 21 நாளில் 12 கிலோ குறைத்தனர்! மருத்துவர்கள் வெறுக்கும் இந்த ஒரு இரகசிய உத்தி! a tech billionaire தினமும் இதை பயன்படுத்துகிறார்! இன்றே ஆர்டர் செய்யுங்கள்!,1,ta,FAKE,181,25
அதிர்ச்சி செய்தி: a major politician இரகசியமாக funds terror groups! அரசு chemtrails பற்றிய உண்மையை மறைக்கிறது! DELETE ஆவதற்கு முன் SHARE செய்யுங்கள்! ministry spokesperson இந்த அதிர்ச்சிகரமான உண்மையை உறுதிப்படுத்துகிறது!,1,ta,FAKE,220,25
India அரசு healthcare துறைக்கு ₹50 கோடி நிதி ஒதுக்கியது. cabinet மதிப்பாய்வு செய்த திட்டம் 2035-ல் eradicate poverty நோக்கமாக கொண்டுள்ளது. எதிர்க்கட்சிகள் கலவையான கருத்துக்களை தெரிவித்தன.,0,ta,REAL,187,21
"இரகசியம் வெளியாயிற்று: coconut oil 30 நாளில் COVID-19-ஐ குணப்படுத்துகிறது! பெரிய நிறுவனங்கள் இதை மறைக்கின்றன! 500,000 மருத்துவர்கள் இதை வெளியிட்டதால் நிறுத்தப்பட்டனர்! விழிப்புணர்வு பெறுங்கள்! New World Order உண்மையானது!",1,ta,FAKE,220,23
"Chennai-ல் Tuesday அன்று 2,300 புதிய COVID-19 வழக்குகள் பதிவாயின. சுகாதார அதிகாரிகள் நிலைமையை சமாளிக்க medical teams நிறுத்தினர். குடிமக்கள் wear masks என்று அறிவுறுத்தப்படுகின்றனர்.",0,ta,REAL,182,20
IIT Madras-இல் உள்ள ஆராய்ச்சியாளர்கள் Cell இதழில் ஆய்வு முடிவுகளை வெளியிட்டனர். 5 ஆண்டுகள் 500 பங்கேற்பாளர்களுடன் நடத்தப்பட்ட இந்த ஆய்வு doubled lifespan என்று கண்டறிந்தது. சகாக்கள் ஆய்வு முறையை பாராட்டினர்.,0,ta,REAL,207,24
"The IMF announced today that vaccine mandate will take effect from March 15. Officials confirmed the decision after 21 days of deliberation. The measure is expected to cut emissions, according to Reuters.",0,en,REAL,204,32
Germany அரசு education துறைக்கு ₹200 கோடி நிதி ஒதுக்கியது. cabinet மதிப்பாய்வு செய்த திட்டம் 2035-ல் achieve net-zero நோக்கமாக கொண்டுள்ளது. எதிர்க்கட்சிகள் கலவையான கருத்துக்களை தெரிவித்தன.,0,ta,REAL,188,21
"Stock markets rose on Tuesday as Google reported stellar quarterly earnings. Analysts at ICICI revised their 2035 forecast to 6.3%, citing strong demand.",0,en,REAL,153,23
"The IMF announced today that vaccine mandate will take effect from April 5. Officials confirmed the decision after 90 days of deliberation. The measure is expected to reduce inflation, according to senior official.",0,en,REAL,214,33
Reliance நிறுவனம் record காலாண்டு வருவாய் அறிவித்ததால் Tuesday அன்று சந்தை fell. Morgan Stanley பகுப்பாய்வாளர்கள் 2026 கணிப்பை 8.1% ஆக திருத்தினர்.,0,ta,REAL,147,18
அதிர்ச்சி செய்தி: a major politician இரகசியமாக meets foreign spy! அரசு 5G towers பற்றிய உண்மையை மறைக்கிறது! DELETE ஆவதற்கு முன் SHARE செய்யுங்கள்! AFP இந்த அதிர்ச்சிகரமான உண்மையை உறுதிப்படுத்துகிறது!,1,ta,FAKE,199,25
"RBI நிறுவனம் இன்று அறிவித்தது: vaccine mandate March 15 முதல் நடைமுறைக்கு வரும். 21 நாள் ஆலோசனைக்குப் பிறகு அதிகாரிகள் இந்த முடிவை உறுதிப்படுத்தினர். ministry spokesperson தெரிவிக்கும் வகையில், இந்த நடவடிக்கை reduce inflation என்று எதிர்பார்க்கப்படுகிறது.",0,ta,REAL,255,29
Tesla நிறுவனம் stellar காலாண்டு வருவாய் அறிவித்ததால் Friday அன்று சந்தை plunged. JPMorgan பகுப்பாய்வாளர்கள் 2025 கணிப்பை 8.1% ஆக திருத்தினர்.,0,ta,REAL,141,17
USA அரசு agriculture துறைக்கு ₹5 கோடி நிதி ஒதுக்கியது. parliament மதிப்பாய்வு செய்த திட்டம் 2025-ல் achieve net-zero நோக்கமாக கொண்டுள்ளது. எதிர்க்கட்சிகள் கலவையான கருத்துக்களை தெரிவித்தன.,0,ta,REAL,187,21
"Stanford-இல் உள்ள ஆராய்ச்சியாளர்கள் Science இதழில் ஆய்வு முடிவுகளை வெளியிட்டனர். 2 ஆண்டுகள் 5,000 பங்கேற்பாளர்களுடன் நடத்தப்பட்ட இந்த ஆய்வு reduced risk by 40% என்று கண்டறிந்தது. சகாக்கள் ஆய்வு முறையை பாராட்டினர்.",0,ta,REAL,213,25
"ISRO நிறுவனம் இன்று அறிவித்தது: vaccine mandate December 1 முதல் நடைமுறைக்கு வரும். 14 நாள் ஆலோசனைக்குப் பிறகு அதிகாரிகள் இந்த முடிவை உறுதிப்படுத்தினர். ministry spokesperson தெரிவிக்கும் வகையில், இந்த நடவடிக்கை boost employment என்று எதிர்பார்க்கப்படுகிறது.",0,ta,REAL,258,29
HDFC நிறுவனம் record காலாண்டு வருவாய் அறிவித்ததால் Thursday அன்று சந்தை surged. JPMorgan பகுப்பாய்வாளர்கள் 2035 கணிப்பை 6.3% ஆக திருத்தினர்.,0,ta,REAL,140,17
அதிர்ச்சி செய்தி: a major politician இரகசியமாக betrays nation! அரசு vaccines பற்றிய உண்மையை மறைக்கிறது! DELETE ஆவதற்கு முன் SHARE செய்யுங்கள்! ministry spokesperson இந்த அதிர்ச்சிகரமான உண்மையை உறுதிப்படுத்துகிறது!,1,ta,FAKE,213,24
"அம்பலம்: a senior minister கேமராவில் lying under oath பிடிக்கப்பட்டனர்! 500,000 லட்சம் மக்கள் நீதி கோருகின்றனர்! UK foreign agents காரணமாக நலிவடைகிறது! உடனே பகிருங்கள்!",1,ta,FAKE,168,21
MIRACLE: a retired teacher LOSES 200 kg in 90 days using ONE weird trick doctors HATE! Experts BAFFLED! a tech billionaire uses this SECRET daily! ORDER before January 1 — LIMITED SUPPLY!,1,en,FAKE,187,32
அம்பலம்: the opposition leader கேமராவில் lying under oath பிடிக்கப்பட்டனர்! 45 லட்சம் மக்கள் நீதி கோருகின்றனர்! France foreign agents காரணமாக நலிவடைகிறது! உடனே பகிருங்கள்!,1,ta,FAKE,171,21
USA அரசு agriculture துறைக்கு ₹200 கோடி நிதி ஒதுக்கியது. cabinet மதிப்பாய்வு செய்த திட்டம் 2035-ல் eradicate poverty நோக்கமாக கொண்டுள்ளது. எதிர்க்கட்சிகள் கலவையான கருத்துக்களை தெரிவித்தன.,0,ta,REAL,187,21
MIRACLE: a local farmer LOSES 200 kg in 14 days using ONE weird trick doctors HATE! Experts BAFFLED! a major politician uses this SECRET daily! ORDER before January 1 — LIMITED SUPPLY!,1,en,FAKE,184,32
இரகசியம் வெளியாயிற்று: lemon water 14 நாளில் influenza-ஐ குணப்படுத்துகிறது! பெரிய நிறுவனங்கள் இதை மறைக்கின்றன! 10 million மருத்துவர்கள் இதை வெளியிட்டதால் நிறுத்தப்பட்டனர்! விழிப்புணர்வு பெறுங்கள்! New World Order உண்மையானது!,1,ta,FAKE,224,24
TCS நிறுவனம் disappointing காலாண்டு வருவாய் அறிவித்ததால் Tuesday அன்று சந்தை dipped. ICICI பகுப்பாய்வாளர்கள் 2026 கணிப்பை 7.5% ஆக திருத்தினர்.,0,ta,REAL,142,17
"The UNESCO announced today that new trade agreement will take effect from June 30. Officials confirmed the decision after 14 days of deliberation. The measure is expected to boost employment, according to senior official.",0,en,REAL,221,34
Google நிறுவனம் mixed காலாண்டு வருவாய் அறிவித்ததால் Monday அன்று சந்தை dipped. JPMorgan பகுப்பாய்வாளர்கள் 2026 கணிப்பை 4.2% ஆக திருத்தினர்.,0,ta,REAL,139,17
அதிர்ச்சி செய்தி: a tech billionaire இரகசியமாக betrays nation! அரசு chemtrails பற்றிய உண்மையை மறைக்கிறது! DELETE ஆவதற்கு முன் SHARE செய்யுங்கள்! senior official இந்த அதிர்ச்சிகரமான உண்மையை உறுதிப்படுத்துகிறது!,1,ta,FAKE,209,24
LEAKED: secret memo REVEALS that government plans to microchip citizens by 2027! Insiders FLEE for their lives! 100% of population at RISK! They are COMING for your freedom of speech! RESIST now!,1,en,FAKE,195,32
அதிசயம்: a retired teacher ஒரே 21 நாளில் 200 கிலோ குறைத்தனர்! மருத்துவர்கள் வெறுக்கும் இந்த ஒரு இரகசிய உத்தி! a tech billionaire தினமும் இதை பயன்படுத்துகிறார்! இன்றே ஆர்டர் செய்யுங்கள்!,1,ta,FAKE,185,25
அதிசயம்: a retired teacher ஒரே 90 நாளில் 200 கிலோ குறைத்தனர்! மருத்துவர்கள் வெறுக்கும் இந்த ஒரு இரகசிய உத்தி! a tech billionaire தினமும் இதை பயன்படுத்துகிறார்! இன்றே ஆர்டர் செய்யுங்கள்!,1,ta,FAKE,185,25
Mumbai-ல் Wednesday அன்று 45 புதிய dengue வழக்குகள் பதிவாயின. சுகாதார அதிகாரிகள் நிலைமையை சமாளிக்க medical teams நிறுத்தினர். குடிமக்கள் get vaccinated என்று அறிவுறுத்தப்படுகின்றனர்.,0,ta,REAL,182,20
Tesla நிறுவனம் mixed காலாண்டு வருவாய் அறிவித்ததால் Tuesday அன்று சந்தை fell. ICICI பகுப்பாய்வாளர்கள் 2030 கணிப்பை 7.5% ஆக திருத்தினர்.,0,ta,REAL,134,17
"The India government approved a $2,500 billion budget for education. The plan, reviewed by expert panel, aims to achieve net-zero by 2030. Opposition parties offered mixed responses.",0,en,REAL,182,27
"Stock markets surged on Tuesday as HDFC reported disappointing quarterly earnings. Analysts at Goldman Sachs revised their 2026 forecast to 9.0%, citing innovation.",0,en,REAL,164,23
USA அரசு education துறைக்கு ₹5 கோடி நிதி ஒதுக்கியது. expert panel மதிப்பாய்வு செய்த திட்டம் 2027-ல் eradicate poverty நோக்கமாக கொண்டுள்ளது. எதிர்க்கட்சிகள் கலவையான கருத்துக்களை தெரிவித்தன.,0,ta,REAL,188,22
"Stock markets plunged on Tuesday as Google reported mixed quarterly earnings. Analysts at Citi revised their 2030 forecast to 7.5%, citing strong demand.",0,en,REAL,153,23
EXCLUSIVE: Scientists DISCOVER that garlic CURES COVID-19 in just 60 days! Big Pharma DOESN'T want you to know! 10 million doctors SILENCED for revealing this! WAKE UP! The deep state plot is REAL!,1,en,FAKE,197,33
அதிசயம்: a retired teacher ஒரே 14 நாளில் 12 கிலோ குறைத்தனர்! மருத்துவர்கள் வெறுக்கும் இந்த ஒரு இரகசிய உத்தி! a famous actor தினமும் இதை பயன்படுத்துகிறார்! இன்றே ஆர்டர் செய்யுங்கள்!,1,ta,FAKE,180,25
இரகசியம் வெளியாயிற்று: neem 21 நாளில் cholera-ஐ குணப்படுத்துகிறது! பெரிய நிறுவனங்கள் இதை மறைக்கின்றன! 100 மருத்துவர்கள் இதை வெளியிட்டதால் நிறுத்தப்பட்டனர்! விழிப்புணர்வு பெறுங்கள்! Big Pharma cover-up உண்மையானது!,1,ta,FAKE,212,22
அதிசயம்: a local farmer ஒரே 60 நாளில் 5 கிலோ குறைத்தனர்! மருத்துவர்கள் வெறுக்கும் இந்த ஒரு இரகசிய உத்தி! a famous actor தினமும் இதை பயன்படுத்துகிறார்! இன்றே ஆர்டர் செய்யுங்கள்!,1,ta,FAKE,176,25
"Chennai-ல் Tuesday அன்று 2,300 புதிய malaria வழக்குகள் பதிவாயின. சுகாதார அதிகாரிகள் நிலைமையை சமாளிக்க testing kits நிறுத்தினர். குடிமக்கள் get vaccinated என்று அறிவுறுத்தப்படுகின்றனர்.",0,ta,REAL,184,20
Google நிறுவனம் stellar காலாண்டு வருவாய் அறிவித்ததால் Tuesday அன்று சந்தை plunged. ICICI பகுப்பாய்வாளர்கள் 2027 கணிப்பை 4.2% ஆக திருத்தினர்.,0,ta,REAL,140,17
Kolkata reported 100 new cases of malaria on Monday. Health authorities have deployed mobile units to manage the situation. Officials urge residents to wear masks.,0,en,REAL,163,25
"The USA government approved a $5 billion budget for infrastructure. The plan, reviewed by finance ministry, aims to eradicate poverty by 2030. Opposition parties offered mixed responses.",0,en,REAL,186,27
TCS நிறுவனம் stellar காலாண்டு வருவாய் அறிவித்ததால் Friday அன்று சந்தை rose. JPMorgan பகுப்பாய்வாளர்கள் 2035 கணிப்பை 7.5% ஆக திருத்தினர்.,0,ta,REAL,136,17
"அம்பலம்: a governor கேமராவில் hiding documents பிடிக்கப்பட்டனர்! 500,000 லட்சம் மக்கள் நீதி கோருகின்றனர்! India globalists காரணமாக நலிவடைகிறது! உடனே பகிருங்கள்!",1,ta,FAKE,160,18
"Researchers at BITS Pilani published findings in Lancet showing that improved accuracy. The study, conducted over 2 years with 5,000 participants, concludes that early screening saves lives. Peer reviewers praised the methodology.",0,en,REAL,230,32
BREAKING: a major politician SECRETLY meets foreign spy! Government HIDING the TRUTH about climate! SHARE before they DELETE this! Reuters confirms SHOCKING revelation that mainstream media REFUSES to cover. This changes EVERYTHING!,1,en,FAKE,232,32
BREAKING: a famous actor SECRETLY betrays nation! Government HIDING the TRUTH about climate! SHARE before they DELETE this! Reuters confirms SHOCKING revelation that mainstream media REFUSES to cover. This changes EVERYTHING!,1,en,FAKE,225,31
இரகசியம் வெளியாயிற்று: turmeric 30 நாளில் malaria-ஐ குணப்படுத்துகிறது! பெரிய நிறுவனங்கள் இதை மறைக்கின்றன! 100 மருத்துவர்கள் இதை வெளியிட்டதால் நிறுத்தப்பட்டனர்! விழிப்புணர்வு பெறுங்கள்! Big Pharma cover-up உண்மையானது!,1,ta,FAKE,216,22
LEAKED: leaked email REVEALS that government plans to microchip citizens by 2027! Insiders FLEE for their lives! 45% of population at RISK! They are COMING for your gun rights! RESIST now!,1,en,FAKE,188,31
"The IMF announced today that climate policy will take effect from March 15. Officials confirmed the decision after 90 days of deliberation. The measure is expected to improve healthcare, according to Reuters.",0,en,REAL,208,32
MIRACLE: a mother of three LOSES 12 kg in 90 days using ONE weird trick doctors HATE! Experts BAFFLED! a major politician uses this SECRET daily! ORDER before March 15 — LIMITED SUPPLY!,1,en,FAKE,185,33
"Researchers at NUS published findings in Lancet showing that improved accuracy. The study, conducted over 10 years with 1,200 participants, concludes that lifestyle changes matter. Peer reviewers praised the methodology.",0,en,REAL,220,30
"Hyderabad-ல் Friday அன்று 2,300 புதிய COVID-19 வழக்குகள் பதிவாயின. சுகாதார அதிகாரிகள் நிலைமையை சமாளிக்க vaccines நிறுத்தினர். குடிமக்கள் avoid crowding என்று அறிவுறுத்தப்படுகின்றனர்.",0,ta,REAL,182,19
"அம்பலம்: the opposition leader கேமராவில் lying under oath பிடிக்கப்பட்டனர்! 500,000 லட்சம் மக்கள் நீதி கோருகின்றனர்! Japan globalists காரணமாக நலிவடைகிறது! உடனே பகிருங்கள்!",1,ta,FAKE,171,20
"WHO நிறுவனம் இன்று அறிவித்தது: new trade agreement June 30 முதல் நடைமுறைக்கு வரும். 7 நாள் ஆலோசனைக்குப் பிறகு அதிகாரிகள் இந்த முடிவை உறுதிப்படுத்தினர். Reuters தெரிவிக்கும் வகையில், இந்த நடவடிக்கை boost employment என்று எதிர்பார்க்கப்படுகிறது.",0,ta,REAL,243,29
Kolkata reported 12 new cases of dengue on Tuesday. Health authorities have deployed medical teams to manage the situation. Officials urge residents to stay home.,0,en,REAL,162,25
Mumbai reported 45 new cases of cholera on Wednesday. Health authorities have deployed vaccines to manage the situation. Officials urge residents to stay home.,0,en,REAL,159,24
Kolkata reported 12 new cases of influenza on Tuesday. Health authorities have deployed medical teams to manage the situation. Officials urge residents to stay home.,0,en,REAL,165,25
USA அரசு infrastructure துறைக்கு ₹50 கோடி நிதி ஒதுக்கியது. expert panel மதிப்பாய்வு செய்த திட்டம் 2035-ல் achieve net-zero நோக்கமாக கொண்டுள்ளது. எதிர்க்கட்சிகள் கலவையான கருத்துக்களை தெரிவித்தன.,0,ta,REAL,193,22
அதிசயம்: a retired teacher ஒரே 14 நாளில் 50 கிலோ குறைத்தனர்! மருத்துவர்கள் வெறுக்கும் இந்த ஒரு இரகசிய உத்தி! a major politician தினமும் இதை பயன்படுத்துகிறார்! இன்றே ஆர்டர் செய்யுங்கள்!,1,ta,FAKE,184,25
"France அரசு healthcare துறைக்கு ₹1,000 கோடி நிதி ஒதுக்கியது. parliament மதிப்பாய்வு செய்த திட்டம் 2025-ல் eradicate poverty நோக்கமாக கொண்டுள்ளது. எதிர்க்கட்சிகள் கலவையான கருத்துக்களை தெரிவித்தன.",0,ta,REAL,194,21
"ALERT: a governor caught lying under oath on camera — VIDEO PROOF! Deep state PANICKING! Over 2,300 million patriots DEMAND justice! USA is FALLING because of elites! RT if you AGREE! Share EVERYWHERE!",1,en,FAKE,201,33
"Researchers at BITS Pilani published findings in Lancet showing that reduced risk by 40%. The study, conducted over 10 years with 10,000 participants, concludes that diet is key. Peer reviewers praised the methodology.",0,en,REAL,218,33
MIRACLE: a retired teacher LOSES 50 kg in 90 days using ONE weird trick doctors HATE! Experts BAFFLED! a tech billionaire uses this SECRET daily! ORDER before March 15 — LIMITED SUPPLY!,1,en,FAKE,185,32
ALERT: the opposition leader caught lying under oath on camera — VIDEO PROOF! Deep state PANICKING! Over 10 million million patriots DEMAND justice! UK is FALLING because of elites! RT if you AGREE! Share EVERYWHERE!,1,en,FAKE,216,35
"UNESCO நிறுவனம் இன்று அறிவித்தது: vaccine mandate March 15 முதல் நடைமுறைக்கு வரும். 7 நாள் ஆலோசனைக்குப் பிறகு அதிகாரிகள் இந்த முடிவை உறுதிப்படுத்தினர். AFP தெரிவிக்கும் வகையில், இந்த நடவடிக்கை boost employment என்று எதிர்பார்க்கப்படுகிறது.",0,ta,REAL,239,28
அதிசயம்: a local farmer ஒரே 60 நாளில் 5 கிலோ குறைத்தனர்! மருத்துவர்கள் வெறுக்கும் இந்த ஒரு இரகசிய உத்தி! a major politician தினமும் இதை பயன்படுத்துகிறார்! இன்றே ஆர்டர் செய்யுங்கள்!,1,ta,FAKE,180,25
EXCLUSIVE: Scientists DISCOVER that garlic CURES malaria in just 60 days! Big Pharma DOESN'T want you to know! 12 doctors SILENCED for revealing this! WAKE UP! The deep state plot is REAL!,1,en,FAKE,188,32
"RBI நிறுவனம் இன்று அறிவித்தது: new trade agreement December 1 முதல் நடைமுறைக்கு வரும். 30 நாள் ஆலோசனைக்குப் பிறகு அதிகாரிகள் இந்த முடிவை உறுதிப்படுத்தினர். Reuters தெரிவிக்கும் வகையில், இந்த நடவடிக்கை boost employment என்று எதிர்பார்க்கப்படுகிறது.",0,ta,REAL,247,29
Bengaluru-ல் Tuesday அன்று 100 புதிய malaria வழக்குகள் பதிவாயின. சுகாதார அதிகாரிகள் நிலைமையை சமாளிக்க testing kits நிறுத்தினர். குடிமக்கள் wear masks என்று அறிவுறுத்தப்படுகின்றனர்.,0,ta,REAL,180,20
"UN நிறுவனம் இன்று அறிவித்தது: vaccine mandate June 30 முதல் நடைமுறைக்கு வரும். 7 நாள் ஆலோசனைக்குப் பிறகு அதிகாரிகள் இந்த முடிவை உறுதிப்படுத்தினர். AFP தெரிவிக்கும் வகையில், இந்த நடவடிக்கை reduce inflation என்று எதிர்பார்க்கப்படுகிறது.",0,ta,REAL,234,28
கசிந்த ஆவணம்: deep state 2025-ல் control food supply திட்டமிடுகிறது! உள்நாட்டு தகவலாளர்கள் உயிருக்கு பயந்து ஓடுகின்றனர்! மக்களுக்கு gun rights ஆபத்தில் உள்ளது! SHARE செய்யுங்கள்!,1,ta,FAKE,178,21
"அதிசயம்: a mother of three ஒரே 7 நாளில் 1,000 கிலோ குறைத்தனர்! மருத்துவர்கள் வெறுக்கும் இந்த ஒரு இரகசிய உத்தி! a famous actor தினமும் இதை பயன்படுத்துகிறார்! இன்றே ஆர்டர் செய்யுங்கள்!",1,ta,FAKE,182,26
"Stock markets surged on Wednesday as TCS reported disappointing quarterly earnings. Analysts at Goldman Sachs revised their 2026 forecast to 7.5%, citing cost pressures.",0,en,REAL,169,24
"NUS-இல் உள்ள ஆராய்ச்சியாளர்கள் Lancet இதழில் ஆய்வு முடிவுகளை வெளியிட்டனர். 2 ஆண்டுகள் 5,000 பங்கேற்பாளர்களுடன் நடத்தப்பட்ட இந்த ஆய்வு cut costs by 30% என்று கண்டறிந்தது. சகாக்கள் ஆய்வு முறையை பாராட்டினர்.",0,ta,REAL,204,25
"EXCLUSIVE: Scientists DISCOVER that neem CURES COVID-19 in just 90 days! Big Pharma DOESN'T want you to know! 2,300 doctors SILENCED for revealing this! WAKE UP! The Big Pharma cover-up is REAL!",1,en,FAKE,194,32
"அம்பலம்: a senior minister கேமராவில் hiding documents பிடிக்கப்பட்டனர்! 2,300 லட்சம் மக்கள் நீதி கோருகின்றனர்! UK immigrants காரணமாக நலிவடைகிறது! உடனே பகிருங்கள்!",1,ta,FAKE,162,19
EXCLUSIVE: Scientists DISCOVER that lemon water CURES dengue in just 60 days! Big Pharma DOESN'T want you to know! 45 doctors SILENCED for revealing this! WAKE UP! The New World Order is REAL!,1,en,FAKE,192,33
"Researchers at BITS Pilani published findings in Nature showing that cut costs by 30%. The study, conducted over 3 years with 1,200 participants, concludes that early screening saves lives. Peer reviewers praised the methodology.",0,en,REAL,229,34
"Hyderabad reported 500,000 new cases of influenza on Tuesday. Health authorities have deployed medical teams to manage the situation. Officials urge residents to get vaccinated.",0,en,REAL,177,25
"The France government approved a $200 billion budget for agriculture. The plan, reviewed by expert panel, aims to boost GDP by 7% by 2030. Opposition parties offered mixed responses.",0,en,REAL,182,29
"அதிசயம்: a local farmer ஒரே 21 நாளில் 1,000 கிலோ குறைத்தனர்! மருத்துவர்கள் வெறுக்கும் இந்த ஒரு இரகசிய உத்தி! a major politician தினமும் இதை பயன்படுத்துகிறார்! இன்றே ஆர்டர் செய்யுங்கள்!",1,ta,FAKE,184,25
"IMF நிறுவனம் இன்று அறிவித்தது: climate policy January 1 முதல் நடைமுறைக்கு வரும். 7 நாள் ஆலோசனைக்குப் பிறகு அதிகாரிகள் இந்த முடிவை உறுதிப்படுத்தினர். senior official தெரிவிக்கும் வகையில், இந்த நடவடிக்கை reduce inflation என்று எதிர்பார்க்கப்படுகிறது.",0,ta,REAL,248,29
"Stock markets rose on Wednesday as Tesla reported strong quarterly earnings. Analysts at Goldman Sachs revised their 2030 forecast to 6.3%, citing supply chain issues.",0,en,REAL,167,25
EXCLUSIVE: Scientists DISCOVER that neem CURES COVID-19 in just 60 days! Big Pharma DOESN'T want you to know! 100 doctors SILENCED for revealing this! WAKE UP! The deep state plot is REAL!,1,en,FAKE,188,32
"LEAKED: secret memo REVEALS that UN plans to censor internet by 2035! Insiders FLEE for their lives! 2,300% of population at RISK! They are COMING for your freedom of speech! RESIST now!",1,en,FAKE,186,32
"Japan அரசு healthcare துறைக்கு ₹1,000 கோடி நிதி ஒதுக்கியது. cabinet மதிப்பாய்வு செய்த திட்டம் 2025-ல் achieve net-zero நோக்கமாக கொண்டுள்ளது. எதிர்க்கட்சிகள் கலவையான கருத்துக்களை தெரிவித்தன.",0,ta,REAL,189,21
கசிந்த ஆவணம்: WEF 2026-ல் microchip citizens திட்டமிடுகிறது! உள்நாட்டு தகவலாளர்கள் உயிருக்கு பயந்து ஓடுகின்றனர்! மக்களுக்கு property ஆபத்தில் உள்ளது! SHARE செய்யுங்கள்!,1,ta,FAKE,168,18
இரகசியம் வெளியாயிற்று: garlic 7 நாளில் influenza-ஐ குணப்படுத்துகிறது! பெரிய நிறுவனங்கள் இதை மறைக்கின்றன! 12 மருத்துவர்கள் இதை வெளியிட்டதால் நிறுத்தப்பட்டனர்! விழிப்புணர்வு பெறுங்கள்! deep state plot உண்மையானது!,1,ta,FAKE,210,22
"The India government approved a $2,500 billion budget for infrastructure. The plan, reviewed by expert panel, aims to boost GDP by 7% by 2027. Opposition parties offered mixed responses.",0,en,REAL,186,29
அதிர்ச்சி செய்தி: a tech billionaire இரகசியமாக meets foreign spy! அரசு chemtrails பற்றிய உண்மையை மறைக்கிறது! DELETE ஆவதற்கு முன் SHARE செய்யுங்கள்! ministry spokesperson இந்த அதிர்ச்சிகரமான உண்மையை உறுதிப்படுத்துகிறது!,1,ta,FAKE,218,25
LEAKED: secret memo REVEALS that WHO plans to censor internet by 2025! Insiders FLEE for their lives! 12% of population at RISK! They are COMING for your freedom of speech! RESIST now!,1,en,FAKE,184,32
கசிந்த ஆவணம்: government 2027-ல் censor internet திட்டமிடுகிறது! உள்நாட்டு தகவலாளர்கள் உயிருக்கு பயந்து ஓடுகின்றனர்! மக்களுக்கு privacy ஆபத்தில் உள்ளது! SHARE செய்யுங்கள்!,1,ta,FAKE,171,18
அம்பலம்: the opposition leader கேமராவில் lying under oath பிடிக்கப்பட்டனர்! 45 லட்சம் மக்கள் நீதி கோருகின்றனர்! India elites காரணமாக நலிவடைகிறது! உடனே பகிருங்கள்!,1,ta,FAKE,162,20
"Chennai-ல் Monday அன்று 2,300 புதிய cholera வழக்குகள் பதிவாயின. சுகாதார அதிகாரிகள் நிலைமையை சமாளிக்க medical teams நிறுத்தினர். குடிமக்கள் wear masks என்று அறிவுறுத்தப்படுகின்றனர்.",0,ta,REAL,180,20
அம்பலம்: a senior minister கேமராவில் hiding documents பிடிக்கப்பட்டனர்! 10 million லட்சம் மக்கள் நீதி கோருகின்றனர்! UK elites காரணமாக நலிவடைகிறது! உடனே பகிருங்கள்!,1,ta,FAKE,163,20
"இரகசியம் வெளியாயிற்று: coconut oil 7 நாளில் influenza-ஐ குணப்படுத்துகிறது! பெரிய நிறுவனங்கள் இதை மறைக்கின்றன! 2,300 மருத்துவர்கள் இதை வெளியிட்டதால் நிறுத்தப்பட்டனர்! விழிப்புணர்வு பெறுங்கள்! deep state plot உண்மையானது!",1,ta,FAKE,218,23
அதிசயம்: a local farmer ஒரே 60 நாளில் 200 கிலோ குறைத்தனர்! மருத்துவர்கள் வெறுக்கும் இந்த ஒரு இரகசிய உத்தி! a major politician தினமும் இதை பயன்படுத்துகிறார்! இன்றே ஆர்டர் செய்யுங்கள்!,1,ta,FAKE,182,25
"The Japan government approved a $5 billion budget for infrastructure. The plan, reviewed by expert panel, aims to boost GDP by 7% by 2026. Opposition parties offered mixed responses.",0,en,REAL,182,29
அதிசயம்: a mother of three ஒரே 7 நாளில் 200 கிலோ குறைத்தனர்! மருத்துவர்கள் வெறுக்கும் இந்த ஒரு இரகசிய உத்தி! a famous actor தினமும் இதை பயன்படுத்துகிறார்! இன்றே ஆர்டர் செய்யுங்கள்!,1,ta,FAKE,180,26
"The France government approved a $5 billion budget for healthcare. The plan, reviewed by finance ministry, aims to eradicate poverty by 2025. Opposition parties offered mixed responses.",0,en,REAL,185,27
EXCLUSIVE: Scientists DISCOVER that garlic CURES dengue in just 7 days! Big Pharma DOESN'T want you to know! 100 doctors SILENCED for revealing this! WAKE UP! The Big Pharma cover-up is REAL!,1,en,FAKE,191,32
Mumbai-ல் Wednesday அன்று 10 million புதிய malaria வழக்குகள் பதிவாயின. சுகாதார அதிகாரிகள் நிலைமையை சமாளிக்க mobile units நிறுத்தினர். குடிமக்கள் get vaccinated என்று அறிவுறுத்தப்படுகின்றனர்.,0,ta,REAL,190,21
"Stock markets rallied on Monday as Infosys reported mixed quarterly earnings. Analysts at ICICI revised their 2027 forecast to 6.3%, citing innovation.",0,en,REAL,151,22
"The USA government approved a $5 billion budget for healthcare. The plan, reviewed by finance ministry, aims to eradicate poverty by 2026. Opposition parties offered mixed responses.",0,en,REAL,182,27
LEAKED: classified file REVEALS that UN plans to microchip citizens by 2025! Insiders FLEE for their lives! 10 million% of population at RISK! They are COMING for your gun rights! RESIST now!,1,en,FAKE,191,32
"அதிசயம்: a local farmer ஒரே 90 நாளில் 1,000 கிலோ குறைத்தனர்! மருத்துவர்கள் வெறுக்கும் இந்த ஒரு இரகசிய உத்தி! a famous actor தினமும் இதை பயன்படுத்துகிறார்! இன்றே ஆர்டர் செய்யுங்கள்!",1,ta,FAKE,180,25
"The NASA announced today that tax reform will take effect from June 30. Officials confirmed the decision after 21 days of deliberation. The measure is expected to cut emissions, according to Reuters.",0,en,REAL,199,32
அதிசயம்: a mother of three ஒரே 60 நாளில் 12 கிலோ குறைத்தனர்! மருத்துவர்கள் வெறுக்கும் இந்த ஒரு இரகசிய உத்தி! a famous actor தினமும் இதை பயன்படுத்துகிறார்! இன்றே ஆர்டர் செய்யுங்கள்!,1,ta,FAKE,180,26
"அம்பலம்: a governor கேமராவில் hiding documents பிடிக்கப்பட்டனர்! 2,300 லட்சம் மக்கள் நீதி கோருகின்றனர்! UK globalists காரணமாக நலிவடைகிறது! உடனே பகிருங்கள்!",1,ta,FAKE,155,18
Mumbai reported 10 million new cases of cholera on Tuesday. Health authorities have deployed vaccines to manage the situation. Officials urge residents to wear masks.,0,en,REAL,166,25
Mumbai reported 10 million new cases of cholera on Tuesday. Health authorities have deployed mobile units to manage the situation. Officials urge residents to wear masks.,0,en,REAL,170,26
Chennai-ல் Friday அன்று 100 புதிய influenza வழக்குகள் பதிவாயின. சுகாதார அதிகாரிகள் நிலைமையை சமாளிக்க medical teams நிறுத்தினர். குடிமக்கள் avoid crowding என்று அறிவுறுத்தப்படுகின்றனர்.,0,ta,REAL,184,20
"BITS Pilani-இல் உள்ள ஆராய்ச்சியாளர்கள் Lancet இதழில் ஆய்வு முடிவுகளை வெளியிட்டனர். 5 ஆண்டுகள் 1,200 பங்கேற்பாளர்களுடன் நடத்தப்பட்ட இந்த ஆய்வு reduced risk by 40% என்று கண்டறிந்தது. சகாக்கள் ஆய்வு முறையை பாராட்டினர்.",0,ta,REAL,215,26
"Stock markets dipped on Monday as HDFC reported record quarterly earnings. Analysts at Citi revised their 2030 forecast to 4.2%, citing cost pressures.",0,en,REAL,151,23
Mumbai reported 12 new cases of dengue on Monday. Health authorities have deployed mobile units to manage the situation. Officials urge residents to stay home.,0,en,REAL,159,25
"The WHO announced today that climate policy will take effect from January 1. Officials confirmed the decision after 90 days of deliberation. The measure is expected to reduce inflation, according to PTI.",0,en,REAL,203,32
Delhi-ல் Friday அன்று 100 புதிய cholera வழக்குகள் பதிவாயின. சுகாதார அதிகாரிகள் நிலைமையை சமாளிக்க vaccines நிறுத்தினர். குடிமக்கள் wear masks என்று அறிவுறுத்தப்படுகின்றனர்.,0,ta,REAL,171,19
Kolkata reported 100 new cases of malaria on Monday. Health authorities have deployed vaccines to manage the situation. Officials urge residents to get vaccinated.,0,en,REAL,163,24
Mumbai reported 12 new cases of influenza on Monday. Health authorities have deployed vaccines to manage the situation. Officials urge residents to stay home.,0,en,REAL,158,24
"MIRACLE: a local farmer LOSES 2,500 kg in 60 days using ONE weird trick doctors HATE! Experts BAFFLED! a tech billionaire uses this SECRET daily! ORDER before June 30 — LIMITED SUPPLY!",1,en,FAKE,184,32
"Stock markets surged on Tuesday as Tesla reported mixed quarterly earnings. Analysts at Morgan Stanley revised their 2030 forecast to 9.0%, citing supply chain issues.",0,en,REAL,167,25
Chennai-ல் Wednesday அன்று 12 புதிய COVID-19 வழக்குகள் பதிவாயின. சுகாதார அதிகாரிகள் நிலைமையை சமாளிக்க mobile units நிறுத்தினர். குடிமக்கள் avoid crowding என்று அறிவுறுத்தப்படுகின்றனர்.,0,ta,REAL,184,20
MIRACLE: a mother of three LOSES 50 kg in 60 days using ONE weird trick doctors HATE! Experts BAFFLED! a major politician uses this SECRET daily! ORDER before June 30 — LIMITED SUPPLY!,1,en,FAKE,184,33
ALERT: the opposition leader caught lying under oath on camera — VIDEO PROOF! Deep state PANICKING! Over 45 million patriots DEMAND justice! France is FALLING because of immigrants! RT if you AGREE! Share EVERYWHERE!,1,en,FAKE,216,34
அதிசயம்: a retired teacher ஒரே 14 நாளில் 5 கிலோ குறைத்தனர்! மருத்துவர்கள் வெறுக்கும் இந்த ஒரு இரகசிய உத்தி! a major politician தினமும் இதை பயன்படுத்துகிறார்! இன்றே ஆர்டர் செய்யுங்கள்!,1,ta,FAKE,183,25
EXCLUSIVE: Scientists DISCOVER that garlic CURES dengue in just 60 days! Big Pharma DOESN'T want you to know! 45 doctors SILENCED for revealing this! WAKE UP! The New World Order is REAL!,1,en,FAKE,187,32
"The SEBI announced today that tax reform will take effect from March 15. Officials confirmed the decision after 14 days of deliberation. The measure is expected to boost employment, according to ministry spokesperson.",0,en,REAL,217,33
BREAKING: a famous actor SECRETLY betrays nation! Government HIDING the TRUTH about vaccines! SHARE before they DELETE this! senior official confirms SHOCKING revelation that mainstream media REFUSES to cover. This changes EVERYTHING!,1,en,FAKE,234,32
Stanford-இல் உள்ள ஆராய்ச்சியாளர்கள் NEJM இதழில் ஆய்வு முடிவுகளை வெளியிட்டனர். 2 ஆண்டுகள் 500 பங்கேற்பாளர்களுடன் நடத்தப்பட்ட இந்த ஆய்வு doubled lifespan என்று கண்டறிந்தது. சகாக்கள் ஆய்வு முறையை பாராட்டினர்.,0,ta,REAL,205,23
அதிர்ச்சி செய்தி: a famous actor இரகசியமாக betrays nation! அரசு vaccines பற்றிய உண்மையை மறைக்கிறது! DELETE ஆவதற்கு முன் SHARE செய்யுங்கள்! ministry spokesperson இந்த அதிர்ச்சிகரமான உண்மையை உறுதிப்படுத்துகிறது!,1,ta,FAKE,209,24
Google நிறுவனம் stellar காலாண்டு வருவாய் அறிவித்ததால் Wednesday அன்று சந்தை surged. JPMorgan பகுப்பாய்வாளர்கள் 2030 கணிப்பை 4.2% ஆக திருத்தினர்.,0,ta,REAL,144,17
"LEAKED: classified file REVEALS that deep state plans to control food supply by 2025! Insiders FLEE for their lives! 2,300% of population at RISK! They are COMING for your freedom of speech! RESIST now!",1,en,FAKE,202,34
"Stock markets fell on Tuesday as Apple reported record quarterly earnings. Analysts at Citi revised their 2026 forecast to 9.0%, citing cost pressures.",0,en,REAL,151,23
Hyderabad reported 12 new cases of malaria on Thursday. Health authorities have deployed medical teams to manage the situation. Officials urge residents to avoid crowding.,0,en,REAL,171,25
EXCLUSIVE: Scientists DISCOVER that garlic CURES cholera in just 30 days! Big Pharma DOESN'T want you to know! 100 doctors SILENCED for revealing this! WAKE UP! The Big Pharma cover-up is REAL!,1,en,FAKE,193,32
அம்பலம்: the opposition leader கேமராவில் hiding documents பிடிக்கப்பட்டனர்! 10 million லட்சம் மக்கள் நீதி கோருகின்றனர்! Germany elites காரணமாக நலிவடைகிறது! உடனே பகிருங்கள்!,1,ta,FAKE,172,20
Hyderabad-ல் Thursday அன்று 10 million புதிய influenza வழக்குகள் பதிவாயின. சுகாதார அதிகாரிகள் நிலைமையை சமாளிக்க vaccines நிறுத்தினர். குடிமக்கள் wear masks என்று அறிவுறுத்தப்படுகின்றனர்.,0,ta,REAL,186,20
"Japan அரசு infrastructure துறைக்கு ₹2,500 கோடி நிதி ஒதுக்கியது. expert panel மதிப்பாய்வு செய்த திட்டம் 2026-ல் achieve net-zero நோக்கமாக கொண்டுள்ளது. எதிர்க்கட்சிகள் கலவையான கருத்துக்களை தெரிவித்தன.",0,ta,REAL,198,22
Kolkata-ல் Monday அன்று 12 புதிய influenza வழக்குகள் பதிவாயின. சுகாதார அதிகாரிகள் நிலைமையை சமாளிக்க medical teams நிறுத்தினர். குடிமக்கள் avoid crowding என்று அறிவுறுத்தப்படுகின்றனர்.,0,ta,REAL,183,20
"இரகசியம் வெளியாயிற்று: turmeric 90 நாளில் dengue-ஐ குணப்படுத்துகிறது! பெரிய நிறுவனங்கள் இதை மறைக்கின்றன! 500,000 மருத்துவர்கள் இதை வெளியிட்டதால் நிறுத்தப்பட்டனர்! விழிப்புணர்வு பெறுங்கள்! New World Order உண்மையானது!",1,ta,FAKE,215,22
ALERT: a senior minister caught hiding documents on camera — VIDEO PROOF! Deep state PANICKING! Over 10 million million patriots DEMAND justice! France is FALLING because of elites! RT if you AGREE! Share EVERYWHERE!,1,en,FAKE,216,34
"The France government approved a $5 billion budget for infrastructure. The plan, reviewed by finance ministry, aims to boost GDP by 7% by 2027. Opposition parties offered mixed responses.",0,en,REAL,187,29
"Stock markets plunged on Thursday as Reliance reported record quarterly earnings. Analysts at ICICI revised their 2035 forecast to 6.3%, citing innovation.",0,en,REAL,155,22
Mumbai reported 45 new cases of dengue on Tuesday. Health authorities have deployed mobile units to manage the situation. Officials urge residents to wear masks.,0,en,REAL,161,25
EXCLUSIVE: Scientists DISCOVER that garlic CURES malaria in just 90 days! Big Pharma DOESN'T want you to know! 100 doctors SILENCED for revealing this! WAKE UP! The deep state plot is REAL!,1,en,FAKE,189,32
கசிந்த ஆவணம்: UN 2030-ல் microchip citizens திட்டமிடுகிறது! உள்நாட்டு தகவலாளர்கள் உயிருக்கு பயந்து ஓடுகின்றனர்! மக்களுக்கு freedom of speech ஆபத்தில் உள்ளது! SHARE செய்யுங்கள்!,1,ta,FAKE,176,20
TCS நிறுவனம் mixed காலாண்டு வருவாய் அறிவித்ததால் Wednesday அன்று சந்தை surged. Morgan Stanley பகுப்பாய்வாளர்கள் 2030 கணிப்பை 7.5% ஆக திருத்தினர்.,0,ta,REAL,145,18
BREAKING: a major politician SECRETLY betrays nation! Government HIDING the TRUTH about 5G towers! SHARE before they DELETE this! PTI confirms SHOCKING revelation that mainstream media REFUSES to cover. This changes EVERYTHING!,1,en,FAKE,227,32
Reliance நிறுவனம் record காலாண்டு வருவாய் அறிவித்ததால் Monday அன்று சந்தை plunged. Citi பகுப்பாய்வாளர்கள் 2027 கணிப்பை 7.5% ஆக திருத்தினர்.,0,ta,REAL,139,17
"இரகசியம் வெளியாயிற்று: neem 30 நாளில் dengue-ஐ குணப்படுத்துகிறது! பெரிய நிறுவனங்கள் இதை மறைக்கின்றன! 2,300 மருத்துவர்கள் இதை வெளியிட்டதால் நிறுத்தப்பட்டனர்! விழிப்புணர்வு பெறுங்கள்! New World Order உண்மையானது!",1,ta,FAKE,209,22
"Researchers at MIT published findings in Cell showing that doubled lifespan. The study, conducted over 5 years with 10,000 participants, concludes that diet is key. Peer reviewers praised the methodology.",0,en,REAL,204,30
"இரகசியம் வெளியாயிற்று: neem 30 நாளில் malaria-ஐ குணப்படுத்துகிறது! பெரிய நிறுவனங்கள் இதை மறைக்கின்றன! 2,300 மருத்துவர்கள் இதை வெளியிட்டதால் நிறுத்தப்பட்டனர்! விழிப்புணர்வு பெறுங்கள்! deep state plot உண்மையானது!",1,ta,FAKE,210,22
கசிந்த ஆவணம்: WEF 2030-ல் censor internet திட்டமிடுகிறது! உள்நாட்டு தகவலாளர்கள் உயிருக்கு பயந்து ஓடுகின்றனர்! மக்களுக்கு privacy ஆபத்தில் உள்ளது! SHARE செய்யுங்கள்!,1,ta,FAKE,164,18
"EXCLUSIVE: Scientists DISCOVER that garlic CURES dengue in just 60 days! Big Pharma DOESN'T want you to know! 500,000 doctors SILENCED for revealing this! WAKE UP! The Big Pharma cover-up is REAL!",1,en,FAKE,196,32
Bengaluru reported 100 new cases of cholera on Monday. Health authorities have deployed medical teams to manage the situation. Officials urge residents to avoid crowding.,0,en,REAL,170,25
கசிந்த ஆவணம்: deep state 2035-ல் censor internet திட்டமிடுகிறது! உள்நாட்டு தகவலாளர்கள் உயிருக்கு பயந்து ஓடுகின்றனர்! மக்களுக்கு privacy ஆபத்தில் உள்ளது! SHARE செய்யுங்கள்!,1,ta,FAKE,171,19
"The RBI announced today that climate policy will take effect from January 1. Officials confirmed the decision after 7 days of deliberation. The measure is expected to improve healthcare, according to ministry spokesperson.",0,en,REAL,222,33
அதிர்ச்சி செய்தி: a major politician இரகசியமாக funds terror groups! அரசு chemtrails பற்றிய உண்மையை மறைக்கிறது! DELETE ஆவதற்கு முன் SHARE செய்யுங்கள்! senior official இந்த அதிர்ச்சிகரமான உண்மையை உறுதிப்படுத்துகிறது!,1,ta,FAKE,214,25
"Researchers at MIT published findings in Cell showing that improved accuracy. The study, conducted over 5 years with 500 participants, concludes that early screening saves lives. Peer reviewers praised the methodology.",0,en,REAL,218,31
Bengaluru-ல் Thursday அன்று 10 million புதிய COVID-19 வழக்குகள் பதிவாயின. சுகாதார அதிகாரிகள் நிலைமையை சமாளிக்க medical teams நிறுத்தினர். குடிமக்கள் get vaccinated என்று அறிவுறுத்தப்படுகின்றனர்.,0,ta,REAL,194,21
"Oxford-இல் உள்ள ஆராய்ச்சியாளர்கள் Nature இதழில் ஆய்வு முடிவுகளை வெளியிட்டனர். 10 ஆண்டுகள் 5,000 பங்கேற்பாளர்களுடன் நடத்தப்பட்ட இந்த ஆய்வு improved accuracy என்று கண்டறிந்தது. சகாக்கள் ஆய்வு முறையை பாராட்டினர்.",0,ta,REAL,209,23
"Researchers at MIT published findings in NEJM showing that doubled lifespan. The study, conducted over 5 years with 500 participants, concludes that early screening saves lives. Peer reviewers praised the methodology.",0,en,REAL,217,31
"The RBI announced today that climate policy will take effect from December 1. Officials confirmed the decision after 7 days of deliberation. The measure is expected to reduce inflation, according to PTI.",0,en,REAL,203,32
கசிந்த ஆவணம்: UN 2027-ல் control food supply திட்டமிடுகிறது! உள்நாட்டு தகவலாளர்கள் உயிருக்கு பயந்து ஓடுகின்றனர்! மக்களுக்கு gun rights ஆபத்தில் உள்ளது! SHARE செய்யுங்கள்!,1,ta,FAKE,170,20
"NASA நிறுவனம் இன்று அறிவித்தது: vaccine mandate January 1 முதல் நடைமுறைக்கு வரும். 21 நாள் ஆலோசனைக்குப் பிறகு அதிகாரிகள் இந்த முடிவை உறுதிப்படுத்தினர். ministry spokesperson தெரிவிக்கும் வகையில், இந்த நடவடிக்கை improve healthcare என்று எதிர்பார்க்கப்படுகிறது.",0,ta,REAL,259,29
"The IMF announced today that climate policy will take effect from June 30. Officials confirmed the decision after 7 days of deliberation. The measure is expected to cut emissions, according to Reuters.",0,en,REAL,201,32
"இரகசியம் வெளியாயிற்று: coconut oil 60 நாளில் malaria-ஐ குணப்படுத்துகிறது! பெரிய நிறுவனங்கள் இதை மறைக்கின்றன! 2,300 மருத்துவர்கள் இதை வெளியிட்டதால் நிறுத்தப்பட்டனர்! விழிப்புணர்வு பெறுங்கள்! deep state plot உண்மையானது!",1,ta,FAKE,217,23
"UK அரசு healthcare துறைக்கு ₹2,500 கோடி நிதி ஒதுக்கியது. cabinet மதிப்பாய்வு செய்த திட்டம் 2030-ல் boost GDP by 7% நோக்கமாக கொண்டுள்ளது. எதிர்க்கட்சிகள் கலவையான கருத்துக்களை தெரிவித்தன.",0,ta,REAL,185,23
"Researchers at MIT published findings in Nature showing that reduced risk by 40%. The study, conducted over 10 years with 1,200 participants, concludes that lifestyle changes matter. Peer reviewers praised the methodology.",0,en,REAL,222,32
Mumbai-ல் Tuesday அன்று 45 புதிய influenza வழக்குகள் பதிவாயின. சுகாதார அதிகாரிகள் நிலைமையை சமாளிக்க vaccines நிறுத்தினர். குடிமக்கள் stay home என்று அறிவுறுத்தப்படுகின்றனர்.,0,ta,REAL,173,19
"ALERT: a senior minister caught hiding documents on camera — VIDEO PROOF! Deep state PANICKING! Over 500,000 million patriots DEMAND justice! Germany is FALLING because of elites! RT if you AGREE! Share EVERYWHERE!",1,en,FAKE,214,33
MIRACLE: a mother of three LOSES 12 kg in 60 days using ONE weird trick doctors HATE! Experts BAFFLED! a famous actor uses this SECRET daily! ORDER before April 5 — LIMITED SUPPLY!,1,en,FAKE,180,33
EXCLUSIVE: Scientists DISCOVER that lemon water CURES cholera in just 90 days! Big Pharma DOESN'T want you to know! 45 doctors SILENCED for revealing this! WAKE UP! The deep state plot is REAL!,1,en,FAKE,193,33
கசிந்த ஆவணம்: WEF 2035-ல் microchip citizens திட்டமிடுகிறது! உள்நாட்டு தகவலாளர்கள் உயிருக்கு பயந்து ஓடுகின்றனர்! மக்களுக்கு property ஆபத்தில் உள்ளது! SHARE செய்யுங்கள்!,1,ta,FAKE,168,18
"The UNESCO announced today that climate policy will take effect from March 15. Officials confirmed the decision after 90 days of deliberation. The measure is expected to improve healthcare, according to PTI.",0,en,REAL,207,32
"Researchers at Stanford published findings in NEJM showing that reduced risk by 40%. The study, conducted over 3 years with 500 participants, concludes that diet is key. Peer reviewers praised the methodology.",0,en,REAL,209,32
கசிந்த ஆவணம்: government 2025-ல் microchip citizens திட்டமிடுகிறது! உள்நாட்டு தகவலாளர்கள் உயிருக்கு பயந்து ஓடுகின்றனர்! மக்களுக்கு gun rights ஆபத்தில் உள்ளது! SHARE செய்யுங்கள்!,1,ta,FAKE,177,19
LEAKED: leaked email REVEALS that WEF plans to control food supply by 2027! Insiders FLEE for their lives! 100% of population at RISK! They are COMING for your privacy! RESIST now!,1,en,FAKE,180,31
"Researchers at IIT Madras published findings in Lancet showing that cut costs by 30%. The study, conducted over 5 years with 500 participants, concludes that lifestyle changes matter. Peer reviewers praised the methodology.",0,en,REAL,223,33
"Stock markets plunged on Friday as Google reported disappointing quarterly earnings. Analysts at Citi revised their 2027 forecast to 8.1%, citing supply chain issues.",0,en,REAL,166,24
அதிர்ச்சி செய்தி: a famous actor இரகசியமாக meets foreign spy! அரசு vaccines பற்றிய உண்மையை மறைக்கிறது! DELETE ஆவதற்கு முன் SHARE செய்யுங்கள்! senior official இந்த அதிர்ச்சிகரமான உண்மையை உறுதிப்படுத்துகிறது!,1,ta,FAKE,206,25
UK அரசு education துறைக்கு ₹12 கோடி நிதி ஒதுக்கியது. expert panel மதிப்பாய்வு செய்த திட்டம் 2026-ல் achieve net-zero நோக்கமாக கொண்டுள்ளது. எதிர்க்கட்சிகள் கலவையான கருத்துக்களை தெரிவித்தன.,0,ta,REAL,187,22
"The NASA announced today that tax reform will take effect from March 15. Officials confirmed the decision after 30 days of deliberation. The measure is expected to boost employment, according to AFP.",0,en,REAL,199,32
EXCLUSIVE: Scientists DISCOVER that neem CURES malaria in just 21 days! Big Pharma DOESN'T want you to know! 45 doctors SILENCED for revealing this! WAKE UP! The New World Order is REAL!,1,en,FAKE,186,32
"அம்பலம்: the opposition leader கேமராவில் lying under oath பிடிக்கப்பட்டனர்! 500,000 லட்சம் மக்கள் நீதி கோருகின்றனர்! Japan elites காரணமாக நலிவடைகிறது! உடனே பகிருங்கள்!",1,ta,FAKE,167,20
"அதிசயம்: a mother of three ஒரே 90 நாளில் 2,500 கிலோ குறைத்தனர்! மருத்துவர்கள் வெறுக்கும் இந்த ஒரு இரகசிய உத்தி! a tech billionaire தினமும் இதை பயன்படுத்துகிறார்! இன்றே ஆர்டர் செய்யுங்கள்!",1,ta,FAKE,187,26
அதிசயம்: a retired teacher ஒரே 21 நாளில் 200 கிலோ குறைத்தனர்! மருத்துவர்கள் வெறுக்கும் இந்த ஒரு இரகசிய உத்தி! a tech billionaire தினமும் இதை பயன்படுத்துகிறார்! இன்றே ஆர்டர் செய்யுங்கள்!,1,ta,FAKE,185,25
"அம்பலம்: a governor கேமராவில் hiding documents பிடிக்கப்பட்டனர்! 500,000 லட்சம் மக்கள் நீதி கோருகின்றனர்! India globalists காரணமாக நலிவடைகிறது! உடனே பகிருங்கள்!",1,ta,FAKE,160,18
ALERT: a governor caught hiding documents on camera — VIDEO PROOF! Deep state PANICKING! Over 12 million patriots DEMAND justice! Germany is FALLING because of immigrants! RT if you AGREE! Share EVERYWHERE!,1,en,FAKE,206,32
இரகசியம் வெளியாயிற்று: lemon water 90 நாளில் COVID-19-ஐ குணப்படுத்துகிறது! பெரிய நிறுவனங்கள் இதை மறைக்கின்றன! 100 மருத்துவர்கள் இதை வெளியிட்டதால் நிறுத்தப்பட்டனர்! விழிப்புணர்வு பெறுங்கள்! New World Order உண்மையானது!,1,ta,FAKE,216,23
LEAKED: classified file REVEALS that government plans to microchip citizens by 2025! Insiders FLEE for their lives! 12% of population at RISK! They are COMING for your property! RESIST now!,1,en,FAKE,189,30
"LEAKED: leaked email REVEALS that government plans to control food supply by 2030! Insiders FLEE for their lives! 2,300% of population at RISK! They are COMING for your freedom of speech! RESIST now!",1,en,FAKE,199,33
"The India government approved a $12 billion budget for education. The plan, reviewed by parliament, aims to eradicate poverty by 2025. Opposition parties offered mixed responses.",0,en,REAL,178,26
"அம்பலம்: a senior minister கேமராவில் lying under oath பிடிக்கப்பட்டனர்! 500,000 லட்சம் மக்கள் நீதி கோருகின்றனர்! India elites காரணமாக நலிவடைகிறது! உடனே பகிருங்கள்!",1,ta,FAKE,163,20
"ISRO நிறுவனம் இன்று அறிவித்தது: climate policy December 1 முதல் நடைமுறைக்கு வரும். 30 நாள் ஆலோசனைக்குப் பிறகு அதிகாரிகள் இந்த முடிவை உறுதிப்படுத்தினர். AFP தெரிவிக்கும் வகையில், இந்த நடவடிக்கை reduce inflation என்று எதிர்பார்க்கப்படுகிறது.",0,ta,REAL,239,28
NUS-இல் உள்ள ஆராய்ச்சியாளர்கள் Science இதழில் ஆய்வு முடிவுகளை வெளியிட்டனர். 2 ஆண்டுகள் 500 பங்கேற்பாளர்களுடன் நடத்தப்பட்ட இந்த ஆய்வு cut costs by 30% என்று கண்டறிந்தது. சகாக்கள் ஆய்வு முறையை பாராட்டினர்.,0,ta,REAL,203,25
அம்பலம்: a senior minister கேமராவில் lying under oath பிடிக்கப்பட்டனர்! 10 million லட்சம் மக்கள் நீதி கோருகின்றனர்! India globalists காரணமாக நலிவடைகிறது! உடனே பகிருங்கள்!,1,ta,FAKE,170,21
Delhi reported 45 new cases of dengue on Friday. Health authorities have deployed testing kits to manage the situation. Officials urge residents to wear masks.,0,en,REAL,159,25
அதிசயம்: a local farmer ஒரே 14 நாளில் 12 கிலோ குறைத்தனர்! மருத்துவர்கள் வெறுக்கும் இந்த ஒரு இரகசிய உத்தி! a tech billionaire தினமும் இதை பயன்படுத்துகிறார்! இன்றே ஆர்டர் செய்யுங்கள்!,1,ta,FAKE,181,25
"Researchers at NUS published findings in Lancet showing that reduced risk by 40%. The study, conducted over 10 years with 1,200 participants, concludes that lifestyle changes matter. Peer reviewers praised the methodology.",0,en,REAL,222,32
"UK அரசு defence துறைக்கு ₹2,500 கோடி நிதி ஒதுக்கியது. expert panel மதிப்பாய்வு செய்த திட்டம் 2027-ல் eradicate poverty நோக்கமாக கொண்டுள்ளது. எதிர்க்கட்சிகள் கலவையான கருத்துக்களை தெரிவித்தன.",0,ta,REAL,189,22
"இரகசியம் வெளியாயிற்று: garlic 7 நாளில் malaria-ஐ குணப்படுத்துகிறது! பெரிய நிறுவனங்கள் இதை மறைக்கின்றன! 500,000 மருத்துவர்கள் இதை வெளியிட்டதால் நிறுத்தப்பட்டனர்! விழிப்புணர்வு பெறுங்கள்! deep state plot உண்மையானது!",1,ta,FAKE,213,22
அதிர்ச்சி செய்தி: a famous actor இரகசியமாக betrays nation! அரசு vaccines பற்றிய உண்மையை மறைக்கிறது! DELETE ஆவதற்கு முன் SHARE செய்யுங்கள்! PTI இந்த அதிர்ச்சிகரமான உண்மையை உறுதிப்படுத்துகிறது!,1,ta,FAKE,191,23
"The India government approved a $50 billion budget for defence. The plan, reviewed by parliament, aims to achieve net-zero by 2026. Opposition parties offered mixed responses.",0,en,REAL,175,26
"இரகசியம் வெளியாயிற்று: garlic 14 நாளில் dengue-ஐ குணப்படுத்துகிறது! பெரிய நிறுவனங்கள் இதை மறைக்கின்றன! 500,000 மருத்துவர்கள் இதை வெளியிட்டதால் நிறுத்தப்பட்டனர்! விழிப்புணர்வு பெறுங்கள்! deep state plot உண்மையானது!",1,ta,FAKE,213,22
கசிந்த ஆவணம்: government 2027-ல் microchip citizens திட்டமிடுகிறது! உள்நாட்டு தகவலாளர்கள் உயிருக்கு பயந்து ஓடுகின்றனர்! மக்களுக்கு gun rights ஆபத்தில் உள்ளது! SHARE செய்யுங்கள்!,1,ta,FAKE,177,19
"NUS-இல் உள்ள ஆராய்ச்சியாளர்கள் Cell இதழில் ஆய்வு முடிவுகளை வெளியிட்டனர். 3 ஆண்டுகள் 5,000 பங்கேற்பாளர்களுடன் நடத்தப்பட்ட இந்த ஆய்வு doubled lifespan என்று கண்டறிந்தது. சகாக்கள் ஆய்வு முறையை பாராட்டினர்.",0,ta,REAL,202,23
TCS நிறுவனம் record காலாண்டு வருவாய் அறிவித்ததால் Thursday அன்று சந்தை plunged. JPMorgan பகுப்பாய்வாளர்கள் 2026 கணிப்பை 4.2% ஆக திருத்தினர்.,0,ta,REAL,140,17
அம்பலம்: a senior minister கேமராவில் accepting bribe பிடிக்கப்பட்டனர்! 45 லட்சம் மக்கள் நீதி கோருகின்றனர்! Germany elites காரணமாக நலிவடைகிறது! உடனே பகிருங்கள்!,1,ta,FAKE,159,19
"The Japan government approved a $200 billion budget for education. The plan, reviewed by finance ministry, aims to eradicate poverty by 2027. Opposition parties offered mixed responses.",0,en,REAL,185,27
இரகசியம் வெளியாயிற்று: coconut oil 30 நாளில் influenza-ஐ குணப்படுத்துகிறது! பெரிய நிறுவனங்கள் இதை மறைக்கின்றன! 45 மருத்துவர்கள் இதை வெளியிட்டதால் நிறுத்தப்பட்டனர்! விழிப்புணர்வு பெறுங்கள்! deep state plot உண்மையானது!,1,ta,FAKE,216,23
Delhi-ல் Tuesday அன்று 45 புதிய COVID-19 வழக்குகள் பதிவாயின. சுகாதார அதிகாரிகள் நிலைமையை சமாளிக்க testing kits நிறுத்தினர். குடிமக்கள் stay home என்று அறிவுறுத்தப்படுகின்றனர்.,0,ta,REAL,175,20
அம்பலம்: a governor கேமராவில் hiding documents பிடிக்கப்பட்டனர்! 12 லட்சம் மக்கள் நீதி கோருகின்றனர்! Germany immigrants காரணமாக நலிவடைகிறது! உடனே பகிருங்கள்!,1,ta,FAKE,157,18
"LEAKED: leaked email REVEALS that deep state plans to microchip citizens by 2025! Insiders FLEE for their lives! 500,000% of population at RISK! They are COMING for your property! RESIST now!",1,en,FAKE,191,31
"EXCLUSIVE: Scientists DISCOVER that garlic CURES dengue in just 7 days! Big Pharma DOESN'T want you to know! 500,000 doctors SILENCED for revealing this! WAKE UP! The Big Pharma cover-up is REAL!",1,en,FAKE,195,32
"Researchers at Oxford published findings in Cell showing that doubled lifespan. The study, conducted over 3 years with 5,000 participants, concludes that lifestyle changes matter. Peer reviewers praised the methodology.",0,en,REAL,219,30
"UK அரசு agriculture துறைக்கு ₹1,000 கோடி நிதி ஒதுக்கியது. cabinet மதிப்பாய்வு செய்த திட்டம் 2026-ல் boost GDP by 7% நோக்கமாக கொண்டுள்ளது. எதிர்க்கட்சிகள் கலவையான கருத்துக்களை தெரிவித்தன.",0,ta,REAL,186,23
Mumbai reported 12 new cases of influenza on Thursday. Health authorities have deployed mobile units to manage the situation. Officials urge residents to wear masks.,0,en,REAL,165,25
"ALERT: the opposition leader caught hiding documents on camera — VIDEO PROOF! Deep state PANICKING! Over 500,000 million patriots DEMAND justice! Japan is FALLING because of foreign agents! RT if you AGREE! Share EVERYWHERE!",1,en,FAKE,224,34
அதிர்ச்சி செய்தி: a famous actor இரகசியமாக betrays nation! அரசு 5G towers பற்றிய உண்மையை மறைக்கிறது! DELETE ஆவதற்கு முன் SHARE செய்யுங்கள்! Reuters இந்த அதிர்ச்சிகரமான உண்மையை உறுதிப்படுத்துகிறது!,1,ta,FAKE,196,24
"Germany அரசு education துறைக்கு ₹1,000 கோடி நிதி ஒதுக்கியது. parliament மதிப்பாய்வு செய்த திட்டம் 2035-ல் eradicate poverty நோக்கமாக கொண்டுள்ளது. எதிர்க்கட்சிகள் கலவையான கருத்துக்களை தெரிவித்தன.",0,ta,REAL,194,21
"ALERT: the opposition leader caught accepting bribe on camera — VIDEO PROOF! Deep state PANICKING! Over 2,300 million patriots DEMAND justice! France is FALLING because of immigrants! RT if you AGREE! Share EVERYWHERE!",1,en,FAKE,218,33
கசிந்த ஆவணம்: WEF 2025-ல் control food supply திட்டமிடுகிறது! உள்நாட்டு தகவலாளர்கள் உயிருக்கு பயந்து ஓடுகின்றனர்! மக்களுக்கு privacy ஆபத்தில் உள்ளது! SHARE செய்யுங்கள்!,1,ta,FAKE,168,19
BREAKING: a major politician SECRETLY funds terror groups! Government HIDING the TRUTH about 5G towers! SHARE before they DELETE this! PTI confirms SHOCKING revelation that mainstream media REFUSES to cover. This changes EVERYTHING!,1,en,FAKE,232,33
ALERT: a senior minister caught lying under oath on camera — VIDEO PROOF! Deep state PANICKING! Over 12 million patriots DEMAND justice! Japan is FALLING because of foreign agents! RT if you AGREE! Share EVERYWHERE!,1,en,FAKE,215,35
கசிந்த ஆவணம்: WHO 2027-ல் censor internet திட்டமிடுகிறது! உள்நாட்டு தகவலாளர்கள் உயிருக்கு பயந்து ஓடுகின்றனர்! மக்களுக்கு freedom of speech ஆபத்தில் உள்ளது! SHARE செய்யுங்கள்!,1,ta,FAKE,174,20
"LEAKED: classified file REVEALS that UN plans to control food supply by 2025! Insiders FLEE for their lives! 500,000% of population at RISK! They are COMING for your property! RESIST now!",1,en,FAKE,187,31
ALERT: a senior minister caught hiding documents on camera — VIDEO PROOF! Deep state PANICKING! Over 10 million million patriots DEMAND justice! Germany is FALLING because of foreign agents! RT if you AGREE! Share EVERYWHERE!,1,en,FAKE,225,35
Japan அரசு defence துறைக்கு ₹50 கோடி நிதி ஒதுக்கியது. parliament மதிப்பாய்வு செய்த திட்டம் 2026-ல் boost GDP by 7% நோக்கமாக கொண்டுள்ளது. எதிர்க்கட்சிகள் கலவையான கருத்துக்களை தெரிவித்தன.,0,ta,REAL,185,23
"The India government approved a $5 billion budget for agriculture. The plan, reviewed by cabinet, aims to boost GDP by 7% by 2026. Opposition parties offered mixed responses.",0,en,REAL,174,28
Japan அரசு infrastructure துறைக்கு ₹5 கோடி நிதி ஒதுக்கியது. finance ministry மதிப்பாய்வு செய்த திட்டம் 2030-ல் achieve net-zero நோக்கமாக கொண்டுள்ளது. எதிர்க்கட்சிகள் கலவையான கருத்துக்களை தெரிவித்தன.,0,ta,REAL,198,22
LEAKED: secret memo REVEALS that WHO plans to microchip citizens by 2027! Insiders FLEE for their lives! 12% of population at RISK! They are COMING for your privacy! RESIST now!,1,en,FAKE,177,30
"The NASA announced today that vaccine mandate will take effect from April 5. Officials confirmed the decision after 7 days of deliberation. The measure is expected to improve healthcare, according to ministry spokesperson.",0,en,REAL,222,33
"Researchers at Oxford published findings in Science showing that improved accuracy. The study, conducted over 10 years with 1,200 participants, concludes that diet is key. Peer reviewers praised the methodology.",0,en,REAL,211,30
MIRACLE: a mother of three LOSES 12 kg in 30 days using ONE weird trick doctors HATE! Experts BAFFLED! a famous actor uses this SECRET daily! ORDER before June 30 — LIMITED SUPPLY!,1,en,FAKE,180,33
"Mumbai reported 500,000 new cases of dengue on Tuesday. Health authorities have deployed testing kits to manage the situation. Officials urge residents to avoid crowding.",0,en,REAL,170,25
Bengaluru-ல் Tuesday அன்று 10 million புதிய COVID-19 வழக்குகள் பதிவாயின. சுகாதார அதிகாரிகள் நிலைமையை சமாளிக்க testing kits நிறுத்தினர். குடிமக்கள் avoid crowding என்று அறிவுறுத்தப்படுகின்றனர்.,0,ta,REAL,192,21
அதிசயம்: a local farmer ஒரே 7 நாளில் 50 கிலோ குறைத்தனர்! மருத்துவர்கள் வெறுக்கும் இந்த ஒரு இரகசிய உத்தி! a major politician தினமும் இதை பயன்படுத்துகிறார்! இன்றே ஆர்டர் செய்யுங்கள்!,1,ta,FAKE,180,25
TCS நிறுவனம் strong காலாண்டு வருவாய் அறிவித்ததால் Friday அன்று சந்தை fell. Goldman Sachs பகுப்பாய்வாளர்கள் 2030 கணிப்பை 6.3% ஆக திருத்தினர்.,0,ta,REAL,140,18
Mumbai reported 10 million new cases of dengue on Monday. Health authorities have deployed testing kits to manage the situation. Officials urge residents to get vaccinated.,0,en,REAL,172,26
Germany அரசு healthcare துறைக்கு ₹200 கோடி நிதி ஒதுக்கியது. expert panel மதிப்பாய்வு செய்த திட்டம் 2030-ல் eradicate poverty நோக்கமாக கொண்டுள்ளது. எதிர்க்கட்சிகள் கலவையான கருத்துக்களை தெரிவித்தன.,0,ta,REAL,195,22
"Researchers at IIT Madras published findings in Cell showing that improved accuracy. The study, conducted over 3 years with 1,200 participants, concludes that diet is key. Peer reviewers praised the methodology.",0,en,REAL,211,31
Japan அரசு education துறைக்கு ₹5 கோடி நிதி ஒதுக்கியது. cabinet மதிப்பாய்வு செய்த திட்டம் 2035-ல் eradicate poverty நோக்கமாக கொண்டுள்ளது. எதிர்க்கட்சிகள் கலவையான கருத்துக்களை தெரிவித்தன.,0,ta,REAL,185,21
அம்பலம்: the opposition leader கேமராவில் accepting bribe பிடிக்கப்பட்டனர்! 45 லட்சம் மக்கள் நீதி கோருகின்றனர்! India elites காரணமாக நலிவடைகிறது! உடனே பகிருங்கள்!,1,ta,FAKE,161,19
"Stock markets dipped on Wednesday as Tesla reported record quarterly earnings. Analysts at Goldman Sachs revised their 2027 forecast to 6.3%, citing cost pressures.",0,en,REAL,164,24
Apple நிறுவனம் record காலாண்டு வருவாய் அறிவித்ததால் Tuesday அன்று சந்தை surged. Morgan Stanley பகுப்பாய்வாளர்கள் 2030 கணிப்பை 9.0% ஆக திருத்தினர்.,0,ta,REAL,146,18
இரகசியம் வெளியாயிற்று: garlic 30 நாளில் malaria-ஐ குணப்படுத்துகிறது! பெரிய நிறுவனங்கள் இதை மறைக்கின்றன! 100 மருத்துவர்கள் இதை வெளியிட்டதால் நிறுத்தப்பட்டனர்! விழிப்புணர்வு பெறுங்கள்! New World Order உண்மையானது!,1,ta,FAKE,210,22
"Researchers at Stanford published findings in NEJM showing that cut costs by 30%. The study, conducted over 3 years with 10,000 participants, concludes that lifestyle changes matter. Peer reviewers praised the methodology.",0,en,REAL,222,32
அம்பலம்: a senior minister கேமராவில் lying under oath பிடிக்கப்பட்டனர்! 45 லட்சம் மக்கள் நீதி கோருகின்றனர்! India immigrants காரணமாக நலிவடைகிறது! உடனே பகிருங்கள்!,1,ta,FAKE,162,20
UK அரசு infrastructure துறைக்கு ₹200 கோடி நிதி ஒதுக்கியது. parliament மதிப்பாய்வு செய்த திட்டம் 2030-ல் boost GDP by 7% நோக்கமாக கொண்டுள்ளது. எதிர்க்கட்சிகள் கலவையான கருத்துக்களை தெரிவித்தன.,0,ta,REAL,190,23
BREAKING: a tech billionaire SECRETLY meets foreign spy! Government HIDING the TRUTH about vaccines! SHARE before they DELETE this! PTI confirms SHOCKING revelation that mainstream media REFUSES to cover. This changes EVERYTHING!,1,en,FAKE,229,32
"Researchers at Stanford published findings in NEJM showing that improved accuracy. The study, conducted over 3 years with 5,000 participants, concludes that lifestyle changes matter. Peer reviewers praised the methodology.",0,en,REAL,222,30
"இரகசியம் வெளியாயிற்று: lemon water 14 நாளில் malaria-ஐ குணப்படுத்துகிறது! பெரிய நிறுவனங்கள் இதை மறைக்கின்றன! 2,300 மருத்துவர்கள் இதை வெளியிட்டதால் நிறுத்தப்பட்டனர்! விழிப்புணர்வு பெறுங்கள்! New World Order உண்மையானது!",1,ta,FAKE,217,23
"IIT Madras-இல் உள்ள ஆராய்ச்சியாளர்கள் NEJM இதழில் ஆய்வு முடிவுகளை வெளியிட்டனர். 3 ஆண்டுகள் 5,000 பங்கேற்பாளர்களுடன் நடத்தப்பட்ட இந்த ஆய்வு cut costs by 30% என்று கண்டறிந்தது. சகாக்கள் ஆய்வு முறையை பாராட்டினர்.",0,ta,REAL,209,26
"Stock markets surged on Friday as Reliance reported mixed quarterly earnings. Analysts at ICICI revised their 2030 forecast to 4.2%, citing innovation.",0,en,REAL,151,22
"Bengaluru reported 2,300 new cases of influenza on Tuesday. Health authorities have deployed mobile units to manage the situation. Officials urge residents to get vaccinated.",0,en,REAL,174,25
"Mumbai-ல் Friday அன்று 500,000 புதிய malaria வழக்குகள் பதிவாயின. சுகாதார அதிகாரிகள் நிலைமையை சமாளிக்க medical teams நிறுத்தினர். குடிமக்கள் avoid crowding என்று அறிவுறுத்தப்படுகின்றனர்.",0,ta,REAL,185,20
"RBI நிறுவனம் இன்று அறிவித்தது: vaccine mandate January 1 முதல் நடைமுறைக்கு வரும். 90 நாள் ஆலோசனைக்குப் பிறகு அதிகாரிகள் இந்த முடிவை உறுதிப்படுத்தினர். ministry spokesperson தெரிவிக்கும் வகையில், இந்த நடவடிக்கை boost employment என்று எதிர்பார்க்கப்படுகிறது.",0,ta,REAL,256,29
அதிசயம்: a mother of three ஒரே 14 நாளில் 5 கிலோ குறைத்தனர்! மருத்துவர்கள் வெறுக்கும் இந்த ஒரு இரகசிய உத்தி! a major politician தினமும் இதை பயன்படுத்துகிறார்! இன்றே ஆர்டர் செய்யுங்கள்!,1,ta,FAKE,183,26
Bengaluru-ல் Wednesday அன்று 12 புதிய influenza வழக்குகள் பதிவாயின. சுகாதார அதிகாரிகள் நிலைமையை சமாளிக்க testing kits நிறுத்தினர். குடிமக்கள் wear masks என்று அறிவுறுத்தப்படுகின்றனர்.,0,ta,REAL,183,20
EXCLUSIVE: Scientists DISCOVER that coconut oil CURES influenza in just 30 days! Big Pharma DOESN'T want you to know! 45 doctors SILENCED for revealing this! WAKE UP! The Big Pharma cover-up is REAL!,1,en,FAKE,199,33
இரகசியம் வெளியாயிற்று: turmeric 7 நாளில் malaria-ஐ குணப்படுத்துகிறது! பெரிய நிறுவனங்கள் இதை மறைக்கின்றன! 100 மருத்துவர்கள் இதை வெளியிட்டதால் நிறுத்தப்பட்டனர்! விழிப்புணர்வு பெறுங்கள்! New World Order உண்மையானது!,1,ta,FAKE,211,22
அதிசயம்: a retired teacher ஒரே 60 நாளில் 50 கிலோ குறைத்தனர்! மருத்துவர்கள் வெறுக்கும் இந்த ஒரு இரகசிய உத்தி! a major politician தினமும் இதை பயன்படுத்துகிறார்! இன்றே ஆர்டர் செய்யுங்கள்!,1,ta,FAKE,184,25
EXCLUSIVE: Scientists DISCOVER that garlic CURES dengue in just 14 days! Big Pharma DOESN'T want you to know! 12 doctors SILENCED for revealing this! WAKE UP! The Big Pharma cover-up is REAL!,1,en,FAKE,191,32
கசிந்த ஆவணம்: government 2026-ல் microchip citizens திட்டமிடுகிறது! உள்நாட்டு தகவலாளர்கள் உயிருக்கு பயந்து ஓடுகின்றனர்! மக்களுக்கு freedom of speech ஆபத்தில் உள்ளது! SHARE செய்யுங்கள்!,1,ta,FAKE,184,20
MIRACLE: a local farmer LOSES 50 kg in 30 days using ONE weird trick doctors HATE! Experts BAFFLED! a major politician uses this SECRET daily! ORDER before April 5 — LIMITED SUPPLY!,1,en,FAKE,181,32
"ALERT: the opposition leader caught hiding documents on camera — VIDEO PROOF! Deep state PANICKING! Over 2,300 million patriots DEMAND justice! UK is FALLING because of elites! RT if you AGREE! Share EVERYWHERE!",1,en,FAKE,211,33
Chennai reported 100 new cases of malaria on Wednesday. Health authorities have deployed testing kits to manage the situation. Officials urge residents to avoid crowding.,0,en,REAL,170,25
ALERT: a senior minister caught accepting bribe on camera — VIDEO PROOF! Deep state PANICKING! Over 45 million patriots DEMAND justice! France is FALLING because of elites! RT if you AGREE! Share EVERYWHERE!,1,en,FAKE,207,33
"UNESCO நிறுவனம் இன்று அறிவித்தது: vaccine mandate January 1 முதல் நடைமுறைக்கு வரும். 14 நாள் ஆலோசனைக்குப் பிறகு அதிகாரிகள் இந்த முடிவை உறுதிப்படுத்தினர். ministry spokesperson தெரிவிக்கும் வகையில், இந்த நடவடிக்கை improve healthcare என்று எதிர்பார்க்கப்படுகிறது.",0,ta,REAL,261,29
Infosys நிறுவனம் record காலாண்டு வருவாய் அறிவித்ததால் Thursday அன்று சந்தை dipped. ICICI பகுப்பாய்வாளர்கள் 2030 கணிப்பை 7.5% ஆக திருத்தினர்.,0,ta,REAL,140,17
BREAKING: a famous actor SECRETLY funds terror groups! Government HIDING the TRUTH about 5G towers! SHARE before they DELETE this! ministry spokesperson confirms SHOCKING revelation that mainstream media REFUSES to cover. This changes EVERYTHING!,1,en,FAKE,246,34
அதிர்ச்சி செய்தி: a tech billionaire இரகசியமாக meets foreign spy! அரசு climate பற்றிய உண்மையை மறைக்கிறது! DELETE ஆவதற்கு முன் SHARE செய்யுங்கள்! ministry spokesperson இந்த அதிர்ச்சிகரமான உண்மையை உறுதிப்படுத்துகிறது!,1,ta,FAKE,215,25
Delhi reported 100 new cases of cholera on Thursday. Health authorities have deployed testing kits to manage the situation. Officials urge residents to stay home.,0,en,REAL,162,25
LEAKED: secret memo REVEALS that WHO plans to control food supply by 2027! Insiders FLEE for their lives! 10 million% of population at RISK! They are COMING for your freedom of speech! RESIST now!,1,en,FAKE,196,34
Tesla நிறுவனம் disappointing காலாண்டு வருவாய் அறிவித்ததால் Tuesday அன்று சந்தை fell. JPMorgan பகுப்பாய்வாளர்கள் 2027 கணிப்பை 6.3% ஆக திருத்தினர்.,0,ta,REAL,145,17
India அரசு infrastructure துறைக்கு ₹200 கோடி நிதி ஒதுக்கியது. finance ministry மதிப்பாய்வு செய்த திட்டம் 2026-ல் boost GDP by 7% நோக்கமாக கொண்டுள்ளது. எதிர்க்கட்சிகள் கலவையான கருத்துக்களை தெரிவித்தன.,0,ta,REAL,199,24
Chennai reported 10 million new cases of malaria on Wednesday. Health authorities have deployed medical teams to manage the situation. Officials urge residents to wear masks.,0,en,REAL,174,26
Bengaluru reported 12 new cases of cholera on Tuesday. Health authorities have deployed vaccines to manage the situation. Officials urge residents to stay home.,0,en,REAL,160,24
"BITS Pilani-இல் உள்ள ஆராய்ச்சியாளர்கள் Science இதழில் ஆய்வு முடிவுகளை வெளியிட்டனர். 3 ஆண்டுகள் 5,000 பங்கேற்பாளர்களுடன் நடத்தப்பட்ட இந்த ஆய்வு cut costs by 30% என்று கண்டறிந்தது. சகாக்கள் ஆய்வு முறையை பாராட்டினர்.",0,ta,REAL,213,26
"Stock markets rallied on Monday as HDFC reported mixed quarterly earnings. Analysts at ICICI revised their 2026 forecast to 4.2%, citing supply chain issues.",0,en,REAL,157,24
Kolkata-ல் Friday அன்று 12 புதிய COVID-19 வழக்குகள் பதிவாயின. சுகாதார அதிகாரிகள் நிலைமையை சமாளிக்க mobile units நிறுத்தினர். குடிமக்கள் avoid crowding என்று அறிவுறுத்தப்படுகின்றனர்.,0,ta,REAL,181,20
"Delhi-ல் Friday அன்று 500,000 புதிய cholera வழக்குகள் பதிவாயின. சுகாதார அதிகாரிகள் நிலைமையை சமாளிக்க mobile units நிறுத்தினர். குடிமக்கள் avoid crowding என்று அறிவுறுத்தப்படுகின்றனர்.",0,ta,REAL,183,20
MIRACLE: a local farmer LOSES 50 kg in 7 days using ONE weird trick doctors HATE! Experts BAFFLED! a tech billionaire uses this SECRET daily! ORDER before December 1 — LIMITED SUPPLY!,1,en,FAKE,183,32
அதிர்ச்சி செய்தி: a famous actor இரகசியமாக funds terror groups! அரசு chemtrails பற்றிய உண்மையை மறைக்கிறது! DELETE ஆவதற்கு முன் SHARE செய்யுங்கள்! AFP இந்த அதிர்ச்சிகரமான உண்மையை உறுதிப்படுத்துகிறது!,1,ta,FAKE,198,24
EXCLUSIVE: Scientists DISCOVER that turmeric CURES COVID-19 in just 60 days! Big Pharma DOESN'T want you to know! 45 doctors SILENCED for revealing this! WAKE UP! The Big Pharma cover-up is REAL!,1,en,FAKE,195,32
Infosys நிறுவனம் disappointing காலாண்டு வருவாய் அறிவித்ததால் Monday அன்று சந்தை fell. Goldman Sachs பகுப்பாய்வாளர்கள் 2025 கணிப்பை 7.5% ஆக திருத்தினர்.,0,ta,REAL,151,18
"ALERT: a senior minister caught hiding documents on camera — VIDEO PROOF! Deep state PANICKING! Over 2,300 million patriots DEMAND justice! India is FALLING because of foreign agents! RT if you AGREE! Share EVERYWHERE!",1,en,FAKE,218,34
Tesla நிறுவனம் mixed காலாண்டு வருவாய் அறிவித்ததால் Monday அன்று சந்தை fell. Goldman Sachs பகுப்பாய்வாளர்கள் 2026 கணிப்பை 8.1% ஆக திருத்தினர்.,0,ta,REAL,141,18
Bengaluru-ல் Friday அன்று 100 புதிய dengue வழக்குகள் பதிவாயின. சுகாதார அதிகாரிகள் நிலைமையை சமாளிக்க vaccines நிறுத்தினர். குடிமக்கள் stay home என்று அறிவுறுத்தப்படுகின்றனர்.,0,ta,REAL,173,19
EXCLUSIVE: Scientists DISCOVER that lemon water CURES influenza in just 21 days! Big Pharma DOESN'T want you to know! 10 million doctors SILENCED for revealing this! WAKE UP! The New World Order is REAL!,1,en,FAKE,203,34
"இரகசியம் வெளியாயிற்று: turmeric 7 நாளில் COVID-19-ஐ குணப்படுத்துகிறது! பெரிய நிறுவனங்கள் இதை மறைக்கின்றன! 2,300 மருத்துவர்கள் இதை வெளியிட்டதால் நிறுத்தப்பட்டனர்! விழிப்புணர்வு பெறுங்கள்! deep state plot உண்மையானது!",1,ta,FAKE,214,22
BREAKING: a famous actor SECRETLY meets foreign spy! Government HIDING the TRUTH about 5G towers! SHARE before they DELETE this! senior official confirms SHOCKING revelation that mainstream media REFUSES to cover. This changes EVERYTHING!,1,en,FAKE,238,34
"Germany அரசு education துறைக்கு ₹2,500 கோடி நிதி ஒதுக்கியது. finance ministry மதிப்பாய்வு செய்த திட்டம் 2030-ல் achieve net-zero நோக்கமாக கொண்டுள்ளது. எதிர்க்கட்சிகள் கலவையான கருத்துக்களை தெரிவித்தன.",0,ta,REAL,199,22
"Delhi reported 500,000 new cases of cholera on Friday. Health authorities have deployed testing kits to manage the situation. Officials urge residents to get vaccinated.",0,en,REAL,169,25
MIRACLE: a mother of three LOSES 12 kg in 21 days using ONE weird trick doctors HATE! Experts BAFFLED! a famous actor uses this SECRET daily! ORDER before December 1 — LIMITED SUPPLY!,1,en,FAKE,183,33
அதிசயம்: a retired teacher ஒரே 30 நாளில் 50 கிலோ குறைத்தனர்! மருத்துவர்கள் வெறுக்கும் இந்த ஒரு இரகசிய உத்தி! a tech billionaire தினமும் இதை பயன்படுத்துகிறார்! இன்றே ஆர்டர் செய்யுங்கள்!,1,ta,FAKE,184,25
LEAKED: secret memo REVEALS that WEF plans to censor internet by 2035! Insiders FLEE for their lives! 45% of population at RISK! They are COMING for your privacy! RESIST now!,1,en,FAKE,174,30
இரகசியம் வெளியாயிற்று: garlic 14 நாளில் influenza-ஐ குணப்படுத்துகிறது! பெரிய நிறுவனங்கள் இதை மறைக்கின்றன! 45 மருத்துவர்கள் இதை வெளியிட்டதால் நிறுத்தப்பட்டனர்! விழிப்புணர்வு பெறுங்கள்! deep state plot உண்மையானது!,1,ta,FAKE,211,22
"India அரசு infrastructure துறைக்கு ₹1,000 கோடி நிதி ஒதுக்கியது. cabinet மதிப்பாய்வு செய்த திட்டம் 2026-ல் achieve net-zero நோக்கமாக கொண்டுள்ளது. எதிர்க்கட்சிகள் கலவையான கருத்துக்களை தெரிவித்தன.",0,ta,REAL,193,21
அதிசயம்: a retired teacher ஒரே 30 நாளில் 5 கிலோ குறைத்தனர்! மருத்துவர்கள் வெறுக்கும் இந்த ஒரு இரகசிய உத்தி! a famous actor தினமும் இதை பயன்படுத்துகிறார்! இன்றே ஆர்டர் செய்யுங்கள்!,1,ta,FAKE,179,25
Kolkata-ல் Tuesday அன்று 10 million புதிய dengue வழக்குகள் பதிவாயின. சுகாதார அதிகாரிகள் நிலைமையை சமாளிக்க medical teams நிறுத்தினர். குடிமக்கள் avoid crowding என்று அறிவுறுத்தப்படுகின்றனர்.,0,ta,REAL,189,21
அதிர்ச்சி செய்தி: a famous actor இரகசியமாக meets foreign spy! அரசு 5G towers பற்றிய உண்மையை மறைக்கிறது! DELETE ஆவதற்கு முன் SHARE செய்யுங்கள்! AFP இந்த அதிர்ச்சிகரமான உண்மையை உறுதிப்படுத்துகிறது!,1,ta,FAKE,195,25
"MIRACLE: a local farmer LOSES 1,000 kg in 21 days using ONE weird trick doctors HATE! Experts BAFFLED! a major politician uses this SECRET daily! ORDER before January 1 — LIMITED SUPPLY!",1,en,FAKE,186,32
"EXCLUSIVE: Scientists DISCOVER that coconut oil CURES dengue in just 30 days! Big Pharma DOESN'T want you to know! 500,000 doctors SILENCED for revealing this! WAKE UP! The New World Order is REAL!",1,en,FAKE,197,33
India அரசு infrastructure துறைக்கு ₹200 கோடி நிதி ஒதுக்கியது. parliament மதிப்பாய்வு செய்த திட்டம் 2025-ல் boost GDP by 7% நோக்கமாக கொண்டுள்ளது. எதிர்க்கட்சிகள் கலவையான கருத்துக்களை தெரிவித்தன.,0,ta,REAL,193,23
"Stock markets rose on Monday as Google reported strong quarterly earnings. Analysts at ICICI revised their 2035 forecast to 9.0%, citing strong demand.",0,en,REAL,151,23
EXCLUSIVE: Scientists DISCOVER that coconut oil CURES influenza in just 60 days! Big Pharma DOESN'T want you to know! 45 doctors SILENCED for revealing this! WAKE UP! The New World Order is REAL!,1,en,FAKE,195,33
கசிந்த ஆவணம்: WHO 2030-ல் censor internet திட்டமிடுகிறது! உள்நாட்டு தகவலாளர்கள் உயிருக்கு பயந்து ஓடுகின்றனர்! மக்களுக்கு gun rights ஆபத்தில் உள்ளது! SHARE செய்யுங்கள்!,1,ta,FAKE,167,19
அதிசயம்: a mother of three ஒரே 7 நாளில் 12 கிலோ குறைத்தனர்! மருத்துவர்கள் வெறுக்கும் இந்த ஒரு இரகசிய உத்தி! a major politician தினமும் இதை பயன்படுத்துகிறார்! இன்றே ஆர்டர் செய்யுங்கள்!,1,ta,FAKE,183,26
இரகசியம் வெளியாயிற்று: neem 60 நாளில் dengue-ஐ குணப்படுத்துகிறது! பெரிய நிறுவனங்கள் இதை மறைக்கின்றன! 100 மருத்துவர்கள் இதை வெளியிட்டதால் நிறுத்தப்பட்டனர்! விழிப்புணர்வு பெறுங்கள்! Big Pharma cover-up உண்மையானது!,1,ta,FAKE,211,22
HDFC நிறுவனம் mixed காலாண்டு வருவாய் அறிவித்ததால் Thursday அன்று சந்தை rose. ICICI பகுப்பாய்வாளர்கள் 2030 கணிப்பை 9.0% ஆக திருத்தினர்.,0,ta,REAL,134,17
கசிந்த ஆவணம்: UN 2027-ல் censor internet திட்டமிடுகிறது! உள்நாட்டு தகவலாளர்கள் உயிருக்கு பயந்து ஓடுகின்றனர்! மக்களுக்கு gun rights ஆபத்தில் உள்ளது! SHARE செய்யுங்கள்!,1,ta,FAKE,166,19
BREAKING: a major politician SECRETLY funds terror groups! Government HIDING the TRUTH about vaccines! SHARE before they DELETE this! senior official confirms SHOCKING revelation that mainstream media REFUSES to cover. This changes EVERYTHING!,1,en,FAKE,243,33
கசிந்த ஆவணம்: UN 2030-ல் microchip citizens திட்டமிடுகிறது! உள்நாட்டு தகவலாளர்கள் உயிருக்கு பயந்து ஓடுகின்றனர்! மக்களுக்கு property ஆபத்தில் உள்ளது! SHARE செய்யுங்கள்!,1,ta,FAKE,167,18
"The UK government approved a $1,000 billion budget for healthcare. The plan, reviewed by parliament, aims to eradicate poverty by 2027. Opposition parties offered mixed responses.",0,en,REAL,179,26
Chennai-ல் Thursday அன்று 10 million புதிய malaria வழக்குகள் பதிவாயின. சுகாதார அதிகாரிகள் நிலைமையை சமாளிக்க mobile units நிறுத்தினர். குடிமக்கள் wear masks என்று அறிவுறுத்தப்படுகின்றனர்.,0,ta,REAL,186,21
"Delhi reported 2,300 new cases of influenza on Friday. Health authorities have deployed vaccines to manage the situation. Officials urge residents to avoid crowding.",0,en,REAL,165,24
India அரசு agriculture துறைக்கு ₹50 கோடி நிதி ஒதுக்கியது. cabinet மதிப்பாய்வு செய்த திட்டம் 2035-ல் boost GDP by 7% நோக்கமாக கொண்டுள்ளது. எதிர்க்கட்சிகள் கலவையான கருத்துக்களை தெரிவித்தன.,0,ta,REAL,186,23
"The ISRO announced today that tax reform will take effect from January 1. Officials confirmed the decision after 14 days of deliberation. The measure is expected to cut emissions, according to senior official.",0,en,REAL,209,33
"EXCLUSIVE: Scientists DISCOVER that coconut oil CURES cholera in just 14 days! Big Pharma DOESN'T want you to know! 2,300 doctors SILENCED for revealing this! WAKE UP! The deep state plot is REAL!",1,en,FAKE,196,33
"ALERT: a senior minister caught lying under oath on camera — VIDEO PROOF! Deep state PANICKING! Over 2,300 million patriots DEMAND justice! France is FALLING because of globalists! RT if you AGREE! Share EVERYWHERE!",1,en,FAKE,215,34
"அம்பலம்: a governor கேமராவில் accepting bribe பிடிக்கப்பட்டனர்! 500,000 லட்சம் மக்கள் நீதி கோருகின்றனர்! UK elites காரணமாக நலிவடைகிறது! உடனே பகிருங்கள்!",1,ta,FAKE,152,18
கசிந்த ஆவணம்: deep state 2027-ல் censor internet திட்டமிடுகிறது! உள்நாட்டு தகவலாளர்கள் உயிருக்கு பயந்து ஓடுகின்றனர்! மக்களுக்கு privacy ஆபத்தில் உள்ளது! SHARE செய்யுங்கள்!,1,ta,FAKE,171,19
"அம்பலம்: the opposition leader கேமராவில் hiding documents பிடிக்கப்பட்டனர்! 2,300 லட்சம் மக்கள் நீதி கோருகின்றனர்! USA immigrants காரணமாக நலிவடைகிறது! உடனே பகிருங்கள்!",1,ta,FAKE,167,19
BREAKING: a major politician SECRETLY betrays nation! Government HIDING the TRUTH about chemtrails! SHARE before they DELETE this! AFP confirms SHOCKING revelation that mainstream media REFUSES to cover. This changes EVERYTHING!,1,en,FAKE,228,31
BREAKING: a major politician SECRETLY meets foreign spy! Government HIDING the TRUTH about vaccines! SHARE before they DELETE this! ministry spokesperson confirms SHOCKING revelation that mainstream media REFUSES to cover. This changes EVERYTHING!,1,en,FAKE,247,33
"EXCLUSIVE: Scientists DISCOVER that garlic CURES influenza in just 90 days! Big Pharma DOESN'T want you to know! 2,300 doctors SILENCED for revealing this! WAKE UP! The Big Pharma cover-up is REAL!",1,en,FAKE,197,32
IIT Madras-இல் உள்ள ஆராய்ச்சியாளர்கள் Cell இதழில் ஆய்வு முடிவுகளை வெளியிட்டனர். 5 ஆண்டுகள் 500 பங்கேற்பாளர்களுடன் நடத்தப்பட்ட இந்த ஆய்வு cut costs by 30% என்று கண்டறிந்தது. சகாக்கள் ஆய்வு முறையை பாராட்டினர்.,0,ta,REAL,207,26
அதிர்ச்சி செய்தி: a tech billionaire இரகசியமாக funds terror groups! அரசு chemtrails பற்றிய உண்மையை மறைக்கிறது! DELETE ஆவதற்கு முன் SHARE செய்யுங்கள்! PTI இந்த அதிர்ச்சிகரமான உண்மையை உறுதிப்படுத்துகிறது!,1,ta,FAKE,202,24
"அம்பலம்: a senior minister கேமராவில் hiding documents பிடிக்கப்பட்டனர்! 500,000 லட்சம் மக்கள் நீதி கோருகின்றனர்! Japan globalists காரணமாக நலிவடைகிறது! உடனே பகிருங்கள்!",1,ta,FAKE,167,19
அதிர்ச்சி செய்தி: a major politician இரகசியமாக meets foreign spy! அரசு chemtrails பற்றிய உண்மையை மறைக்கிறது! DELETE ஆவதற்கு முன் SHARE செய்யுங்கள்! senior official இந்த அதிர்ச்சிகரமான உண்மையை உறுதிப்படுத்துகிறது!,1,ta,FAKE,212,25
"Stock markets dipped on Tuesday as Infosys reported mixed quarterly earnings. Analysts at ICICI revised their 2027 forecast to 7.5%, citing supply chain issues.",0,en,REAL,160,24
BREAKING: a tech billionaire SECRETLY funds terror groups! Government HIDING the TRUTH about water supply! SHARE before they DELETE this! ministry spokesperson confirms SHOCKING revelation that mainstream media REFUSES to cover. This changes EVERYTHING!,1,en,FAKE,253,34
Hyderabad reported 45 new cases of influenza on Monday. Health authorities have deployed mobile units to manage the situation. Officials urge residents to avoid crowding.,0,en,REAL,170,25
Google நிறுவனம் mixed காலாண்டு வருவாய் அறிவித்ததால் Friday அன்று சந்தை dipped. JPMorgan பகுப்பாய்வாளர்கள் 2026 கணிப்பை 6.3% ஆக திருத்தினர்.,0,ta,REAL,139,17
அதிசயம்: a retired teacher ஒரே 7 நாளில் 12 கிலோ குறைத்தனர்! மருத்துவர்கள் வெறுக்கும் இந்த ஒரு இரகசிய உத்தி! a tech billionaire தினமும் இதை பயன்படுத்துகிறார்! இன்றே ஆர்டர் செய்யுங்கள்!,1,ta,FAKE,183,25
"IMF நிறுவனம் இன்று அறிவித்தது: tax reform December 1 முதல் நடைமுறைக்கு வரும். 7 நாள் ஆலோசனைக்குப் பிறகு அதிகாரிகள் இந்த முடிவை உறுதிப்படுத்தினர். senior official தெரிவிக்கும் வகையில், இந்த நடவடிக்கை cut emissions என்று எதிர்பார்க்கப்படுகிறது.",0,ta,REAL,242,29
ALERT: a senior minister caught hiding documents on camera — VIDEO PROOF! Deep state PANICKING! Over 10 million million patriots DEMAND justice! UK is FALLING because of foreign agents! RT if you AGREE! Share EVERYWHERE!,1,en,FAKE,220,35
LEAKED: classified file REVEALS that WEF plans to microchip citizens by 2035! Insiders FLEE for their lives! 100% of population at RISK! They are COMING for your freedom of speech! RESIST now!,1,en,FAKE,192,32
"அதிசயம்: a retired teacher ஒரே 7 நாளில் 1,000 கிலோ குறைத்தனர்! மருத்துவர்கள் வெறுக்கும் இந்த ஒரு இரகசிய உத்தி! a tech billionaire தினமும் இதை பயன்படுத்துகிறார்! இன்றே ஆர்டர் செய்யுங்கள்!",1,ta,FAKE,186,25
MIRACLE: a retired teacher LOSES 50 kg in 14 days using ONE weird trick doctors HATE! Experts BAFFLED! a famous actor uses this SECRET daily! ORDER before March 15 — LIMITED SUPPLY!,1,en,FAKE,181,32
Tesla நிறுவனம் record காலாண்டு வருவாய் அறிவித்ததால் Thursday அன்று சந்தை plunged. JPMorgan பகுப்பாய்வாளர்கள் 2035 கணிப்பை 7.5% ஆக திருத்தினர்.,0,ta,REAL,142,17
"Hyderabad-ல் Wednesday அன்று 2,300 புதிய malaria வழக்குகள் பதிவாயின. சுகாதார அதிகாரிகள் நிலைமையை சமாளிக்க mobile units நிறுத்தினர். குடிமக்கள் avoid crowding என்று அறிவுறுத்தப்படுகின்றனர்.",0,ta,REAL,188,20
"இரகசியம் வெளியாயிற்று: lemon water 7 நாளில் dengue-ஐ குணப்படுத்துகிறது! பெரிய நிறுவனங்கள் இதை மறைக்கின்றன! 2,300 மருத்துவர்கள் இதை வெளியிட்டதால் நிறுத்தப்பட்டனர்! விழிப்புணர்வு பெறுங்கள்! Big Pharma cover-up உண்மையானது!",1,ta,FAKE,219,23
LEAKED: leaked email REVEALS that UN plans to control food supply by 2035! Insiders FLEE for their lives! 12% of population at RISK! They are COMING for your freedom of speech! RESIST now!,1,en,FAKE,188,33
"The India government approved a $50 billion budget for defence. The plan, reviewed by cabinet, aims to achieve net-zero by 2030. Opposition parties offered mixed responses.",0,en,REAL,172,26
BREAKING: a famous actor SECRETLY betrays nation! Government HIDING the TRUTH about vaccines! SHARE before they DELETE this! senior official confirms SHOCKING revelation that mainstream media REFUSES to cover. This changes EVERYTHING!,1,en,FAKE,234,32
அதிர்ச்சி செய்தி: a famous actor இரகசியமாக funds terror groups! அரசு 5G towers பற்றிய உண்மையை மறைக்கிறது! DELETE ஆவதற்கு முன் SHARE செய்யுங்கள்! Reuters இந்த அதிர்ச்சிகரமான உண்மையை உறுதிப்படுத்துகிறது!,1,ta,FAKE,201,25
"Oxford-இல் உள்ள ஆராய்ச்சியாளர்கள் Science இதழில் ஆய்வு முடிவுகளை வெளியிட்டனர். 5 ஆண்டுகள் 1,200 பங்கேற்பாளர்களுடன் நடத்தப்பட்ட இந்த ஆய்வு improved accuracy என்று கண்டறிந்தது. சகாக்கள் ஆய்வு முறையை பாராட்டினர்.",0,ta,REAL,209,23
"India அரசு defence துறைக்கு ₹1,000 கோடி நிதி ஒதுக்கியது. cabinet மதிப்பாய்வு செய்த திட்டம் 2025-ல் achieve net-zero நோக்கமாக கொண்டுள்ளது. எதிர்க்கட்சிகள் கலவையான கருத்துக்களை தெரிவித்தன.",0,ta,REAL,186,21
BREAKING: a famous actor SECRETLY funds terror groups! Government HIDING the TRUTH about vaccines! SHARE before they DELETE this! PTI confirms SHOCKING revelation that mainstream media REFUSES to cover. This changes EVERYTHING!,1,en,FAKE,227,32
LEAKED: classified file REVEALS that deep state plans to microchip citizens by 2035! Insiders FLEE for their lives! 45% of population at RISK! They are COMING for your property! RESIST now!,1,en,FAKE,189,31
"Researchers at NUS published findings in Cell showing that doubled lifespan. The study, conducted over 3 years with 500 participants, concludes that diet is key. Peer reviewers praised the methodology.",0,en,REAL,201,30
கசிந்த ஆவணம்: government 2030-ல் control food supply திட்டமிடுகிறது! உள்நாட்டு தகவலாளர்கள் உயிருக்கு பயந்து ஓடுகின்றனர்! மக்களுக்கு privacy ஆபத்தில் உள்ளது! SHARE செய்யுங்கள்!,1,ta,FAKE,175,19
France அரசு education துறைக்கு ₹50 கோடி நிதி ஒதுக்கியது. parliament மதிப்பாய்வு செய்த திட்டம் 2030-ல் eradicate poverty நோக்கமாக கொண்டுள்ளது. எதிர்க்கட்சிகள் கலவையான கருத்துக்களை தெரிவித்தன.,0,ta,REAL,190,21
"Mumbai reported 2,300 new cases of influenza on Tuesday. Health authorities have deployed mobile units to manage the situation. Officials urge residents to wear masks.",0,en,REAL,167,25
"Researchers at BITS Pilani published findings in Science showing that improved accuracy. The study, conducted over 2 years with 500 participants, concludes that early screening saves lives. Peer reviewers praised the methodology.",0,en,REAL,229,32
Germany அரசு agriculture துறைக்கு ₹5 கோடி நிதி ஒதுக்கியது. parliament மதிப்பாய்வு செய்த திட்டம் 2026-ல் eradicate poverty நோக்கமாக கொண்டுள்ளது. எதிர்க்கட்சிகள் கலவையான கருத்துக்களை தெரிவித்தன.,0,ta,REAL,192,21
UK அரசு infrastructure துறைக்கு ₹5 கோடி நிதி ஒதுக்கியது. finance ministry மதிப்பாய்வு செய்த திட்டம் 2026-ல் boost GDP by 7% நோக்கமாக கொண்டுள்ளது. எதிர்க்கட்சிகள் கலவையான கருத்துக்களை தெரிவித்தன.,0,ta,REAL,194,24
"Hyderabad reported 500,000 new cases of influenza on Wednesday. Health authorities have deployed mobile units to manage the situation. Officials urge residents to stay home.",0,en,REAL,173,25
BREAKING: a major politician SECRETLY funds terror groups! Government HIDING the TRUTH about chemtrails! SHARE before they DELETE this! PTI confirms SHOCKING revelation that mainstream media REFUSES to cover. This changes EVERYTHING!,1,en,FAKE,233,32
"LEAKED: classified file REVEALS that WHO plans to microchip citizens by 2030! Insiders FLEE for their lives! 500,000% of population at RISK! They are COMING for your privacy! RESIST now!",1,en,FAKE,186,30
"LEAKED: secret memo REVEALS that WHO plans to microchip citizens by 2035! Insiders FLEE for their lives! 2,300% of population at RISK! They are COMING for your property! RESIST now!",1,en,FAKE,181,30
"Stock markets dipped on Monday as Infosys reported strong quarterly earnings. Analysts at JPMorgan revised their 2025 forecast to 7.5%, citing strong demand.",0,en,REAL,157,23
"The USA government approved a $200 billion budget for defence. The plan, reviewed by expert panel, aims to boost GDP by 7% by 2035. Opposition parties offered mixed responses.",0,en,REAL,175,29
"WHO நிறுவனம் இன்று அறிவித்தது: tax reform December 1 முதல் நடைமுறைக்கு வரும். 21 நாள் ஆலோசனைக்குப் பிறகு அதிகாரிகள் இந்த முடிவை உறுதிப்படுத்தினர். Reuters தெரிவிக்கும் வகையில், இந்த நடவடிக்கை reduce inflation என்று எதிர்பார்க்கப்படுகிறது.",0,ta,REAL,238,28
கசிந்த ஆவணம்: WEF 2035-ல் microchip citizens திட்டமிடுகிறது! உள்நாட்டு தகவலாளர்கள் உயிருக்கு பயந்து ஓடுகின்றனர்! மக்களுக்கு privacy ஆபத்தில் உள்ளது! SHARE செய்யுங்கள்!,1,ta,FAKE,167,18
Chennai reported 12 new cases of influenza on Tuesday. Health authorities have deployed vaccines to manage the situation. Officials urge residents to wear masks.,0,en,REAL,161,24
Reliance நிறுவனம் record காலாண்டு வருவாய் அறிவித்ததால் Friday அன்று சந்தை plunged. Goldman Sachs பகுப்பாய்வாளர்கள் 2027 கணிப்பை 8.1% ஆக திருத்தினர்.,0,ta,REAL,148,18
"Stock markets rose on Thursday as TCS reported disappointing quarterly earnings. Analysts at ICICI revised their 2027 forecast to 6.3%, citing strong demand.",0,en,REAL,157,23
Hyderabad reported 12 new cases of influenza on Monday. Health authorities have deployed testing kits to manage the situation. Officials urge residents to wear masks.,0,en,REAL,166,25
"Researchers at Oxford published findings in NEJM showing that doubled lifespan. The study, conducted over 10 years with 1,200 participants, concludes that lifestyle changes matter. Peer reviewers praised the methodology.",0,en,REAL,220,30
"The UK government approved a $200 billion budget for infrastructure. The plan, reviewed by expert panel, aims to achieve net-zero by 2026. Opposition parties offered mixed responses.",0,en,REAL,182,27
அதிசயம்: a retired teacher ஒரே 30 நாளில் 5 கிலோ குறைத்தனர்! மருத்துவர்கள் வெறுக்கும் இந்த ஒரு இரகசிய உத்தி! a tech billionaire தினமும் இதை பயன்படுத்துகிறார்! இன்றே ஆர்டர் செய்யுங்கள்!,1,ta,FAKE,183,25
கசிந்த ஆவணம்: WHO 2027-ல் control food supply திட்டமிடுகிறது! உள்நாட்டு தகவலாளர்கள் உயிருக்கு பயந்து ஓடுகின்றனர்! மக்களுக்கு privacy ஆபத்தில் உள்ளது! SHARE செய்யுங்கள்!,1,ta,FAKE,168,19
"LEAKED: leaked email REVEALS that government plans to control food supply by 2035! Insiders FLEE for their lives! 500,000% of population at RISK! They are COMING for your privacy! RESIST now!",1,en,FAKE,191,31
UK அரசு healthcare துறைக்கு ₹5 கோடி நிதி ஒதுக்கியது. finance ministry மதிப்பாய்வு செய்த திட்டம் 2025-ல் boost GDP by 7% நோக்கமாக கொண்டுள்ளது. எதிர்க்கட்சிகள் கலவையான கருத்துக்களை தெரிவித்தன.,0,ta,REAL,190,24
கசிந்த ஆவணம்: WHO 2035-ல் microchip citizens திட்டமிடுகிறது! உள்நாட்டு தகவலாளர்கள் உயிருக்கு பயந்து ஓடுகின்றனர்! மக்களுக்கு privacy ஆபத்தில் உள்ளது! SHARE செய்யுங்கள்!,1,ta,FAKE,167,18
"இரகசியம் வெளியாயிற்று: neem 30 நாளில் influenza-ஐ குணப்படுத்துகிறது! பெரிய நிறுவனங்கள் இதை மறைக்கின்றன! 2,300 மருத்துவர்கள் இதை வெளியிட்டதால் நிறுத்தப்பட்டனர்! விழிப்புணர்வு பெறுங்கள்! deep state plot உண்மையானது!",1,ta,FAKE,212,22
BREAKING: a major politician SECRETLY meets foreign spy! Government HIDING the TRUTH about chemtrails! SHARE before they DELETE this! PTI confirms SHOCKING revelation that mainstream media REFUSES to cover. This changes EVERYTHING!,1,en,FAKE,231,32
அதிசயம்: a retired teacher ஒரே 21 நாளில் 50 கிலோ குறைத்தனர்! மருத்துவர்கள் வெறுக்கும் இந்த ஒரு இரகசிய உத்தி! a famous actor தினமும் இதை பயன்படுத்துகிறார்! இன்றே ஆர்டர் செய்யுங்கள்!,1,ta,FAKE,180,25
Reliance நிறுவனம் disappointing காலாண்டு வருவாய் அறிவித்ததால் Wednesday அன்று சந்தை rose. JPMorgan பகுப்பாய்வாளர்கள் 2026 கணிப்பை 7.5% ஆக திருத்தினர்.,0,ta,REAL,150,17
Delhi reported 45 new cases of cholera on Monday. Health authorities have deployed mobile units to manage the situation. Officials urge residents to get vaccinated.,0,en,REAL,164,25
"The UNESCO announced today that tax reform will take effect from March 15. Officials confirmed the decision after 60 days of deliberation. The measure is expected to cut emissions, according to AFP.",0,en,REAL,198,32
EXCLUSIVE: Scientists DISCOVER that coconut oil CURES dengue in just 21 days! Big Pharma DOESN'T want you to know! 10 million doctors SILENCED for revealing this! WAKE UP! The New World Order is REAL!,1,en,FAKE,200,34
"Kolkata-ல் Friday அன்று 2,300 புதிய cholera வழக்குகள் பதிவாயின. சுகாதார அதிகாரிகள் நிலைமையை சமாளிக்க vaccines நிறுத்தினர். குடிமக்கள் avoid crowding என்று அறிவுறுத்தப்படுகின்றனர்.",0,ta,REAL,179,19
"The RBI announced today that new trade agreement will take effect from April 5. Officials confirmed the decision after 21 days of deliberation. The measure is expected to improve healthcare, according to ministry spokesperson.",0,en,REAL,226,34
Kolkata-ல் Wednesday அன்று 100 புதிய cholera வழக்குகள் பதிவாயின. சுகாதார அதிகாரிகள் நிலைமையை சமாளிக்க vaccines நிறுத்தினர். குடிமக்கள் get vaccinated என்று அறிவுறுத்தப்படுகின்றனர்.,0,ta,REAL,180,19
"WHO நிறுவனம் இன்று அறிவித்தது: climate policy January 1 முதல் நடைமுறைக்கு வரும். 14 நாள் ஆலோசனைக்குப் பிறகு அதிகாரிகள் இந்த முடிவை உறுதிப்படுத்தினர். PTI தெரிவிக்கும் வகையில், இந்த நடவடிக்கை improve healthcare என்று எதிர்பார்க்கப்படுகிறது.",0,ta,REAL,239,28
"ALERT: a governor caught lying under oath on camera — VIDEO PROOF! Deep state PANICKING! Over 2,300 million patriots DEMAND justice! Germany is FALLING because of foreign agents! RT if you AGREE! Share EVERYWHERE!",1,en,FAKE,213,34
"The WHO announced today that tax reform will take effect from June 30. Officials confirmed the decision after 14 days of deliberation. The measure is expected to improve healthcare, according to ministry spokesperson.",0,en,REAL,217,33
"Stock markets fell on Monday as Reliance reported record quarterly earnings. Analysts at ICICI revised their 2035 forecast to 4.2%, citing innovation.",0,en,REAL,150,22
ALERT: the opposition leader caught accepting bribe on camera — VIDEO PROOF! Deep state PANICKING! Over 12 million patriots DEMAND justice! India is FALLING because of immigrants! RT if you AGREE! Share EVERYWHERE!,1,en,FAKE,214,33
"Stock markets fell on Wednesday as Google reported mixed quarterly earnings. Analysts at ICICI revised their 2025 forecast to 8.1%, citing supply chain issues.",0,en,REAL,159,24
"Researchers at IIT Madras published findings in NEJM showing that doubled lifespan. The study, conducted over 3 years with 1,200 participants, concludes that early screening saves lives. Peer reviewers praised the methodology.",0,en,REAL,226,32
EXCLUSIVE: Scientists DISCOVER that lemon water CURES COVID-19 in just 60 days! Big Pharma DOESN'T want you to know! 12 doctors SILENCED for revealing this! WAKE UP! The Big Pharma cover-up is REAL!,1,en,FAKE,198,33
"Stock markets rose on Friday as Reliance reported strong quarterly earnings. Analysts at Morgan Stanley revised their 2027 forecast to 6.3%, citing supply chain issues.",0,en,REAL,168,25
Kolkata reported 100 new cases of dengue on Thursday. Health authorities have deployed medical teams to manage the situation. Officials urge residents to avoid crowding.,0,en,REAL,169,25
MIRACLE: a retired teacher LOSES 50 kg in 30 days using ONE weird trick doctors HATE! Experts BAFFLED! a major politician uses this SECRET daily! ORDER before April 5 — LIMITED SUPPLY!,1,en,FAKE,184,32
"The ISRO announced today that tax reform will take effect from December 1. Officials confirmed the decision after 21 days of deliberation. The measure is expected to boost employment, according to senior official.",0,en,REAL,213,33
"ISRO நிறுவனம் இன்று அறிவித்தது: vaccine mandate December 1 முதல் நடைமுறைக்கு வரும். 7 நாள் ஆலோசனைக்குப் பிறகு அதிகாரிகள் இந்த முடிவை உறுதிப்படுத்தினர். AFP தெரிவிக்கும் வகையில், இந்த நடவடிக்கை cut emissions என்று எதிர்பார்க்கப்படுகிறது.",0,ta,REAL,236,28
Bengaluru reported 10 million new cases of COVID-19 on Thursday. Health authorities have deployed mobile units to manage the situation. Officials urge residents to stay home.,0,en,REAL,174,26
BREAKING: a tech billionaire SECRETLY funds terror groups! Government HIDING the TRUTH about 5G towers! SHARE before they DELETE this! Reuters confirms SHOCKING revelation that mainstream media REFUSES to cover. This changes EVERYTHING!,1,en,FAKE,236,33
Chennai-ல் Tuesday அன்று 45 புதிய cholera வழக்குகள் பதிவாயின. சுகாதார அதிகாரிகள் நிலைமையை சமாளிக்க vaccines நிறுத்தினர். குடிமக்கள் get vaccinated என்று அறிவுறுத்தப்படுகின்றனர்.,0,ta,REAL,177,19
"Mumbai reported 2,300 new cases of influenza on Wednesday. Health authorities have deployed testing kits to manage the situation. Officials urge residents to stay home.",0,en,REAL,168,25
இரகசியம் வெளியாயிற்று: coconut oil 30 நாளில் malaria-ஐ குணப்படுத்துகிறது! பெரிய நிறுவனங்கள் இதை மறைக்கின்றன! 10 million மருத்துவர்கள் இதை வெளியிட்டதால் நிறுத்தப்பட்டனர்! விழிப்புணர்வு பெறுங்கள்! Big Pharma cover-up உண்மையானது!,1,ta,FAKE,226,24
LEAKED: classified file REVEALS that UN plans to control food supply by 2030! Insiders FLEE for their lives! 10 million% of population at RISK! They are COMING for your gun rights! RESIST now!,1,en,FAKE,192,33
"இரகசியம் வெளியாயிற்று: lemon water 21 நாளில் dengue-ஐ குணப்படுத்துகிறது! பெரிய நிறுவனங்கள் இதை மறைக்கின்றன! 500,000 மருத்துவர்கள் இதை வெளியிட்டதால் நிறுத்தப்பட்டனர்! விழிப்புணர்வு பெறுங்கள்! deep state plot உண்மையானது!",1,ta,FAKE,218,23
அதிசயம்: a mother of three ஒரே 7 நாளில் 12 கிலோ குறைத்தனர்! மருத்துவர்கள் வெறுக்கும் இந்த ஒரு இரகசிய உத்தி! a tech billionaire தினமும் இதை பயன்படுத்துகிறார்! இன்றே ஆர்டர் செய்யுங்கள்!,1,ta,FAKE,183,26
அதிர்ச்சி செய்தி: a tech billionaire இரகசியமாக meets foreign spy! அரசு vaccines பற்றிய உண்மையை மறைக்கிறது! DELETE ஆவதற்கு முன் SHARE செய்யுங்கள்! AFP இந்த அதிர்ச்சிகரமான உண்மையை உறுதிப்படுத்துகிறது!,1,ta,FAKE,198,24
Tesla நிறுவனம் mixed காலாண்டு வருவாய் அறிவித்ததால் Thursday அன்று சந்தை rallied. JPMorgan பகுப்பாய்வாளர்கள் 2030 கணிப்பை 6.3% ஆக திருத்தினர்.,0,ta,REAL,141,17
"SEBI நிறுவனம் இன்று அறிவித்தது: new trade agreement June 30 முதல் நடைமுறைக்கு வரும். 60 நாள் ஆலோசனைக்குப் பிறகு அதிகாரிகள் இந்த முடிவை உறுதிப்படுத்தினர். senior official தெரிவிக்கும் வகையில், இந்த நடவடிக்கை cut emissions என்று எதிர்பார்க்கப்படுகிறது.",0,ta,REAL,250,30
MIRACLE: a retired teacher LOSES 200 kg in 30 days using ONE weird trick doctors HATE! Experts BAFFLED! a famous actor uses this SECRET daily! ORDER before June 30 — LIMITED SUPPLY!,1,en,FAKE,181,32
BREAKING: a major politician SECRETLY betrays nation! Government HIDING the TRUTH about vaccines! SHARE before they DELETE this! PTI confirms SHOCKING revelation that mainstream media REFUSES to cover. This changes EVERYTHING!,1,en,FAKE,226,31
கசிந்த ஆவணம்: deep state 2027-ல் censor internet திட்டமிடுகிறது! உள்நாட்டு தகவலாளர்கள் உயிருக்கு பயந்து ஓடுகின்றனர்! மக்களுக்கு freedom of speech ஆபத்தில் உள்ளது! SHARE செய்யுங்கள்!,1,ta,FAKE,181,21
அதிர்ச்சி செய்தி: a major politician இரகசியமாக meets foreign spy! அரசு climate பற்றிய உண்மையை மறைக்கிறது! DELETE ஆவதற்கு முன் SHARE செய்யுங்கள்! AFP இந்த அதிர்ச்சிகரமான உண்மையை உறுதிப்படுத்துகிறது!,1,ta,FAKE,197,24
NUS-இல் உள்ள ஆராய்ச்சியாளர்கள் Cell இதழில் ஆய்வு முடிவுகளை வெளியிட்டனர். 10 ஆண்டுகள் 500 பங்கேற்பாளர்களுடன் நடத்தப்பட்ட இந்த ஆய்வு doubled lifespan என்று கண்டறிந்தது. சகாக்கள் ஆய்வு முறையை பாராட்டினர்.,0,ta,REAL,201,23
"அம்பலம்: a governor கேமராவில் hiding documents பிடிக்கப்பட்டனர்! 500,000 லட்சம் மக்கள் நீதி கோருகின்றனர்! Germany elites காரணமாக நலிவடைகிறது! உடனே பகிருங்கள்!",1,ta,FAKE,158,18
அதிசயம்: a retired teacher ஒரே 7 நாளில் 50 கிலோ குறைத்தனர்! மருத்துவர்கள் வெறுக்கும் இந்த ஒரு இரகசிய உத்தி! a major politician தினமும் இதை பயன்படுத்துகிறார்! இன்றே ஆர்டர் செய்யுங்கள்!,1,ta,FAKE,183,25
LEAKED: leaked email REVEALS that WEF plans to censor internet by 2035! Insiders FLEE for their lives! 12% of population at RISK! They are COMING for your privacy! RESIST now!,1,en,FAKE,175,30
அதிர்ச்சி செய்தி: a major politician இரகசியமாக meets foreign spy! அரசு 5G towers பற்றிய உண்மையை மறைக்கிறது! DELETE ஆவதற்கு முன் SHARE செய்யுங்கள்! senior official இந்த அதிர்ச்சிகரமான உண்மையை உறுதிப்படுத்துகிறது!,1,ta,FAKE,211,26
"Oxford-இல் உள்ள ஆராய்ச்சியாளர்கள் Science இதழில் ஆய்வு முடிவுகளை வெளியிட்டனர். 3 ஆண்டுகள் 5,000 பங்கேற்பாளர்களுடன் நடத்தப்பட்ட இந்த ஆய்வு reduced risk by 40% என்று கண்டறிந்தது. சகாக்கள் ஆய்வு முறையை பாராட்டினர்.",0,ta,REAL,211,25
BREAKING: a major politician SECRETLY meets foreign spy! Government HIDING the TRUTH about chemtrails! SHARE before they DELETE this! senior official confirms SHOCKING revelation that mainstream media REFUSES to cover. This changes EVERYTHING!,1,en,FAKE,243,33
"MIRACLE: a local farmer LOSES 1,000 kg in 60 days using ONE weird trick doctors HATE! Experts BAFFLED! a famous actor uses this SECRET daily! ORDER before April 5 — LIMITED SUPPLY!",1,en,FAKE,180,32
BREAKING: a tech billionaire SECRETLY betrays nation! Government HIDING the TRUTH about chemtrails! SHARE before they DELETE this! ministry spokesperson confirms SHOCKING revelation that mainstream media REFUSES to cover. This changes EVERYTHING!,1,en,FAKE,246,32
UK அரசு education துறைக்கு ₹12 கோடி நிதி ஒதுக்கியது. parliament மதிப்பாய்வு செய்த திட்டம் 2030-ல் achieve net-zero நோக்கமாக கொண்டுள்ளது. எதிர்க்கட்சிகள் கலவையான கருத்துக்களை தெரிவித்தன.,0,ta,REAL,185,21
LEAKED: classified file REVEALS that government plans to control food supply by 2027! Insiders FLEE for their lives! 10 million% of population at RISK! They are COMING for your property! RESIST now!,1,en,FAKE,198,32
அதிர்ச்சி செய்தி: a tech billionaire இரகசியமாக betrays nation! அரசு 5G towers பற்றிய உண்மையை மறைக்கிறது! DELETE ஆவதற்கு முன் SHARE செய்யுங்கள்! AFP இந்த அதிர்ச்சிகரமான உண்மையை உறுதிப்படுத்துகிறது!,1,ta,FAKE,196,24
"NUS-இல் உள்ள ஆராய்ச்சியாளர்கள் Science இதழில் ஆய்வு முடிவுகளை வெளியிட்டனர். 2 ஆண்டுகள் 5,000 பங்கேற்பாளர்களுடன் நடத்தப்பட்ட இந்த ஆய்வு improved accuracy என்று கண்டறிந்தது. சகாக்கள் ஆய்வு முறையை பாராட்டினர்.",0,ta,REAL,206,23
"India அரசு defence துறைக்கு ₹1,000 கோடி நிதி ஒதுக்கியது. cabinet மதிப்பாய்வு செய்த திட்டம் 2026-ல் achieve net-zero நோக்கமாக கொண்டுள்ளது. எதிர்க்கட்சிகள் கலவையான கருத்துக்களை தெரிவித்தன.",0,ta,REAL,186,21
France அரசு infrastructure துறைக்கு ₹50 கோடி நிதி ஒதுக்கியது. finance ministry மதிப்பாய்வு செய்த திட்டம் 2030-ல் boost GDP by 7% நோக்கமாக கொண்டுள்ளது. எதிர்க்கட்சிகள் கலவையான கருத்துக்களை தெரிவித்தன.,0,ta,REAL,199,24
"Stock markets rose on Wednesday as TCS reported stellar quarterly earnings. Analysts at Goldman Sachs revised their 2026 forecast to 9.0%, citing innovation.",0,en,REAL,157,23
கசிந்த ஆவணம்: WEF 2027-ல் censor internet திட்டமிடுகிறது! உள்நாட்டு தகவலாளர்கள் உயிருக்கு பயந்து ஓடுகின்றனர்! மக்களுக்கு privacy ஆபத்தில் உள்ளது! SHARE செய்யுங்கள்!,1,ta,FAKE,164,18
LEAKED: leaked email REVEALS that WEF plans to censor internet by 2035! Insiders FLEE for their lives! 45% of population at RISK! They are COMING for your privacy! RESIST now!,1,en,FAKE,175,30
"Researchers at BITS Pilani published findings in Lancet showing that cut costs by 30%. The study, conducted over 2 years with 5,000 participants, concludes that lifestyle changes matter. Peer reviewers praised the methodology.",0,en,REAL,226,33
"UNESCO நிறுவனம் இன்று அறிவித்தது: vaccine mandate March 15 முதல் நடைமுறைக்கு வரும். 60 நாள் ஆலோசனைக்குப் பிறகு அதிகாரிகள் இந்த முடிவை உறுதிப்படுத்தினர். PTI தெரிவிக்கும் வகையில், இந்த நடவடிக்கை boost employment என்று எதிர்பார்க்கப்படுகிறது.",0,ta,REAL,240,28
அதிர்ச்சி செய்தி: a tech billionaire இரகசியமாக betrays nation! அரசு water supply பற்றிய உண்மையை மறைக்கிறது! DELETE ஆவதற்கு முன் SHARE செய்யுங்கள்! AFP இந்த அதிர்ச்சிகரமான உண்மையை உறுதிப்படுத்துகிறது!,1,ta,FAKE,199,24
BREAKING: a famous actor SECRETLY betrays nation! Government HIDING the TRUTH about climate! SHARE before they DELETE this! Reuters confirms SHOCKING revelation that mainstream media REFUSES to cover. This changes EVERYTHING!,1,en,FAKE,225,31
அதிசயம்: a retired teacher ஒரே 21 நாளில் 5 கிலோ குறைத்தனர்! மருத்துவர்கள் வெறுக்கும் இந்த ஒரு இரகசிய உத்தி! a major politician தினமும் இதை பயன்படுத்துகிறார்! இன்றே ஆர்டர் செய்யுங்கள்!,1,ta,FAKE,183,25
"Stock markets plunged on Friday as TCS reported disappointing quarterly earnings. Analysts at Citi revised their 2026 forecast to 7.5%, citing cost pressures.",0,en,REAL,158,23
"The Japan government approved a $5 billion budget for defence. The plan, reviewed by finance ministry, aims to boost GDP by 7% by 2035. Opposition parties offered mixed responses.",0,en,REAL,179,29
கசிந்த ஆவணம்: government 2035-ல் control food supply திட்டமிடுகிறது! உள்நாட்டு தகவலாளர்கள் உயிருக்கு பயந்து ஓடுகின்றனர்! மக்களுக்கு gun rights ஆபத்தில் உள்ளது! SHARE செய்யுங்கள்!,1,ta,FAKE,178,20
Chennai-ல் Monday அன்று 45 புதிய cholera வழக்குகள் பதிவாயின. சுகாதார அதிகாரிகள் நிலைமையை சமாளிக்க mobile units நிறுத்தினர். குடிமக்கள் avoid crowding என்று அறிவுறுத்தப்படுகின்றனர்.,0,ta,REAL,180,20
"SEBI நிறுவனம் இன்று அறிவித்தது: new trade agreement April 5 முதல் நடைமுறைக்கு வரும். 90 நாள் ஆலோசனைக்குப் பிறகு அதிகாரிகள் இந்த முடிவை உறுதிப்படுத்தினர். Reuters தெரிவிக்கும் வகையில், இந்த நடவடிக்கை cut emissions என்று எதிர்பார்க்கப்படுகிறது.",0,ta,REAL,242,29
"Stock markets plunged on Wednesday as Tesla reported record quarterly earnings. Analysts at ICICI revised their 2026 forecast to 7.5%, citing innovation.",0,en,REAL,153,22
HDFC நிறுவனம் stellar காலாண்டு வருவாய் அறிவித்ததால் Wednesday அன்று சந்தை fell. Goldman Sachs பகுப்பாய்வாளர்கள் 2025 கணிப்பை 9.0% ஆக திருத்தினர்.,0,ta,REAL,145,18
"The India government approved a $12 billion budget for healthcare. The plan, reviewed by cabinet, aims to eradicate poverty by 2030. Opposition parties offered mixed responses.",0,en,REAL,176,26
"USA அரசு agriculture துறைக்கு ₹2,500 கோடி நிதி ஒதுக்கியது. finance ministry மதிப்பாய்வு செய்த திட்டம் 2026-ல் achieve net-zero நோக்கமாக கொண்டுள்ளது. எதிர்க்கட்சிகள் கலவையான கருத்துக்களை தெரிவித்தன.",0,ta,REAL,197,22
LEAKED: leaked email REVEALS that government plans to censor internet by 2025! Insiders FLEE for their lives! 10 million% of population at RISK! They are COMING for your privacy! RESIST now!,1,en,FAKE,190,31
"அதிசயம்: a retired teacher ஒரே 14 நாளில் 2,500 கிலோ குறைத்தனர்! மருத்துவர்கள் வெறுக்கும் இந்த ஒரு இரகசிய உத்தி! a famous actor தினமும் இதை பயன்படுத்துகிறார்! இன்றே ஆர்டர் செய்யுங்கள்!",1,ta,FAKE,183,25
EXCLUSIVE: Scientists DISCOVER that garlic CURES malaria in just 21 days! Big Pharma DOESN'T want you to know! 45 doctors SILENCED for revealing this! WAKE UP! The deep state plot is REAL!,1,en,FAKE,188,32
"அம்பலம்: a governor கேமராவில் accepting bribe பிடிக்கப்பட்டனர்! 500,000 லட்சம் மக்கள் நீதி கோருகின்றனர்! Japan immigrants காரணமாக நலிவடைகிறது! உடனே பகிருங்கள்!",1,ta,FAKE,159,18
"அதிசயம்: a retired teacher ஒரே 30 நாளில் 2,500 கிலோ குறைத்தனர்! மருத்துவர்கள் வெறுக்கும் இந்த ஒரு இரகசிய உத்தி! a famous actor தினமும் இதை பயன்படுத்துகிறார்! இன்றே ஆர்டர் செய்யுங்கள்!",1,ta,FAKE,183,25
Chennai-ல் Tuesday அன்று 12 புதிய malaria வழக்குகள் பதிவாயின. சுகாதார அதிகாரிகள் நிலைமையை சமாளிக்க testing kits நிறுத்தினர். குடிமக்கள் avoid crowding என்று அறிவுறுத்தப்படுகின்றனர்.,0,ta,REAL,181,20
"Stock markets surged on Monday as Infosys reported record quarterly earnings. Analysts at Morgan Stanley revised their 2027 forecast to 6.3%, citing innovation.",0,en,REAL,160,23
MIRACLE: a retired teacher LOSES 5 kg in 30 days using ONE weird trick doctors HATE! Experts BAFFLED! a major politician uses this SECRET daily! ORDER before December 1 — LIMITED SUPPLY!,1,en,FAKE,186,32
அம்பலம்: the opposition leader கேமராவில் hiding documents பிடிக்கப்பட்டனர்! 10 million லட்சம் மக்கள் நீதி கோருகின்றனர்! Germany globalists காரணமாக நலிவடைகிறது! உடனே பகிருங்கள்!,1,ta,FAKE,176,20
அம்பலம்: a governor கேமராவில் lying under oath பிடிக்கப்பட்டனர்! 12 லட்சம் மக்கள் நீதி கோருகின்றனர்! USA immigrants காரணமாக நலிவடைகிறது! உடனே பகிருங்கள்!,1,ta,FAKE,153,19
இரகசியம் வெளியாயிற்று: coconut oil 90 நாளில் cholera-ஐ குணப்படுத்துகிறது! பெரிய நிறுவனங்கள் இதை மறைக்கின்றன! 100 மருத்துவர்கள் இதை வெளியிட்டதால் நிறுத்தப்பட்டனர்! விழிப்புணர்வு பெறுங்கள்! deep state plot உண்மையானது!,1,ta,FAKE,215,23
அதிசயம்: a retired teacher ஒரே 14 நாளில் 200 கிலோ குறைத்தனர்! மருத்துவர்கள் வெறுக்கும் இந்த ஒரு இரகசிய உத்தி! a famous actor தினமும் இதை பயன்படுத்துகிறார்! இன்றே ஆர்டர் செய்யுங்கள்!,1,ta,FAKE,181,25
கசிந்த ஆவணம்: government 2026-ல் control food supply திட்டமிடுகிறது! உள்நாட்டு தகவலாளர்கள் உயிருக்கு பயந்து ஓடுகின்றனர்! மக்களுக்கு gun rights ஆபத்தில் உள்ளது! SHARE செய்யுங்கள்!,1,ta,FAKE,178,20
ALERT: a governor caught accepting bribe on camera — VIDEO PROOF! Deep state PANICKING! Over 100 million patriots DEMAND justice! India is FALLING because of globalists! RT if you AGREE! Share EVERYWHERE!,1,en,FAKE,204,32
"Oxford-இல் உள்ள ஆராய்ச்சியாளர்கள் Lancet இதழில் ஆய்வு முடிவுகளை வெளியிட்டனர். 10 ஆண்டுகள் 10,000 பங்கேற்பாளர்களுடன் நடத்தப்பட்ட இந்த ஆய்வு cut costs by 30% என்று கண்டறிந்தது. சகாக்கள் ஆய்வு முறையை பாராட்டினர்.",0,ta,REAL,209,25
அதிசயம்: a mother of three ஒரே 30 நாளில் 5 கிலோ குறைத்தனர்! மருத்துவர்கள் வெறுக்கும் இந்த ஒரு இரகசிய உத்தி! a tech billionaire தினமும் இதை பயன்படுத்துகிறார்! இன்றே ஆர்டர் செய்யுங்கள்!,1,ta,FAKE,183,26
"Researchers at MIT published findings in NEJM showing that reduced risk by 40%. The study, conducted over 2 years with 1,200 participants, concludes that lifestyle changes matter. Peer reviewers praised the methodology.",0,en,REAL,219,32
"ALERT: a governor caught accepting bribe on camera — VIDEO PROOF! Deep state PANICKING! Over 2,300 million patriots DEMAND justice! France is FALLING because of elites! RT if you AGREE! Share EVERYWHERE!",1,en,FAKE,203,32
"ALERT: the opposition leader caught accepting bribe on camera — VIDEO PROOF! Deep state PANICKING! Over 2,300 million patriots DEMAND justice! Germany is FALLING because of immigrants! RT if you AGREE! Share EVERYWHERE!",1,en,FAKE,219,33
"MIRACLE: a local farmer LOSES 1,000 kg in 7 days using ONE weird trick doctors HATE! Experts BAFFLED! a major politician uses this SECRET daily! ORDER before December 1 — LIMITED SUPPLY!",1,en,FAKE,186,32
"Researchers at NUS published findings in Science showing that reduced risk by 40%. The study, conducted over 5 years with 1,200 participants, concludes that lifestyle changes matter. Peer reviewers praised the methodology.",0,en,REAL,222,32
ALERT: a senior minister caught lying under oath on camera — VIDEO PROOF! Deep state PANICKING! Over 12 million patriots DEMAND justice! UK is FALLING because of foreign agents! RT if you AGREE! Share EVERYWHERE!,1,en,FAKE,212,35
UK அரசு healthcare துறைக்கு ₹200 கோடி நிதி ஒதுக்கியது. expert panel மதிப்பாய்வு செய்த திட்டம் 2035-ல் boost GDP by 7% நோக்கமாக கொண்டுள்ளது. எதிர்க்கட்சிகள் கலவையான கருத்துக்களை தெரிவித்தன.,0,ta,REAL,188,24
MIT-இல் உள்ள ஆராய்ச்சியாளர்கள் Nature இதழில் ஆய்வு முடிவுகளை வெளியிட்டனர். 5 ஆண்டுகள் 500 பங்கேற்பாளர்களுடன் நடத்தப்பட்ட இந்த ஆய்வு reduced risk by 40% என்று கண்டறிந்தது. சகாக்கள் ஆய்வு முறையை பாராட்டினர்.,0,ta,REAL,205,25
Apple நிறுவனம் stellar காலாண்டு வருவாய் அறிவித்ததால் Monday அன்று சந்தை dipped. Morgan Stanley பகுப்பாய்வாளர்கள் 2035 கணிப்பை 7.5% ஆக திருத்தினர்.,0,ta,REAL,146,18
"The UN announced today that new trade agreement will take effect from June 30. Officials confirmed the decision after 7 days of deliberation. The measure is expected to improve healthcare, according to Reuters.",0,en,REAL,210,33
Bengaluru-ல் Thursday அன்று 45 புதிய COVID-19 வழக்குகள் பதிவாயின. சுகாதார அதிகாரிகள் நிலைமையை சமாளிக்க testing kits நிறுத்தினர். குடிமக்கள் stay home என்று அறிவுறுத்தப்படுகின்றனர்.,0,ta,REAL,180,20
"The USA government approved a $1,000 billion budget for education. The plan, reviewed by finance ministry, aims to achieve net-zero by 2030. Opposition parties offered mixed responses.",0,en,REAL,184,27
"Stock markets rose on Tuesday as Apple reported disappointing quarterly earnings. Analysts at Citi revised their 2035 forecast to 9.0%, citing innovation.",0,en,REAL,154,22
"The ISRO announced today that new trade agreement will take effect from December 1. Officials confirmed the decision after 30 days of deliberation. The measure is expected to boost employment, according to AFP.",0,en,REAL,210,33
"Researchers at Oxford published findings in NEJM showing that reduced risk by 40%. The study, conducted over 2 years with 5,000 participants, concludes that early screening saves lives. Peer reviewers praised the methodology.",0,en,REAL,225,33
Chennai reported 100 new cases of malaria on Friday. Health authorities have deployed mobile units to manage the situation. Officials urge residents to wear masks.,0,en,REAL,163,25
Hyderabad reported 100 new cases of cholera on Friday. Health authorities have deployed vaccines to manage the situation. Officials urge residents to avoid crowding.,0,en,REAL,165,24
"The SEBI announced today that tax reform will take effect from March 15. Officials confirmed the decision after 21 days of deliberation. The measure is expected to improve healthcare, according to ministry spokesperson.",0,en,REAL,219,33
Apple நிறுவனம் disappointing காலாண்டு வருவாய் அறிவித்ததால் Tuesday அன்று சந்தை fell. ICICI பகுப்பாய்வாளர்கள் 2025 கணிப்பை 8.1% ஆக திருத்தினர்.,0,ta,REAL,142,17
அதிர்ச்சி செய்தி: a famous actor இரகசியமாக meets foreign spy! அரசு climate பற்றிய உண்மையை மறைக்கிறது! DELETE ஆவதற்கு முன் SHARE செய்யுங்கள்! PTI இந்த அதிர்ச்சிகரமான உண்மையை உறுதிப்படுத்துகிறது!,1,ta,FAKE,193,24
BREAKING: a tech billionaire SECRETLY betrays nation! Government HIDING the TRUTH about 5G towers! SHARE before they DELETE this! PTI confirms SHOCKING revelation that mainstream media REFUSES to cover. This changes EVERYTHING!,1,en,FAKE,227,32
அதிர்ச்சி செய்தி: a tech billionaire இரகசியமாக funds terror groups! அரசு water supply பற்றிய உண்மையை மறைக்கிறது! DELETE ஆவதற்கு முன் SHARE செய்யுங்கள்! senior official இந்த அதிர்ச்சிகரமான உண்மையை உறுதிப்படுத்துகிறது!,1,ta,FAKE,216,26
Delhi reported 45 new cases of COVID-19 on Monday. Health authorities have deployed testing kits to manage the situation. Officials urge residents to stay home.,0,en,REAL,160,25
"UN நிறுவனம் இன்று அறிவித்தது: new trade agreement March 15 முதல் நடைமுறைக்கு வரும். 21 நாள் ஆலோசனைக்குப் பிறகு அதிகாரிகள் இந்த முடிவை உறுதிப்படுத்தினர். senior official தெரிவிக்கும் வகையில், இந்த நடவடிக்கை reduce inflation என்று எதிர்பார்க்கப்படுகிறது.",0,ta,REAL,252,30
"ALERT: a senior minister caught hiding documents on camera — VIDEO PROOF! Deep state PANICKING! Over 2,300 million patriots DEMAND justice! Germany is FALLING because of foreign agents! RT if you AGREE! Share EVERYWHERE!",1,en,FAKE,220,34
Japan அரசு infrastructure துறைக்கு ₹5 கோடி நிதி ஒதுக்கியது. parliament மதிப்பாய்வு செய்த திட்டம் 2027-ல் achieve net-zero நோக்கமாக கொண்டுள்ளது. எதிர்க்கட்சிகள் கலவையான கருத்துக்களை தெரிவித்தன.,0,ta,REAL,192,21
LEAKED: leaked email REVEALS that UN plans to control food supply by 2035! Insiders FLEE for their lives! 10 million% of population at RISK! They are COMING for your property! RESIST now!,1,en,FAKE,187,32
"The France government approved a $1,000 billion budget for agriculture. The plan, reviewed by parliament, aims to achieve net-zero by 2026. Opposition parties offered mixed responses.",0,en,REAL,183,26
Mumbai reported 10 million new cases of malaria on Tuesday. Health authorities have deployed mobile units to manage the situation. Officials urge residents to avoid crowding.,0,en,REAL,174,26
UK அரசு education துறைக்கு ₹5 கோடி நிதி ஒதுக்கியது. parliament மதிப்பாய்வு செய்த திட்டம் 2025-ல் achieve net-zero நோக்கமாக கொண்டுள்ளது. எதிர்க்கட்சிகள் கலவையான கருத்துக்களை தெரிவித்தன.,0,ta,REAL,184,21
"The India government approved a $5 billion budget for defence. The plan, reviewed by finance ministry, aims to achieve net-zero by 2035. Opposition parties offered mixed responses.",0,en,REAL,180,27
Germany அரசு education துறைக்கு ₹200 கோடி நிதி ஒதுக்கியது. cabinet மதிப்பாய்வு செய்த திட்டம் 2030-ல் boost GDP by 7% நோக்கமாக கொண்டுள்ளது. எதிர்க்கட்சிகள் கலவையான கருத்துக்களை தெரிவித்தன.,0,ta,REAL,187,23
ALERT: a senior minister caught accepting bribe on camera — VIDEO PROOF! Deep state PANICKING! Over 10 million million patriots DEMAND justice! Germany is FALLING because of globalists! RT if you AGREE! Share EVERYWHERE!,1,en,FAKE,220,34
"RBI நிறுவனம் இன்று அறிவித்தது: new trade agreement June 30 முதல் நடைமுறைக்கு வரும். 14 நாள் ஆலோசனைக்குப் பிறகு அதிகாரிகள் இந்த முடிவை உறுதிப்படுத்தினர். ministry spokesperson தெரிவிக்கும் வகையில், இந்த நடவடிக்கை improve healthcare என்று எதிர்பார்க்கப்படுகிறது.",0,ta,REAL,260,30
"Japan அரசு infrastructure துறைக்கு ₹1,000 கோடி நிதி ஒதுக்கியது. finance ministry மதிப்பாய்வு செய்த திட்டம் 2030-ல் boost GDP by 7% நோக்கமாக கொண்டுள்ளது. எதிர்க்கட்சிகள் கலவையான கருத்துக்களை தெரிவித்தன.",0,ta,REAL,201,24
"EXCLUSIVE: Scientists DISCOVER that coconut oil CURES influenza in just 21 days! Big Pharma DOESN'T want you to know! 2,300 doctors SILENCED for revealing this! WAKE UP! The Big Pharma cover-up is REAL!",1,en,FAKE,202,33
அதிசயம்: a local farmer ஒரே 14 நாளில் 50 கிலோ குறைத்தனர்! மருத்துவர்கள் வெறுக்கும் இந்த ஒரு இரகசிய உத்தி! a tech billionaire தினமும் இதை பயன்படுத்துகிறார்! இன்றே ஆர்டர் செய்யுங்கள்!,1,ta,FAKE,181,25
"Oxford-இல் உள்ள ஆராய்ச்சியாளர்கள் Nature இதழில் ஆய்வு முடிவுகளை வெளியிட்டனர். 10 ஆண்டுகள் 1,200 பங்கேற்பாளர்களுடன் நடத்தப்பட்ட இந்த ஆய்வு cut costs by 30% என்று கண்டறிந்தது. சகாக்கள் ஆய்வு முறையை பாராட்டினர்.",0,ta,REAL,208,25
"Hyderabad-ல் Friday அன்று 500,000 புதிய cholera வழக்குகள் பதிவாயின. சுகாதார அதிகாரிகள் நிலைமையை சமாளிக்க medical teams நிறுத்தினர். குடிமக்கள் stay home என்று அறிவுறுத்தப்படுகின்றனர்.",0,ta,REAL,183,20
BREAKING: a major politician SECRETLY betrays nation! Government HIDING the TRUTH about vaccines! SHARE before they DELETE this! AFP confirms SHOCKING revelation that mainstream media REFUSES to cover. This changes EVERYTHING!,1,en,FAKE,226,31
"ALERT: a senior minister caught accepting bribe on camera — VIDEO PROOF! Deep state PANICKING! Over 500,000 million patriots DEMAND justice! India is FALLING because of immigrants! RT if you AGREE! Share EVERYWHERE!",1,en,FAKE,215,33
ALERT: the opposition leader caught hiding documents on camera — VIDEO PROOF! Deep state PANICKING! Over 45 million patriots DEMAND justice! Germany is FALLING because of immigrants! RT if you AGREE! Share EVERYWHERE!,1,en,FAKE,217,33
MIRACLE: a local farmer LOSES 50 kg in 7 days using ONE weird trick doctors HATE! Experts BAFFLED! a major politician uses this SECRET daily! ORDER before March 15 — LIMITED SUPPLY!,1,en,FAKE,181,32
அம்பலம்: a senior minister கேமராவில் lying under oath பிடிக்கப்பட்டனர்! 12 லட்சம் மக்கள் நீதி கோருகின்றனர்! Japan globalists காரணமாக நலிவடைகிறது! உடனே பகிருங்கள்!,1,ta,FAKE,162,20
அதிசயம்: a local farmer ஒரே 90 நாளில் 200 கிலோ குறைத்தனர்! மருத்துவர்கள் வெறுக்கும் இந்த ஒரு இரகசிய உத்தி! a major politician தினமும் இதை பயன்படுத்துகிறார்! இன்றே ஆர்டர் செய்யுங்கள்!,1,ta,FAKE,182,25
"The WHO announced today that vaccine mandate will take effect from June 30. Officials confirmed the decision after 7 days of deliberation. The measure is expected to cut emissions, according to senior official.",0,en,REAL,210,33
Mumbai-ல் Wednesday அன்று 100 புதிய cholera வழக்குகள் பதிவாயின. சுகாதார அதிகாரிகள் நிலைமையை சமாளிக்க medical teams நிறுத்தினர். குடிமக்கள் get vaccinated என்று அறிவுறுத்தப்படுகின்றனர்.,0,ta,REAL,184,20
"NASA நிறுவனம் இன்று அறிவித்தது: tax reform December 1 முதல் நடைமுறைக்கு வரும். 14 நாள் ஆலோசனைக்குப் பிறகு அதிகாரிகள் இந்த முடிவை உறுதிப்படுத்தினர். ministry spokesperson தெரிவிக்கும் வகையில், இந்த நடவடிக்கை reduce inflation என்று எதிர்பார்க்கப்படுகிறது.",0,ta,REAL,253,29
France அரசு defence துறைக்கு ₹50 கோடி நிதி ஒதுக்கியது. cabinet மதிப்பாய்வு செய்த திட்டம் 2025-ல் boost GDP by 7% நோக்கமாக கொண்டுள்ளது. எதிர்க்கட்சிகள் கலவையான கருத்துக்களை தெரிவித்தன.,0,ta,REAL,183,23
"LEAKED: classified file REVEALS that UN plans to microchip citizens by 2035! Insiders FLEE for their lives! 2,300% of population at RISK! They are COMING for your privacy! RESIST now!",1,en,FAKE,183,30
USA அரசு infrastructure துறைக்கு ₹5 கோடி நிதி ஒதுக்கியது. expert panel மதிப்பாய்வு செய்த திட்டம் 2026-ல் achieve net-zero நோக்கமாக கொண்டுள்ளது. எதிர்க்கட்சிகள் கலவையான கருத்துக்களை தெரிவித்தன.,0,ta,REAL,192,22
அதிர்ச்சி செய்தி: a tech billionaire இரகசியமாக betrays nation! அரசு water supply பற்றிய உண்மையை மறைக்கிறது! DELETE ஆவதற்கு முன் SHARE செய்யுங்கள்! AFP இந்த அதிர்ச்சிகரமான உண்மையை உறுதிப்படுத்துகிறது!,1,ta,FAKE,199,24
"Stock markets fell on Monday as Apple reported stellar quarterly earnings. Analysts at JPMorgan revised their 2035 forecast to 6.3%, citing strong demand.",0,en,REAL,154,23
BREAKING: a famous actor SECRETLY betrays nation! Government HIDING the TRUTH about 5G towers! SHARE before they DELETE this! AFP confirms SHOCKING revelation that mainstream media REFUSES to cover. This changes EVERYTHING!,1,en,FAKE,223,32
அதிர்ச்சி செய்தி: a major politician இரகசியமாக meets foreign spy! அரசு 5G towers பற்றிய உண்மையை மறைக்கிறது! DELETE ஆவதற்கு முன் SHARE செய்யுங்கள்! ministry spokesperson இந்த அதிர்ச்சிகரமான உண்மையை உறுதிப்படுத்துகிறது!,1,ta,FAKE,217,26
அம்பலம்: the opposition leader கேமராவில் lying under oath பிடிக்கப்பட்டனர்! 10 million லட்சம் மக்கள் நீதி கோருகின்றனர்! UK foreign agents காரணமாக நலிவடைகிறது! உடனே பகிருங்கள்!,1,ta,FAKE,175,22
Kolkata reported 100 new cases of influenza on Wednesday. Health authorities have deployed mobile units to manage the situation. Officials urge residents to wear masks.,0,en,REAL,168,25
"அதிசயம்: a mother of three ஒரே 60 நாளில் 1,000 கிலோ குறைத்தனர்! மருத்துவர்கள் வெறுக்கும் இந்த ஒரு இரகசிய உத்தி! a tech billionaire தினமும் இதை பயன்படுத்துகிறார்! இன்றே ஆர்டர் செய்யுங்கள்!",1,ta,FAKE,187,26
Delhi reported 45 new cases of cholera on Tuesday. Health authorities have deployed mobile units to manage the situation. Officials urge residents to avoid crowding.,0,en,REAL,165,25
"Kolkata reported 500,000 new cases of influenza on Thursday. Health authorities have deployed mobile units to manage the situation. Officials urge residents to wear masks.",0,en,REAL,171,25
"The IMF announced today that tax reform will take effect from December 1. Officials confirmed the decision after 30 days of deliberation. The measure is expected to boost employment, according to AFP.",0,en,REAL,200,32
ALERT: the opposition leader caught accepting bribe on camera — VIDEO PROOF! Deep state PANICKING! Over 45 million patriots DEMAND justice! UK is FALLING because of elites! RT if you AGREE! Share EVERYWHERE!,1,en,FAKE,207,33
"Researchers at MIT published findings in NEJM showing that cut costs by 30%. The study, conducted over 5 years with 10,000 participants, concludes that lifestyle changes matter. Peer reviewers praised the methodology.",0,en,REAL,217,32
ALERT: a senior minister caught accepting bribe on camera — VIDEO PROOF! Deep state PANICKING! Over 10 million million patriots DEMAND justice! Germany is FALLING because of globalists! RT if you AGREE! Share EVERYWHERE!,1,en,FAKE,220,34
அதிர்ச்சி செய்தி: a famous actor இரகசியமாக funds terror groups! அரசு climate பற்றிய உண்மையை மறைக்கிறது! DELETE ஆவதற்கு முன் SHARE செய்யுங்கள்! PTI இந்த அதிர்ச்சிகரமான உண்மையை உறுதிப்படுத்துகிறது!,1,ta,FAKE,195,24
"The SEBI announced today that vaccine mandate will take effect from January 1. Officials confirmed the decision after 90 days of deliberation. The measure is expected to cut emissions, according to Reuters.",0,en,REAL,206,32
"The UN announced today that new trade agreement will take effect from April 5. Officials confirmed the decision after 21 days of deliberation. The measure is expected to improve healthcare, according to PTI.",0,en,REAL,207,33
LEAKED: classified file REVEALS that UN plans to censor internet by 2025! Insiders FLEE for their lives! 10 million% of population at RISK! They are COMING for your property! RESIST now!,1,en,FAKE,186,31
ALERT: a governor caught accepting bribe on camera — VIDEO PROOF! Deep state PANICKING! Over 45 million patriots DEMAND justice! Japan is FALLING because of immigrants! RT if you AGREE! Share EVERYWHERE!,1,en,FAKE,203,32
கசிந்த ஆவணம்: WEF 2027-ல் control food supply திட்டமிடுகிறது! உள்நாட்டு தகவலாளர்கள் உயிருக்கு பயந்து ஓடுகின்றனர்! மக்களுக்கு gun rights ஆபத்தில் உள்ளது! SHARE செய்யுங்கள்!,1,ta,FAKE,171,20
"UNESCO நிறுவனம் இன்று அறிவித்தது: tax reform April 5 முதல் நடைமுறைக்கு வரும். 60 நாள் ஆலோசனைக்குப் பிறகு அதிகாரிகள் இந்த முடிவை உறுதிப்படுத்தினர். PTI தெரிவிக்கும் வகையில், இந்த நடவடிக்கை reduce inflation என்று எதிர்பார்க்கப்படுகிறது.",0,ta,REAL,234,28
"Delhi reported 2,300 new cases of influenza on Monday. Health authorities have deployed vaccines to manage the situation. Officials urge residents to stay home.",0,en,REAL,160,24
USA அரசு agriculture துறைக்கு ₹5 கோடி நிதி ஒதுக்கியது. expert panel மதிப்பாய்வு செய்த திட்டம் 2027-ல் boost GDP by 7% நோக்கமாக கொண்டுள்ளது. எதிர்க்கட்சிகள் கலவையான கருத்துக்களை தெரிவித்தன.,0,ta,REAL,188,24
அதிசயம்: a mother of three ஒரே 21 நாளில் 200 கிலோ குறைத்தனர்! மருத்துவர்கள் வெறுக்கும் இந்த ஒரு இரகசிய உத்தி! a major politician தினமும் இதை பயன்படுத்துகிறார்! இன்றே ஆர்டர் செய்யுங்கள்!,1,ta,FAKE,185,26
"Stock markets surged on Wednesday as Reliance reported record quarterly earnings. Analysts at ICICI revised their 2026 forecast to 8.1%, citing supply chain issues.",0,en,REAL,164,24
"IIT Madras-இல் உள்ள ஆராய்ச்சியாளர்கள் NEJM இதழில் ஆய்வு முடிவுகளை வெளியிட்டனர். 3 ஆண்டுகள் 5,000 பங்கேற்பாளர்களுடன் நடத்தப்பட்ட இந்த ஆய்வு doubled lifespan என்று கண்டறிந்தது. சகாக்கள் ஆய்வு முறையை பாராட்டினர்.",0,ta,REAL,209,24
Kolkata reported 12 new cases of malaria on Friday. Health authorities have deployed medical teams to manage the situation. Officials urge residents to wear masks.,0,en,REAL,163,25
"LEAKED: classified file REVEALS that WHO plans to control food supply by 2026! Insiders FLEE for their lives! 2,300% of population at RISK! They are COMING for your property! RESIST now!",1,en,FAKE,186,31
Reliance நிறுவனம் stellar காலாண்டு வருவாய் அறிவித்ததால் Monday அன்று சந்தை plunged. Citi பகுப்பாய்வாளர்கள் 2027 கணிப்பை 4.2% ஆக திருத்தினர்.,0,ta,REAL,140,17
Reliance நிறுவனம் mixed காலாண்டு வருவாய் அறிவித்ததால் Thursday அன்று சந்தை surged. Citi பகுப்பாய்வாளர்கள் 2025 கணிப்பை 6.3% ஆக திருத்தினர்.,0,ta,REAL,139,17
"The UN announced today that tax reform will take effect from March 15. Officials confirmed the decision after 60 days of deliberation. The measure is expected to cut emissions, according to ministry spokesperson.",0,en,REAL,212,33
ALERT: a senior minister caught lying under oath on camera — VIDEO PROOF! Deep state PANICKING! Over 10 million million patriots DEMAND justice! India is FALLING because of foreign agents! RT if you AGREE! Share EVERYWHERE!,1,en,FAKE,223,36
"SEBI நிறுவனம் இன்று அறிவித்தது: vaccine mandate January 1 முதல் நடைமுறைக்கு வரும். 21 நாள் ஆலோசனைக்குப் பிறகு அதிகாரிகள் இந்த முடிவை உறுதிப்படுத்தினர். senior official தெரிவிக்கும் வகையில், இந்த நடவடிக்கை boost employment என்று எதிர்பார்க்கப்படுகிறது.",0,ta,REAL,251,29
அம்பலம்: a senior minister கேமராவில் hiding documents பிடிக்கப்பட்டனர்! 12 லட்சம் மக்கள் நீதி கோருகின்றனர்! India foreign agents காரணமாக நலிவடைகிறது! உடனே பகிருங்கள்!,1,ta,FAKE,166,20
Mumbai-ல் Thursday அன்று 10 million புதிய cholera வழக்குகள் பதிவாயின. சுகாதார அதிகாரிகள் நிலைமையை சமாளிக்க mobile units நிறுத்தினர். குடிமக்கள் get vaccinated என்று அறிவுறுத்தப்படுகின்றனர்.,0,ta,REAL,189,21
"The UK government approved a $50 billion budget for agriculture. The plan, reviewed by finance ministry, aims to boost GDP by 7% by 2025. Opposition parties offered mixed responses.",0,en,REAL,181,29
"UN நிறுவனம் இன்று அறிவித்தது: new trade agreement March 15 முதல் நடைமுறைக்கு வரும். 30 நாள் ஆலோசனைக்குப் பிறகு அதிகாரிகள் இந்த முடிவை உறுதிப்படுத்தினர். AFP தெரிவிக்கும் வகையில், இந்த நடவடிக்கை cut emissions என்று எதிர்பார்க்கப்படுகிறது.",0,ta,REAL,237,29
Bengaluru reported 45 new cases of influenza on Thursday. Health authorities have deployed medical teams to manage the situation. Officials urge residents to avoid crowding.,0,en,REAL,173,25
Tesla நிறுவனம் stellar காலாண்டு வருவாய் அறிவித்ததால் Friday அன்று சந்தை fell. Citi பகுப்பாய்வாளர்கள் 2026 கணிப்பை 8.1% ஆக திருத்தினர்.,0,ta,REAL,134,17
"NUS-இல் உள்ள ஆராய்ச்சியாளர்கள் Cell இதழில் ஆய்வு முடிவுகளை வெளியிட்டனர். 10 ஆண்டுகள் 1,200 பங்கேற்பாளர்களுடன் நடத்தப்பட்ட இந்த ஆய்வு reduced risk by 40% என்று கண்டறிந்தது. சகாக்கள் ஆய்வு முறையை பாராட்டினர்.",0,ta,REAL,206,25
"Stock markets plunged on Tuesday as Infosys reported mixed quarterly earnings. Analysts at Morgan Stanley revised their 2025 forecast to 6.3%, citing strong demand.",0,en,REAL,164,24
"Stock markets rose on Wednesday as HDFC reported record quarterly earnings. Analysts at Morgan Stanley revised their 2030 forecast to 4.2%, citing cost pressures.",0,en,REAL,162,24
LEAKED: leaked email REVEALS that government plans to control food supply by 2025! Insiders FLEE for their lives! 12% of population at RISK! They are COMING for your gun rights! RESIST now!,1,en,FAKE,189,32
"அம்பலம்: the opposition leader கேமராவில் lying under oath பிடிக்கப்பட்டனர்! 500,000 லட்சம் மக்கள் நீதி கோருகின்றனர்! India immigrants காரணமாக நலிவடைகிறது! உடனே பகிருங்கள்!",1,ta,FAKE,171,20
"The RBI announced today that vaccine mandate will take effect from March 15. Officials confirmed the decision after 14 days of deliberation. The measure is expected to boost employment, according to ministry spokesperson.",0,en,REAL,221,33
"The NASA announced today that climate policy will take effect from June 30. Officials confirmed the decision after 7 days of deliberation. The measure is expected to reduce inflation, according to AFP.",0,en,REAL,201,32
BREAKING: a famous actor SECRETLY funds terror groups! Government HIDING the TRUTH about chemtrails! SHARE before they DELETE this! Reuters confirms SHOCKING revelation that mainstream media REFUSES to cover. This changes EVERYTHING!,1,en,FAKE,233,32
France அரசு defence துறைக்கு ₹5 கோடி நிதி ஒதுக்கியது. cabinet மதிப்பாய்வு செய்த திட்டம் 2026-ல் achieve net-zero நோக்கமாக கொண்டுள்ளது. எதிர்க்கட்சிகள் கலவையான கருத்துக்களை தெரிவித்தன.,0,ta,REAL,183,21
"Researchers at IIT Madras published findings in Nature showing that improved accuracy. The study, conducted over 3 years with 10,000 participants, concludes that lifestyle changes matter. Peer reviewers praised the methodology.",0,en,REAL,227,31
"SEBI நிறுவனம் இன்று அறிவித்தது: new trade agreement December 1 முதல் நடைமுறைக்கு வரும். 30 நாள் ஆலோசனைக்குப் பிறகு அதிகாரிகள் இந்த முடிவை உறுதிப்படுத்தினர். Reuters தெரிவிக்கும் வகையில், இந்த நடவடிக்கை cut emissions என்று எதிர்பார்க்கப்படுகிறது.",0,ta,REAL,245,29
TCS நிறுவனம் stellar காலாண்டு வருவாய் அறிவித்ததால் Friday அன்று சந்தை rose. Morgan Stanley பகுப்பாய்வாளர்கள் 2030 கணிப்பை 6.3% ஆக திருத்தினர்.,0,ta,REAL,142,18
EXCLUSIVE: Scientists DISCOVER that turmeric CURES cholera in just 60 days! Big Pharma DOESN'T want you to know! 100 doctors SILENCED for revealing this! WAKE UP! The deep state plot is REAL!,1,en,FAKE,191,32
UK அரசு infrastructure துறைக்கு ₹200 கோடி நிதி ஒதுக்கியது. parliament மதிப்பாய்வு செய்த திட்டம் 2030-ல் boost GDP by 7% நோக்கமாக கொண்டுள்ளது. எதிர்க்கட்சிகள் கலவையான கருத்துக்களை தெரிவித்தன.,0,ta,REAL,190,23
Kolkata-ல் Wednesday அன்று 100 புதிய malaria வழக்குகள் பதிவாயின. சுகாதார அதிகாரிகள் நிலைமையை சமாளிக்க vaccines நிறுத்தினர். குடிமக்கள் wear masks என்று அறிவுறுத்தப்படுகின்றனர்.,0,ta,REAL,176,19
ALERT: a governor caught lying under oath on camera — VIDEO PROOF! Deep state PANICKING! Over 100 million patriots DEMAND justice! France is FALLING because of elites! RT if you AGREE! Share EVERYWHERE!,1,en,FAKE,202,33
"அம்பலம்: a senior minister கேமராவில் accepting bribe பிடிக்கப்பட்டனர்! 500,000 லட்சம் மக்கள் நீதி கோருகின்றனர்! Germany foreign agents காரணமாக நலிவடைகிறது! உடனே பகிருங்கள்!",1,ta,FAKE,172,20
"Kolkata-ல் Tuesday அன்று 2,300 புதிய cholera வழக்குகள் பதிவாயின. சுகாதார அதிகாரிகள் நிலைமையை சமாளிக்க vaccines நிறுத்தினர். குடிமக்கள் wear masks என்று அறிவுறுத்தப்படுகின்றனர்.",0,ta,REAL,176,19
அம்பலம்: a governor கேமராவில் lying under oath பிடிக்கப்பட்டனர்! 12 லட்சம் மக்கள் நீதி கோருகின்றனர்! Japan foreign agents காரணமாக நலிவடைகிறது! உடனே பகிருங்கள்!,1,ta,FAKE,159,20
Hyderabad-ல் Friday அன்று 45 புதிய cholera வழக்குகள் பதிவாயின. சுகாதார அதிகாரிகள் நிலைமையை சமாளிக்க testing kits நிறுத்தினர். குடிமக்கள் wear masks என்று அறிவுறுத்தப்படுகின்றனர்.,0,ta,REAL,178,20
"The WHO announced today that new trade agreement will take effect from January 1. Officials confirmed the decision after 90 days of deliberation. The measure is expected to boost employment, according to ministry spokesperson.",0,en,REAL,226,34
Mumbai-ல் Friday அன்று 45 புதிய influenza வழக்குகள் பதிவாயின. சுகாதார அதிகாரிகள் நிலைமையை சமாளிக்க mobile units நிறுத்தினர். குடிமக்கள் wear masks என்று அறிவுறுத்தப்படுகின்றனர்.,0,ta,REAL,177,20
"The UK government approved a $5 billion budget for defence. The plan, reviewed by parliament, aims to achieve net-zero by 2030. Opposition parties offered mixed responses.",0,en,REAL,171,26
"Hyderabad-ல் Wednesday அன்று 500,000 புதிய dengue வழக்குகள் பதிவாயின. சுகாதார அதிகாரிகள் நிலைமையை சமாளிக்க vaccines நிறுத்தினர். குடிமக்கள் get vaccinated என்று அறிவுறுத்தப்படுகின்றனர்.",0,ta,REAL,185,19
கசிந்த ஆவணம்: deep state 2025-ல் censor internet திட்டமிடுகிறது! உள்நாட்டு தகவலாளர்கள் உயிருக்கு பயந்து ஓடுகின்றனர்! மக்களுக்கு gun rights ஆபத்தில் உள்ளது! SHARE செய்யுங்கள்!,1,ta,FAKE,174,20
"Kolkata-ல் Monday அன்று 500,000 புதிய cholera வழக்குகள் பதிவாயின. சுகாதார அதிகாரிகள் நிலைமையை சமாளிக்க testing kits நிறுத்தினர். குடிமக்கள் avoid crowding என்று அறிவுறுத்தப்படுகின்றனர்.",0,ta,REAL,185,20
அதிர்ச்சி செய்தி: a tech billionaire இரகசியமாக funds terror groups! அரசு water supply பற்றிய உண்மையை மறைக்கிறது! DELETE ஆவதற்கு முன் SHARE செய்யுங்கள்! senior official இந்த அதிர்ச்சிகரமான உண்மையை உறுதிப்படுத்துகிறது!,1,ta,FAKE,216,26
அதிர்ச்சி செய்தி: a major politician இரகசியமாக meets foreign spy! அரசு climate பற்றிய உண்மையை மறைக்கிறது! DELETE ஆவதற்கு முன் SHARE செய்யுங்கள்! ministry spokesperson இந்த அதிர்ச்சிகரமான உண்மையை உறுதிப்படுத்துகிறது!,1,ta,FAKE,215,25
"Germany அரசு education துறைக்கு ₹1,000 கோடி நிதி ஒதுக்கியது. finance ministry மதிப்பாய்வு செய்த திட்டம் 2035-ல் eradicate poverty நோக்கமாக கொண்டுள்ளது. எதிர்க்கட்சிகள் கலவையான கருத்துக்களை தெரிவித்தன.",0,ta,REAL,200,22
ALERT: the opposition leader caught hiding documents on camera — VIDEO PROOF! Deep state PANICKING! Over 12 million patriots DEMAND justice! USA is FALLING because of elites! RT if you AGREE! Share EVERYWHERE!,1,en,FAKE,209,33
"Stock markets rallied on Tuesday as Google reported record quarterly earnings. Analysts at Morgan Stanley revised their 2027 forecast to 7.5%, citing innovation.",0,en,REAL,161,23
கசிந்த ஆவணம்: WEF 2030-ல் censor internet திட்டமிடுகிறது! உள்நாட்டு தகவலாளர்கள் உயிருக்கு பயந்து ஓடுகின்றனர்! மக்களுக்கு freedom of speech ஆபத்தில் உள்ளது! SHARE செய்யுங்கள்!,1,ta,FAKE,174,20
"The UN announced today that new trade agreement will take effect from June 30. Officials confirmed the decision after 21 days of deliberation. The measure is expected to reduce inflation, according to senior official.",0,en,REAL,217,34
"The UK government approved a $50 billion budget for infrastructure. The plan, reviewed by expert panel, aims to achieve net-zero by 2027. Opposition parties offered mixed responses.",0,en,REAL,181,27
அம்பலம்: the opposition leader கேமராவில் hiding documents பிடிக்கப்பட்டனர்! 10 million லட்சம் மக்கள் நீதி கோருகின்றனர்! Japan immigrants காரணமாக நலிவடைகிறது! உடனே பகிருங்கள்!,1,ta,FAKE,174,20
EXCLUSIVE: Scientists DISCOVER that lemon water CURES influenza in just 30 days! Big Pharma DOESN'T want you to know! 100 doctors SILENCED for revealing this! WAKE UP! The deep state plot is REAL!,1,en,FAKE,196,33
Hyderabad reported 100 new cases of influenza on Tuesday. Health authorities have deployed mobile units to manage the situation. Officials urge residents to wear masks.,0,en,REAL,168,25
"The ISRO announced today that vaccine mandate will take effect from June 30. Officials confirmed the decision after 14 days of deliberation. The measure is expected to cut emissions, according to AFP.",0,en,REAL,200,32
"Bengaluru-ல் Thursday அன்று 500,000 புதிய malaria வழக்குகள் பதிவாயின. சுகாதார அதிகாரிகள் நிலைமையை சமாளிக்க vaccines நிறுத்தினர். குடிமக்கள் wear masks என்று அறிவுறுத்தப்படுகின்றனர்.",0,ta,REAL,181,19
"Researchers at IIT Madras published findings in Cell showing that cut costs by 30%. The study, conducted over 10 years with 1,200 participants, concludes that early screening saves lives. Peer reviewers praised the methodology.",0,en,REAL,227,34
"Stock markets rose on Wednesday as HDFC reported stellar quarterly earnings. Analysts at ICICI revised their 2027 forecast to 9.0%, citing cost pressures.",0,en,REAL,154,23
"Researchers at BITS Pilani published findings in NEJM showing that cut costs by 30%. The study, conducted over 5 years with 500 participants, concludes that lifestyle changes matter. Peer reviewers praised the methodology.",0,en,REAL,222,33
"WHO நிறுவனம் இன்று அறிவித்தது: vaccine mandate April 5 முதல் நடைமுறைக்கு வரும். 90 நாள் ஆலோசனைக்குப் பிறகு அதிகாரிகள் இந்த முடிவை உறுதிப்படுத்தினர். Reuters தெரிவிக்கும் வகையில், இந்த நடவடிக்கை reduce inflation என்று எதிர்பார்க்கப்படுகிறது.",0,ta,REAL,240,28
MIRACLE: a local farmer LOSES 200 kg in 14 days using ONE weird trick doctors HATE! Experts BAFFLED! a famous actor uses this SECRET daily! ORDER before December 1 — LIMITED SUPPLY!,1,en,FAKE,181,32
"UNESCO நிறுவனம் இன்று அறிவித்தது: tax reform March 15 முதல் நடைமுறைக்கு வரும். 90 நாள் ஆலோசனைக்குப் பிறகு அதிகாரிகள் இந்த முடிவை உறுதிப்படுத்தினர். Reuters தெரிவிக்கும் வகையில், இந்த நடவடிக்கை improve healthcare என்று எதிர்பார்க்கப்படுகிறது.",0,ta,REAL,241,28
"Oxford-இல் உள்ள ஆராய்ச்சியாளர்கள் Lancet இதழில் ஆய்வு முடிவுகளை வெளியிட்டனர். 5 ஆண்டுகள் 10,000 பங்கேற்பாளர்களுடன் நடத்தப்பட்ட இந்த ஆய்வு improved accuracy என்று கண்டறிந்தது. சகாக்கள் ஆய்வு முறையை பாராட்டினர்.",0,ta,REAL,209,23
அம்பலம்: the opposition leader கேமராவில் hiding documents பிடிக்கப்பட்டனர்! 45 லட்சம் மக்கள் நீதி கோருகின்றனர்! Japan immigrants காரணமாக நலிவடைகிறது! உடனே பகிருங்கள்!,1,ta,FAKE,166,19
அம்பலம்: the opposition leader கேமராவில் lying under oath பிடிக்கப்பட்டனர்! 45 லட்சம் மக்கள் நீதி கோருகின்றனர்! Japan globalists காரணமாக நலிவடைகிறது! உடனே பகிருங்கள்!,1,ta,FAKE,166,20
கசிந்த ஆவணம்: WHO 2026-ல் microchip citizens திட்டமிடுகிறது! உள்நாட்டு தகவலாளர்கள் உயிருக்கு பயந்து ஓடுகின்றனர்! மக்களுக்கு freedom of speech ஆபத்தில் உள்ளது! SHARE செய்யுங்கள்!,1,ta,FAKE,177,20
"The WHO announced today that vaccine mandate will take effect from March 15. Officials confirmed the decision after 14 days of deliberation. The measure is expected to reduce inflation, according to PTI.",0,en,REAL,203,32
BREAKING: a famous actor SECRETLY meets foreign spy! Government HIDING the TRUTH about vaccines! SHARE before they DELETE this! Reuters confirms SHOCKING revelation that mainstream media REFUSES to cover. This changes EVERYTHING!,1,en,FAKE,229,32
"The Germany government approved a $12 billion budget for healthcare. The plan, reviewed by parliament, aims to eradicate poverty by 2026. Opposition parties offered mixed responses.",0,en,REAL,181,26
"அம்பலம்: a senior minister கேமராவில் hiding documents பிடிக்கப்பட்டனர்! 500,000 லட்சம் மக்கள் நீதி கோருகின்றனர்! Japan globalists காரணமாக நலிவடைகிறது! உடனே பகிருங்கள்!",1,ta,FAKE,167,19
இரகசியம் வெளியாயிற்று: neem 21 நாளில் cholera-ஐ குணப்படுத்துகிறது! பெரிய நிறுவனங்கள் இதை மறைக்கின்றன! 100 மருத்துவர்கள் இதை வெளியிட்டதால் நிறுத்தப்பட்டனர்! விழிப்புணர்வு பெறுங்கள்! deep state plot உண்மையானது!,1,ta,FAKE,208,22
"UNESCO நிறுவனம் இன்று அறிவித்தது: new trade agreement June 30 முதல் நடைமுறைக்கு வரும். 30 நாள் ஆலோசனைக்குப் பிறகு அதிகாரிகள் இந்த முடிவை உறுதிப்படுத்தினர். senior official தெரிவிக்கும் வகையில், இந்த நடவடிக்கை improve healthcare என்று எதிர்பார்க்கப்படுகிறது.",0,ta,REAL,257,30
BREAKING: a famous actor SECRETLY betrays nation! Government HIDING the TRUTH about water supply! SHARE before they DELETE this! ministry spokesperson confirms SHOCKING revelation that mainstream media REFUSES to cover. This changes EVERYTHING!,1,en,FAKE,244,33
அதிசயம்: a retired teacher ஒரே 30 நாளில் 50 கிலோ குறைத்தனர்! மருத்துவர்கள் வெறுக்கும் இந்த ஒரு இரகசிய உத்தி! a major politician தினமும் இதை பயன்படுத்துகிறார்! இன்றே ஆர்டர் செய்யுங்கள்!,1,ta,FAKE,184,25
ALERT: a senior minister caught hiding documents on camera — VIDEO PROOF! Deep state PANICKING! Over 10 million million patriots DEMAND justice! USA is FALLING because of immigrants! RT if you AGREE! Share EVERYWHERE!,1,en,FAKE,217,34
"The UK government approved a $50 billion budget for defence. The plan, reviewed by expert panel, aims to eradicate poverty by 2027. Opposition parties offered mixed responses.",0,en,REAL,175,27
அதிர்ச்சி செய்தி: a tech billionaire இரகசியமாக funds terror groups! அரசு climate பற்றிய உண்மையை மறைக்கிறது! DELETE ஆவதற்கு முன் SHARE செய்யுங்கள்! senior official இந்த அதிர்ச்சிகரமான உண்மையை உறுதிப்படுத்துகிறது!,1,ta,FAKE,211,25
"Delhi-ல் Friday அன்று 2,300 புதிய dengue வழக்குகள் பதிவாயின. சுகாதார அதிகாரிகள் நிலைமையை சமாளிக்க testing kits நிறுத்தினர். குடிமக்கள் wear masks என்று அறிவுறுத்தப்படுகின்றனர்.",0,ta,REAL,176,20
அதிர்ச்சி செய்தி: a major politician இரகசியமாக funds terror groups! அரசு vaccines பற்றிய உண்மையை மறைக்கிறது! DELETE ஆவதற்கு முன் SHARE செய்யுங்கள்! senior official இந்த அதிர்ச்சிகரமான உண்மையை உறுதிப்படுத்துகிறது!,1,ta,FAKE,212,25
EXCLUSIVE: Scientists DISCOVER that turmeric CURES COVID-19 in just 14 days! Big Pharma DOESN'T want you to know! 100 doctors SILENCED for revealing this! WAKE UP! The Big Pharma cover-up is REAL!,1,en,FAKE,196,32
Reliance நிறுவனம் record காலாண்டு வருவாய் அறிவித்ததால் Friday அன்று சந்தை dipped. Morgan Stanley பகுப்பாய்வாளர்கள் 2027 கணிப்பை 6.3% ஆக திருத்தினர்.,0,ta,REAL,148,18
BREAKING: a major politician SECRETLY funds terror groups! Government HIDING the TRUTH about climate! SHARE before they DELETE this! ministry spokesperson confirms SHOCKING revelation that mainstream media REFUSES to cover. This changes EVERYTHING!,1,en,FAKE,248,33
ALERT: the opposition leader caught hiding documents on camera — VIDEO PROOF! Deep state PANICKING! Over 12 million patriots DEMAND justice! UK is FALLING because of foreign agents! RT if you AGREE! Share EVERYWHERE!,1,en,FAKE,216,34
Apple நிறுவனம் strong காலாண்டு வருவாய் அறிவித்ததால் Friday அன்று சந்தை surged. Citi பகுப்பாய்வாளர்கள் 2030 கணிப்பை 9.0% ஆக திருத்தினர்.,0,ta,REAL,135,17
TCS நிறுவனம் disappointing காலாண்டு வருவாய் அறிவித்ததால் Thursday அன்று சந்தை rose. ICICI பகுப்பாய்வாளர்கள் 2030 கணிப்பை 7.5% ஆக திருத்தினர்.,0,ta,REAL,141,17
"The RBI announced today that vaccine mandate will take effect from January 1. Officials confirmed the decision after 90 days of deliberation. The measure is expected to reduce inflation, according to PTI.",0,en,REAL,204,32
"The NASA announced today that vaccine mandate will take effect from June 30. Officials confirmed the decision after 21 days of deliberation. The measure is expected to cut emissions, according to Reuters.",0,en,REAL,204,32
"இரகசியம் வெளியாயிற்று: neem 30 நாளில் cholera-ஐ குணப்படுத்துகிறது! பெரிய நிறுவனங்கள் இதை மறைக்கின்றன! 500,000 மருத்துவர்கள் இதை வெளியிட்டதால் நிறுத்தப்பட்டனர்! விழிப்புணர்வு பெறுங்கள்! Big Pharma cover-up உண்மையானது!",1,ta,FAKE,216,22
Kolkata reported 100 new cases of cholera on Monday. Health authorities have deployed mobile units to manage the situation. Officials urge residents to get vaccinated.,0,en,REAL,167,25
"The France government approved a $1,000 billion budget for agriculture. The plan, reviewed by cabinet, aims to eradicate poverty by 2025. Opposition parties offered mixed responses.",0,en,REAL,181,26
இரகசியம் வெளியாயிற்று: garlic 90 நாளில் dengue-ஐ குணப்படுத்துகிறது! பெரிய நிறுவனங்கள் இதை மறைக்கின்றன! 100 மருத்துவர்கள் இதை வெளியிட்டதால் நிறுத்தப்பட்டனர்! விழிப்புணர்வு பெறுங்கள்! New World Order உண்மையானது!,1,ta,FAKE,209,22
"India அரசு infrastructure துறைக்கு ₹2,500 கோடி நிதி ஒதுக்கியது. expert panel மதிப்பாய்வு செய்த திட்டம் 2027-ல் achieve net-zero நோக்கமாக கொண்டுள்ளது. எதிர்க்கட்சிகள் கலவையான கருத்துக்களை தெரிவித்தன.",0,ta,REAL,198,22
"MIRACLE: a local farmer LOSES 1,000 kg in 14 days using ONE weird trick doctors HATE! Experts BAFFLED! a famous actor uses this SECRET daily! ORDER before June 30 — LIMITED SUPPLY!",1,en,FAKE,180,32
அதிர்ச்சி செய்தி: a tech billionaire இரகசியமாக meets foreign spy! அரசு 5G towers பற்றிய உண்மையை மறைக்கிறது! DELETE ஆவதற்கு முன் SHARE செய்யுங்கள்! senior official இந்த அதிர்ச்சிகரமான உண்மையை உறுதிப்படுத்துகிறது!,1,ta,FAKE,211,26
"Stock markets rallied on Wednesday as Infosys reported record quarterly earnings. Analysts at ICICI revised their 2026 forecast to 6.3%, citing cost pressures.",0,en,REAL,159,23
"அம்பலம்: a senior minister கேமராவில் accepting bribe பிடிக்கப்பட்டனர்! 500,000 லட்சம் மக்கள் நீதி கோருகின்றனர்! USA foreign agents காரணமாக நலிவடைகிறது! உடனே பகிருங்கள்!",1,ta,FAKE,168,20
"Kolkata-ல் Thursday அன்று 500,000 புதிய influenza வழக்குகள் பதிவாயின. சுகாதார அதிகாரிகள் நிலைமையை சமாளிக்க mobile units நிறுத்தினர். குடிமக்கள் wear masks என்று அறிவுறுத்தப்படுகின்றனர்.",0,ta,REAL,185,20
"LEAKED: secret memo REVEALS that deep state plans to microchip citizens by 2025! Insiders FLEE for their lives! 2,300% of population at RISK! They are COMING for your gun rights! RESIST now!",1,en,FAKE,190,32
"The Japan government approved a $5 billion budget for healthcare. The plan, reviewed by expert panel, aims to achieve net-zero by 2030. Opposition parties offered mixed responses.",0,en,REAL,179,27
"Kolkata reported 2,300 new cases of influenza on Friday. Health authorities have deployed mobile units to manage the situation. Officials urge residents to get vaccinated.",0,en,REAL,171,25
கசிந்த ஆவணம்: government 2035-ல் censor internet திட்டமிடுகிறது! உள்நாட்டு தகவலாளர்கள் உயிருக்கு பயந்து ஓடுகின்றனர்! மக்களுக்கு freedom of speech ஆபத்தில் உள்ளது! SHARE செய்யுங்கள்!,1,ta,FAKE,181,20
அதிசயம்: a retired teacher ஒரே 7 நாளில் 50 கிலோ குறைத்தனர்! மருத்துவர்கள் வெறுக்கும் இந்த ஒரு இரகசிய உத்தி! a major politician தினமும் இதை பயன்படுத்துகிறார்! இன்றே ஆர்டர் செய்யுங்கள்!,1,ta,FAKE,183,25
"MIRACLE: a local farmer LOSES 1,000 kg in 30 days using ONE weird trick doctors HATE! Experts BAFFLED! a major politician uses this SECRET daily! ORDER before March 15 — LIMITED SUPPLY!",1,en,FAKE,185,32
"The UK government approved a $1,000 billion budget for infrastructure. The plan, reviewed by parliament, aims to eradicate poverty by 2025. Opposition parties offered mixed responses.",0,en,REAL,183,26
Reliance நிறுவனம் stellar காலாண்டு வருவாய் அறிவித்ததால் Wednesday அன்று சந்தை plunged. Goldman Sachs பகுப்பாய்வாளர்கள் 2025 கணிப்பை 9.0% ஆக திருத்தினர்.,0,ta,REAL,152,18
"The UK government approved a $200 billion budget for agriculture. The plan, reviewed by cabinet, aims to eradicate poverty by 2027. Opposition parties offered mixed responses.",0,en,REAL,175,26
"LEAKED: secret memo REVEALS that WHO plans to control food supply by 2025! Insiders FLEE for their lives! 2,300% of population at RISK! They are COMING for your freedom of speech! RESIST now!",1,en,FAKE,191,33
அதிர்ச்சி செய்தி: a famous actor இரகசியமாக betrays nation! அரசு 5G towers பற்றிய உண்மையை மறைக்கிறது! DELETE ஆவதற்கு முன் SHARE செய்யுங்கள்! AFP இந்த அதிர்ச்சிகரமான உண்மையை உறுதிப்படுத்துகிறது!,1,ta,FAKE,192,24
இரகசியம் வெளியாயிற்று: coconut oil 60 நாளில் malaria-ஐ குணப்படுத்துகிறது! பெரிய நிறுவனங்கள் இதை மறைக்கின்றன! 12 மருத்துவர்கள் இதை வெளியிட்டதால் நிறுத்தப்பட்டனர்! விழிப்புணர்வு பெறுங்கள்! deep state plot உண்மையானது!,1,ta,FAKE,214,23
கசிந்த ஆவணம்: WHO 2035-ல் microchip citizens திட்டமிடுகிறது! உள்நாட்டு தகவலாளர்கள் உயிருக்கு பயந்து ஓடுகின்றனர்! மக்களுக்கு gun rights ஆபத்தில் உள்ளது! SHARE செய்யுங்கள்!,1,ta,FAKE,170,19
அதிர்ச்சி செய்தி: a tech billionaire இரகசியமாக funds terror groups! அரசு water supply பற்றிய உண்மையை மறைக்கிறது! DELETE ஆவதற்கு முன் SHARE செய்யுங்கள்! AFP இந்த அதிர்ச்சிகரமான உண்மையை உறுதிப்படுத்துகிறது!,1,ta,FAKE,204,25
Tesla நிறுவனம் record காலாண்டு வருவாய் அறிவித்ததால் Thursday அன்று சந்தை rose. Citi பகுப்பாய்வாளர்கள் 2035 கணிப்பை 7.5% ஆக திருத்தினர்.,0,ta,REAL,135,17
Hyderabad reported 10 million new cases of dengue on Friday. Health authorities have deployed vaccines to manage the situation. Officials urge residents to get vaccinated.,0,en,REAL,171,25
Hyderabad-ல் Thursday அன்று 100 புதிய influenza வழக்குகள் பதிவாயின. சுகாதார அதிகாரிகள் நிலைமையை சமாளிக்க vaccines நிறுத்தினர். குடிமக்கள் get vaccinated என்று அறிவுறுத்தப்படுகின்றனர்.,0,ta,REAL,183,19
ALERT: the opposition leader caught lying under oath on camera — VIDEO PROOF! Deep state PANICKING! Over 12 million patriots DEMAND justice! India is FALLING because of elites! RT if you AGREE! Share EVERYWHERE!,1,en,FAKE,211,34
LEAKED: leaked email REVEALS that government plans to control food supply by 2025! Insiders FLEE for their lives! 12% of population at RISK! They are COMING for your gun rights! RESIST now!,1,en,FAKE,189,32
"Researchers at IIT Madras published findings in Cell showing that doubled lifespan. The study, conducted over 2 years with 1,200 participants, concludes that diet is key. Peer reviewers praised the methodology.",0,en,REAL,210,31
"Stock markets surged on Friday as HDFC reported record quarterly earnings. Analysts at Morgan Stanley revised their 2027 forecast to 8.1%, citing supply chain issues.",0,en,REAL,166,25
"NUS-இல் உள்ள ஆராய்ச்சியாளர்கள் Science இதழில் ஆய்வு முடிவுகளை வெளியிட்டனர். 3 ஆண்டுகள் 1,200 பங்கேற்பாளர்களுடன் நடத்தப்பட்ட இந்த ஆய்வு improved accuracy என்று கண்டறிந்தது. சகாக்கள் ஆய்வு முறையை பாராட்டினர்.",0,ta,REAL,206,23
"LEAKED: leaked email REVEALS that deep state plans to censor internet by 2035! Insiders FLEE for their lives! 500,000% of population at RISK! They are COMING for your gun rights! RESIST now!",1,en,FAKE,190,32
"Researchers at NUS published findings in Lancet showing that doubled lifespan. The study, conducted over 5 years with 500 participants, concludes that early screening saves lives. Peer reviewers praised the methodology.",0,en,REAL,219,31
EXCLUSIVE: Scientists DISCOVER that lemon water CURES dengue in just 14 days! Big Pharma DOESN'T want you to know! 12 doctors SILENCED for revealing this! WAKE UP! The Big Pharma cover-up is REAL!,1,en,FAKE,196,33
Apple நிறுவனம் mixed காலாண்டு வருவாய் அறிவித்ததால் Friday அன்று சந்தை dipped. JPMorgan பகுப்பாய்வாளர்கள் 2027 கணிப்பை 8.1% ஆக திருத்தினர்.,0,ta,REAL,138,17
"Researchers at Oxford published findings in Nature showing that doubled lifespan. The study, conducted over 2 years with 5,000 participants, concludes that diet is key. Peer reviewers praised the methodology.",0,en,REAL,208,30
கசிந்த ஆவணம்: UN 2030-ல் censor internet திட்டமிடுகிறது! உள்நாட்டு தகவலாளர்கள் உயிருக்கு பயந்து ஓடுகின்றனர்! மக்களுக்கு property ஆபத்தில் உள்ளது! SHARE செய்யுங்கள்!,1,ta,FAKE,164,18
அதிசயம்: a retired teacher ஒரே 7 நாளில் 12 கிலோ குறைத்தனர்! மருத்துவர்கள் வெறுக்கும் இந்த ஒரு இரகசிய உத்தி! a famous actor தினமும் இதை பயன்படுத்துகிறார்! இன்றே ஆர்டர் செய்யுங்கள்!,1,ta,FAKE,179,25
Bengaluru-ல் Wednesday அன்று 12 புதிய COVID-19 வழக்குகள் பதிவாயின. சுகாதார அதிகாரிகள் நிலைமையை சமாளிக்க mobile units நிறுத்தினர். குடிமக்கள் avoid crowding என்று அறிவுறுத்தப்படுகின்றனர்.,0,ta,REAL,186,20
France அரசு healthcare துறைக்கு ₹200 கோடி நிதி ஒதுக்கியது. expert panel மதிப்பாய்வு செய்த திட்டம் 2027-ல் boost GDP by 7% நோக்கமாக கொண்டுள்ளது. எதிர்க்கட்சிகள் கலவையான கருத்துக்களை தெரிவித்தன.,0,ta,REAL,192,24
அம்பலம்: the opposition leader கேமராவில் accepting bribe பிடிக்கப்பட்டனர்! 12 லட்சம் மக்கள் நீதி கோருகின்றனர்! UK elites காரணமாக நலிவடைகிறது! உடனே பகிருங்கள்!,1,ta,FAKE,158,19
"MIRACLE: a mother of three LOSES 2,500 kg in 30 days using ONE weird trick doctors HATE! Experts BAFFLED! a tech billionaire uses this SECRET daily! ORDER before January 1 — LIMITED SUPPLY!",1,en,FAKE,189,33
அதிர்ச்சி செய்தி: a famous actor இரகசியமாக meets foreign spy! அரசு 5G towers பற்றிய உண்மையை மறைக்கிறது! DELETE ஆவதற்கு முன் SHARE செய்யுங்கள்! PTI இந்த அதிர்ச்சிகரமான உண்மையை உறுதிப்படுத்துகிறது!,1,ta,FAKE,195,25
"Delhi-ல் Tuesday அன்று 2,300 புதிய COVID-19 வழக்குகள் பதிவாயின. சுகாதார அதிகாரிகள் நிலைமையை சமாளிக்க vaccines நிறுத்தினர். குடிமக்கள் get vaccinated என்று அறிவுறுத்தப்படுகின்றனர்.",0,ta,REAL,179,19
BREAKING: a major politician SECRETLY funds terror groups! Government HIDING the TRUTH about water supply! SHARE before they DELETE this! senior official confirms SHOCKING revelation that mainstream media REFUSES to cover. This changes EVERYTHING!,1,en,FAKE,247,34
"Stock markets fell on Wednesday as Infosys reported strong quarterly earnings. Analysts at JPMorgan revised their 2035 forecast to 6.3%, citing supply chain issues.",0,en,REAL,164,24
"Researchers at BITS Pilani published findings in Science showing that improved accuracy. The study, conducted over 5 years with 1,200 participants, concludes that lifestyle changes matter. Peer reviewers praised the methodology.",0,en,REAL,228,31
"The Japan government approved a $200 billion budget for agriculture. The plan, reviewed by finance ministry, aims to eradicate poverty by 2027. Opposition parties offered mixed responses.",0,en,REAL,187,27
"NASA நிறுவனம் இன்று அறிவித்தது: vaccine mandate June 30 முதல் நடைமுறைக்கு வரும். 14 நாள் ஆலோசனைக்குப் பிறகு அதிகாரிகள் இந்த முடிவை உறுதிப்படுத்தினர். ministry spokesperson தெரிவிக்கும் வகையில், இந்த நடவடிக்கை reduce inflation என்று எதிர்பார்க்கப்படுகிறது.",0,ta,REAL,255,29
Kolkata reported 100 new cases of influenza on Monday. Health authorities have deployed mobile units to manage the situation. Officials urge residents to stay home.,0,en,REAL,164,25
HDFC நிறுவனம் strong காலாண்டு வருவாய் அறிவித்ததால் Tuesday அன்று சந்தை fell. Goldman Sachs பகுப்பாய்வாளர்கள் 2027 கணிப்பை 6.3% ஆக திருத்தினர்.,0,ta,REAL,142,18
அதிர்ச்சி செய்தி: a major politician இரகசியமாக betrays nation! அரசு chemtrails பற்றிய உண்மையை மறைக்கிறது! DELETE ஆவதற்கு முன் SHARE செய்யுங்கள்! ministry spokesperson இந்த அதிர்ச்சிகரமான உண்மையை உறுதிப்படுத்துகிறது!,1,ta,FAKE,215,24
Google நிறுவனம் stellar காலாண்டு வருவாய் அறிவித்ததால் Wednesday அன்று சந்தை plunged. Goldman Sachs பகுப்பாய்வாளர்கள் 2025 கணிப்பை 4.2% ஆக திருத்தினர்.,0,ta,REAL,150,18
"MIRACLE: a retired teacher LOSES 2,500 kg in 7 days using ONE weird trick doctors HATE! Experts BAFFLED! a famous actor uses this SECRET daily! ORDER before January 1 — LIMITED SUPPLY!",1,en,FAKE,184,32
"MIRACLE: a retired teacher LOSES 1,000 kg in 90 days using ONE weird trick doctors HATE! Experts BAFFLED! a tech billionaire uses this SECRET daily! ORDER before December 1 — LIMITED SUPPLY!",1,en,FAKE,190,32
BREAKING: a famous actor SECRETLY funds terror groups! Government HIDING the TRUTH about climate! SHARE before they DELETE this! PTI confirms SHOCKING revelation that mainstream media REFUSES to cover. This changes EVERYTHING!,1,en,FAKE,226,32
"Chennai reported 2,300 new cases of malaria on Friday. Health authorities have deployed mobile units to manage the situation. Officials urge residents to wear masks.",0,en,REAL,165,25
Mumbai reported 12 new cases of cholera on Friday. Health authorities have deployed vaccines to manage the situation. Officials urge residents to get vaccinated.,0,en,REAL,161,24
"அதிசயம்: a local farmer ஒரே 7 நாளில் 2,500 கிலோ குறைத்தனர்! மருத்துவர்கள் வெறுக்கும் இந்த ஒரு இரகசிய உத்தி! a tech billionaire தினமும் இதை பயன்படுத்துகிறார்! இன்றே ஆர்டர் செய்யுங்கள்!",1,ta,FAKE,183,25
"Stock markets rose on Tuesday as Infosys reported record quarterly earnings. Analysts at JPMorgan revised their 2030 forecast to 4.2%, citing innovation.",0,en,REAL,153,22
"Stock markets plunged on Thursday as Reliance reported mixed quarterly earnings. Analysts at Goldman Sachs revised their 2027 forecast to 4.2%, citing strong demand.",0,en,REAL,165,24
Germany அரசு defence துறைக்கு ₹12 கோடி நிதி ஒதுக்கியது. cabinet மதிப்பாய்வு செய்த திட்டம் 2027-ல் achieve net-zero நோக்கமாக கொண்டுள்ளது. எதிர்க்கட்சிகள் கலவையான கருத்துக்களை தெரிவித்தன.,0,ta,REAL,185,21
Tesla நிறுவனம் mixed காலாண்டு வருவாய் அறிவித்ததால் Friday அன்று சந்தை rallied. ICICI பகுப்பாய்வாளர்கள் 2030 கணிப்பை 9.0% ஆக திருத்தினர்.,0,ta,REAL,136,17
"LEAKED: secret memo REVEALS that WEF plans to censor internet by 2026! Insiders FLEE for their lives! 500,000% of population at RISK! They are COMING for your property! RESIST now!",1,en,FAKE,180,30
LEAKED: leaked email REVEALS that WEF plans to microchip citizens by 2027! Insiders FLEE for their lives! 100% of population at RISK! They are COMING for your gun rights! RESIST now!,1,en,FAKE,182,31
"அதிசயம்: a mother of three ஒரே 21 நாளில் 1,000 கிலோ குறைத்தனர்! மருத்துவர்கள் வெறுக்கும் இந்த ஒரு இரகசிய உத்தி! a tech billionaire தினமும் இதை பயன்படுத்துகிறார்! இன்றே ஆர்டர் செய்யுங்கள்!",1,ta,FAKE,187,26
"Researchers at IIT Madras published findings in Science showing that cut costs by 30%. The study, conducted over 10 years with 5,000 participants, concludes that lifestyle changes matter. Peer reviewers praised the methodology.",0,en,REAL,227,33
கசிந்த ஆவணம்: government 2030-ல் microchip citizens திட்டமிடுகிறது! உள்நாட்டு தகவலாளர்கள் உயிருக்கு பயந்து ஓடுகின்றனர்! மக்களுக்கு freedom of speech ஆபத்தில் உள்ளது! SHARE செய்யுங்கள்!,1,ta,FAKE,184,20
LEAKED: classified file REVEALS that government plans to microchip citizens by 2025! Insiders FLEE for their lives! 10 million% of population at RISK! They are COMING for your gun rights! RESIST now!,1,en,FAKE,199,32
கசிந்த ஆவணம்: government 2030-ல் censor internet திட்டமிடுகிறது! உள்நாட்டு தகவலாளர்கள் உயிருக்கு பயந்து ஓடுகின்றனர்! மக்களுக்கு privacy ஆபத்தில் உள்ளது! SHARE செய்யுங்கள்!,1,ta,FAKE,171,18
EXCLUSIVE: Scientists DISCOVER that neem CURES dengue in just 7 days! Big Pharma DOESN'T want you to know! 10 million doctors SILENCED for revealing this! WAKE UP! The Big Pharma cover-up is REAL!,1,en,FAKE,196,33
LEAKED: secret memo REVEALS that WHO plans to control food supply by 2026! Insiders FLEE for their lives! 12% of population at RISK! They are COMING for your privacy! RESIST now!,1,en,FAKE,178,31
Japan அரசு infrastructure துறைக்கு ₹200 கோடி நிதி ஒதுக்கியது. cabinet மதிப்பாய்வு செய்த திட்டம் 2027-ல் achieve net-zero நோக்கமாக கொண்டுள்ளது. எதிர்க்கட்சிகள் கலவையான கருத்துக்களை தெரிவித்தன.,0,ta,REAL,191,21
"LEAKED: secret memo REVEALS that government plans to censor internet by 2025! Insiders FLEE for their lives! 2,300% of population at RISK! They are COMING for your freedom of speech! RESIST now!",1,en,FAKE,194,32
அதிர்ச்சி செய்தி: a major politician இரகசியமாக funds terror groups! அரசு chemtrails பற்றிய உண்மையை மறைக்கிறது! DELETE ஆவதற்கு முன் SHARE செய்யுங்கள்! senior official இந்த அதிர்ச்சிகரமான உண்மையை உறுதிப்படுத்துகிறது!,1,ta,FAKE,214,25
ALERT: a governor caught lying under oath on camera — VIDEO PROOF! Deep state PANICKING! Over 45 million patriots DEMAND justice! Germany is FALLING because of immigrants! RT if you AGREE! Share EVERYWHERE!,1,en,FAKE,206,33
BREAKING: a major politician SECRETLY meets foreign spy! Government HIDING the TRUTH about water supply! SHARE before they DELETE this! Reuters confirms SHOCKING revelation that mainstream media REFUSES to cover. This changes EVERYTHING!,1,en,FAKE,237,33
BREAKING: a famous actor SECRETLY meets foreign spy! Government HIDING the TRUTH about chemtrails! SHARE before they DELETE this! senior official confirms SHOCKING revelation that mainstream media REFUSES to cover. This changes EVERYTHING!,1,en,FAKE,239,33
"அதிசயம்: a retired teacher ஒரே 30 நாளில் 2,500 கிலோ குறைத்தனர்! மருத்துவர்கள் வெறுக்கும் இந்த ஒரு இரகசிய உத்தி! a tech billionaire தினமும் இதை பயன்படுத்துகிறார்! இன்றே ஆர்டர் செய்யுங்கள்!",1,ta,FAKE,187,25
இரகசியம் வெளியாயிற்று: coconut oil 30 நாளில் COVID-19-ஐ குணப்படுத்துகிறது! பெரிய நிறுவனங்கள் இதை மறைக்கின்றன! 100 மருத்துவர்கள் இதை வெளியிட்டதால் நிறுத்தப்பட்டனர்! விழிப்புணர்வு பெறுங்கள்! deep state plot உண்மையானது!,1,ta,FAKE,216,23
"UN நிறுவனம் இன்று அறிவித்தது: vaccine mandate December 1 முதல் நடைமுறைக்கு வரும். 30 நாள் ஆலோசனைக்குப் பிறகு அதிகாரிகள் இந்த முடிவை உறுதிப்படுத்தினர். Reuters தெரிவிக்கும் வகையில், இந்த நடவடிக்கை boost employment என்று எதிர்பார்க்கப்படுகிறது.",0,ta,REAL,242,28
"The France government approved a $12 billion budget for defence. The plan, reviewed by cabinet, aims to boost GDP by 7% by 2035. Opposition parties offered mixed responses.",0,en,REAL,172,28
MIRACLE: a mother of three LOSES 5 kg in 21 days using ONE weird trick doctors HATE! Experts BAFFLED! a tech billionaire uses this SECRET daily! ORDER before April 5 — LIMITED SUPPLY!,1,en,FAKE,183,33
"Stock markets surged on Friday as Reliance reported strong quarterly earnings. Analysts at Goldman Sachs revised their 2027 forecast to 6.3%, citing supply chain issues.",0,en,REAL,169,25
LEAKED: leaked email REVEALS that government plans to censor internet by 2030! Insiders FLEE for their lives! 12% of population at RISK! They are COMING for your gun rights! RESIST now!,1,en,FAKE,185,31
"RBI நிறுவனம் இன்று அறிவித்தது: vaccine mandate January 1 முதல் நடைமுறைக்கு வரும். 7 நாள் ஆலோசனைக்குப் பிறகு அதிகாரிகள் இந்த முடிவை உறுதிப்படுத்தினர். ministry spokesperson தெரிவிக்கும் வகையில், இந்த நடவடிக்கை reduce inflation என்று எதிர்பார்க்கப்படுகிறது.",0,ta,REAL,255,29
"France அரசு agriculture துறைக்கு ₹2,500 கோடி நிதி ஒதுக்கியது. parliament மதிப்பாய்வு செய்த திட்டம் 2027-ல் boost GDP by 7% நோக்கமாக கொண்டுள்ளது. எதிர்க்கட்சிகள் கலவையான கருத்துக்களை தெரிவித்தன.",0,ta,REAL,193,23
கசிந்த ஆவணம்: deep state 2027-ல் censor internet திட்டமிடுகிறது! உள்நாட்டு தகவலாளர்கள் உயிருக்கு பயந்து ஓடுகின்றனர்! மக்களுக்கு gun rights ஆபத்தில் உள்ளது! SHARE செய்யுங்கள்!,1,ta,FAKE,174,20
Google நிறுவனம் disappointing காலாண்டு வருவாய் அறிவித்ததால் Monday அன்று சந்தை plunged. Citi பகுப்பாய்வாளர்கள் 2027 கணிப்பை 6.3% ஆக திருத்தினர்.,0,ta,REAL,144,17
"Stock markets dipped on Friday as Infosys reported record quarterly earnings. Analysts at Morgan Stanley revised their 2030 forecast to 9.0%, citing innovation.",0,en,REAL,160,23
ALERT: a governor caught lying under oath on camera — VIDEO PROOF! Deep state PANICKING! Over 100 million patriots DEMAND justice! Japan is FALLING because of foreign agents! RT if you AGREE! Share EVERYWHERE!,1,en,FAKE,209,34
Mumbai reported 100 new cases of COVID-19 on Monday. Health authorities have deployed medical teams to manage the situation. Officials urge residents to wear masks.,0,en,REAL,164,25
"The UN announced today that vaccine mandate will take effect from December 1. Officials confirmed the decision after 14 days of deliberation. The measure is expected to improve healthcare, according to PTI.",0,en,REAL,206,32
"Researchers at NUS published findings in NEJM showing that improved accuracy. The study, conducted over 2 years with 10,000 participants, concludes that early screening saves lives. Peer reviewers praised the methodology.",0,en,REAL,221,31
MIRACLE: a local farmer LOSES 50 kg in 30 days using ONE weird trick doctors HATE! Experts BAFFLED! a major politician uses this SECRET daily! ORDER before December 1 — LIMITED SUPPLY!,1,en,FAKE,184,32
ALERT: a governor caught lying under oath on camera — VIDEO PROOF! Deep state PANICKING! Over 45 million patriots DEMAND justice! USA is FALLING because of immigrants! RT if you AGREE! Share EVERYWHERE!,1,en,FAKE,202,33
"The UK government approved a $12 billion budget for healthcare. The plan, reviewed by parliament, aims to achieve net-zero by 2025. Opposition parties offered mixed responses.",0,en,REAL,175,26
அம்பலம்: the opposition leader கேமராவில் hiding documents பிடிக்கப்பட்டனர்! 10 million லட்சம் மக்கள் நீதி கோருகின்றனர்! Germany immigrants காரணமாக நலிவடைகிறது! உடனே பகிருங்கள்!,1,ta,FAKE,176,20
"UK அரசு education துறைக்கு ₹1,000 கோடி நிதி ஒதுக்கியது. cabinet மதிப்பாய்வு செய்த திட்டம் 2026-ல் boost GDP by 7% நோக்கமாக கொண்டுள்ளது. எதிர்க்கட்சிகள் கலவையான கருத்துக்களை தெரிவித்தன.",0,ta,REAL,184,23
"MIRACLE: a mother of three LOSES 1,000 kg in 90 days using ONE weird trick doctors HATE! Experts BAFFLED! a major politician uses this SECRET daily! ORDER before March 15 — LIMITED SUPPLY!",1,en,FAKE,188,33
HDFC நிறுவனம் record காலாண்டு வருவாய் அறிவித்ததால் Monday அன்று சந்தை plunged. Citi பகுப்பாய்வாளர்கள் 2025 கணிப்பை 7.5% ஆக திருத்தினர்.,0,ta,REAL,135,17
அதிர்ச்சி செய்தி: a famous actor இரகசியமாக betrays nation! அரசு 5G towers பற்றிய உண்மையை மறைக்கிறது! DELETE ஆவதற்கு முன் SHARE செய்யுங்கள்! AFP இந்த அதிர்ச்சிகரமான உண்மையை உறுதிப்படுத்துகிறது!,1,ta,FAKE,192,24
BREAKING: a tech billionaire SECRETLY meets foreign spy! Government HIDING the TRUTH about climate! SHARE before they DELETE this! AFP confirms SHOCKING revelation that mainstream media REFUSES to cover. This changes EVERYTHING!,1,en,FAKE,228,32
ALERT: the opposition leader caught hiding documents on camera — VIDEO PROOF! Deep state PANICKING! Over 12 million patriots DEMAND justice! Japan is FALLING because of foreign agents! RT if you AGREE! Share EVERYWHERE!,1,en,FAKE,219,34
"The UNESCO announced today that climate policy will take effect from December 1. Officials confirmed the decision after 21 days of deliberation. The measure is expected to improve healthcare, according to Reuters.",0,en,REAL,213,32
"Researchers at Stanford published findings in Lancet showing that improved accuracy. The study, conducted over 5 years with 500 participants, concludes that early screening saves lives. Peer reviewers praised the methodology.",0,en,REAL,225,31
அம்பலம்: the opposition leader கேமராவில் accepting bribe பிடிக்கப்பட்டனர்! 100 லட்சம் மக்கள் நீதி கோருகின்றனர்! USA globalists காரணமாக நலிவடைகிறது! உடனே பகிருங்கள்!,1,ta,FAKE,164,19
France அரசு agriculture துறைக்கு ₹50 கோடி நிதி ஒதுக்கியது. finance ministry மதிப்பாய்வு செய்த திட்டம் 2027-ல் boost GDP by 7% நோக்கமாக கொண்டுள்ளது. எதிர்க்கட்சிகள் கலவையான கருத்துக்களை தெரிவித்தன.,0,ta,REAL,196,24
ALERT: the opposition leader caught lying under oath on camera — VIDEO PROOF! Deep state PANICKING! Over 12 million patriots DEMAND justice! France is FALLING because of immigrants! RT if you AGREE! Share EVERYWHERE!,1,en,FAKE,216,34
"இரகசியம் வெளியாயிற்று: lemon water 30 நாளில் dengue-ஐ குணப்படுத்துகிறது! பெரிய நிறுவனங்கள் இதை மறைக்கின்றன! 2,300 மருத்துவர்கள் இதை வெளியிட்டதால் நிறுத்தப்பட்டனர்! விழிப்புணர்வு பெறுங்கள்! deep state plot உண்மையானது!",1,ta,FAKE,216,23
"இரகசியம் வெளியாயிற்று: turmeric 7 நாளில் COVID-19-ஐ குணப்படுத்துகிறது! பெரிய நிறுவனங்கள் இதை மறைக்கின்றன! 2,300 மருத்துவர்கள் இதை வெளியிட்டதால் நிறுத்தப்பட்டனர்! விழிப்புணர்வு பெறுங்கள்! deep state plot உண்மையானது!",1,ta,FAKE,214,22
அதிர்ச்சி செய்தி: a famous actor இரகசியமாக meets foreign spy! அரசு 5G towers பற்றிய உண்மையை மறைக்கிறது! DELETE ஆவதற்கு முன் SHARE செய்யுங்கள்! senior official இந்த அதிர்ச்சிகரமான உண்மையை உறுதிப்படுத்துகிறது!,1,ta,FAKE,207,26
"The Japan government approved a $200 billion budget for healthcare. The plan, reviewed by parliament, aims to boost GDP by 7% by 2035. Opposition parties offered mixed responses.",0,en,REAL,178,28
"The UNESCO announced today that tax reform will take effect from December 1. Officials confirmed the decision after 21 days of deliberation. The measure is expected to reduce inflation, according to PTI.",0,en,REAL,203,32
அம்பலம்: a senior minister கேமராவில் lying under oath பிடிக்கப்பட்டனர்! 12 லட்சம் மக்கள் நீதி கோருகின்றனர்! Germany elites காரணமாக நலிவடைகிறது! உடனே பகிருங்கள்!,1,ta,FAKE,160,20
"Stock markets rallied on Tuesday as Reliance reported stellar quarterly earnings. Analysts at Goldman Sachs revised their 2035 forecast to 6.3%, citing cost pressures.",0,en,REAL,167,24
இரகசியம் வெளியாயிற்று: lemon water 7 நாளில் dengue-ஐ குணப்படுத்துகிறது! பெரிய நிறுவனங்கள் இதை மறைக்கின்றன! 45 மருத்துவர்கள் இதை வெளியிட்டதால் நிறுத்தப்பட்டனர்! விழிப்புணர்வு பெறுங்கள்! Big Pharma cover-up உண்மையானது!,1,ta,FAKE,216,23
"Stock markets surged on Tuesday as Apple reported stellar quarterly earnings. Analysts at Goldman Sachs revised their 2027 forecast to 6.3%, citing innovation.",0,en,REAL,159,23
"Stock markets dipped on Wednesday as HDFC reported mixed quarterly earnings. Analysts at Goldman Sachs revised their 2025 forecast to 6.3%, citing cost pressures.",0,en,REAL,162,24
"அம்பலம்: a senior minister கேமராவில் hiding documents பிடிக்கப்பட்டனர்! 500,000 லட்சம் மக்கள் நீதி கோருகின்றனர்! USA foreign agents காரணமாக நலிவடைகிறது! உடனே பகிருங்கள்!",1,ta,FAKE,169,20
"LEAKED: secret memo REVEALS that government plans to control food supply by 2035! Insiders FLEE for their lives! 500,000% of population at RISK! They are COMING for your property! RESIST now!",1,en,FAKE,191,31
"UN நிறுவனம் இன்று அறிவித்தது: new trade agreement January 1 முதல் நடைமுறைக்கு வரும். 7 நாள் ஆலோசனைக்குப் பிறகு அதிகாரிகள் இந்த முடிவை உறுதிப்படுத்தினர். ministry spokesperson தெரிவிக்கும் வகையில், இந்த நடவடிக்கை cut emissions என்று எதிர்பார்க்கப்படுகிறது.",0,ta,REAL,255,30
அம்பலம்: a governor கேமராவில் lying under oath பிடிக்கப்பட்டனர்! 12 லட்சம் மக்கள் நீதி கோருகின்றனர்! UK globalists காரணமாக நலிவடைகிறது! உடனே பகிருங்கள்!,1,ta,FAKE,152,19
"அம்பலம்: a senior minister கேமராவில் lying under oath பிடிக்கப்பட்டனர்! 500,000 லட்சம் மக்கள் நீதி கோருகின்றனர்! UK globalists காரணமாக நலிவடைகிறது! உடனே பகிருங்கள்!",1,ta,FAKE,164,20
அதிர்ச்சி செய்தி: a famous actor இரகசியமாக meets foreign spy! அரசு water supply பற்றிய உண்மையை மறைக்கிறது! DELETE ஆவதற்கு முன் SHARE செய்யுங்கள்! AFP இந்த அதிர்ச்சிகரமான உண்மையை உறுதிப்படுத்துகிறது!,1,ta,FAKE,198,25
BREAKING: a major politician SECRETLY funds terror groups! Government HIDING the TRUTH about 5G towers! SHARE before they DELETE this! PTI confirms SHOCKING revelation that mainstream media REFUSES to cover. This changes EVERYTHING!,1,en,FAKE,232,33
MIRACLE: a retired teacher LOSES 5 kg in 90 days using ONE weird trick doctors HATE! Experts BAFFLED! a famous actor uses this SECRET daily! ORDER before April 5 — LIMITED SUPPLY!,1,en,FAKE,179,32
BREAKING: a famous actor SECRETLY betrays nation! Government HIDING the TRUTH about water supply! SHARE before they DELETE this! senior official confirms SHOCKING revelation that mainstream media REFUSES to cover. This changes EVERYTHING!,1,en,FAKE,238,33
"Researchers at IIT Madras published findings in Lancet showing that doubled lifespan. The study, conducted over 2 years with 10,000 participants, concludes that lifestyle changes matter. Peer reviewers praised the methodology.",0,en,REAL,226,31
"Stock markets plunged on Wednesday as HDFC reported strong quarterly earnings. Analysts at Goldman Sachs revised their 2027 forecast to 6.3%, citing innovation.",0,en,REAL,160,23
LEAKED: secret memo REVEALS that UN plans to microchip citizens by 2035! Insiders FLEE for their lives! 12% of population at RISK! They are COMING for your gun rights! RESIST now!,1,en,FAKE,179,31
"The RBI announced today that new trade agreement will take effect from December 1. Officials confirmed the decision after 30 days of deliberation. The measure is expected to improve healthcare, according to AFP.",0,en,REAL,211,33
கசிந்த ஆவணம்: WEF 2026-ல் censor internet திட்டமிடுகிறது! உள்நாட்டு தகவலாளர்கள் உயிருக்கு பயந்து ஓடுகின்றனர்! மக்களுக்கு privacy ஆபத்தில் உள்ளது! SHARE செய்யுங்கள்!,1,ta,FAKE,164,18
EXCLUSIVE: Scientists DISCOVER that coconut oil CURES dengue in just 30 days! Big Pharma DOESN'T want you to know! 10 million doctors SILENCED for revealing this! WAKE UP! The deep state plot is REAL!,1,en,FAKE,200,34
"EXCLUSIVE: Scientists DISCOVER that garlic CURES dengue in just 30 days! Big Pharma DOESN'T want you to know! 500,000 doctors SILENCED for revealing this! WAKE UP! The deep state plot is REAL!",1,en,FAKE,192,32
BREAKING: a tech billionaire SECRETLY betrays nation! Government HIDING the TRUTH about 5G towers! SHARE before they DELETE this! senior official confirms SHOCKING revelation that mainstream media REFUSES to cover. This changes EVERYTHING!,1,en,FAKE,239,33
Tesla நிறுவனம் strong காலாண்டு வருவாய் அறிவித்ததால் Monday அன்று சந்தை fell. Goldman Sachs பகுப்பாய்வாளர்கள் 2030 கணிப்பை 4.2% ஆக திருத்தினர்.,0,ta,REAL,142,18
அதிர்ச்சி செய்தி: a major politician இரகசியமாக meets foreign spy! அரசு water supply பற்றிய உண்மையை மறைக்கிறது! DELETE ஆவதற்கு முன் SHARE செய்யுங்கள்! PTI இந்த அதிர்ச்சிகரமான உண்மையை உறுதிப்படுத்துகிறது!,1,ta,FAKE,202,25
USA அரசு infrastructure துறைக்கு ₹200 கோடி நிதி ஒதுக்கியது. cabinet மதிப்பாய்வு செய்த திட்டம் 2026-ல் achieve net-zero நோக்கமாக கொண்டுள்ளது. எதிர்க்கட்சிகள் கலவையான கருத்துக்களை தெரிவித்தன.,0,ta,REAL,189,21
"LEAKED: classified file REVEALS that UN plans to censor internet by 2027! Insiders FLEE for their lives! 2,300% of population at RISK! They are COMING for your gun rights! RESIST now!",1,en,FAKE,183,31
"LEAKED: classified file REVEALS that UN plans to censor internet by 2035! Insiders FLEE for their lives! 2,300% of population at RISK! They are COMING for your property! RESIST now!",1,en,FAKE,181,30
"MIT-இல் உள்ள ஆராய்ச்சியாளர்கள் Lancet இதழில் ஆய்வு முடிவுகளை வெளியிட்டனர். 10 ஆண்டுகள் 5,000 பங்கேற்பாளர்களுடன் நடத்தப்பட்ட இந்த ஆய்வு improved accuracy என்று கண்டறிந்தது. சகாக்கள் ஆய்வு முறையை பாராட்டினர்.",0,ta,REAL,206,23
கசிந்த ஆவணம்: WHO 2025-ல் control food supply திட்டமிடுகிறது! உள்நாட்டு தகவலாளர்கள் உயிருக்கு பயந்து ஓடுகின்றனர்! மக்களுக்கு freedom of speech ஆபத்தில் உள்ளது! SHARE செய்யுங்கள்!,1,ta,FAKE,178,21
Apple நிறுவனம் stellar காலாண்டு வருவாய் அறிவித்ததால் Thursday அன்று சந்தை surged. ICICI பகுப்பாய்வாளர்கள் 2025 கணிப்பை 4.2% ஆக திருத்தினர்.,0,ta,REAL,139,17
ALERT: a governor caught hiding documents on camera — VIDEO PROOF! Deep state PANICKING! Over 45 million patriots DEMAND justice! Japan is FALLING because of elites! RT if you AGREE! Share EVERYWHERE!,1,en,FAKE,200,32
"Oxford-இல் உள்ள ஆராய்ச்சியாளர்கள் NEJM இதழில் ஆய்வு முடிவுகளை வெளியிட்டனர். 5 ஆண்டுகள் 10,000 பங்கேற்பாளர்களுடன் நடத்தப்பட்ட இந்த ஆய்வு cut costs by 30% என்று கண்டறிந்தது. சகாக்கள் ஆய்வு முறையை பாராட்டினர்.",0,ta,REAL,206,25
அம்பலம்: a senior minister கேமராவில் accepting bribe பிடிக்கப்பட்டனர்! 10 million லட்சம் மக்கள் நீதி கோருகின்றனர்! UK elites காரணமாக நலிவடைகிறது! உடனே பகிருங்கள்!,1,ta,FAKE,162,20
MIRACLE: a mother of three LOSES 50 kg in 21 days using ONE weird trick doctors HATE! Experts BAFFLED! a major politician uses this SECRET daily! ORDER before March 15 — LIMITED SUPPLY!,1,en,FAKE,185,33
"ALERT: a senior minister caught lying under oath on camera — VIDEO PROOF! Deep state PANICKING! Over 500,000 million patriots DEMAND justice! France is FALLING because of globalists! RT if you AGREE! Share EVERYWHERE!",1,en,FAKE,217,34
"EXCLUSIVE: Scientists DISCOVER that coconut oil CURES cholera in just 90 days! Big Pharma DOESN'T want you to know! 2,300 doctors SILENCED for revealing this! WAKE UP! The Big Pharma cover-up is REAL!",1,en,FAKE,200,33
"NASA நிறுவனம் இன்று அறிவித்தது: vaccine mandate December 1 முதல் நடைமுறைக்கு வரும். 30 நாள் ஆலோசனைக்குப் பிறகு அதிகாரிகள் இந்த முடிவை உறுதிப்படுத்தினர். ministry spokesperson தெரிவிக்கும் வகையில், இந்த நடவடிக்கை reduce inflation என்று எதிர்பார்க்கப்படுகிறது.",0,ta,REAL,258,29
USA அரசு infrastructure துறைக்கு ₹12 கோடி நிதி ஒதுக்கியது. parliament மதிப்பாய்வு செய்த திட்டம் 2030-ல் eradicate poverty நோக்கமாக கொண்டுள்ளது. எதிர்க்கட்சிகள் கலவையான கருத்துக்களை தெரிவித்தன.,0,ta,REAL,192,21
"The UN announced today that tax reform will take effect from March 15. Officials confirmed the decision after 90 days of deliberation. The measure is expected to reduce inflation, according to ministry spokesperson.",0,en,REAL,215,33
அதிர்ச்சி செய்தி: a major politician இரகசியமாக meets foreign spy! அரசு water supply பற்றிய உண்மையை மறைக்கிறது! DELETE ஆவதற்கு முன் SHARE செய்யுங்கள்! PTI இந்த அதிர்ச்சிகரமான உண்மையை உறுதிப்படுத்துகிறது!,1,ta,FAKE,202,25
அம்பலம்: the opposition leader கேமராவில் lying under oath பிடிக்கப்பட்டனர்! 10 million லட்சம் மக்கள் நீதி கோருகின்றனர்! UK foreign agents காரணமாக நலிவடைகிறது! உடனே பகிருங்கள்!,1,ta,FAKE,175,22
Kolkata-ல் Monday அன்று 10 million புதிய cholera வழக்குகள் பதிவாயின. சுகாதார அதிகாரிகள் நிலைமையை சமாளிக்க medical teams நிறுத்தினர். குடிமக்கள் get vaccinated என்று அறிவுறுத்தப்படுகின்றனர்.,0,ta,REAL,189,21
"Stock markets surged on Thursday as Google reported record quarterly earnings. Analysts at JPMorgan revised their 2035 forecast to 9.0%, citing innovation.",0,en,REAL,155,22
"Stanford-இல் உள்ள ஆராய்ச்சியாளர்கள் NEJM இதழில் ஆய்வு முடிவுகளை வெளியிட்டனர். 3 ஆண்டுகள் 10,000 பங்கேற்பாளர்களுடன் நடத்தப்பட்ட இந்த ஆய்வு reduced risk by 40% என்று கண்டறிந்தது. சகாக்கள் ஆய்வு முறையை பாராட்டினர்.",0,ta,REAL,211,25
"Stock markets rallied on Friday as Tesla reported strong quarterly earnings. Analysts at Citi revised their 2035 forecast to 6.3%, citing strong demand.",0,en,REAL,152,23
"The RBI announced today that new trade agreement will take effect from January 1. Officials confirmed the decision after 90 days of deliberation. The measure is expected to boost employment, according to AFP.",0,en,REAL,208,33
அதிசயம்: a retired teacher ஒரே 21 நாளில் 12 கிலோ குறைத்தனர்! மருத்துவர்கள் வெறுக்கும் இந்த ஒரு இரகசிய உத்தி! a famous actor தினமும் இதை பயன்படுத்துகிறார்! இன்றே ஆர்டர் செய்யுங்கள்!,1,ta,FAKE,180,25
அதிர்ச்சி செய்தி: a major politician இரகசியமாக funds terror groups! அரசு vaccines பற்றிய உண்மையை மறைக்கிறது! DELETE ஆவதற்கு முன் SHARE செய்யுங்கள்! AFP இந்த அதிர்ச்சிகரமான உண்மையை உறுதிப்படுத்துகிறது!,1,ta,FAKE,200,24
"LEAKED: secret memo REVEALS that deep state plans to censor internet by 2035! Insiders FLEE for their lives! 500,000% of population at RISK! They are COMING for your property! RESIST now!",1,en,FAKE,187,31
அம்பலம்: the opposition leader கேமராவில் hiding documents பிடிக்கப்பட்டனர்! 45 லட்சம் மக்கள் நீதி கோருகின்றனர்! Germany elites காரணமாக நலிவடைகிறது! உடனே பகிருங்கள்!,1,ta,FAKE,164,19
Reliance நிறுவனம் record காலாண்டு வருவாய் அறிவித்ததால் Wednesday அன்று சந்தை dipped. JPMorgan பகுப்பாய்வாளர்கள் 2027 கணிப்பை 8.1% ஆக திருத்தினர்.,0,ta,REAL,145,17
"WHO நிறுவனம் இன்று அறிவித்தது: climate policy April 5 முதல் நடைமுறைக்கு வரும். 30 நாள் ஆலோசனைக்குப் பிறகு அதிகாரிகள் இந்த முடிவை உறுதிப்படுத்தினர். PTI தெரிவிக்கும் வகையில், இந்த நடவடிக்கை cut emissions என்று எதிர்பார்க்கப்படுகிறது.",0,ta,REAL,232,28
LEAKED: secret memo REVEALS that WEF plans to microchip citizens by 2026! Insiders FLEE for their lives! 12% of population at RISK! They are COMING for your property! RESIST now!,1,en,FAKE,178,30
"MIRACLE: a local farmer LOSES 1,000 kg in 30 days using ONE weird trick doctors HATE! Experts BAFFLED! a tech billionaire uses this SECRET daily! ORDER before April 5 — LIMITED SUPPLY!",1,en,FAKE,184,32
"Kolkata-ல் Monday அன்று 500,000 புதிய cholera வழக்குகள் பதிவாயின. சுகாதார அதிகாரிகள் நிலைமையை சமாளிக்க medical teams நிறுத்தினர். குடிமக்கள் avoid crowding என்று அறிவுறுத்தப்படுகின்றனர்.",0,ta,REAL,186,20
EXCLUSIVE: Scientists DISCOVER that turmeric CURES influenza in just 21 days! Big Pharma DOESN'T want you to know! 12 doctors SILENCED for revealing this! WAKE UP! The New World Order is REAL!,1,en,FAKE,192,32
"IMF நிறுவனம் இன்று அறிவித்தது: climate policy December 1 முதல் நடைமுறைக்கு வரும். 30 நாள் ஆலோசனைக்குப் பிறகு அதிகாரிகள் இந்த முடிவை உறுதிப்படுத்தினர். Reuters தெரிவிக்கும் வகையில், இந்த நடவடிக்கை cut emissions என்று எதிர்பார்க்கப்படுகிறது.",0,ta,REAL,239,28
EXCLUSIVE: Scientists DISCOVER that lemon water CURES dengue in just 14 days! Big Pharma DOESN'T want you to know! 12 doctors SILENCED for revealing this! WAKE UP! The deep state plot is REAL!,1,en,FAKE,192,33
"அதிசயம்: a local farmer ஒரே 30 நாளில் 2,500 கிலோ குறைத்தனர்! மருத்துவர்கள் வெறுக்கும் இந்த ஒரு இரகசிய உத்தி! a major politician தினமும் இதை பயன்படுத்துகிறார்! இன்றே ஆர்டர் செய்யுங்கள்!",1,ta,FAKE,184,25
BREAKING: a famous actor SECRETLY meets foreign spy! Government HIDING the TRUTH about climate! SHARE before they DELETE this! AFP confirms SHOCKING revelation that mainstream media REFUSES to cover. This changes EVERYTHING!,1,en,FAKE,224,32
"NUS-இல் உள்ள ஆராய்ச்சியாளர்கள் Cell இதழில் ஆய்வு முடிவுகளை வெளியிட்டனர். 10 ஆண்டுகள் 1,200 பங்கேற்பாளர்களுடன் நடத்தப்பட்ட இந்த ஆய்வு reduced risk by 40% என்று கண்டறிந்தது. சகாக்கள் ஆய்வு முறையை பாராட்டினர்.",0,ta,REAL,206,25
USA அரசு healthcare துறைக்கு ₹12 கோடி நிதி ஒதுக்கியது. cabinet மதிப்பாய்வு செய்த திட்டம் 2030-ல் boost GDP by 7% நோக்கமாக கொண்டுள்ளது. எதிர்க்கட்சிகள் கலவையான கருத்துக்களை தெரிவித்தன.,0,ta,REAL,183,23
"இரகசியம் வெளியாயிற்று: neem 14 நாளில் dengue-ஐ குணப்படுத்துகிறது! பெரிய நிறுவனங்கள் இதை மறைக்கின்றன! 500,000 மருத்துவர்கள் இதை வெளியிட்டதால் நிறுத்தப்பட்டனர்! விழிப்புணர்வு பெறுங்கள்! Big Pharma cover-up உண்மையானது!",1,ta,FAKE,215,22
அம்பலம்: the opposition leader கேமராவில் lying under oath பிடிக்கப்பட்டனர்! 10 million லட்சம் மக்கள் நீதி கோருகின்றனர்! India foreign agents காரணமாக நலிவடைகிறது! உடனே பகிருங்கள்!,1,ta,FAKE,178,22
கசிந்த ஆவணம்: UN 2026-ல் microchip citizens திட்டமிடுகிறது! உள்நாட்டு தகவலாளர்கள் உயிருக்கு பயந்து ஓடுகின்றனர்! மக்களுக்கு gun rights ஆபத்தில் உள்ளது! SHARE செய்யுங்கள்!,1,ta,FAKE,169,19
அம்பலம்: the opposition leader கேமராவில் lying under oath பிடிக்கப்பட்டனர்! 10 million லட்சம் மக்கள் நீதி கோருகின்றனர்! France elites காரணமாக நலிவடைகிறது! உடனே பகிருங்கள்!,1,ta,FAKE,171,21
"Stock markets plunged on Tuesday as Google reported mixed quarterly earnings. Analysts at Citi revised their 2030 forecast to 8.1%, citing supply chain issues.",0,en,REAL,159,24
"The SEBI announced today that vaccine mandate will take effect from December 1. Officials confirmed the decision after 14 days of deliberation. The measure is expected to boost employment, according to senior official.",0,en,REAL,218,33
அதிர்ச்சி செய்தி: a major politician இரகசியமாக betrays nation! அரசு chemtrails பற்றிய உண்மையை மறைக்கிறது! DELETE ஆவதற்கு முன் SHARE செய்யுங்கள்! PTI இந்த அதிர்ச்சிகரமான உண்மையை உறுதிப்படுத்துகிறது!,1,ta,FAKE,197,23
"The RBI announced today that tax reform will take effect from December 1. Officials confirmed the decision after 60 days of deliberation. The measure is expected to improve healthcare, according to Reuters.",0,en,REAL,206,32
"UNESCO நிறுவனம் இன்று அறிவித்தது: climate policy April 5 முதல் நடைமுறைக்கு வரும். 60 நாள் ஆலோசனைக்குப் பிறகு அதிகாரிகள் இந்த முடிவை உறுதிப்படுத்தினர். AFP தெரிவிக்கும் வகையில், இந்த நடவடிக்கை cut emissions என்று எதிர்பார்க்கப்படுகிறது.",0,ta,REAL,235,28
"Stock markets surged on Friday as Google reported stellar quarterly earnings. Analysts at ICICI revised their 2027 forecast to 6.3%, citing supply chain issues.",0,en,REAL,160,24
அதிசயம்: a local farmer ஒரே 7 நாளில் 12 கிலோ குறைத்தனர்! மருத்துவர்கள் வெறுக்கும் இந்த ஒரு இரகசிய உத்தி! a famous actor தினமும் இதை பயன்படுத்துகிறார்! இன்றே ஆர்டர் செய்யுங்கள்!,1,ta,FAKE,176,25
"Chennai-ல் Monday அன்று 500,000 புதிய dengue வழக்குகள் பதிவாயின. சுகாதார அதிகாரிகள் நிலைமையை சமாளிக்க testing kits நிறுத்தினர். குடிமக்கள் stay home என்று அறிவுறுத்தப்படுகின்றனர்.",0,ta,REAL,179,20
"Stock markets fell on Friday as Google reported stellar quarterly earnings. Analysts at JPMorgan revised their 2026 forecast to 8.1%, citing strong demand.",0,en,REAL,155,23
"The UK government approved a $1,000 billion budget for defence. The plan, reviewed by finance ministry, aims to achieve net-zero by 2026. Opposition parties offered mixed responses.",0,en,REAL,181,27
"Hyderabad-ல் Tuesday அன்று 500,000 புதிய influenza வழக்குகள் பதிவாயின. சுகாதார அதிகாரிகள் நிலைமையை சமாளிக்க mobile units நிறுத்தினர். குடிமக்கள் stay home என்று அறிவுறுத்தப்படுகின்றனர்.",0,ta,REAL,185,20
"Stock markets rallied on Tuesday as Tesla reported strong quarterly earnings. Analysts at Morgan Stanley revised their 2027 forecast to 8.1%, citing strong demand.",0,en,REAL,163,24
கசிந்த ஆவணம்: government 2035-ல் control food supply திட்டமிடுகிறது! உள்நாட்டு தகவலாளர்கள் உயிருக்கு பயந்து ஓடுகின்றனர்! மக்களுக்கு property ஆபத்தில் உள்ளது! SHARE செய்யுங்கள்!,1,ta,FAKE,176,19
Tesla நிறுவனம் record காலாண்டு வருவாய் அறிவித்ததால் Tuesday அன்று சந்தை fell. Morgan Stanley பகுப்பாய்வாளர்கள் 2026 கணிப்பை 4.2% ஆக திருத்தினர்.,0,ta,REAL,144,18
"அம்பலம்: a senior minister கேமராவில் lying under oath பிடிக்கப்பட்டனர்! 2,300 லட்சம் மக்கள் நீதி கோருகின்றனர்! France foreign agents காரணமாக நலிவடைகிறது! உடனே பகிருங்கள்!",1,ta,FAKE,170,21
கசிந்த ஆவணம்: UN 2030-ல் microchip citizens திட்டமிடுகிறது! உள்நாட்டு தகவலாளர்கள் உயிருக்கு பயந்து ஓடுகின்றனர்! மக்களுக்கு privacy ஆபத்தில் உள்ளது! SHARE செய்யுங்கள்!,1,ta,FAKE,166,18
"Researchers at Oxford published findings in Nature showing that doubled lifespan. The study, conducted over 5 years with 5,000 participants, concludes that diet is key. Peer reviewers praised the methodology.",0,en,REAL,208,30
"LEAKED: classified file REVEALS that deep state plans to censor internet by 2025! Insiders FLEE for their lives! 2,300% of population at RISK! They are COMING for your gun rights! RESIST now!",1,en,FAKE,191,32
"இரகசியம் வெளியாயிற்று: turmeric 21 நாளில் COVID-19-ஐ குணப்படுத்துகிறது! பெரிய நிறுவனங்கள் இதை மறைக்கின்றன! 2,300 மருத்துவர்கள் இதை வெளியிட்டதால் நிறுத்தப்பட்டனர்! விழிப்புணர்வு பெறுங்கள்! New World Order உண்மையானது!",1,ta,FAKE,215,22
"ALERT: the opposition leader caught accepting bribe on camera — VIDEO PROOF! Deep state PANICKING! Over 500,000 million patriots DEMAND justice! Germany is FALLING because of foreign agents! RT if you AGREE! Share EVERYWHERE!",1,en,FAKE,225,34
"The NASA announced today that tax reform will take effect from March 15. Officials confirmed the decision after 14 days of deliberation. The measure is expected to improve healthcare, according to ministry spokesperson.",0,en,REAL,219,33
Kolkata-ல் Friday அன்று 10 million புதிய dengue வழக்குகள் பதிவாயின. சுகாதார அதிகாரிகள் நிலைமையை சமாளிக்க mobile units நிறுத்தினர். குடிமக்கள் get vaccinated என்று அறிவுறுத்தப்படுகின்றனர்.,0,ta,REAL,187,21
ALERT: the opposition leader caught accepting bribe on camera — VIDEO PROOF! Deep state PANICKING! Over 45 million patriots DEMAND justice! India is FALLING because of foreign agents! RT if you AGREE! Share EVERYWHERE!,1,en,FAKE,218,34
MIRACLE: a mother of three LOSES 200 kg in 7 days using ONE weird trick doctors HATE! Experts BAFFLED! a major politician uses this SECRET daily! ORDER before March 15 — LIMITED SUPPLY!,1,en,FAKE,185,33
"The Japan government approved a $5 billion budget for agriculture. The plan, reviewed by parliament, aims to achieve net-zero by 2030. Opposition parties offered mixed responses.",0,en,REAL,178,26
அதிசயம்: a mother of three ஒரே 90 நாளில் 5 கிலோ குறைத்தனர்! மருத்துவர்கள் வெறுக்கும் இந்த ஒரு இரகசிய உத்தி! a major politician தினமும் இதை பயன்படுத்துகிறார்! இன்றே ஆர்டர் செய்யுங்கள்!,1,ta,FAKE,183,26
அதிசயம்: a local farmer ஒரே 90 நாளில் 50 கிலோ குறைத்தனர்! மருத்துவர்கள் வெறுக்கும் இந்த ஒரு இரகசிய உத்தி! a major politician தினமும் இதை பயன்படுத்துகிறார்! இன்றே ஆர்டர் செய்யுங்கள்!,1,ta,FAKE,181,25
"UN நிறுவனம் இன்று அறிவித்தது: new trade agreement March 15 முதல் நடைமுறைக்கு வரும். 7 நாள் ஆலோசனைக்குப் பிறகு அதிகாரிகள் இந்த முடிவை உறுதிப்படுத்தினர். senior official தெரிவிக்கும் வகையில், இந்த நடவடிக்கை reduce inflation என்று எதிர்பார்க்கப்படுகிறது.",0,ta,REAL,251,30
ALERT: a governor caught accepting bribe on camera — VIDEO PROOF! Deep state PANICKING! Over 12 million patriots DEMAND justice! UK is FALLING because of foreign agents! RT if you AGREE! Share EVERYWHERE!,1,en,FAKE,204,33
Chennai reported 12 new cases of cholera on Thursday. Health authorities have deployed vaccines to manage the situation. Officials urge residents to stay home.,0,en,REAL,159,24
இரகசியம் வெளியாயிற்று: turmeric 30 நாளில் dengue-ஐ குணப்படுத்துகிறது! பெரிய நிறுவனங்கள் இதை மறைக்கின்றன! 45 மருத்துவர்கள் இதை வெளியிட்டதால் நிறுத்தப்பட்டனர்! விழிப்புணர்வு பெறுங்கள்! New World Order உண்மையானது!,1,ta,FAKE,210,22
"NUS-இல் உள்ள ஆராய்ச்சியாளர்கள் NEJM இதழில் ஆய்வு முடிவுகளை வெளியிட்டனர். 5 ஆண்டுகள் 10,000 பங்கேற்பாளர்களுடன் நடத்தப்பட்ட இந்த ஆய்வு cut costs by 30% என்று கண்டறிந்தது. சகாக்கள் ஆய்வு முறையை பாராட்டினர்.",0,ta,REAL,203,25
இரகசியம் வெளியாயிற்று: coconut oil 21 நாளில் influenza-ஐ குணப்படுத்துகிறது! பெரிய நிறுவனங்கள் இதை மறைக்கின்றன! 12 மருத்துவர்கள் இதை வெளியிட்டதால் நிறுத்தப்பட்டனர்! விழிப்புணர்வு பெறுங்கள்! Big Pharma cover-up உண்மையானது!,1,ta,FAKE,220,23
UK அரசு healthcare துறைக்கு ₹200 கோடி நிதி ஒதுக்கியது. expert panel மதிப்பாய்வு செய்த திட்டம் 2025-ல் boost GDP by 7% நோக்கமாக கொண்டுள்ளது. எதிர்க்கட்சிகள் கலவையான கருத்துக்களை தெரிவித்தன.,0,ta,REAL,188,24
இரகசியம் வெளியாயிற்று: neem 14 நாளில் COVID-19-ஐ குணப்படுத்துகிறது! பெரிய நிறுவனங்கள் இதை மறைக்கின்றன! 10 million மருத்துவர்கள் இதை வெளியிட்டதால் நிறுத்தப்பட்டனர்! விழிப்புணர்வு பெறுங்கள்! New World Order உண்மையானது!,1,ta,FAKE,216,23
"The SEBI announced today that climate policy will take effect from December 1. Officials confirmed the decision after 60 days of deliberation. The measure is expected to cut emissions, according to AFP.",0,en,REAL,202,32
BREAKING: a tech billionaire SECRETLY funds terror groups! Government HIDING the TRUTH about vaccines! SHARE before they DELETE this! senior official confirms SHOCKING revelation that mainstream media REFUSES to cover. This changes EVERYTHING!,1,en,FAKE,243,33
EXCLUSIVE: Scientists DISCOVER that turmeric CURES malaria in just 60 days! Big Pharma DOESN'T want you to know! 12 doctors SILENCED for revealing this! WAKE UP! The deep state plot is REAL!,1,en,FAKE,190,32
HDFC நிறுவனம் stellar காலாண்டு வருவாய் அறிவித்ததால் Monday அன்று சந்தை rose. ICICI பகுப்பாய்வாளர்கள் 2027 கணிப்பை 9.0% ஆக திருத்தினர்.,0,ta,REAL,134,17
HDFC நிறுவனம் stellar காலாண்டு வருவாய் அறிவித்ததால் Friday அன்று சந்தை rallied. JPMorgan பகுப்பாய்வாளர்கள் 2026 கணிப்பை 7.5% ஆக திருத்தினர்.,0,ta,REAL,140,17
"Japan அரசு defence துறைக்கு ₹1,000 கோடி நிதி ஒதுக்கியது. cabinet மதிப்பாய்வு செய்த திட்டம் 2025-ல் boost GDP by 7% நோக்கமாக கொண்டுள்ளது. எதிர்க்கட்சிகள் கலவையான கருத்துக்களை தெரிவித்தன.",0,ta,REAL,185,23
Germany அரசு education துறைக்கு ₹200 கோடி நிதி ஒதுக்கியது. parliament மதிப்பாய்வு செய்த திட்டம் 2030-ல் achieve net-zero நோக்கமாக கொண்டுள்ளது. எதிர்க்கட்சிகள் கலவையான கருத்துக்களை தெரிவித்தன.,0,ta,REAL,191,21
EXCLUSIVE: Scientists DISCOVER that coconut oil CURES cholera in just 90 days! Big Pharma DOESN'T want you to know! 45 doctors SILENCED for revealing this! WAKE UP! The deep state plot is REAL!,1,en,FAKE,193,33
"The Japan government approved a $5 billion budget for defence. The plan, reviewed by parliament, aims to eradicate poverty by 2025. Opposition parties offered mixed responses.",0,en,REAL,175,26
"Germany அரசு healthcare துறைக்கு ₹1,000 கோடி நிதி ஒதுக்கியது. finance ministry மதிப்பாய்வு செய்த திட்டம் 2025-ல் achieve net-zero நோக்கமாக கொண்டுள்ளது. எதிர்க்கட்சிகள் கலவையான கருத்துக்களை தெரிவித்தன.",0,ta,REAL,200,22
கசிந்த ஆவணம்: UN 2026-ல் censor internet திட்டமிடுகிறது! உள்நாட்டு தகவலாளர்கள் உயிருக்கு பயந்து ஓடுகின்றனர்! மக்களுக்கு privacy ஆபத்தில் உள்ளது! SHARE செய்யுங்கள்!,1,ta,FAKE,163,18
"Stock markets surged on Friday as Apple reported disappointing quarterly earnings. Analysts at Morgan Stanley revised their 2025 forecast to 8.1%, citing strong demand.",0,en,REAL,168,24
"The Germany government approved a $200 billion budget for infrastructure. The plan, reviewed by parliament, aims to eradicate poverty by 2035. Opposition parties offered mixed responses.",0,en,REAL,186,26
கசிந்த ஆவணம்: WHO 2027-ல் control food supply திட்டமிடுகிறது! உள்நாட்டு தகவலாளர்கள் உயிருக்கு பயந்து ஓடுகின்றனர்! மக்களுக்கு gun rights ஆபத்தில் உள்ளது! SHARE செய்யுங்கள்!,1,ta,FAKE,171,20
MIRACLE: a local farmer LOSES 200 kg in 90 days using ONE weird trick doctors HATE! Experts BAFFLED! a tech billionaire uses this SECRET daily! ORDER before June 30 — LIMITED SUPPLY!,1,en,FAKE,182,32
BREAKING: a tech billionaire SECRETLY betrays nation! Government HIDING the TRUTH about vaccines! SHARE before they DELETE this! ministry spokesperson confirms SHOCKING revelation that mainstream media REFUSES to cover. This changes EVERYTHING!,1,en,FAKE,244,32
"Kolkata reported 500,000 new cases of malaria on Monday. Health authorities have deployed medical teams to manage the situation. Officials urge residents to wear masks.",0,en,REAL,168,25
"அதிசயம்: a mother of three ஒரே 30 நாளில் 1,000 கிலோ குறைத்தனர்! மருத்துவர்கள் வெறுக்கும் இந்த ஒரு இரகசிய உத்தி! a tech billionaire தினமும் இதை பயன்படுத்துகிறார்! இன்றே ஆர்டர் செய்யுங்கள்!",1,ta,FAKE,187,26
Hyderabad reported 100 new cases of cholera on Monday. Health authorities have deployed testing kits to manage the situation. Officials urge residents to avoid crowding.,0,en,REAL,169,25
"Researchers at BITS Pilani published findings in Lancet showing that cut costs by 30%. The study, conducted over 3 years with 1,200 participants, concludes that lifestyle changes matter. Peer reviewers praised the methodology.",0,en,REAL,226,33
"The UNESCO announced today that new trade agreement will take effect from January 1. Officials confirmed the decision after 60 days of deliberation. The measure is expected to cut emissions, according to PTI.",0,en,REAL,208,33
இரகசியம் வெளியாயிற்று: neem 7 நாளில் dengue-ஐ குணப்படுத்துகிறது! பெரிய நிறுவனங்கள் இதை மறைக்கின்றன! 45 மருத்துவர்கள் இதை வெளியிட்டதால் நிறுத்தப்பட்டனர்! விழிப்புணர்வு பெறுங்கள்! New World Order உண்மையானது!,1,ta,FAKE,205,22
BREAKING: a major politician SECRETLY funds terror groups! Government HIDING the TRUTH about climate! SHARE before they DELETE this! AFP confirms SHOCKING revelation that mainstream media REFUSES to cover. This changes EVERYTHING!,1,en,FAKE,230,32
கசிந்த ஆவணம்: WEF 2030-ல் censor internet திட்டமிடுகிறது! உள்நாட்டு தகவலாளர்கள் உயிருக்கு பயந்து ஓடுகின்றனர்! மக்களுக்கு property ஆபத்தில் உள்ளது! SHARE செய்யுங்கள்!,1,ta,FAKE,165,18
"UNESCO நிறுவனம் இன்று அறிவித்தது: climate policy June 30 முதல் நடைமுறைக்கு வரும். 7 நாள் ஆலோசனைக்குப் பிறகு அதிகாரிகள் இந்த முடிவை உறுதிப்படுத்தினர். ministry spokesperson தெரிவிக்கும் வகையில், இந்த நடவடிக்கை reduce inflation என்று எதிர்பார்க்கப்படுகிறது.",0,ta,REAL,255,29
அதிர்ச்சி செய்தி: a famous actor இரகசியமாக funds terror groups! அரசு vaccines பற்றிய உண்மையை மறைக்கிறது! DELETE ஆவதற்கு முன் SHARE செய்யுங்கள்! Reuters இந்த அதிர்ச்சிகரமான உண்மையை உறுதிப்படுத்துகிறது!,1,ta,FAKE,200,24
"Stock markets rose on Monday as Infosys reported stellar quarterly earnings. Analysts at Citi revised their 2035 forecast to 8.1%, citing strong demand.",0,en,REAL,152,23
"IMF நிறுவனம் இன்று அறிவித்தது: tax reform January 1 முதல் நடைமுறைக்கு வரும். 21 நாள் ஆலோசனைக்குப் பிறகு அதிகாரிகள் இந்த முடிவை உறுதிப்படுத்தினர். senior official தெரிவிக்கும் வகையில், இந்த நடவடிக்கை cut emissions என்று எதிர்பார்க்கப்படுகிறது.",0,ta,REAL,242,29
அம்பலம்: a governor கேமராவில் hiding documents பிடிக்கப்பட்டனர்! 12 லட்சம் மக்கள் நீதி கோருகின்றனர்! Japan globalists காரணமாக நலிவடைகிறது! உடனே பகிருங்கள்!,1,ta,FAKE,155,18
Japan அரசு agriculture துறைக்கு ₹200 கோடி நிதி ஒதுக்கியது. parliament மதிப்பாய்வு செய்த திட்டம் 2030-ல் eradicate poverty நோக்கமாக கொண்டுள்ளது. எதிர்க்கட்சிகள் கலவையான கருத்துக்களை தெரிவித்தன.,0,ta,REAL,192,21
"Stock markets dipped on Wednesday as Apple reported mixed quarterly earnings. Analysts at Goldman Sachs revised their 2027 forecast to 7.5%, citing cost pressures.",0,en,REAL,163,24
"NASA நிறுவனம் இன்று அறிவித்தது: new trade agreement December 1 முதல் நடைமுறைக்கு வரும். 21 நாள் ஆலோசனைக்குப் பிறகு அதிகாரிகள் இந்த முடிவை உறுதிப்படுத்தினர். PTI தெரிவிக்கும் வகையில், இந்த நடவடிக்கை reduce inflation என்று எதிர்பார்க்கப்படுகிறது.",0,ta,REAL,244,29
கசிந்த ஆவணம்: UN 2027-ல் microchip citizens திட்டமிடுகிறது! உள்நாட்டு தகவலாளர்கள் உயிருக்கு பயந்து ஓடுகின்றனர்! மக்களுக்கு property ஆபத்தில் உள்ளது! SHARE செய்யுங்கள்!,1,ta,FAKE,167,18
BREAKING: a major politician SECRETLY betrays nation! Government HIDING the TRUTH about 5G towers! SHARE before they DELETE this! Reuters confirms SHOCKING revelation that mainstream media REFUSES to cover. This changes EVERYTHING!,1,en,FAKE,231,32
"Researchers at MIT published findings in Science showing that improved accuracy. The study, conducted over 5 years with 1,200 participants, concludes that lifestyle changes matter. Peer reviewers praised the methodology.",0,en,REAL,220,30
"NASA நிறுவனம் இன்று அறிவித்தது: vaccine mandate April 5 முதல் நடைமுறைக்கு வரும். 21 நாள் ஆலோசனைக்குப் பிறகு அதிகாரிகள் இந்த முடிவை உறுதிப்படுத்தினர். senior official தெரிவிக்கும் வகையில், இந்த நடவடிக்கை improve healthcare என்று எதிர்பார்க்கப்படுகிறது.",0,ta,REAL,251,29
"Stock markets rallied on Wednesday as Tesla reported mixed quarterly earnings. Analysts at JPMorgan revised their 2035 forecast to 8.1%, citing innovation.",0,en,REAL,155,22
MIRACLE: a local farmer LOSES 5 kg in 7 days using ONE weird trick doctors HATE! Experts BAFFLED! a major politician uses this SECRET daily! ORDER before June 30 — LIMITED SUPPLY!,1,en,FAKE,179,32
MIRACLE: a local farmer LOSES 12 kg in 90 days using ONE weird trick doctors HATE! Experts BAFFLED! a major politician uses this SECRET daily! ORDER before April 5 — LIMITED SUPPLY!,1,en,FAKE,181,32
BREAKING: a major politician SECRETLY meets foreign spy! Government HIDING the TRUTH about water supply! SHARE before they DELETE this! Reuters confirms SHOCKING revelation that mainstream media REFUSES to cover. This changes EVERYTHING!,1,en,FAKE,237,33
"அதிசயம்: a mother of three ஒரே 60 நாளில் 1,000 கிலோ குறைத்தனர்! மருத்துவர்கள் வெறுக்கும் இந்த ஒரு இரகசிய உத்தி! a major politician தினமும் இதை பயன்படுத்துகிறார்! இன்றே ஆர்டர் செய்யுங்கள்!",1,ta,FAKE,187,26
அதிர்ச்சி செய்தி: a tech billionaire இரகசியமாக funds terror groups! அரசு climate பற்றிய உண்மையை மறைக்கிறது! DELETE ஆவதற்கு முன் SHARE செய்யுங்கள்! ministry spokesperson இந்த அதிர்ச்சிகரமான உண்மையை உறுதிப்படுத்துகிறது!,1,ta,FAKE,217,25
HDFC நிறுவனம் record காலாண்டு வருவாய் அறிவித்ததால் Tuesday அன்று சந்தை plunged. JPMorgan பகுப்பாய்வாளர்கள் 2030 கணிப்பை 7.5% ஆக திருத்தினர்.,0,ta,REAL,140,17
"இரகசியம் வெளியாயிற்று: garlic 90 நாளில் COVID-19-ஐ குணப்படுத்துகிறது! பெரிய நிறுவனங்கள் இதை மறைக்கின்றன! 2,300 மருத்துவர்கள் இதை வெளியிட்டதால் நிறுத்தப்பட்டனர்! விழிப்புணர்வு பெறுங்கள்! New World Order உண்மையானது!",1,ta,FAKE,213,22
"EXCLUSIVE: Scientists DISCOVER that lemon water CURES malaria in just 7 days! Big Pharma DOESN'T want you to know! 500,000 doctors SILENCED for revealing this! WAKE UP! The Big Pharma cover-up is REAL!",1,en,FAKE,201,33
France அரசு defence துறைக்கு ₹50 கோடி நிதி ஒதுக்கியது. cabinet மதிப்பாய்வு செய்த திட்டம் 2035-ல் eradicate poverty நோக்கமாக கொண்டுள்ளது. எதிர்க்கட்சிகள் கலவையான கருத்துக்களை தெரிவித்தன.,0,ta,REAL,185,21
Hyderabad-ல் Thursday அன்று 45 புதிய cholera வழக்குகள் பதிவாயின. சுகாதார அதிகாரிகள் நிலைமையை சமாளிக்க mobile units நிறுத்தினர். குடிமக்கள் get vaccinated என்று அறிவுறுத்தப்படுகின்றனர்.,0,ta,REAL,184,20
கசிந்த ஆவணம்: WEF 2030-ல் microchip citizens திட்டமிடுகிறது! உள்நாட்டு தகவலாளர்கள் உயிருக்கு பயந்து ஓடுகின்றனர்! மக்களுக்கு gun rights ஆபத்தில் உள்ளது! SHARE செய்யுங்கள்!,1,ta,FAKE,170,19
"EXCLUSIVE: Scientists DISCOVER that lemon water CURES dengue in just 21 days! Big Pharma DOESN'T want you to know! 500,000 doctors SILENCED for revealing this! WAKE UP! The deep state plot is REAL!",1,en,FAKE,197,33
"Stock markets rallied on Friday as Reliance reported mixed quarterly earnings. Analysts at Goldman Sachs revised their 2026 forecast to 8.1%, citing strong demand.",0,en,REAL,163,24
Reliance நிறுவனம் mixed காலாண்டு வருவாய் அறிவித்ததால் Monday அன்று சந்தை fell. JPMorgan பகுப்பாய்வாளர்கள் 2026 கணிப்பை 8.1% ஆக திருத்தினர்.,0,ta,REAL,139,17
"Researchers at MIT published findings in Science showing that reduced risk by 40%. The study, conducted over 10 years with 500 participants, concludes that early screening saves lives. Peer reviewers praised the methodology.",0,en,REAL,224,33
"The France government approved a $12 billion budget for agriculture. The plan, reviewed by finance ministry, aims to achieve net-zero by 2025. Opposition parties offered mixed responses.",0,en,REAL,186,27
"USA அரசு education துறைக்கு ₹1,000 கோடி நிதி ஒதுக்கியது. expert panel மதிப்பாய்வு செய்த திட்டம் 2035-ல் eradicate poverty நோக்கமாக கொண்டுள்ளது. எதிர்க்கட்சிகள் கலவையான கருத்துக்களை தெரிவித்தன.",0,ta,REAL,192,22
BREAKING: a major politician SECRETLY funds terror groups! Government HIDING the TRUTH about vaccines! SHARE before they DELETE this! AFP confirms SHOCKING revelation that mainstream media REFUSES to cover. This changes EVERYTHING!,1,en,FAKE,231,32
"The UK government approved a $5 billion budget for agriculture. The plan, reviewed by cabinet, aims to achieve net-zero by 2027. Opposition parties offered mixed responses.",0,en,REAL,172,26
MIT-இல் உள்ள ஆராய்ச்சியாளர்கள் Science இதழில் ஆய்வு முடிவுகளை வெளியிட்டனர். 3 ஆண்டுகள் 500 பங்கேற்பாளர்களுடன் நடத்தப்பட்ட இந்த ஆய்வு reduced risk by 40% என்று கண்டறிந்தது. சகாக்கள் ஆய்வு முறையை பாராட்டினர்.,0,ta,REAL,206,25
"அதிசயம்: a local farmer ஒரே 7 நாளில் 1,000 கிலோ குறைத்தனர்! மருத்துவர்கள் வெறுக்கும் இந்த ஒரு இரகசிய உத்தி! a tech billionaire தினமும் இதை பயன்படுத்துகிறார்! இன்றே ஆர்டர் செய்யுங்கள்!",1,ta,FAKE,183,25
"The SEBI announced today that climate policy will take effect from March 15. Officials confirmed the decision after 30 days of deliberation. The measure is expected to cut emissions, according to Reuters.",0,en,REAL,204,32
"LEAKED: classified file REVEALS that UN plans to censor internet by 2026! Insiders FLEE for their lives! 2,300% of population at RISK! They are COMING for your property! RESIST now!",1,en,FAKE,181,30
EXCLUSIVE: Scientists DISCOVER that turmeric CURES cholera in just 90 days! Big Pharma DOESN'T want you to know! 45 doctors SILENCED for revealing this! WAKE UP! The deep state plot is REAL!,1,en,FAKE,190,32
"UN நிறுவனம் இன்று அறிவித்தது: vaccine mandate January 1 முதல் நடைமுறைக்கு வரும். 7 நாள் ஆலோசனைக்குப் பிறகு அதிகாரிகள் இந்த முடிவை உறுதிப்படுத்தினர். senior official தெரிவிக்கும் வகையில், இந்த நடவடிக்கை reduce inflation என்று எதிர்பார்க்கப்படுகிறது.",0,ta,REAL,248,29
"இரகசியம் வெளியாயிற்று: turmeric 7 நாளில் cholera-ஐ குணப்படுத்துகிறது! பெரிய நிறுவனங்கள் இதை மறைக்கின்றன! 500,000 மருத்துவர்கள் இதை வெளியிட்டதால் நிறுத்தப்பட்டனர்! விழிப்புணர்வு பெறுங்கள்! New World Order உண்மையானது!",1,ta,FAKE,215,22
இரகசியம் வெளியாயிற்று: neem 7 நாளில் dengue-ஐ குணப்படுத்துகிறது! பெரிய நிறுவனங்கள் இதை மறைக்கின்றன! 12 மருத்துவர்கள் இதை வெளியிட்டதால் நிறுத்தப்பட்டனர்! விழிப்புணர்வு பெறுங்கள்! Big Pharma cover-up உண்மையானது!,1,ta,FAKE,209,22
"USA அரசு defence துறைக்கு ₹2,500 கோடி நிதி ஒதுக்கியது. finance ministry மதிப்பாய்வு செய்த திட்டம் 2026-ல் boost GDP by 7% நோக்கமாக கொண்டுள்ளது. எதிர்க்கட்சிகள் கலவையான கருத்துக்களை தெரிவித்தன.",0,ta,REAL,192,24
"அம்பலம்: a senior minister கேமராவில் accepting bribe பிடிக்கப்பட்டனர்! 500,000 லட்சம் மக்கள் நீதி கோருகின்றனர்! USA globalists காரணமாக நலிவடைகிறது! உடனே பகிருங்கள்!",1,ta,FAKE,164,19
அம்பலம்: a governor கேமராவில் accepting bribe பிடிக்கப்பட்டனர்! 100 லட்சம் மக்கள் நீதி கோருகின்றனர்! India elites காரணமாக நலிவடைகிறது! உடனே பகிருங்கள்!,1,ta,FAKE,151,18
அதிசயம்: a retired teacher ஒரே 14 நாளில் 200 கிலோ குறைத்தனர்! மருத்துவர்கள் வெறுக்கும் இந்த ஒரு இரகசிய உத்தி! a famous actor தினமும் இதை பயன்படுத்துகிறார்! இன்றே ஆர்டர் செய்யுங்கள்!,1,ta,FAKE,181,25
அதிர்ச்சி செய்தி: a famous actor இரகசியமாக meets foreign spy! அரசு climate பற்றிய உண்மையை மறைக்கிறது! DELETE ஆவதற்கு முன் SHARE செய்யுங்கள்! Reuters இந்த அதிர்ச்சிகரமான உண்மையை உறுதிப்படுத்துகிறது!,1,ta,FAKE,197,24
BREAKING: a tech billionaire SECRETLY funds terror groups! Government HIDING the TRUTH about vaccines! SHARE before they DELETE this! ministry spokesperson confirms SHOCKING revelation that mainstream media REFUSES to cover. This changes EVERYTHING!,1,en,FAKE,249,33
USA அரசு infrastructure துறைக்கு ₹12 கோடி நிதி ஒதுக்கியது. cabinet மதிப்பாய்வு செய்த திட்டம் 2027-ல் eradicate poverty நோக்கமாக கொண்டுள்ளது. எதிர்க்கட்சிகள் கலவையான கருத்துக்களை தெரிவித்தன.,0,ta,REAL,189,21
ALERT: the opposition leader caught hiding documents on camera — VIDEO PROOF! Deep state PANICKING! Over 10 million million patriots DEMAND justice! Japan is FALLING because of immigrants! RT if you AGREE! Share EVERYWHERE!,1,en,FAKE,223,34
"UNESCO நிறுவனம் இன்று அறிவித்தது: tax reform April 5 முதல் நடைமுறைக்கு வரும். 14 நாள் ஆலோசனைக்குப் பிறகு அதிகாரிகள் இந்த முடிவை உறுதிப்படுத்தினர். PTI தெரிவிக்கும் வகையில், இந்த நடவடிக்கை cut emissions என்று எதிர்பார்க்கப்படுகிறது.",0,ta,REAL,231,28
"The ISRO announced today that new trade agreement will take effect from March 15. Officials confirmed the decision after 90 days of deliberation. The measure is expected to reduce inflation, according to senior official.",0,en,REAL,220,34
கசிந்த ஆவணம்: WHO 2025-ல் censor internet திட்டமிடுகிறது! உள்நாட்டு தகவலாளர்கள் உயிருக்கு பயந்து ஓடுகின்றனர்! மக்களுக்கு freedom of speech ஆபத்தில் உள்ளது! SHARE செய்யுங்கள்!,1,ta,FAKE,174,20
கசிந்த ஆவணம்: UN 2030-ல் censor internet திட்டமிடுகிறது! உள்நாட்டு தகவலாளர்கள் உயிருக்கு பயந்து ஓடுகின்றனர்! மக்களுக்கு property ஆபத்தில் உள்ளது! SHARE செய்யுங்கள்!,1,ta,FAKE,164,18
ALERT: a governor caught lying under oath on camera — VIDEO PROOF! Deep state PANICKING! Over 45 million patriots DEMAND justice! Japan is FALLING because of elites! RT if you AGREE! Share EVERYWHERE!,1,en,FAKE,200,33
LEAKED: leaked email REVEALS that deep state plans to microchip citizens by 2026! Insiders FLEE for their lives! 45% of population at RISK! They are COMING for your gun rights! RESIST now!,1,en,FAKE,188,32
"Stock markets surged on Friday as Apple reported record quarterly earnings. Analysts at ICICI revised their 2035 forecast to 6.3%, citing cost pressures.",0,en,REAL,153,23
IIT Madras-இல் உள்ள ஆராய்ச்சியாளர்கள் Science இதழில் ஆய்வு முடிவுகளை வெளியிட்டனர். 3 ஆண்டுகள் 500 பங்கேற்பாளர்களுடன் நடத்தப்பட்ட இந்த ஆய்வு doubled lifespan என்று கண்டறிந்தது. சகாக்கள் ஆய்வு முறையை பாராட்டினர்.,0,ta,REAL,210,24
Tesla நிறுவனம் stellar காலாண்டு வருவாய் அறிவித்ததால் Friday அன்று சந்தை plunged. Goldman Sachs பகுப்பாய்வாளர்கள் 2030 கணிப்பை 6.3% ஆக திருத்தினர்.,0,ta,REAL,146,18
"MIT-இல் உள்ள ஆராய்ச்சியாளர்கள் Science இதழில் ஆய்வு முடிவுகளை வெளியிட்டனர். 3 ஆண்டுகள் 10,000 பங்கேற்பாளர்களுடன் நடத்தப்பட்ட இந்த ஆய்வு doubled lifespan என்று கண்டறிந்தது. சகாக்கள் ஆய்வு முறையை பாராட்டினர்.",0,ta,REAL,206,23
Mumbai-ல் Friday அன்று 45 புதிய cholera வழக்குகள் பதிவாயின. சுகாதார அதிகாரிகள் நிலைமையை சமாளிக்க testing kits நிறுத்தினர். குடிமக்கள் avoid crowding என்று அறிவுறுத்தப்படுகின்றனர்.,0,ta,REAL,179,20
Germany அரசு education துறைக்கு ₹200 கோடி நிதி ஒதுக்கியது. parliament மதிப்பாய்வு செய்த திட்டம் 2035-ல் eradicate poverty நோக்கமாக கொண்டுள்ளது. எதிர்க்கட்சிகள் கலவையான கருத்துக்களை தெரிவித்தன.,0,ta,REAL,192,21
LEAKED: leaked email REVEALS that UN plans to control food supply by 2027! Insiders FLEE for their lives! 12% of population at RISK! They are COMING for your freedom of speech! RESIST now!,1,en,FAKE,188,33
கசிந்த ஆவணம்: government 2025-ல் censor internet திட்டமிடுகிறது! உள்நாட்டு தகவலாளர்கள் உயிருக்கு பயந்து ஓடுகின்றனர்! மக்களுக்கு privacy ஆபத்தில் உள்ளது! SHARE செய்யுங்கள்!,1,ta,FAKE,171,18
கசிந்த ஆவணம்: WEF 2035-ல் censor internet திட்டமிடுகிறது! உள்நாட்டு தகவலாளர்கள் உயிருக்கு பயந்து ஓடுகின்றனர்! மக்களுக்கு gun rights ஆபத்தில் உள்ளது! SHARE செய்யுங்கள்!,1,ta,FAKE,167,19
"The NASA announced today that climate policy will take effect from December 1. Officials confirmed the decision after 14 days of deliberation. The measure is expected to improve healthcare, according to Reuters.",0,en,REAL,211,32
ALERT: a governor caught hiding documents on camera — VIDEO PROOF! Deep state PANICKING! Over 12 million patriots DEMAND justice! Germany is FALLING because of foreign agents! RT if you AGREE! Share EVERYWHERE!,1,en,FAKE,210,33
"Stanford-இல் உள்ள ஆராய்ச்சியாளர்கள் Lancet இதழில் ஆய்வு முடிவுகளை வெளியிட்டனர். 2 ஆண்டுகள் 10,000 பங்கேற்பாளர்களுடன் நடத்தப்பட்ட இந்த ஆய்வு cut costs by 30% என்று கண்டறிந்தது. சகாக்கள் ஆய்வு முறையை பாராட்டினர்.",0,ta,REAL,210,25
"ALERT: a senior minister caught accepting bribe on camera — VIDEO PROOF! Deep state PANICKING! Over 500,000 million patriots DEMAND justice! France is FALLING because of globalists! RT if you AGREE! Share EVERYWHERE!",1,en,FAKE,216,33
அதிர்ச்சி செய்தி: a tech billionaire இரகசியமாக betrays nation! அரசு water supply பற்றிய உண்மையை மறைக்கிறது! DELETE ஆவதற்கு முன் SHARE செய்யுங்கள்! AFP இந்த அதிர்ச்சிகரமான உண்மையை உறுதிப்படுத்துகிறது!,1,ta,FAKE,199,24
BREAKING: a famous actor SECRETLY funds terror groups! Government HIDING the TRUTH about chemtrails! SHARE before they DELETE this! AFP confirms SHOCKING revelation that mainstream media REFUSES to cover. This changes EVERYTHING!,1,en,FAKE,229,32
கசிந்த ஆவணம்: WHO 2030-ல் control food supply திட்டமிடுகிறது! உள்நாட்டு தகவலாளர்கள் உயிருக்கு பயந்து ஓடுகின்றனர்! மக்களுக்கு freedom of speech ஆபத்தில் உள்ளது! SHARE செய்யுங்கள்!,1,ta,FAKE,178,21
அதிர்ச்சி செய்தி: a tech billionaire இரகசியமாக funds terror groups! அரசு water supply பற்றிய உண்மையை மறைக்கிறது! DELETE ஆவதற்கு முன் SHARE செய்யுங்கள்! ministry spokesperson இந்த அதிர்ச்சிகரமான உண்மையை உறுதிப்படுத்துகிறது!,1,ta,FAKE,222,26
Chennai-ல் Tuesday அன்று 45 புதிய influenza வழக்குகள் பதிவாயின. சுகாதார அதிகாரிகள் நிலைமையை சமாளிக்க testing kits நிறுத்தினர். குடிமக்கள் wear masks என்று அறிவுறுத்தப்படுகின்றனர்.,0,ta,REAL,179,20
கசிந்த ஆவணம்: UN 2030-ல் censor internet திட்டமிடுகிறது! உள்நாட்டு தகவலாளர்கள் உயிருக்கு பயந்து ஓடுகின்றனர்! மக்களுக்கு freedom of speech ஆபத்தில் உள்ளது! SHARE செய்யுங்கள்!,1,ta,FAKE,173,20
"The UNESCO announced today that tax reform will take effect from January 1. Officials confirmed the decision after 60 days of deliberation. The measure is expected to reduce inflation, according to ministry spokesperson.",0,en,REAL,220,33
"EXCLUSIVE: Scientists DISCOVER that neem CURES malaria in just 21 days! Big Pharma DOESN'T want you to know! 2,300 doctors SILENCED for revealing this! WAKE UP! The Big Pharma cover-up is REAL!",1,en,FAKE,193,32
"Stock markets fell on Friday as Infosys reported mixed quarterly earnings. Analysts at ICICI revised their 2027 forecast to 8.1%, citing strong demand.",0,en,REAL,151,23
இரகசியம் வெளியாயிற்று: neem 60 நாளில் influenza-ஐ குணப்படுத்துகிறது! பெரிய நிறுவனங்கள் இதை மறைக்கின்றன! 100 மருத்துவர்கள் இதை வெளியிட்டதால் நிறுத்தப்பட்டனர்! விழிப்புணர்வு பெறுங்கள்! New World Order உண்மையானது!,1,ta,FAKE,210,22
அதிசயம்: a local farmer ஒரே 90 நாளில் 12 கிலோ குறைத்தனர்! மருத்துவர்கள் வெறுக்கும் இந்த ஒரு இரகசிய உத்தி! a major politician தினமும் இதை பயன்படுத்துகிறார்! இன்றே ஆர்டர் செய்யுங்கள்!,1,ta,FAKE,181,25
France அரசு education துறைக்கு ₹5 கோடி நிதி ஒதுக்கியது. finance ministry மதிப்பாய்வு செய்த திட்டம் 2027-ல் boost GDP by 7% நோக்கமாக கொண்டுள்ளது. எதிர்க்கட்சிகள் கலவையான கருத்துக்களை தெரிவித்தன.,0,ta,REAL,193,24
"Germany அரசு infrastructure துறைக்கு ₹1,000 கோடி நிதி ஒதுக்கியது. expert panel மதிப்பாய்வு செய்த திட்டம் 2030-ல் achieve net-zero நோக்கமாக கொண்டுள்ளது. எதிர்க்கட்சிகள் கலவையான கருத்துக்களை தெரிவித்தன.",0,ta,REAL,200,22
"Researchers at Stanford published findings in Science showing that improved accuracy. The study, conducted over 5 years with 500 participants, concludes that lifestyle changes matter. Peer reviewers praised the methodology.",0,en,REAL,223,30
"MIRACLE: a retired teacher LOSES 2,500 kg in 7 days using ONE weird trick doctors HATE! Experts BAFFLED! a famous actor uses this SECRET daily! ORDER before March 15 — LIMITED SUPPLY!",1,en,FAKE,183,32
"Stock markets dipped on Friday as TCS reported record quarterly earnings. Analysts at Goldman Sachs revised their 2030 forecast to 4.2%, citing supply chain issues.",0,en,REAL,164,25
ALERT: the opposition leader caught lying under oath on camera — VIDEO PROOF! Deep state PANICKING! Over 100 million patriots DEMAND justice! UK is FALLING because of immigrants! RT if you AGREE! Share EVERYWHERE!,1,en,FAKE,213,34
அதிசயம்: a retired teacher ஒரே 60 நாளில் 5 கிலோ குறைத்தனர்! மருத்துவர்கள் வெறுக்கும் இந்த ஒரு இரகசிய உத்தி! a famous actor தினமும் இதை பயன்படுத்துகிறார்! இன்றே ஆர்டர் செய்யுங்கள்!,1,ta,FAKE,179,25
"The ISRO announced today that climate policy will take effect from March 15. Officials confirmed the decision after 7 days of deliberation. The measure is expected to reduce inflation, according to PTI.",0,en,REAL,202,32
"அம்பலம்: a senior minister கேமராவில் accepting bribe பிடிக்கப்பட்டனர்! 2,300 லட்சம் மக்கள் நீதி கோருகின்றனர்! USA immigrants காரணமாக நலிவடைகிறது! உடனே பகிருங்கள்!",1,ta,FAKE,162,19
"Stock markets rose on Thursday as TCS reported stellar quarterly earnings. Analysts at ICICI revised their 2035 forecast to 9.0%, citing supply chain issues.",0,en,REAL,157,24
"Stock markets plunged on Tuesday as Apple reported disappointing quarterly earnings. Analysts at Morgan Stanley revised their 2027 forecast to 7.5%, citing innovation.",0,en,REAL,167,23
MIRACLE: a mother of three LOSES 12 kg in 90 days using ONE weird trick doctors HATE! Experts BAFFLED! a major politician uses this SECRET daily! ORDER before June 30 — LIMITED SUPPLY!,1,en,FAKE,184,33
BREAKING: a tech billionaire SECRETLY meets foreign spy! Government HIDING the TRUTH about chemtrails! SHARE before they DELETE this! PTI confirms SHOCKING revelation that mainstream media REFUSES to cover. This changes EVERYTHING!,1,en,FAKE,231,32
TCS நிறுவனம் record காலாண்டு வருவாய் அறிவித்ததால் Monday அன்று சந்தை plunged. ICICI பகுப்பாய்வாளர்கள் 2030 கணிப்பை 7.5% ஆக திருத்தினர்.,0,ta,REAL,135,17
"The SEBI announced today that vaccine mandate will take effect from March 15. Officials confirmed the decision after 14 days of deliberation. The measure is expected to reduce inflation, according to ministry spokesperson.",0,en,REAL,222,33
"Stock markets dipped on Friday as Infosys reported stellar quarterly earnings. Analysts at Goldman Sachs revised their 2025 forecast to 4.2%, citing supply chain issues.",0,en,REAL,169,25
அதிசயம்: a local farmer ஒரே 60 நாளில் 5 கிலோ குறைத்தனர்! மருத்துவர்கள் வெறுக்கும் இந்த ஒரு இரகசிய உத்தி! a famous actor தினமும் இதை பயன்படுத்துகிறார்! இன்றே ஆர்டர் செய்யுங்கள்!,1,ta,FAKE,176,25
"ALERT: a governor caught lying under oath on camera — VIDEO PROOF! Deep state PANICKING! Over 2,300 million patriots DEMAND justice! USA is FALLING because of immigrants! RT if you AGREE! Share EVERYWHERE!",1,en,FAKE,205,33
BREAKING: a tech billionaire SECRETLY betrays nation! Government HIDING the TRUTH about chemtrails! SHARE before they DELETE this! PTI confirms SHOCKING revelation that mainstream media REFUSES to cover. This changes EVERYTHING!,1,en,FAKE,228,31
MIRACLE: a retired teacher LOSES 50 kg in 60 days using ONE weird trick doctors HATE! Experts BAFFLED! a major politician uses this SECRET daily! ORDER before January 1 — LIMITED SUPPLY!,1,en,FAKE,186,32
"EXCLUSIVE: Scientists DISCOVER that garlic CURES dengue in just 7 days! Big Pharma DOESN'T want you to know! 2,300 doctors SILENCED for revealing this! WAKE UP! The New World Order is REAL!",1,en,FAKE,189,32
HDFC நிறுவனம் stellar காலாண்டு வருவாய் அறிவித்ததால் Friday அன்று சந்தை surged. Goldman Sachs பகுப்பாய்வாளர்கள் 2035 கணிப்பை 4.2% ஆக திருத்தினர்.,0,ta,REAL,144,18
அதிசயம்: a retired teacher ஒரே 7 நாளில் 5 கிலோ குறைத்தனர்! மருத்துவர்கள் வெறுக்கும் இந்த ஒரு இரகசிய உத்தி! a tech billionaire தினமும் இதை பயன்படுத்துகிறார்! இன்றே ஆர்டர் செய்யுங்கள்!,1,ta,FAKE,182,25
"Hyderabad reported 2,300 new cases of malaria on Friday. Health authorities have deployed mobile units to manage the situation. Officials urge residents to avoid crowding.",0,en,REAL,171,25
"Stock markets fell on Thursday as Tesla reported disappointing quarterly earnings. Analysts at ICICI revised their 2035 forecast to 6.3%, citing cost pressures.",0,en,REAL,160,23
அதிர்ச்சி செய்தி: a major politician இரகசியமாக meets foreign spy! அரசு vaccines பற்றிய உண்மையை மறைக்கிறது! DELETE ஆவதற்கு முன் SHARE செய்யுங்கள்! ministry spokesperson இந்த அதிர்ச்சிகரமான உண்மையை உறுதிப்படுத்துகிறது!,1,ta,FAKE,216,25
LEAKED: leaked email REVEALS that UN plans to censor internet by 2035! Insiders FLEE for their lives! 12% of population at RISK! They are COMING for your freedom of speech! RESIST now!,1,en,FAKE,184,32
"MIRACLE: a mother of three LOSES 2,500 kg in 7 days using ONE weird trick doctors HATE! Experts BAFFLED! a major politician uses this SECRET daily! ORDER before June 30 — LIMITED SUPPLY!",1,en,FAKE,186,33
ALERT: a senior minister caught lying under oath on camera — VIDEO PROOF! Deep state PANICKING! Over 12 million patriots DEMAND justice! UK is FALLING because of immigrants! RT if you AGREE! Share EVERYWHERE!,1,en,FAKE,208,34
"Stock markets rose on Wednesday as TCS reported disappointing quarterly earnings. Analysts at Goldman Sachs revised their 2027 forecast to 8.1%, citing innovation.",0,en,REAL,163,23
"The Japan government approved a $2,500 billion budget for defence. The plan, reviewed by expert panel, aims to achieve net-zero by 2035. Opposition parties offered mixed responses.",0,en,REAL,180,27
"The UN announced today that new trade agreement will take effect from December 1. Officials confirmed the decision after 21 days of deliberation. The measure is expected to boost employment, according to Reuters.",0,en,REAL,212,33
அதிசயம்: a local farmer ஒரே 60 நாளில் 200 கிலோ குறைத்தனர்! மருத்துவர்கள் வெறுக்கும் இந்த ஒரு இரகசிய உத்தி! a major politician தினமும் இதை பயன்படுத்துகிறார்! இன்றே ஆர்டர் செய்யுங்கள்!,1,ta,FAKE,182,25
அதிசயம்: a mother of three ஒரே 60 நாளில் 50 கிலோ குறைத்தனர்! மருத்துவர்கள் வெறுக்கும் இந்த ஒரு இரகசிய உத்தி! a famous actor தினமும் இதை பயன்படுத்துகிறார்! இன்றே ஆர்டர் செய்யுங்கள்!,1,ta,FAKE,180,26
அதிசயம்: a mother of three ஒரே 30 நாளில் 5 கிலோ குறைத்தனர்! மருத்துவர்கள் வெறுக்கும் இந்த ஒரு இரகசிய உத்தி! a famous actor தினமும் இதை பயன்படுத்துகிறார்! இன்றே ஆர்டர் செய்யுங்கள்!,1,ta,FAKE,179,26
Chennai reported 45 new cases of influenza on Tuesday. Health authorities have deployed medical teams to manage the situation. Officials urge residents to wear masks.,0,en,REAL,166,25
"Delhi reported 2,300 new cases of COVID-19 on Monday. Health authorities have deployed vaccines to manage the situation. Officials urge residents to avoid crowding.",0,en,REAL,164,24
"The India government approved a $2,500 billion budget for infrastructure. The plan, reviewed by cabinet, aims to eradicate poverty by 2030. Opposition parties offered mixed responses.",0,en,REAL,183,26
"UNESCO நிறுவனம் இன்று அறிவித்தது: vaccine mandate April 5 முதல் நடைமுறைக்கு வரும். 60 நாள் ஆலோசனைக்குப் பிறகு அதிகாரிகள் இந்த முடிவை உறுதிப்படுத்தினர். ministry spokesperson தெரிவிக்கும் வகையில், இந்த நடவடிக்கை reduce inflation என்று எதிர்பார்க்கப்படுகிறது.",0,ta,REAL,257,29
Bengaluru-ல் Tuesday அன்று 10 million புதிய dengue வழக்குகள் பதிவாயின. சுகாதார அதிகாரிகள் நிலைமையை சமாளிக்க vaccines நிறுத்தினர். குடிமக்கள் avoid crowding என்று அறிவுறுத்தப்படுகின்றனர்.,0,ta,REAL,186,20
"RBI நிறுவனம் இன்று அறிவித்தது: vaccine mandate December 1 முதல் நடைமுறைக்கு வரும். 7 நாள் ஆலோசனைக்குப் பிறகு அதிகாரிகள் இந்த முடிவை உறுதிப்படுத்தினர். AFP தெரிவிக்கும் வகையில், இந்த நடவடிக்கை reduce inflation என்று எதிர்பார்க்கப்படுகிறது.",0,ta,REAL,238,28
TCS நிறுவனம் strong காலாண்டு வருவாய் அறிவித்ததால் Thursday அன்று சந்தை rose. ICICI பகுப்பாய்வாளர்கள் 2025 கணிப்பை 8.1% ஆக திருத்தினர்.,0,ta,REAL,134,17
"Stock markets rose on Thursday as Reliance reported mixed quarterly earnings. Analysts at ICICI revised their 2027 forecast to 7.5%, citing strong demand.",0,en,REAL,154,23
அதிசயம்: a local farmer ஒரே 7 நாளில் 12 கிலோ குறைத்தனர்! மருத்துவர்கள் வெறுக்கும் இந்த ஒரு இரகசிய உத்தி! a major politician தினமும் இதை பயன்படுத்துகிறார்! இன்றே ஆர்டர் செய்யுங்கள்!,1,ta,FAKE,180,25
கசிந்த ஆவணம்: WEF 2025-ல் microchip citizens திட்டமிடுகிறது! உள்நாட்டு தகவலாளர்கள் உயிருக்கு பயந்து ஓடுகின்றனர்! மக்களுக்கு privacy ஆபத்தில் உள்ளது! SHARE செய்யுங்கள்!,1,ta,FAKE,167,18
"Stock markets plunged on Friday as Tesla reported strong quarterly earnings. Analysts at Citi revised their 2035 forecast to 6.3%, citing strong demand.",0,en,REAL,152,23
"The UNESCO announced today that vaccine mandate will take effect from April 5. Officials confirmed the decision after 30 days of deliberation. The measure is expected to improve healthcare, according to AFP.",0,en,REAL,207,32
"The RBI announced today that new trade agreement will take effect from June 30. Officials confirmed the decision after 7 days of deliberation. The measure is expected to cut emissions, according to ministry spokesperson.",0,en,REAL,220,34
LEAKED: leaked email REVEALS that deep state plans to microchip citizens by 2030! Insiders FLEE for their lives! 45% of population at RISK! They are COMING for your property! RESIST now!,1,en,FAKE,186,31
BREAKING: a famous actor SECRETLY funds terror groups! Government HIDING the TRUTH about water supply! SHARE before they DELETE this! Reuters confirms SHOCKING revelation that mainstream media REFUSES to cover. This changes EVERYTHING!,1,en,FAKE,235,33
"Researchers at Oxford published findings in Nature showing that reduced risk by 40%. The study, conducted over 10 years with 1,200 participants, concludes that early screening saves lives. Peer reviewers praised the methodology.",0,en,REAL,228,33
அதிசயம்: a local farmer ஒரே 14 நாளில் 200 கிலோ குறைத்தனர்! மருத்துவர்கள் வெறுக்கும் இந்த ஒரு இரகசிய உத்தி! a famous actor தினமும் இதை பயன்படுத்துகிறார்! இன்றே ஆர்டர் செய்யுங்கள்!,1,ta,FAKE,178,25
LEAKED: classified file REVEALS that WHO plans to microchip citizens by 2025! Insiders FLEE for their lives! 12% of population at RISK! They are COMING for your gun rights! RESIST now!,1,en,FAKE,184,31
அதிசயம்: a local farmer ஒரே 30 நாளில் 200 கிலோ குறைத்தனர்! மருத்துவர்கள் வெறுக்கும் இந்த ஒரு இரகசிய உத்தி! a tech billionaire தினமும் இதை பயன்படுத்துகிறார்! இன்றே ஆர்டர் செய்யுங்கள்!,1,ta,FAKE,182,25
"Hyderabad-ல் Thursday அன்று 2,300 புதிய influenza வழக்குகள் பதிவாயின. சுகாதார அதிகாரிகள் நிலைமையை சமாளிக்க mobile units நிறுத்தினர். குடிமக்கள் stay home என்று அறிவுறுத்தப்படுகின்றனர்.",0,ta,REAL,184,20
இரகசியம் வெளியாயிற்று: garlic 90 நாளில் influenza-ஐ குணப்படுத்துகிறது! பெரிய நிறுவனங்கள் இதை மறைக்கின்றன! 100 மருத்துவர்கள் இதை வெளியிட்டதால் நிறுத்தப்பட்டனர்! விழிப்புணர்வு பெறுங்கள்! deep state plot உண்மையானது!,1,ta,FAKE,212,22
அதிர்ச்சி செய்தி: a major politician இரகசியமாக betrays nation! அரசு climate பற்றிய உண்மையை மறைக்கிறது! DELETE ஆவதற்கு முன் SHARE செய்யுங்கள்! senior official இந்த அதிர்ச்சிகரமான உண்மையை உறுதிப்படுத்துகிறது!,1,ta,FAKE,206,24
"Stanford-இல் உள்ள ஆராய்ச்சியாளர்கள் Nature இதழில் ஆய்வு முடிவுகளை வெளியிட்டனர். 3 ஆண்டுகள் 5,000 பங்கேற்பாளர்களுடன் நடத்தப்பட்ட இந்த ஆய்வு cut costs by 30% என்று கண்டறிந்தது. சகாக்கள் ஆய்வு முறையை பாராட்டினர்.",0,ta,REAL,209,25
அதிர்ச்சி செய்தி: a major politician இரகசியமாக betrays nation! அரசு chemtrails பற்றிய உண்மையை மறைக்கிறது! DELETE ஆவதற்கு முன் SHARE செய்யுங்கள்! AFP இந்த அதிர்ச்சிகரமான உண்மையை உறுதிப்படுத்துகிறது!,1,ta,FAKE,197,23
EXCLUSIVE: Scientists DISCOVER that lemon water CURES COVID-19 in just 90 days! Big Pharma DOESN'T want you to know! 45 doctors SILENCED for revealing this! WAKE UP! The deep state plot is REAL!,1,en,FAKE,194,33
"The UNESCO announced today that tax reform will take effect from April 5. Officials confirmed the decision after 30 days of deliberation. The measure is expected to reduce inflation, according to Reuters.",0,en,REAL,204,32
"Researchers at IIT Madras published findings in Lancet showing that cut costs by 30%. The study, conducted over 3 years with 1,200 participants, concludes that lifestyle changes matter. Peer reviewers praised the methodology.",0,en,REAL,225,33
MIRACLE: a retired teacher LOSES 12 kg in 30 days using ONE weird trick doctors HATE! Experts BAFFLED! a famous actor uses this SECRET daily! ORDER before January 1 — LIMITED SUPPLY!,1,en,FAKE,182,32
Hyderabad-ல் Thursday அன்று 100 புதிய COVID-19 வழக்குகள் பதிவாயின. சுகாதார அதிகாரிகள் நிலைமையை சமாளிக்க vaccines நிறுத்தினர். குடிமக்கள் avoid crowding என்று அறிவுறுத்தப்படுகின்றனர்.,0,ta,REAL,182,19
"அதிசயம்: a local farmer ஒரே 14 நாளில் 1,000 கிலோ குறைத்தனர்! மருத்துவர்கள் வெறுக்கும் இந்த ஒரு இரகசிய உத்தி! a major politician தினமும் இதை பயன்படுத்துகிறார்! இன்றே ஆர்டர் செய்யுங்கள்!",1,ta,FAKE,184,25
"MIT-இல் உள்ள ஆராய்ச்சியாளர்கள் Lancet இதழில் ஆய்வு முடிவுகளை வெளியிட்டனர். 10 ஆண்டுகள் 10,000 பங்கேற்பாளர்களுடன் நடத்தப்பட்ட இந்த ஆய்வு doubled lifespan என்று கண்டறிந்தது. சகாக்கள் ஆய்வு முறையை பாராட்டினர்.",0,ta,REAL,206,23
Kolkata-ல் Thursday அன்று 100 புதிய cholera வழக்குகள் பதிவாயின. சுகாதார அதிகாரிகள் நிலைமையை சமாளிக்க mobile units நிறுத்தினர். குடிமக்கள் wear masks என்று அறிவுறுத்தப்படுகின்றனர்.,0,ta,REAL,179,20
Japan அரசு infrastructure துறைக்கு ₹50 கோடி நிதி ஒதுக்கியது. finance ministry மதிப்பாய்வு செய்த திட்டம் 2025-ல் achieve net-zero நோக்கமாக கொண்டுள்ளது. எதிர்க்கட்சிகள் கலவையான கருத்துக்களை தெரிவித்தன.,0,ta,REAL,199,22
EXCLUSIVE: Scientists DISCOVER that garlic CURES COVID-19 in just 7 days! Big Pharma DOESN'T want you to know! 10 million doctors SILENCED for revealing this! WAKE UP! The Big Pharma cover-up is REAL!,1,en,FAKE,200,33
"இரகசியம் வெளியாயிற்று: garlic 21 நாளில் influenza-ஐ குணப்படுத்துகிறது! பெரிய நிறுவனங்கள் இதை மறைக்கின்றன! 2,300 மருத்துவர்கள் இதை வெளியிட்டதால் நிறுத்தப்பட்டனர்! விழிப்புணர்வு பெறுங்கள்! deep state plot உண்மையானது!",1,ta,FAKE,214,22
"The Germany government approved a $12 billion budget for infrastructure. The plan, reviewed by finance ministry, aims to eradicate poverty by 2026. Opposition parties offered mixed responses.",0,en,REAL,191,27
Mumbai reported 10 million new cases of COVID-19 on Monday. Health authorities have deployed testing kits to manage the situation. Officials urge residents to avoid crowding.,0,en,REAL,174,26
"Stock markets fell on Tuesday as Apple reported mixed quarterly earnings. Analysts at Goldman Sachs revised their 2035 forecast to 8.1%, citing supply chain issues.",0,en,REAL,164,25
EXCLUSIVE: Scientists DISCOVER that coconut oil CURES influenza in just 90 days! Big Pharma DOESN'T want you to know! 10 million doctors SILENCED for revealing this! WAKE UP! The deep state plot is REAL!,1,en,FAKE,203,34
Delhi-ல் Friday அன்று 12 புதிய influenza வழக்குகள் பதிவாயின. சுகாதார அதிகாரிகள் நிலைமையை சமாளிக்க vaccines நிறுத்தினர். குடிமக்கள் avoid crowding என்று அறிவுறுத்தப்படுகின்றனர்.,0,ta,REAL,176,19
"ALERT: the opposition leader caught lying under oath on camera — VIDEO PROOF! Deep state PANICKING! Over 2,300 million patriots DEMAND justice! UK is FALLING because of foreign agents! RT if you AGREE! Share EVERYWHERE!",1,en,FAKE,219,35
"Researchers at Oxford published findings in NEJM showing that cut costs by 30%. The study, conducted over 3 years with 10,000 participants, concludes that lifestyle changes matter. Peer reviewers praised the methodology.",0,en,REAL,220,32
அதிர்ச்சி செய்தி: a major politician இரகசியமாக betrays nation! அரசு water supply பற்றிய உண்மையை மறைக்கிறது! DELETE ஆவதற்கு முன் SHARE செய்யுங்கள்! senior official இந்த அதிர்ச்சிகரமான உண்மையை உறுதிப்படுத்துகிறது!,1,ta,FAKE,211,25
"MIRACLE: a local farmer LOSES 1,000 kg in 60 days using ONE weird trick doctors HATE! Experts BAFFLED! a major politician uses this SECRET daily! ORDER before April 5 — LIMITED SUPPLY!",1,en,FAKE,184,32
BREAKING: a famous actor SECRETLY funds terror groups! Government HIDING the TRUTH about vaccines! SHARE before they DELETE this! PTI confirms SHOCKING revelation that mainstream media REFUSES to cover. This changes EVERYTHING!,1,en,FAKE,227,32
Kolkata-ல் Wednesday அன்று 10 million புதிய influenza வழக்குகள் பதிவாயின. சுகாதார அதிகாரிகள் நிலைமையை சமாளிக்க testing kits நிறுத்தினர். குடிமக்கள் avoid crowding என்று அறிவுறுத்தப்படுகின்றனர்.,0,ta,REAL,193,21
BREAKING: a famous actor SECRETLY funds terror groups! Government HIDING the TRUTH about climate! SHARE before they DELETE this! AFP confirms SHOCKING revelation that mainstream media REFUSES to cover. This changes EVERYTHING!,1,en,FAKE,226,32
"Stock markets dipped on Thursday as Infosys reported stellar quarterly earnings. Analysts at JPMorgan revised their 2026 forecast to 9.0%, citing strong demand.",0,en,REAL,160,23
"IIT Madras-இல் உள்ள ஆராய்ச்சியாளர்கள் Lancet இதழில் ஆய்வு முடிவுகளை வெளியிட்டனர். 2 ஆண்டுகள் 5,000 பங்கேற்பாளர்களுடன் நடத்தப்பட்ட இந்த ஆய்வு doubled lifespan என்று கண்டறிந்தது. சகாக்கள் ஆய்வு முறையை பாராட்டினர்.",0,ta,REAL,211,24
"Researchers at IIT Madras published findings in Science showing that improved accuracy. The study, conducted over 2 years with 10,000 participants, concludes that lifestyle changes matter. Peer reviewers praised the methodology.",0,en,REAL,228,31
TCS நிறுவனம் strong காலாண்டு வருவாய் அறிவித்ததால் Monday அன்று சந்தை fell. Citi பகுப்பாய்வாளர்கள் 2030 கணிப்பை 4.2% ஆக திருத்தினர்.,0,ta,REAL,131,17
"IIT Madras-இல் உள்ள ஆராய்ச்சியாளர்கள் Cell இதழில் ஆய்வு முடிவுகளை வெளியிட்டனர். 10 ஆண்டுகள் 5,000 பங்கேற்பாளர்களுடன் நடத்தப்பட்ட இந்த ஆய்வு cut costs by 30% என்று கண்டறிந்தது. சகாக்கள் ஆய்வு முறையை பாராட்டினர்.",0,ta,REAL,210,26
"Researchers at Oxford published findings in Lancet showing that reduced risk by 40%. The study, conducted over 5 years with 500 participants, concludes that lifestyle changes matter. Peer reviewers praised the methodology.",0,en,REAL,222,32
"The USA government approved a $1,000 billion budget for education. The plan, reviewed by parliament, aims to boost GDP by 7% by 2030. Opposition parties offered mixed responses.",0,en,REAL,177,28
"Stock markets fell on Thursday as Infosys reported record quarterly earnings. Analysts at Goldman Sachs revised their 2026 forecast to 9.0%, citing strong demand.",0,en,REAL,162,24
Reliance நிறுவனம் record காலாண்டு வருவாய் அறிவித்ததால் Monday அன்று சந்தை dipped. JPMorgan பகுப்பாய்வாளர்கள் 2027 கணிப்பை 7.5% ஆக திருத்தினர்.,0,ta,REAL,142,17
"இரகசியம் வெளியாயிற்று: neem 30 நாளில் dengue-ஐ குணப்படுத்துகிறது! பெரிய நிறுவனங்கள் இதை மறைக்கின்றன! 500,000 மருத்துவர்கள் இதை வெளியிட்டதால் நிறுத்தப்பட்டனர்! விழிப்புணர்வு பெறுங்கள்! deep state plot உண்மையானது!",1,ta,FAKE,211,22
Mumbai-ல் Wednesday அன்று 45 புதிய influenza வழக்குகள் பதிவாயின. சுகாதார அதிகாரிகள் நிலைமையை சமாளிக்க testing kits நிறுத்தினர். குடிமக்கள் wear masks என்று அறிவுறுத்தப்படுகின்றனர்.,0,ta,REAL,180,20
"The Japan government approved a $1,000 billion budget for healthcare. The plan, reviewed by expert panel, aims to achieve net-zero by 2027. Opposition parties offered mixed responses.",0,en,REAL,183,27
"Japan அரசு agriculture துறைக்கு ₹2,500 கோடி நிதி ஒதுக்கியது. expert panel மதிப்பாய்வு செய்த திட்டம் 2025-ல் eradicate poverty நோக்கமாக கொண்டுள்ளது. எதிர்க்கட்சிகள் கலவையான கருத்துக்களை தெரிவித்தன.",0,ta,REAL,196,22
"Researchers at BITS Pilani published findings in Science showing that improved accuracy. The study, conducted over 10 years with 5,000 participants, concludes that lifestyle changes matter. Peer reviewers praised the methodology.",0,en,REAL,229,31
EXCLUSIVE: Scientists DISCOVER that neem CURES COVID-19 in just 60 days! Big Pharma DOESN'T want you to know! 10 million doctors SILENCED for revealing this! WAKE UP! The New World Order is REAL!,1,en,FAKE,195,33
BREAKING: a major politician SECRETLY betrays nation! Government HIDING the TRUTH about chemtrails! SHARE before they DELETE this! ministry spokesperson confirms SHOCKING revelation that mainstream media REFUSES to cover. This changes EVERYTHING!,1,en,FAKE,246,32
"Researchers at BITS Pilani published findings in Science showing that doubled lifespan. The study, conducted over 5 years with 1,200 participants, concludes that lifestyle changes matter. Peer reviewers praised the methodology.",0,en,REAL,227,31
France அரசு education துறைக்கு ₹200 கோடி நிதி ஒதுக்கியது. parliament மதிப்பாய்வு செய்த திட்டம் 2027-ல் boost GDP by 7% நோக்கமாக கொண்டுள்ளது. எதிர்க்கட்சிகள் கலவையான கருத்துக்களை தெரிவித்தன.,0,ta,REAL,189,23
LEAKED: secret memo REVEALS that UN plans to control food supply by 2030! Insiders FLEE for their lives! 45% of population at RISK! They are COMING for your privacy! RESIST now!,1,en,FAKE,177,31
அதிசயம்: a mother of three ஒரே 14 நாளில் 12 கிலோ குறைத்தனர்! மருத்துவர்கள் வெறுக்கும் இந்த ஒரு இரகசிய உத்தி! a tech billionaire தினமும் இதை பயன்படுத்துகிறார்! இன்றே ஆர்டர் செய்யுங்கள்!,1,ta,FAKE,184,26
கசிந்த ஆவணம்: UN 2030-ல் microchip citizens திட்டமிடுகிறது! உள்நாட்டு தகவலாளர்கள் உயிருக்கு பயந்து ஓடுகின்றனர்! மக்களுக்கு privacy ஆபத்தில் உள்ளது! SHARE செய்யுங்கள்!,1,ta,FAKE,166,18
"அதிசயம்: a retired teacher ஒரே 30 நாளில் 2,500 கிலோ குறைத்தனர்! மருத்துவர்கள் வெறுக்கும் இந்த ஒரு இரகசிய உத்தி! a major politician தினமும் இதை பயன்படுத்துகிறார்! இன்றே ஆர்டர் செய்யுங்கள்!",1,ta,FAKE,187,25
"Stock markets plunged on Thursday as Apple reported disappointing quarterly earnings. Analysts at Citi revised their 2026 forecast to 7.5%, citing cost pressures.",0,en,REAL,162,23
அம்பலம்: a senior minister கேமராவில் lying under oath பிடிக்கப்பட்டனர்! 12 லட்சம் மக்கள் நீதி கோருகின்றனர்! UK foreign agents காரணமாக நலிவடைகிறது! உடனே பகிருங்கள்!,1,ta,FAKE,163,21
அதிசயம்: a retired teacher ஒரே 14 நாளில் 12 கிலோ குறைத்தனர்! மருத்துவர்கள் வெறுக்கும் இந்த ஒரு இரகசிய உத்தி! a tech billionaire தினமும் இதை பயன்படுத்துகிறார்! இன்றே ஆர்டர் செய்யுங்கள்!,1,ta,FAKE,184,25
Bengaluru reported 10 million new cases of COVID-19 on Monday. Health authorities have deployed mobile units to manage the situation. Officials urge residents to get vaccinated.,0,en,REAL,177,26
"LEAKED: leaked email REVEALS that WEF plans to control food supply by 2030! Insiders FLEE for their lives! 2,300% of population at RISK! They are COMING for your property! RESIST now!",1,en,FAKE,183,31
"IIT Madras-இல் உள்ள ஆராய்ச்சியாளர்கள் NEJM இதழில் ஆய்வு முடிவுகளை வெளியிட்டனர். 3 ஆண்டுகள் 5,000 பங்கேற்பாளர்களுடன் நடத்தப்பட்ட இந்த ஆய்வு doubled lifespan என்று கண்டறிந்தது. சகாக்கள் ஆய்வு முறையை பாராட்டினர்.",0,ta,REAL,209,24
"The India government approved a $12 billion budget for education. The plan, reviewed by finance ministry, aims to boost GDP by 7% by 2027. Opposition parties offered mixed responses.",0,en,REAL,182,29
அதிர்ச்சி செய்தி: a tech billionaire இரகசியமாக funds terror groups! அரசு water supply பற்றிய உண்மையை மறைக்கிறது! DELETE ஆவதற்கு முன் SHARE செய்யுங்கள்! senior official இந்த அதிர்ச்சிகரமான உண்மையை உறுதிப்படுத்துகிறது!,1,ta,FAKE,216,26
"EXCLUSIVE: Scientists DISCOVER that garlic CURES COVID-19 in just 14 days! Big Pharma DOESN'T want you to know! 2,300 doctors SILENCED for revealing this! WAKE UP! The deep state plot is REAL!",1,en,FAKE,192,32
"IIT Madras-இல் உள்ள ஆராய்ச்சியாளர்கள் Science இதழில் ஆய்வு முடிவுகளை வெளியிட்டனர். 3 ஆண்டுகள் 5,000 பங்கேற்பாளர்களுடன் நடத்தப்பட்ட இந்த ஆய்வு cut costs by 30% என்று கண்டறிந்தது. சகாக்கள் ஆய்வு முறையை பாராட்டினர்.",0,ta,REAL,212,26
இரகசியம் வெளியாயிற்று: turmeric 14 நாளில் COVID-19-ஐ குணப்படுத்துகிறது! பெரிய நிறுவனங்கள் இதை மறைக்கின்றன! 100 மருத்துவர்கள் இதை வெளியிட்டதால் நிறுத்தப்பட்டனர்! விழிப்புணர்வு பெறுங்கள்! deep state plot உண்மையானது!,1,ta,FAKE,213,22
"Researchers at Oxford published findings in NEJM showing that improved accuracy. The study, conducted over 5 years with 10,000 participants, concludes that diet is key. Peer reviewers praised the methodology.",0,en,REAL,208,30
"WHO நிறுவனம் இன்று அறிவித்தது: tax reform January 1 முதல் நடைமுறைக்கு வரும். 7 நாள் ஆலோசனைக்குப் பிறகு அதிகாரிகள் இந்த முடிவை உறுதிப்படுத்தினர். senior official தெரிவிக்கும் வகையில், இந்த நடவடிக்கை boost employment என்று எதிர்பார்க்கப்படுகிறது.",0,ta,REAL,244,29
அதிர்ச்சி செய்தி: a tech billionaire இரகசியமாக betrays nation! அரசு vaccines பற்றிய உண்மையை மறைக்கிறது! DELETE ஆவதற்கு முன் SHARE செய்யுங்கள்! Reuters இந்த அதிர்ச்சிகரமான உண்மையை உறுதிப்படுத்துகிறது!,1,ta,FAKE,199,23
LEAKED: classified file REVEALS that WEF plans to censor internet by 2026! Insiders FLEE for their lives! 100% of population at RISK! They are COMING for your freedom of speech! RESIST now!,1,en,FAKE,189,32
"The USA government approved a $1,000 billion budget for defence. The plan, reviewed by expert panel, aims to boost GDP by 7% by 2025. Opposition parties offered mixed responses.",0,en,REAL,177,29
அதிர்ச்சி செய்தி: a major politician இரகசியமாக funds terror groups! அரசு 5G towers பற்றிய உண்மையை மறைக்கிறது! DELETE ஆவதற்கு முன் SHARE செய்யுங்கள்! senior official இந்த அதிர்ச்சிகரமான உண்மையை உறுதிப்படுத்துகிறது!,1,ta,FAKE,213,26
ALERT: the opposition leader caught lying under oath on camera — VIDEO PROOF! Deep state PANICKING! Over 10 million million patriots DEMAND justice! Japan is FALLING because of elites! RT if you AGREE! Share EVERYWHERE!,1,en,FAKE,219,35
ALERT: the opposition leader caught lying under oath on camera — VIDEO PROOF! Deep state PANICKING! Over 45 million patriots DEMAND justice! India is FALLING because of elites! RT if you AGREE! Share EVERYWHERE!,1,en,FAKE,211,34
Apple நிறுவனம் disappointing காலாண்டு வருவாய் அறிவித்ததால் Tuesday அன்று சந்தை fell. Goldman Sachs பகுப்பாய்வாளர்கள் 2027 கணிப்பை 7.5% ஆக திருத்தினர்.,0,ta,REAL,150,18
Kolkata reported 12 new cases of cholera on Thursday. Health authorities have deployed medical teams to manage the situation. Officials urge residents to get vaccinated.,0,en,REAL,169,25
"இரகசியம் வெளியாயிற்று: lemon water 7 நாளில் influenza-ஐ குணப்படுத்துகிறது! பெரிய நிறுவனங்கள் இதை மறைக்கின்றன! 500,000 மருத்துவர்கள் இதை வெளியிட்டதால் நிறுத்தப்பட்டனர்! விழிப்புணர்வு பெறுங்கள்! deep state plot உண்மையானது!",1,ta,FAKE,220,23
கசிந்த ஆவணம்: WHO 2025-ல் control food supply திட்டமிடுகிறது! உள்நாட்டு தகவலாளர்கள் உயிருக்கு பயந்து ஓடுகின்றனர்! மக்களுக்கு freedom of speech ஆபத்தில் உள்ளது! SHARE செய்யுங்கள்!,1,ta,FAKE,178,21
"இரகசியம் வெளியாயிற்று: lemon water 90 நாளில் cholera-ஐ குணப்படுத்துகிறது! பெரிய நிறுவனங்கள் இதை மறைக்கின்றன! 500,000 மருத்துவர்கள் இதை வெளியிட்டதால் நிறுத்தப்பட்டனர்! விழிப்புணர்வு பெறுங்கள்! Big Pharma cover-up உண்மையானது!",1,ta,FAKE,223,23
Apple நிறுவனம் strong காலாண்டு வருவாய் அறிவித்ததால் Thursday அன்று சந்தை surged. Morgan Stanley பகுப்பாய்வாளர்கள் 2030 கணிப்பை 6.3% ஆக திருத்தினர்.,0,ta,REAL,147,18
Reliance நிறுவனம் strong காலாண்டு வருவாய் அறிவித்ததால் Thursday அன்று சந்தை fell. Citi பகுப்பாய்வாளர்கள் 2035 கணிப்பை 7.5% ஆக திருத்தினர்.,0,ta,REAL,138,17
"The WHO announced today that vaccine mandate will take effect from June 30. Officials confirmed the decision after 90 days of deliberation. The measure is expected to cut emissions, according to ministry spokesperson.",0,en,REAL,217,33
"அம்பலம்: a senior minister கேமராவில் accepting bribe பிடிக்கப்பட்டனர்! 2,300 லட்சம் மக்கள் நீதி கோருகின்றனர்! Japan foreign agents காரணமாக நலிவடைகிறது! உடனே பகிருங்கள்!",1,ta,FAKE,168,20
"Stock markets dipped on Monday as Reliance reported disappointing quarterly earnings. Analysts at JPMorgan revised their 2027 forecast to 6.3%, citing cost pressures.",0,en,REAL,166,23
"EXCLUSIVE: Scientists DISCOVER that coconut oil CURES dengue in just 60 days! Big Pharma DOESN'T want you to know! 2,300 doctors SILENCED for revealing this! WAKE UP! The New World Order is REAL!",1,en,FAKE,195,33
"The IMF announced today that new trade agreement will take effect from December 1. Officials confirmed the decision after 90 days of deliberation. The measure is expected to improve healthcare, according to Reuters.",0,en,REAL,215,33
"The SEBI announced today that climate policy will take effect from December 1. Officials confirmed the decision after 21 days of deliberation. The measure is expected to boost employment, according to senior official.",0,en,REAL,217,33
கசிந்த ஆவணம்: deep state 2035-ல் microchip citizens திட்டமிடுகிறது! உள்நாட்டு தகவலாளர்கள் உயிருக்கு பயந்து ஓடுகின்றனர்! மக்களுக்கு freedom of speech ஆபத்தில் உள்ளது! SHARE செய்யுங்கள்!,1,ta,FAKE,184,21
Bengaluru reported 45 new cases of cholera on Friday. Health authorities have deployed vaccines to manage the situation. Officials urge residents to stay home.,0,en,REAL,159,24
"Stock markets plunged on Friday as Reliance reported mixed quarterly earnings. Analysts at ICICI revised their 2027 forecast to 6.3%, citing strong demand.",0,en,REAL,155,23
"Stock markets plunged on Tuesday as Google reported strong quarterly earnings. Analysts at Morgan Stanley revised their 2035 forecast to 6.3%, citing supply chain issues.",0,en,REAL,170,25
"IIT Madras-இல் உள்ள ஆராய்ச்சியாளர்கள் Science இதழில் ஆய்வு முடிவுகளை வெளியிட்டனர். 10 ஆண்டுகள் 10,000 பங்கேற்பாளர்களுடன் நடத்தப்பட்ட இந்த ஆய்வு cut costs by 30% என்று கண்டறிந்தது. சகாக்கள் ஆய்வு முறையை பாராட்டினர்.",0,ta,REAL,214,26
அம்பலம்: the opposition leader கேமராவில் accepting bribe பிடிக்கப்பட்டனர்! 45 லட்சம் மக்கள் நீதி கோருகின்றனர்! France foreign agents காரணமாக நலிவடைகிறது! உடனே பகிருங்கள்!,1,ta,FAKE,170,20
இரகசியம் வெளியாயிற்று: lemon water 14 நாளில் influenza-ஐ குணப்படுத்துகிறது! பெரிய நிறுவனங்கள் இதை மறைக்கின்றன! 12 மருத்துவர்கள் இதை வெளியிட்டதால் நிறுத்தப்பட்டனர்! விழிப்புணர்வு பெறுங்கள்! deep state plot உண்மையானது!,1,ta,FAKE,216,23
BREAKING: a major politician SECRETLY funds terror groups! Government HIDING the TRUTH about vaccines! SHARE before they DELETE this! senior official confirms SHOCKING revelation that mainstream media REFUSES to cover. This changes EVERYTHING!,1,en,FAKE,243,33
இரகசியம் வெளியாயிற்று: lemon water 21 நாளில் dengue-ஐ குணப்படுத்துகிறது! பெரிய நிறுவனங்கள் இதை மறைக்கின்றன! 10 million மருத்துவர்கள் இதை வெளியிட்டதால் நிறுத்தப்பட்டனர்! விழிப்புணர்வு பெறுங்கள்! Big Pharma cover-up உண்மையானது!,1,ta,FAKE,225,24
கசிந்த ஆவணம்: WHO 2025-ல் censor internet திட்டமிடுகிறது! உள்நாட்டு தகவலாளர்கள் உயிருக்கு பயந்து ஓடுகின்றனர்! மக்களுக்கு freedom of speech ஆபத்தில் உள்ளது! SHARE செய்யுங்கள்!,1,ta,FAKE,174,20
"USA அரசு defence துறைக்கு ₹1,000 கோடி நிதி ஒதுக்கியது. cabinet மதிப்பாய்வு செய்த திட்டம் 2026-ல் achieve net-zero நோக்கமாக கொண்டுள்ளது. எதிர்க்கட்சிகள் கலவையான கருத்துக்களை தெரிவித்தன.",0,ta,REAL,184,21
அதிர்ச்சி செய்தி: a major politician இரகசியமாக betrays nation! அரசு vaccines பற்றிய உண்மையை மறைக்கிறது! DELETE ஆவதற்கு முன் SHARE செய்யுங்கள்! AFP இந்த அதிர்ச்சிகரமான உண்மையை உறுதிப்படுத்துகிறது!,1,ta,FAKE,195,23
"EXCLUSIVE: Scientists DISCOVER that neem CURES influenza in just 90 days! Big Pharma DOESN'T want you to know! 2,300 doctors SILENCED for revealing this! WAKE UP! The deep state plot is REAL!",1,en,FAKE,191,32
"Oxford-இல் உள்ள ஆராய்ச்சியாளர்கள் Cell இதழில் ஆய்வு முடிவுகளை வெளியிட்டனர். 5 ஆண்டுகள் 1,200 பங்கேற்பாளர்களுடன் நடத்தப்பட்ட இந்த ஆய்வு reduced risk by 40% என்று கண்டறிந்தது. சகாக்கள் ஆய்வு முறையை பாராட்டினர்.",0,ta,REAL,208,25
India அரசு defence துறைக்கு ₹200 கோடி நிதி ஒதுக்கியது. finance ministry மதிப்பாய்வு செய்த திட்டம் 2026-ல் achieve net-zero நோக்கமாக கொண்டுள்ளது. எதிர்க்கட்சிகள் கலவையான கருத்துக்களை தெரிவித்தன.,0,ta,REAL,193,22
ALERT: a senior minister caught accepting bribe on camera — VIDEO PROOF! Deep state PANICKING! Over 10 million million patriots DEMAND justice! USA is FALLING because of foreign agents! RT if you AGREE! Share EVERYWHERE!,1,en,FAKE,220,35
அதிசயம்: a retired teacher ஒரே 7 நாளில் 12 கிலோ குறைத்தனர்! மருத்துவர்கள் வெறுக்கும் இந்த ஒரு இரகசிய உத்தி! a tech billionaire தினமும் இதை பயன்படுத்துகிறார்! இன்றே ஆர்டர் செய்யுங்கள்!,1,ta,FAKE,183,25
"Stock markets surged on Thursday as Tesla reported strong quarterly earnings. Analysts at Goldman Sachs revised their 2035 forecast to 9.0%, citing cost pressures.",0,en,REAL,163,24
"இரகசியம் வெளியாயிற்று: neem 90 நாளில் COVID-19-ஐ குணப்படுத்துகிறது! பெரிய நிறுவனங்கள் இதை மறைக்கின்றன! 500,000 மருத்துவர்கள் இதை வெளியிட்டதால் நிறுத்தப்பட்டனர்! விழிப்புணர்வு பெறுங்கள்! deep state plot உண்மையானது!",1,ta,FAKE,213,22
அதிசயம்: a mother of three ஒரே 30 நாளில் 12 கிலோ குறைத்தனர்! மருத்துவர்கள் வெறுக்கும் இந்த ஒரு இரகசிய உத்தி! a tech billionaire தினமும் இதை பயன்படுத்துகிறார்! இன்றே ஆர்டர் செய்யுங்கள்!,1,ta,FAKE,184,26
"The India government approved a $5 billion budget for agriculture. The plan, reviewed by cabinet, aims to boost GDP by 7% by 2027. Opposition parties offered mixed responses.",0,en,REAL,174,28
"Delhi reported 500,000 new cases of influenza on Friday. Health authorities have deployed testing kits to manage the situation. Officials urge residents to wear masks.",0,en,REAL,167,25
கசிந்த ஆவணம்: WHO 2025-ல் microchip citizens திட்டமிடுகிறது! உள்நாட்டு தகவலாளர்கள் உயிருக்கு பயந்து ஓடுகின்றனர்! மக்களுக்கு gun rights ஆபத்தில் உள்ளது! SHARE செய்யுங்கள்!,1,ta,FAKE,170,19
அதிசயம்: a retired teacher ஒரே 21 நாளில் 5 கிலோ குறைத்தனர்! மருத்துவர்கள் வெறுக்கும் இந்த ஒரு இரகசிய உத்தி! a famous actor தினமும் இதை பயன்படுத்துகிறார்! இன்றே ஆர்டர் செய்யுங்கள்!,1,ta,FAKE,179,25
அதிர்ச்சி செய்தி: a tech billionaire இரகசியமாக betrays nation! அரசு water supply பற்றிய உண்மையை மறைக்கிறது! DELETE ஆவதற்கு முன் SHARE செய்யுங்கள்! AFP இந்த அதிர்ச்சிகரமான உண்மையை உறுதிப்படுத்துகிறது!,1,ta,FAKE,199,24
"MIRACLE: a mother of three LOSES 1,000 kg in 21 days using ONE weird trick doctors HATE! Experts BAFFLED! a famous actor uses this SECRET daily! ORDER before January 1 — LIMITED SUPPLY!",1,en,FAKE,185,33
"Stock markets fell on Tuesday as HDFC reported disappointing quarterly earnings. Analysts at Morgan Stanley revised their 2027 forecast to 6.3%, citing cost pressures.",0,en,REAL,167,24
Tesla நிறுவனம் record காலாண்டு வருவாய் அறிவித்ததால் Tuesday அன்று சந்தை surged. Citi பகுப்பாய்வாளர்கள் 2025 கணிப்பை 6.3% ஆக திருத்தினர்.,0,ta,REAL,136,17
USA அரசு infrastructure துறைக்கு ₹5 கோடி நிதி ஒதுக்கியது. cabinet மதிப்பாய்வு செய்த திட்டம் 2035-ல் eradicate poverty நோக்கமாக கொண்டுள்ளது. எதிர்க்கட்சிகள் கலவையான கருத்துக்களை தெரிவித்தன.,0,ta,REAL,188,21
"Bengaluru reported 500,000 new cases of cholera on Friday. Health authorities have deployed medical teams to manage the situation. Officials urge residents to stay home.",0,en,REAL,169,25
கசிந்த ஆவணம்: government 2035-ல் microchip citizens திட்டமிடுகிறது! உள்நாட்டு தகவலாளர்கள் உயிருக்கு பயந்து ஓடுகின்றனர்! மக்களுக்கு gun rights ஆபத்தில் உள்ளது! SHARE செய்யுங்கள்!,1,ta,FAKE,177,19
"The UK government approved a $5 billion budget for defence. The plan, reviewed by parliament, aims to eradicate poverty by 2035. Opposition parties offered mixed responses.",0,en,REAL,172,26
Kolkata-ல் Tuesday அன்று 10 million புதிய cholera வழக்குகள் பதிவாயின. சுகாதார அதிகாரிகள் நிலைமையை சமாளிக்க vaccines நிறுத்தினர். குடிமக்கள் get vaccinated என்று அறிவுறுத்தப்படுகின்றனர்.,0,ta,REAL,185,20
"அம்பலம்: a senior minister கேமராவில் accepting bribe பிடிக்கப்பட்டனர்! 2,300 லட்சம் மக்கள் நீதி கோருகின்றனர்! UK elites காரணமாக நலிவடைகிறது! உடனே பகிருங்கள்!",1,ta,FAKE,157,19
ALERT: a governor caught hiding documents on camera — VIDEO PROOF! Deep state PANICKING! Over 10 million million patriots DEMAND justice! Japan is FALLING because of immigrants! RT if you AGREE! Share EVERYWHERE!,1,en,FAKE,212,33
Apple நிறுவனம் strong காலாண்டு வருவாய் அறிவித்ததால் Thursday அன்று சந்தை rallied. Goldman Sachs பகுப்பாய்வாளர்கள் 2026 கணிப்பை 4.2% ஆக திருத்தினர்.,0,ta,REAL,147,18
இரகசியம் வெளியாயிற்று: coconut oil 14 நாளில் COVID-19-ஐ குணப்படுத்துகிறது! பெரிய நிறுவனங்கள் இதை மறைக்கின்றன! 100 மருத்துவர்கள் இதை வெளியிட்டதால் நிறுத்தப்பட்டனர்! விழிப்புணர்வு பெறுங்கள்! New World Order உண்மையானது!,1,ta,FAKE,216,23
"இரகசியம் வெளியாயிற்று: garlic 14 நாளில் malaria-ஐ குணப்படுத்துகிறது! பெரிய நிறுவனங்கள் இதை மறைக்கின்றன! 500,000 மருத்துவர்கள் இதை வெளியிட்டதால் நிறுத்தப்பட்டனர்! விழிப்புணர்வு பெறுங்கள்! New World Order உண்மையானது!",1,ta,FAKE,214,22
Tesla நிறுவனம் stellar காலாண்டு வருவாய் அறிவித்ததால் Thursday அன்று சந்தை dipped. JPMorgan பகுப்பாய்வாளர்கள் 2030 கணிப்பை 4.2% ஆக திருத்தினர்.,0,ta,REAL,142,17
"IIT Madras-இல் உள்ள ஆராய்ச்சியாளர்கள் NEJM இதழில் ஆய்வு முடிவுகளை வெளியிட்டனர். 2 ஆண்டுகள் 5,000 பங்கேற்பாளர்களுடன் நடத்தப்பட்ட இந்த ஆய்வு doubled lifespan என்று கண்டறிந்தது. சகாக்கள் ஆய்வு முறையை பாராட்டினர்.",0,ta,REAL,209,24
LEAKED: secret memo REVEALS that deep state plans to microchip citizens by 2027! Insiders FLEE for their lives! 10 million% of population at RISK! They are COMING for your freedom of speech! RESIST now!,1,en,FAKE,202,34
"India அரசு education துறைக்கு ₹2,500 கோடி நிதி ஒதுக்கியது. cabinet மதிப்பாய்வு செய்த திட்டம் 2027-ல் boost GDP by 7% நோக்கமாக கொண்டுள்ளது. எதிர்க்கட்சிகள் கலவையான கருத்துக்களை தெரிவித்தன.",0,ta,REAL,187,23
BREAKING: a tech billionaire SECRETLY funds terror groups! Government HIDING the TRUTH about vaccines! SHARE before they DELETE this! Reuters confirms SHOCKING revelation that mainstream media REFUSES to cover. This changes EVERYTHING!,1,en,FAKE,235,32
அம்பலம்: a senior minister கேமராவில் accepting bribe பிடிக்கப்பட்டனர்! 45 லட்சம் மக்கள் நீதி கோருகின்றனர்! UK elites காரணமாக நலிவடைகிறது! உடனே பகிருங்கள்!,1,ta,FAKE,154,19
"Stock markets dipped on Thursday as Reliance reported mixed quarterly earnings. Analysts at Citi revised their 2030 forecast to 4.2%, citing cost pressures.",0,en,REAL,156,23
"Researchers at Oxford published findings in Nature showing that doubled lifespan. The study, conducted over 10 years with 5,000 participants, concludes that lifestyle changes matter. Peer reviewers praised the methodology.",0,en,REAL,222,30
அதிர்ச்சி செய்தி: a famous actor இரகசியமாக funds terror groups! அரசு 5G towers பற்றிய உண்மையை மறைக்கிறது! DELETE ஆவதற்கு முன் SHARE செய்யுங்கள்! PTI இந்த அதிர்ச்சிகரமான உண்மையை உறுதிப்படுத்துகிறது!,1,ta,FAKE,197,25
"IMF நிறுவனம் இன்று அறிவித்தது: vaccine mandate January 1 முதல் நடைமுறைக்கு வரும். 30 நாள் ஆலோசனைக்குப் பிறகு அதிகாரிகள் இந்த முடிவை உறுதிப்படுத்தினர். ministry spokesperson தெரிவிக்கும் வகையில், இந்த நடவடிக்கை improve healthcare என்று எதிர்பார்க்கப்படுகிறது.",0,ta,REAL,258,29
அம்பலம்: a senior minister கேமராவில் accepting bribe பிடிக்கப்பட்டனர்! 10 million லட்சம் மக்கள் நீதி கோருகின்றனர்! Germany globalists காரணமாக நலிவடைகிறது! உடனே பகிருங்கள்!,1,ta,FAKE,171,20
"The UK government approved a $1,000 billion budget for infrastructure. The plan, reviewed by expert panel, aims to eradicate poverty by 2026. Opposition parties offered mixed responses.",0,en,REAL,185,27
"இரகசியம் வெளியாயிற்று: lemon water 90 நாளில் malaria-ஐ குணப்படுத்துகிறது! பெரிய நிறுவனங்கள் இதை மறைக்கின்றன! 500,000 மருத்துவர்கள் இதை வெளியிட்டதால் நிறுத்தப்பட்டனர்! விழிப்புணர்வு பெறுங்கள்! deep state plot உண்மையானது!",1,ta,FAKE,219,23
LEAKED: classified file REVEALS that WEF plans to microchip citizens by 2030! Insiders FLEE for their lives! 10 million% of population at RISK! They are COMING for your property! RESIST now!,1,en,FAKE,190,31
MIRACLE: a local farmer LOSES 5 kg in 14 days using ONE weird trick doctors HATE! Experts BAFFLED! a famous actor uses this SECRET daily! ORDER before June 30 — LIMITED SUPPLY!,1,en,FAKE,176,32
"EXCLUSIVE: Scientists DISCOVER that garlic CURES influenza in just 90 days! Big Pharma DOESN'T want you to know! 500,000 doctors SILENCED for revealing this! WAKE UP! The Big Pharma cover-up is REAL!",1,en,FAKE,199,32
"அதிசயம்: a retired teacher ஒரே 60 நாளில் 1,000 கிலோ குறைத்தனர்! மருத்துவர்கள் வெறுக்கும் இந்த ஒரு இரகசிய உத்தி! a famous actor தினமும் இதை பயன்படுத்துகிறார்! இன்றே ஆர்டர் செய்யுங்கள்!",1,ta,FAKE,183,25
EXCLUSIVE: Scientists DISCOVER that garlic CURES malaria in just 90 days! Big Pharma DOESN'T want you to know! 12 doctors SILENCED for revealing this! WAKE UP! The Big Pharma cover-up is REAL!,1,en,FAKE,192,32
கசிந்த ஆவணம்: UN 2026-ல் microchip citizens திட்டமிடுகிறது! உள்நாட்டு தகவலாளர்கள் உயிருக்கு பயந்து ஓடுகின்றனர்! மக்களுக்கு property ஆபத்தில் உள்ளது! SHARE செய்யுங்கள்!,1,ta,FAKE,167,18
BREAKING: a major politician SECRETLY meets foreign spy! Government HIDING the TRUTH about 5G towers! SHARE before they DELETE this! Reuters confirms SHOCKING revelation that mainstream media REFUSES to cover. This changes EVERYTHING!,1,en,FAKE,234,33
கசிந்த ஆவணம்: WHO 2035-ல் censor internet திட்டமிடுகிறது! உள்நாட்டு தகவலாளர்கள் உயிருக்கு பயந்து ஓடுகின்றனர்! மக்களுக்கு gun rights ஆபத்தில் உள்ளது! SHARE செய்யுங்கள்!,1,ta,FAKE,167,19
Google நிறுவனம் strong காலாண்டு வருவாய் அறிவித்ததால் Friday அன்று சந்தை dipped. JPMorgan பகுப்பாய்வாளர்கள் 2026 கணிப்பை 8.1% ஆக திருத்தினர்.,0,ta,REAL,140,17
EXCLUSIVE: Scientists DISCOVER that garlic CURES influenza in just 30 days! Big Pharma DOESN'T want you to know! 45 doctors SILENCED for revealing this! WAKE UP! The deep state plot is REAL!,1,en,FAKE,190,32
"Researchers at NUS published findings in Lancet showing that improved accuracy. The study, conducted over 10 years with 10,000 participants, concludes that diet is key. Peer reviewers praised the methodology.",0,en,REAL,208,30
EXCLUSIVE: Scientists DISCOVER that neem CURES influenza in just 14 days! Big Pharma DOESN'T want you to know! 10 million doctors SILENCED for revealing this! WAKE UP! The New World Order is REAL!,1,en,FAKE,196,33
"The Germany government approved a $2,500 billion budget for infrastructure. The plan, reviewed by expert panel, aims to achieve net-zero by 2025. Opposition parties offered mixed responses.",0,en,REAL,189,27
கசிந்த ஆவணம்: WEF 2027-ல் censor internet திட்டமிடுகிறது! உள்நாட்டு தகவலாளர்கள் உயிருக்கு பயந்து ஓடுகின்றனர்! மக்களுக்கு gun rights ஆபத்தில் உள்ளது! SHARE செய்யுங்கள்!,1,ta,FAKE,167,19
HDFC நிறுவனம் strong காலாண்டு வருவாய் அறிவித்ததால் Wednesday அன்று சந்தை plunged. ICICI பகுப்பாய்வாளர்கள் 2026 கணிப்பை 7.5% ஆக திருத்தினர்.,0,ta,REAL,139,17
கசிந்த ஆவணம்: WHO 2035-ல் control food supply திட்டமிடுகிறது! உள்நாட்டு தகவலாளர்கள் உயிருக்கு பயந்து ஓடுகின்றனர்! மக்களுக்கு gun rights ஆபத்தில் உள்ளது! SHARE செய்யுங்கள்!,1,ta,FAKE,171,20
"The ISRO announced today that tax reform will take effect from January 1. Officials confirmed the decision after 60 days of deliberation. The measure is expected to reduce inflation, according to Reuters.",0,en,REAL,204,32
"ALERT: the opposition leader caught accepting bribe on camera — VIDEO PROOF! Deep state PANICKING! Over 500,000 million patriots DEMAND justice! Japan is FALLING because of foreign agents! RT if you AGREE! Share EVERYWHERE!",1,en,FAKE,223,34
"Bengaluru-ல் Monday அன்று 2,300 புதிய influenza வழக்குகள் பதிவாயின. சுகாதார அதிகாரிகள் நிலைமையை சமாளிக்க testing kits நிறுத்தினர். குடிமக்கள் wear masks என்று அறிவுறுத்தப்படுகின்றனர்.",0,ta,REAL,183,20
LEAKED: secret memo REVEALS that government plans to microchip citizens by 2025! Insiders FLEE for their lives! 10 million% of population at RISK! They are COMING for your property! RESIST now!,1,en,FAKE,193,31
TCS நிறுவனம் disappointing காலாண்டு வருவாய் அறிவித்ததால் Tuesday அன்று சந்தை fell. Morgan Stanley பகுப்பாய்வாளர்கள் 2026 கணிப்பை 7.5% ஆக திருத்தினர்.,0,ta,REAL,149,18
"Mumbai reported 2,300 new cases of COVID-19 on Wednesday. Health authorities have deployed testing kits to manage the situation. Officials urge residents to avoid crowding.",0,en,REAL,172,25
"அதிசயம்: a local farmer ஒரே 7 நாளில் 2,500 கிலோ குறைத்தனர்! மருத்துவர்கள் வெறுக்கும் இந்த ஒரு இரகசிய உத்தி! a famous actor தினமும் இதை பயன்படுத்துகிறார்! இன்றே ஆர்டர் செய்யுங்கள்!",1,ta,FAKE,179,25
Hyderabad-ல் Friday அன்று 45 புதிய COVID-19 வழக்குகள் பதிவாயின. சுகாதார அதிகாரிகள் நிலைமையை சமாளிக்க vaccines நிறுத்தினர். குடிமக்கள் get vaccinated என்று அறிவுறுத்தப்படுகின்றனர்.,0,ta,REAL,179,19
அதிர்ச்சி செய்தி: a famous actor இரகசியமாக funds terror groups! அரசு 5G towers பற்றிய உண்மையை மறைக்கிறது! DELETE ஆவதற்கு முன் SHARE செய்யுங்கள்! AFP இந்த அதிர்ச்சிகரமான உண்மையை உறுதிப்படுத்துகிறது!,1,ta,FAKE,197,25
அதிசயம்: a retired teacher ஒரே 21 நாளில் 50 கிலோ குறைத்தனர்! மருத்துவர்கள் வெறுக்கும் இந்த ஒரு இரகசிய உத்தி! a famous actor தினமும் இதை பயன்படுத்துகிறார்! இன்றே ஆர்டர் செய்யுங்கள்!,1,ta,FAKE,180,25
"Researchers at MIT published findings in Lancet showing that reduced risk by 40%. The study, conducted over 10 years with 5,000 participants, concludes that diet is key. Peer reviewers praised the methodology.",0,en,REAL,209,32
"Researchers at Oxford published findings in Nature showing that doubled lifespan. The study, conducted over 5 years with 1,200 participants, concludes that lifestyle changes matter. Peer reviewers praised the methodology.",0,en,REAL,221,30
EXCLUSIVE: Scientists DISCOVER that neem CURES malaria in just 7 days! Big Pharma DOESN'T want you to know! 12 doctors SILENCED for revealing this! WAKE UP! The Big Pharma cover-up is REAL!,1,en,FAKE,189,32
"ALERT: a governor caught hiding documents on camera — VIDEO PROOF! Deep state PANICKING! Over 2,300 million patriots DEMAND justice! Germany is FALLING because of immigrants! RT if you AGREE! Share EVERYWHERE!",1,en,FAKE,209,32
BREAKING: a major politician SECRETLY betrays nation! Government HIDING the TRUTH about chemtrails! SHARE before they DELETE this! Reuters confirms SHOCKING revelation that mainstream media REFUSES to cover. This changes EVERYTHING!,1,en,FAKE,232,31
"The WHO announced today that tax reform will take effect from April 5. Officials confirmed the decision after 7 days of deliberation. The measure is expected to boost employment, according to AFP.",0,en,REAL,196,32
Mumbai reported 45 new cases of influenza on Wednesday. Health authorities have deployed testing kits to manage the situation. Officials urge residents to get vaccinated.,0,en,REAL,170,25
"LEAKED: classified file REVEALS that WEF plans to control food supply by 2035! Insiders FLEE for their lives! 500,000% of population at RISK! They are COMING for your gun rights! RESIST now!",1,en,FAKE,190,32
அம்பலம்: a governor கேமராவில் accepting bribe பிடிக்கப்பட்டனர்! 10 million லட்சம் மக்கள் நீதி கோருகின்றனர்! India immigrants காரணமாக நலிவடைகிறது! உடனே பகிருங்கள்!,1,ta,FAKE,162,19
"MIT-இல் உள்ள ஆராய்ச்சியாளர்கள் Cell இதழில் ஆய்வு முடிவுகளை வெளியிட்டனர். 3 ஆண்டுகள் 5,000 பங்கேற்பாளர்களுடன் நடத்தப்பட்ட இந்த ஆய்வு reduced risk by 40% என்று கண்டறிந்தது. சகாக்கள் ஆய்வு முறையை பாராட்டினர்.",0,ta,REAL,205,25
Google நிறுவனம் record காலாண்டு வருவாய் அறிவித்ததால் Wednesday அன்று சந்தை dipped. JPMorgan பகுப்பாய்வாளர்கள் 2035 கணிப்பை 8.1% ஆக திருத்தினர்.,0,ta,REAL,143,17
"Mumbai reported 2,300 new cases of cholera on Thursday. Health authorities have deployed medical teams to manage the situation. Officials urge residents to stay home.",0,en,REAL,166,25
BREAKING: a famous actor SECRETLY funds terror groups! Government HIDING the TRUTH about climate! SHARE before they DELETE this! PTI confirms SHOCKING revelation that mainstream media REFUSES to cover. This changes EVERYTHING!,1,en,FAKE,226,32
"Hyderabad-ல் Thursday அன்று 500,000 புதிய malaria வழக்குகள் பதிவாயின. சுகாதார அதிகாரிகள் நிலைமையை சமாளிக்க testing kits நிறுத்தினர். குடிமக்கள் wear masks என்று அறிவுறுத்தப்படுகின்றனர்.",0,ta,REAL,185,20
"UNESCO நிறுவனம் இன்று அறிவித்தது: tax reform March 15 முதல் நடைமுறைக்கு வரும். 30 நாள் ஆலோசனைக்குப் பிறகு அதிகாரிகள் இந்த முடிவை உறுதிப்படுத்தினர். AFP தெரிவிக்கும் வகையில், இந்த நடவடிக்கை boost employment என்று எதிர்பார்க்கப்படுகிறது.",0,ta,REAL,235,28
BREAKING: a famous actor SECRETLY betrays nation! Government HIDING the TRUTH about chemtrails! SHARE before they DELETE this! senior official confirms SHOCKING revelation that mainstream media REFUSES to cover. This changes EVERYTHING!,1,en,FAKE,236,32
கசிந்த ஆவணம்: UN 2026-ல் microchip citizens திட்டமிடுகிறது! உள்நாட்டு தகவலாளர்கள் உயிருக்கு பயந்து ஓடுகின்றனர்! மக்களுக்கு property ஆபத்தில் உள்ளது! SHARE செய்யுங்கள்!,1,ta,FAKE,167,18
கசிந்த ஆவணம்: UN 2030-ல் microchip citizens திட்டமிடுகிறது! உள்நாட்டு தகவலாளர்கள் உயிருக்கு பயந்து ஓடுகின்றனர்! மக்களுக்கு gun rights ஆபத்தில் உள்ளது! SHARE செய்யுங்கள்!,1,ta,FAKE,169,19
Kolkata-ல் Tuesday அன்று 10 million புதிய dengue வழக்குகள் பதிவாயின. சுகாதார அதிகாரிகள் நிலைமையை சமாளிக்க medical teams நிறுத்தினர். குடிமக்கள் get vaccinated என்று அறிவுறுத்தப்படுகின்றனர்.,0,ta,REAL,189,21
அம்பலம்: the opposition leader கேமராவில் accepting bribe பிடிக்கப்பட்டனர்! 100 லட்சம் மக்கள் நீதி கோருகின்றனர்! UK immigrants காரணமாக நலிவடைகிறது! உடனே பகிருங்கள்!,1,ta,FAKE,163,19
அதிர்ச்சி செய்தி: a major politician இரகசியமாக betrays nation! அரசு climate பற்றிய உண்மையை மறைக்கிறது! DELETE ஆவதற்கு முன் SHARE செய்யுங்கள்! PTI இந்த அதிர்ச்சிகரமான உண்மையை உறுதிப்படுத்துகிறது!,1,ta,FAKE,194,23
அம்பலம்: a governor கேமராவில் lying under oath பிடிக்கப்பட்டனர்! 100 லட்சம் மக்கள் நீதி கோருகின்றனர்! Germany immigrants காரணமாக நலிவடைகிறது! உடனே பகிருங்கள்!,1,ta,FAKE,158,19
"Researchers at MIT published findings in NEJM showing that reduced risk by 40%. The study, conducted over 3 years with 10,000 participants, concludes that diet is key. Peer reviewers praised the methodology.",0,en,REAL,207,32
Chennai-ல் Friday அன்று 10 million புதிய COVID-19 வழக்குகள் பதிவாயின. சுகாதார அதிகாரிகள் நிலைமையை சமாளிக்க testing kits நிறுத்தினர். குடிமக்கள் get vaccinated என்று அறிவுறுத்தப்படுகின்றனர்.,0,ta,REAL,189,21
BREAKING: a major politician SECRETLY funds terror groups! Government HIDING the TRUTH about 5G towers! SHARE before they DELETE this! ministry spokesperson confirms SHOCKING revelation that mainstream media REFUSES to cover. This changes EVERYTHING!,1,en,FAKE,250,34
Tesla நிறுவனம் disappointing காலாண்டு வருவாய் அறிவித்ததால் Monday அன்று சந்தை dipped. ICICI பகுப்பாய்வாளர்கள் 2027 கணிப்பை 8.1% ஆக திருத்தினர்.,0,ta,REAL,143,17
HDFC நிறுவனம் disappointing காலாண்டு வருவாய் அறிவித்ததால் Monday அன்று சந்தை plunged. Morgan Stanley பகுப்பாய்வாளர்கள் 2027 கணிப்பை 9.0% ஆக திருத்தினர்.,0,ta,REAL,152,18
"Researchers at Stanford published findings in Lancet showing that reduced risk by 40%. The study, conducted over 5 years with 1,200 participants, concludes that lifestyle changes matter. Peer reviewers praised the methodology.",0,en,REAL,226,32
கசிந்த ஆவணம்: WHO 2030-ல் censor internet திட்டமிடுகிறது! உள்நாட்டு தகவலாளர்கள் உயிருக்கு பயந்து ஓடுகின்றனர்! மக்களுக்கு property ஆபத்தில் உள்ளது! SHARE செய்யுங்கள்!,1,ta,FAKE,165,18
கசிந்த ஆவணம்: WHO 2030-ல் censor internet திட்டமிடுகிறது! உள்நாட்டு தகவலாளர்கள் உயிருக்கு பயந்து ஓடுகின்றனர்! மக்களுக்கு gun rights ஆபத்தில் உள்ளது! SHARE செய்யுங்கள்!,1,ta,FAKE,167,19
"Stock markets plunged on Monday as Reliance reported disappointing quarterly earnings. Analysts at Goldman Sachs revised their 2027 forecast to 4.2%, citing innovation.",0,en,REAL,168,23
Reliance நிறுவனம் stellar காலாண்டு வருவாய் அறிவித்ததால் Wednesday அன்று சந்தை plunged. ICICI பகுப்பாய்வாளர்கள் 2035 கணிப்பை 8.1% ஆக திருத்தினர்.,0,ta,REAL,144,17
"அம்பலம்: a senior minister கேமராவில் accepting bribe பிடிக்கப்பட்டனர்! 2,300 லட்சம் மக்கள் நீதி கோருகின்றனர்! France globalists காரணமாக நலிவடைகிறது! உடனே பகிருங்கள்!",1,ta,FAKE,165,19
LEAKED: secret memo REVEALS that UN plans to microchip citizens by 2027! Insiders FLEE for their lives! 10 million% of population at RISK! They are COMING for your privacy! RESIST now!,1,en,FAKE,184,31
"Researchers at Oxford published findings in Cell showing that cut costs by 30%. The study, conducted over 2 years with 10,000 participants, concludes that lifestyle changes matter. Peer reviewers praised the methodology.",0,en,REAL,220,32
EXCLUSIVE: Scientists DISCOVER that neem CURES malaria in just 7 days! Big Pharma DOESN'T want you to know! 45 doctors SILENCED for revealing this! WAKE UP! The New World Order is REAL!,1,en,FAKE,185,32
கசிந்த ஆவணம்: WEF 2025-ல் control food supply திட்டமிடுகிறது! உள்நாட்டு தகவலாளர்கள் உயிருக்கு பயந்து ஓடுகின்றனர்! மக்களுக்கு privacy ஆபத்தில் உள்ளது! SHARE செய்யுங்கள்!,1,ta,FAKE,168,19
MIRACLE: a retired teacher LOSES 12 kg in 21 days using ONE weird trick doctors HATE! Experts BAFFLED! a famous actor uses this SECRET daily! ORDER before June 30 — LIMITED SUPPLY!,1,en,FAKE,180,32
"Oxford-இல் உள்ள ஆராய்ச்சியாளர்கள் NEJM இதழில் ஆய்வு முடிவுகளை வெளியிட்டனர். 5 ஆண்டுகள் 5,000 பங்கேற்பாளர்களுடன் நடத்தப்பட்ட இந்த ஆய்வு doubled lifespan என்று கண்டறிந்தது. சகாக்கள் ஆய்வு முறையை பாராட்டினர்.",0,ta,REAL,205,23
BREAKING: a famous actor SECRETLY funds terror groups! Government HIDING the TRUTH about water supply! SHARE before they DELETE this! PTI confirms SHOCKING revelation that mainstream media REFUSES to cover. This changes EVERYTHING!,1,en,FAKE,231,33
HDFC நிறுவனம் mixed காலாண்டு வருவாய் அறிவித்ததால் Friday அன்று சந்தை fell. JPMorgan பகுப்பாய்வாளர்கள் 2027 கணிப்பை 9.0% ஆக திருத்தினர்.,0,ta,REAL,135,17
ALERT: a senior minister caught accepting bribe on camera — VIDEO PROOF! Deep state PANICKING! Over 45 million patriots DEMAND justice! France is FALLING because of foreign agents! RT if you AGREE! Share EVERYWHERE!,1,en,FAKE,215,34
"Stock markets surged on Thursday as Apple reported mixed quarterly earnings. Analysts at JPMorgan revised their 2027 forecast to 7.5%, citing supply chain issues.",0,en,REAL,162,24
இரகசியம் வெளியாயிற்று: neem 30 நாளில் malaria-ஐ குணப்படுத்துகிறது! பெரிய நிறுவனங்கள் இதை மறைக்கின்றன! 100 மருத்துவர்கள் இதை வெளியிட்டதால் நிறுத்தப்பட்டனர்! விழிப்புணர்வு பெறுங்கள்! New World Order உண்மையானது!,1,ta,FAKE,208,22
"BITS Pilani-இல் உள்ள ஆராய்ச்சியாளர்கள் NEJM இதழில் ஆய்வு முடிவுகளை வெளியிட்டனர். 10 ஆண்டுகள் 10,000 பங்கேற்பாளர்களுடன் நடத்தப்பட்ட இந்த ஆய்வு doubled lifespan என்று கண்டறிந்தது. சகாக்கள் ஆய்வு முறையை பாராட்டினர்.",0,ta,REAL,212,24
"UN நிறுவனம் இன்று அறிவித்தது: new trade agreement January 1 முதல் நடைமுறைக்கு வரும். 21 நாள் ஆலோசனைக்குப் பிறகு அதிகாரிகள் இந்த முடிவை உறுதிப்படுத்தினர். senior official தெரிவிக்கும் வகையில், இந்த நடவடிக்கை reduce inflation என்று எதிர்பார்க்கப்படுகிறது.",0,ta,REAL,253,30
"அதிசயம்: a retired teacher ஒரே 14 நாளில் 2,500 கிலோ குறைத்தனர்! மருத்துவர்கள் வெறுக்கும் இந்த ஒரு இரகசிய உத்தி! a famous actor தினமும் இதை பயன்படுத்துகிறார்! இன்றே ஆர்டர் செய்யுங்கள்!",1,ta,FAKE,183,25
MIRACLE: a retired teacher LOSES 50 kg in 90 days using ONE weird trick doctors HATE! Experts BAFFLED! a famous actor uses this SECRET daily! ORDER before December 1 — LIMITED SUPPLY!,1,en,FAKE,183,32
"BITS Pilani-இல் உள்ள ஆராய்ச்சியாளர்கள் Nature இதழில் ஆய்வு முடிவுகளை வெளியிட்டனர். 2 ஆண்டுகள் 1,200 பங்கேற்பாளர்களுடன் நடத்தப்பட்ட இந்த ஆய்வு cut costs by 30% என்று கண்டறிந்தது. சகாக்கள் ஆய்வு முறையை பாராட்டினர்.",0,ta,REAL,212,26
"Stock markets fell on Monday as Infosys reported strong quarterly earnings. Analysts at Morgan Stanley revised their 2030 forecast to 8.1%, citing cost pressures.",0,en,REAL,162,24
BREAKING: a famous actor SECRETLY funds terror groups! Government HIDING the TRUTH about water supply! SHARE before they DELETE this! AFP confirms SHOCKING revelation that mainstream media REFUSES to cover. This changes EVERYTHING!,1,en,FAKE,231,33
LEAKED: secret memo REVEALS that WEF plans to censor internet by 2025! Insiders FLEE for their lives! 45% of population at RISK! They are COMING for your property! RESIST now!,1,en,FAKE,175,30
IIT Madras-இல் உள்ள ஆராய்ச்சியாளர்கள் Nature இதழில் ஆய்வு முடிவுகளை வெளியிட்டனர். 5 ஆண்டுகள் 500 பங்கேற்பாளர்களுடன் நடத்தப்பட்ட இந்த ஆய்வு reduced risk by 40% என்று கண்டறிந்தது. சகாக்கள் ஆய்வு முறையை பாராட்டினர்.,0,ta,REAL,212,26
அம்பலம்: the opposition leader கேமராவில் accepting bribe பிடிக்கப்பட்டனர்! 12 லட்சம் மக்கள் நீதி கோருகின்றனர்! India foreign agents காரணமாக நலிவடைகிறது! உடனே பகிருங்கள்!,1,ta,FAKE,169,20
Kolkata reported 100 new cases of influenza on Wednesday. Health authorities have deployed mobile units to manage the situation. Officials urge residents to wear masks.,0,en,REAL,168,25
LEAKED: secret memo REVEALS that deep state plans to microchip citizens by 2025! Insiders FLEE for their lives! 45% of population at RISK! They are COMING for your property! RESIST now!,1,en,FAKE,185,31
ALERT: the opposition leader caught hiding documents on camera — VIDEO PROOF! Deep state PANICKING! Over 10 million million patriots DEMAND justice! India is FALLING because of foreign agents! RT if you AGREE! Share EVERYWHERE!,1,en,FAKE,227,35
EXCLUSIVE: Scientists DISCOVER that turmeric CURES COVID-19 in just 7 days! Big Pharma DOESN'T want you to know! 100 doctors SILENCED for revealing this! WAKE UP! The New World Order is REAL!,1,en,FAKE,191,32
Reliance நிறுவனம் disappointing காலாண்டு வருவாய் அறிவித்ததால் Monday அன்று சந்தை surged. Citi பகுப்பாய்வாளர்கள் 2025 கணிப்பை 6.3% ஆக திருத்தினர்.,0,ta,REAL,145,17
அதிர்ச்சி செய்தி: a famous actor இரகசியமாக betrays nation! அரசு climate பற்றிய உண்மையை மறைக்கிறது! DELETE ஆவதற்கு முன் SHARE செய்யுங்கள்! Reuters இந்த அதிர்ச்சிகரமான உண்மையை உறுதிப்படுத்துகிறது!,1,ta,FAKE,194,23
அதிசயம்: a local farmer ஒரே 21 நாளில் 12 கிலோ குறைத்தனர்! மருத்துவர்கள் வெறுக்கும் இந்த ஒரு இரகசிய உத்தி! a major politician தினமும் இதை பயன்படுத்துகிறார்! இன்றே ஆர்டர் செய்யுங்கள்!,1,ta,FAKE,181,25
India அரசு agriculture துறைக்கு ₹12 கோடி நிதி ஒதுக்கியது. parliament மதிப்பாய்வு செய்த திட்டம் 2025-ல் eradicate poverty நோக்கமாக கொண்டுள்ளது. எதிர்க்கட்சிகள் கலவையான கருத்துக்களை தெரிவித்தன.,0,ta,REAL,191,21
"The USA government approved a $200 billion budget for agriculture. The plan, reviewed by finance ministry, aims to achieve net-zero by 2027. Opposition parties offered mixed responses.",0,en,REAL,184,27
"EXCLUSIVE: Scientists DISCOVER that turmeric CURES COVID-19 in just 14 days! Big Pharma DOESN'T want you to know! 500,000 doctors SILENCED for revealing this! WAKE UP! The New World Order is REAL!",1,en,FAKE,196,32
அதிர்ச்சி செய்தி: a major politician இரகசியமாக betrays nation! அரசு 5G towers பற்றிய உண்மையை மறைக்கிறது! DELETE ஆவதற்கு முன் SHARE செய்யுங்கள்! senior official இந்த அதிர்ச்சிகரமான உண்மையை உறுதிப்படுத்துகிறது!,1,ta,FAKE,208,25
Japan அரசு defence துறைக்கு ₹5 கோடி நிதி ஒதுக்கியது. parliament மதிப்பாய்வு செய்த திட்டம் 2025-ல் boost GDP by 7% நோக்கமாக கொண்டுள்ளது. எதிர்க்கட்சிகள் கலவையான கருத்துக்களை தெரிவித்தன.,0,ta,REAL,184,23
அதிர்ச்சி செய்தி: a major politician இரகசியமாக funds terror groups! அரசு water supply பற்றிய உண்மையை மறைக்கிறது! DELETE ஆவதற்கு முன் SHARE செய்யுங்கள்! PTI இந்த அதிர்ச்சிகரமான உண்மையை உறுதிப்படுத்துகிறது!,1,ta,FAKE,204,25
"The UN announced today that vaccine mandate will take effect from December 1. Officials confirmed the decision after 7 days of deliberation. The measure is expected to cut emissions, according to Reuters.",0,en,REAL,204,32
BREAKING: a tech billionaire SECRETLY betrays nation! Government HIDING the TRUTH about 5G towers! SHARE before they DELETE this! ministry spokesperson confirms SHOCKING revelation that mainstream media REFUSES to cover. This changes EVERYTHING!,1,en,FAKE,245,33
இரகசியம் வெளியாயிற்று: neem 30 நாளில் malaria-ஐ குணப்படுத்துகிறது! பெரிய நிறுவனங்கள் இதை மறைக்கின்றன! 12 மருத்துவர்கள் இதை வெளியிட்டதால் நிறுத்தப்பட்டனர்! விழிப்புணர்வு பெறுங்கள்! New World Order உண்மையானது!,1,ta,FAKE,207,22
"Stock markets rallied on Wednesday as Apple reported mixed quarterly earnings. Analysts at Goldman Sachs revised their 2035 forecast to 8.1%, citing supply chain issues.",0,en,REAL,169,25
Germany அரசு infrastructure துறைக்கு ₹200 கோடி நிதி ஒதுக்கியது. parliament மதிப்பாய்வு செய்த திட்டம் 2027-ல் boost GDP by 7% நோக்கமாக கொண்டுள்ளது. எதிர்க்கட்சிகள் கலவையான கருத்துக்களை தெரிவித்தன.,0,ta,REAL,195,23
HDFC நிறுவனம் disappointing காலாண்டு வருவாய் அறிவித்ததால் Tuesday அன்று சந்தை rallied. JPMorgan பகுப்பாய்வாளர்கள் 2026 கணிப்பை 8.1% ஆக திருத்தினர்.,0,ta,REAL,147,17
அதிர்ச்சி செய்தி: a famous actor இரகசியமாக funds terror groups! அரசு climate பற்றிய உண்மையை மறைக்கிறது! DELETE ஆவதற்கு முன் SHARE செய்யுங்கள்! PTI இந்த அதிர்ச்சிகரமான உண்மையை உறுதிப்படுத்துகிறது!,1,ta,FAKE,195,24
"ALERT: the opposition leader caught lying under oath on camera — VIDEO PROOF! Deep state PANICKING! Over 2,300 million patriots DEMAND justice! France is FALLING because of globalists! RT if you AGREE! Share EVERYWHERE!",1,en,FAKE,219,34
அதிர்ச்சி செய்தி: a tech billionaire இரகசியமாக funds terror groups! அரசு water supply பற்றிய உண்மையை மறைக்கிறது! DELETE ஆவதற்கு முன் SHARE செய்யுங்கள்! AFP இந்த அதிர்ச்சிகரமான உண்மையை உறுதிப்படுத்துகிறது!,1,ta,FAKE,204,25
"The RBI announced today that vaccine mandate will take effect from April 5. Officials confirmed the decision after 7 days of deliberation. The measure is expected to improve healthcare, according to ministry spokesperson.",0,en,REAL,221,33
"அதிசயம்: a mother of three ஒரே 30 நாளில் 1,000 கிலோ குறைத்தனர்! மருத்துவர்கள் வெறுக்கும் இந்த ஒரு இரகசிய உத்தி! a tech billionaire தினமும் இதை பயன்படுத்துகிறார்! இன்றே ஆர்டர் செய்யுங்கள்!",1,ta,FAKE,187,26
Google நிறுவனம் mixed காலாண்டு வருவாய் அறிவித்ததால் Tuesday அன்று சந்தை surged. Goldman Sachs பகுப்பாய்வாளர்கள் 2027 கணிப்பை 7.5% ஆக திருத்தினர்.,0,ta,REAL,145,18
Infosys நிறுவனம் mixed காலாண்டு வருவாய் அறிவித்ததால் Wednesday அன்று சந்தை plunged. ICICI பகுப்பாய்வாளர்கள் 2026 கணிப்பை 9.0% ஆக திருத்தினர்.,0,ta,REAL,141,17
Hyderabad reported 45 new cases of influenza on Wednesday. Health authorities have deployed mobile units to manage the situation. Officials urge residents to wear masks.,0,en,REAL,169,25
"Researchers at IIT Madras published findings in NEJM showing that doubled lifespan. The study, conducted over 10 years with 500 participants, concludes that diet is key. Peer reviewers praised the methodology.",0,en,REAL,209,31
"The USA government approved a $12 billion budget for defence. The plan, reviewed by finance ministry, aims to eradicate poverty by 2030. Opposition parties offered mixed responses.",0,en,REAL,180,27
"The UK government approved a $2,500 billion budget for defence. The plan, reviewed by parliament, aims to eradicate poverty by 2025. Opposition parties offered mixed responses.",0,en,REAL,176,26
அதிர்ச்சி செய்தி: a major politician இரகசியமாக funds terror groups! அரசு water supply பற்றிய உண்மையை மறைக்கிறது! DELETE ஆவதற்கு முன் SHARE செய்யுங்கள்! Reuters இந்த அதிர்ச்சிகரமான உண்மையை உறுதிப்படுத்துகிறது!,1,ta,FAKE,208,25
"Researchers at BITS Pilani published findings in NEJM showing that improved accuracy. The study, conducted over 10 years with 10,000 participants, concludes that diet is key. Peer reviewers praised the methodology.",0,en,REAL,214,31
அதிசயம்: a mother of three ஒரே 14 நாளில் 12 கிலோ குறைத்தனர்! மருத்துவர்கள் வெறுக்கும் இந்த ஒரு இரகசிய உத்தி! a tech billionaire தினமும் இதை பயன்படுத்துகிறார்! இன்றே ஆர்டர் செய்யுங்கள்!,1,ta,FAKE,184,26
"The UNESCO announced today that vaccine mandate will take effect from March 15. Officials confirmed the decision after 90 days of deliberation. The measure is expected to cut emissions, according to AFP.",0,en,REAL,203,32
Mumbai-ல் Wednesday அன்று 12 புதிய malaria வழக்குகள் பதிவாயின. சுகாதார அதிகாரிகள் நிலைமையை சமாளிக்க vaccines நிறுத்தினர். குடிமக்கள் avoid crowding என்று அறிவுறுத்தப்படுகின்றனர்.,0,ta,REAL,178,19
MIRACLE: a mother of three LOSES 200 kg in 14 days using ONE weird trick doctors HATE! Experts BAFFLED! a tech billionaire uses this SECRET daily! ORDER before December 1 — LIMITED SUPPLY!,1,en,FAKE,188,33
EXCLUSIVE: Scientists DISCOVER that turmeric CURES malaria in just 14 days! Big Pharma DOESN'T want you to know! 100 doctors SILENCED for revealing this! WAKE UP! The Big Pharma cover-up is REAL!,1,en,FAKE,195,32
LEAKED: secret memo REVEALS that deep state plans to censor internet by 2030! Insiders FLEE for their lives! 12% of population at RISK! They are COMING for your freedom of speech! RESIST now!,1,en,FAKE,191,33
கசிந்த ஆவணம்: WHO 2025-ல் control food supply திட்டமிடுகிறது! உள்நாட்டு தகவலாளர்கள் உயிருக்கு பயந்து ஓடுகின்றனர்! மக்களுக்கு freedom of speech ஆபத்தில் உள்ளது! SHARE செய்யுங்கள்!,1,ta,FAKE,178,21
EXCLUSIVE: Scientists DISCOVER that lemon water CURES cholera in just 14 days! Big Pharma DOESN'T want you to know! 12 doctors SILENCED for revealing this! WAKE UP! The deep state plot is REAL!,1,en,FAKE,193,33
"இரகசியம் வெளியாயிற்று: turmeric 90 நாளில் COVID-19-ஐ குணப்படுத்துகிறது! பெரிய நிறுவனங்கள் இதை மறைக்கின்றன! 500,000 மருத்துவர்கள் இதை வெளியிட்டதால் நிறுத்தப்பட்டனர்! விழிப்புணர்வு பெறுங்கள்! Big Pharma cover-up உண்மையானது!",1,ta,FAKE,221,22
"ALERT: a senior minister caught lying under oath on camera — VIDEO PROOF! Deep state PANICKING! Over 500,000 million patriots DEMAND justice! Germany is FALLING because of immigrants! RT if you AGREE! Share EVERYWHERE!",1,en,FAKE,218,34
LEAKED: secret memo REVEALS that WEF plans to control food supply by 2035! Insiders FLEE for their lives! 100% of population at RISK! They are COMING for your freedom of speech! RESIST now!,1,en,FAKE,189,33
கசிந்த ஆவணம்: UN 2026-ல் control food supply திட்டமிடுகிறது! உள்நாட்டு தகவலாளர்கள் உயிருக்கு பயந்து ஓடுகின்றனர்! மக்களுக்கு freedom of speech ஆபத்தில் உள்ளது! SHARE செய்யுங்கள்!,1,ta,FAKE,177,21
"SEBI நிறுவனம் இன்று அறிவித்தது: tax reform March 15 முதல் நடைமுறைக்கு வரும். 14 நாள் ஆலோசனைக்குப் பிறகு அதிகாரிகள் இந்த முடிவை உறுதிப்படுத்தினர். senior official தெரிவிக்கும் வகையில், இந்த நடவடிக்கை reduce inflation என்று எதிர்பார்க்கப்படுகிறது.",0,ta,REAL,245,29
"இரகசியம் வெளியாயிற்று: neem 14 நாளில் cholera-ஐ குணப்படுத்துகிறது! பெரிய நிறுவனங்கள் இதை மறைக்கின்றன! 2,300 மருத்துவர்கள் இதை வெளியிட்டதால் நிறுத்தப்பட்டனர்! விழிப்புணர்வு பெறுங்கள்! New World Order உண்மையானது!",1,ta,FAKE,210,22
"EXCLUSIVE: Scientists DISCOVER that lemon water CURES dengue in just 14 days! Big Pharma DOESN'T want you to know! 2,300 doctors SILENCED for revealing this! WAKE UP! The New World Order is REAL!",1,en,FAKE,195,33
"Stock markets rallied on Thursday as HDFC reported disappointing quarterly earnings. Analysts at JPMorgan revised their 2030 forecast to 4.2%, citing supply chain issues.",0,en,REAL,170,24
LEAKED: classified file REVEALS that government plans to microchip citizens by 2030! Insiders FLEE for their lives! 12% of population at RISK! They are COMING for your gun rights! RESIST now!,1,en,FAKE,191,31
Delhi-ல் Thursday அன்று 12 புதிய dengue வழக்குகள் பதிவாயின. சுகாதார அதிகாரிகள் நிலைமையை சமாளிக்க testing kits நிறுத்தினர். குடிமக்கள் avoid crowding என்று அறிவுறுத்தப்படுகின்றனர்.,0,ta,REAL,179,20
"The USA government approved a $12 billion budget for infrastructure. The plan, reviewed by expert panel, aims to achieve net-zero by 2026. Opposition parties offered mixed responses.",0,en,REAL,182,27
"Stock markets dipped on Monday as Reliance reported strong quarterly earnings. Analysts at Goldman Sachs revised their 2035 forecast to 4.2%, citing supply chain issues.",0,en,REAL,169,25
"IIT Madras-இல் உள்ள ஆராய்ச்சியாளர்கள் Lancet இதழில் ஆய்வு முடிவுகளை வெளியிட்டனர். 10 ஆண்டுகள் 1,200 பங்கேற்பாளர்களுடன் நடத்தப்பட்ட இந்த ஆய்வு improved accuracy என்று கண்டறிந்தது. சகாக்கள் ஆய்வு முறையை பாராட்டினர்.",0,ta,REAL,213,24
"Stock markets surged on Friday as Infosys reported disappointing quarterly earnings. Analysts at JPMorgan revised their 2026 forecast to 6.3%, citing innovation.",0,en,REAL,161,22
அம்பலம்: a senior minister கேமராவில் accepting bribe பிடிக்கப்பட்டனர்! 100 லட்சம் மக்கள் நீதி கோருகின்றனர்! France immigrants காரணமாக நலிவடைகிறது! உடனே பகிருங்கள்!,1,ta,FAKE,163,19
"Japan அரசு infrastructure துறைக்கு ₹1,000 கோடி நிதி ஒதுக்கியது. finance ministry மதிப்பாய்வு செய்த திட்டம் 2035-ல் achieve net-zero நோக்கமாக கொண்டுள்ளது. எதிர்க்கட்சிகள் கலவையான கருத்துக்களை தெரிவித்தன.",0,ta,REAL,202,22
"இரகசியம் வெளியாயிற்று: coconut oil 14 நாளில் influenza-ஐ குணப்படுத்துகிறது! பெரிய நிறுவனங்கள் இதை மறைக்கின்றன! 500,000 மருத்துவர்கள் இதை வெளியிட்டதால் நிறுத்தப்பட்டனர்! விழிப்புணர்வு பெறுங்கள்! Big Pharma cover-up உண்மையானது!",1,ta,FAKE,225,23
LEAKED: secret memo REVEALS that WHO plans to censor internet by 2035! Insiders FLEE for their lives! 45% of population at RISK! They are COMING for your property! RESIST now!,1,en,FAKE,175,30
அதிர்ச்சி செய்தி: a tech billionaire இரகசியமாக meets foreign spy! அரசு water supply பற்றிய உண்மையை மறைக்கிறது! DELETE ஆவதற்கு முன் SHARE செய்யுங்கள்! PTI இந்த அதிர்ச்சிகரமான உண்மையை உறுதிப்படுத்துகிறது!,1,ta,FAKE,202,25
அம்பலம்: a senior minister கேமராவில் accepting bribe பிடிக்கப்பட்டனர்! 45 லட்சம் மக்கள் நீதி கோருகின்றனர்! India elites காரணமாக நலிவடைகிறது! உடனே பகிருங்கள்!,1,ta,FAKE,157,19
அம்பலம்: a senior minister கேமராவில் accepting bribe பிடிக்கப்பட்டனர்! 45 லட்சம் மக்கள் நீதி கோருகின்றனர்! France globalists காரணமாக நலிவடைகிறது! உடனே பகிருங்கள்!,1,ta,FAKE,162,19
அதிர்ச்சி செய்தி: a famous actor இரகசியமாக betrays nation! அரசு chemtrails பற்றிய உண்மையை மறைக்கிறது! DELETE ஆவதற்கு முன் SHARE செய்யுங்கள்! senior official இந்த அதிர்ச்சிகரமான உண்மையை உறுதிப்படுத்துகிறது!,1,ta,FAKE,205,24
"MIRACLE: a mother of three LOSES 2,500 kg in 21 days using ONE weird trick doctors HATE! Experts BAFFLED! a major politician uses this SECRET daily! ORDER before April 5 — LIMITED SUPPLY!",1,en,FAKE,187,33
அதிர்ச்சி செய்தி: a major politician இரகசியமாக funds terror groups! அரசு vaccines பற்றிய உண்மையை மறைக்கிறது! DELETE ஆவதற்கு முன் SHARE செய்யுங்கள்! Reuters இந்த அதிர்ச்சிகரமான உண்மையை உறுதிப்படுத்துகிறது!,1,ta,FAKE,204,24
"ISRO நிறுவனம் இன்று அறிவித்தது: climate policy December 1 முதல் நடைமுறைக்கு வரும். 30 நாள் ஆலோசனைக்குப் பிறகு அதிகாரிகள் இந்த முடிவை உறுதிப்படுத்தினர். ministry spokesperson தெரிவிக்கும் வகையில், இந்த நடவடிக்கை boost employment என்று எதிர்பார்க்கப்படுகிறது.",0,ta,REAL,257,29
"ALERT: a senior minister caught lying under oath on camera — VIDEO PROOF! Deep state PANICKING! Over 500,000 million patriots DEMAND justice! Germany is FALLING because of elites! RT if you AGREE! Share EVERYWHERE!",1,en,FAKE,214,34
"MIRACLE: a mother of three LOSES 1,000 kg in 21 days using ONE weird trick doctors HATE! Experts BAFFLED! a famous actor uses this SECRET daily! ORDER before April 5 — LIMITED SUPPLY!",1,en,FAKE,183,33
MIRACLE: a mother of three LOSES 200 kg in 14 days using ONE weird trick doctors HATE! Experts BAFFLED! a famous actor uses this SECRET daily! ORDER before January 1 — LIMITED SUPPLY!,1,en,FAKE,183,33
அம்பலம்: a governor கேமராவில் hiding documents பிடிக்கப்பட்டனர்! 100 லட்சம் மக்கள் நீதி கோருகின்றனர்! India immigrants காரணமாக நலிவடைகிறது! உடனே பகிருங்கள்!,1,ta,FAKE,156,18
இரகசியம் வெளியாயிற்று: garlic 30 நாளில் malaria-ஐ குணப்படுத்துகிறது! பெரிய நிறுவனங்கள் இதை மறைக்கின்றன! 45 மருத்துவர்கள் இதை வெளியிட்டதால் நிறுத்தப்பட்டனர்! விழிப்புணர்வு பெறுங்கள்! deep state plot உண்மையானது!,1,ta,FAKE,209,22
BREAKING: a major politician SECRETLY meets foreign spy! Government HIDING the TRUTH about vaccines! SHARE before they DELETE this! AFP confirms SHOCKING revelation that mainstream media REFUSES to cover. This changes EVERYTHING!,1,en,FAKE,229,32
கசிந்த ஆவணம்: UN 2030-ல் microchip citizens திட்டமிடுகிறது! உள்நாட்டு தகவலாளர்கள் உயிருக்கு பயந்து ஓடுகின்றனர்! மக்களுக்கு privacy ஆபத்தில் உள்ளது! SHARE செய்யுங்கள்!,1,ta,FAKE,166,18
அதிர்ச்சி செய்தி: a famous actor இரகசியமாக betrays nation! அரசு 5G towers பற்றிய உண்மையை மறைக்கிறது! DELETE ஆவதற்கு முன் SHARE செய்யுங்கள்! PTI இந்த அதிர்ச்சிகரமான உண்மையை உறுதிப்படுத்துகிறது!,1,ta,FAKE,192,24
ALERT: a senior minister caught hiding documents on camera — VIDEO PROOF! Deep state PANICKING! Over 100 million patriots DEMAND justice! Germany is FALLING because of elites! RT if you AGREE! Share EVERYWHERE!,1,en,FAKE,210,33
"The UN announced today that vaccine mandate will take effect from December 1. Officials confirmed the decision after 14 days of deliberation. The measure is expected to cut emissions, according to ministry spokesperson.",0,en,REAL,219,33
"Stock markets rallied on Wednesday as HDFC reported disappointing quarterly earnings. Analysts at Citi revised their 2030 forecast to 4.2%, citing cost pressures.",0,en,REAL,162,23
"EXCLUSIVE: Scientists DISCOVER that garlic CURES malaria in just 30 days! Big Pharma DOESN'T want you to know! 500,000 doctors SILENCED for revealing this! WAKE UP! The Big Pharma cover-up is REAL!",1,en,FAKE,197,32
அம்பலம்: a senior minister கேமராவில் accepting bribe பிடிக்கப்பட்டனர்! 12 லட்சம் மக்கள் நீதி கோருகின்றனர்! Germany immigrants காரணமாக நலிவடைகிறது! உடனே பகிருங்கள்!,1,ta,FAKE,163,19
அதிசயம்: a mother of three ஒரே 7 நாளில் 5 கிலோ குறைத்தனர்! மருத்துவர்கள் வெறுக்கும் இந்த ஒரு இரகசிய உத்தி! a major politician தினமும் இதை பயன்படுத்துகிறார்! இன்றே ஆர்டர் செய்யுங்கள்!,1,ta,FAKE,182,26
"The USA government approved a $1,000 billion budget for defence. The plan, reviewed by finance ministry, aims to boost GDP by 7% by 2025. Opposition parties offered mixed responses.",0,en,REAL,181,29
"Stock markets fell on Friday as Google reported disappointing quarterly earnings. Analysts at Citi revised their 2027 forecast to 9.0%, citing strong demand.",0,en,REAL,157,23
MIRACLE: a retired teacher LOSES 50 kg in 90 days using ONE weird trick doctors HATE! Experts BAFFLED! a tech billionaire uses this SECRET daily! ORDER before December 1 — LIMITED SUPPLY!,1,en,FAKE,187,32
LEAKED: classified file REVEALS that WHO plans to microchip citizens by 2025! Insiders FLEE for their lives! 100% of population at RISK! They are COMING for your freedom of speech! RESIST now!,1,en,FAKE,192,32
"Delhi reported 2,300 new cases of influenza on Friday. Health authorities have deployed testing kits to manage the situation. Officials urge residents to avoid crowding.",0,en,REAL,169,25
"அம்பலம்: a governor கேமராவில் lying under oath பிடிக்கப்பட்டனர்! 500,000 லட்சம் மக்கள் நீதி கோருகின்றனர்! France elites காரணமாக நலிவடைகிறது! உடனே பகிருங்கள்!",1,ta,FAKE,157,19
"LEAKED: secret memo REVEALS that deep state plans to microchip citizens by 2030! Insiders FLEE for their lives! 2,300% of population at RISK! They are COMING for your privacy! RESIST now!",1,en,FAKE,187,31
EXCLUSIVE: Scientists DISCOVER that lemon water CURES COVID-19 in just 14 days! Big Pharma DOESN'T want you to know! 12 doctors SILENCED for revealing this! WAKE UP! The New World Order is REAL!,1,en,FAKE,194,33
Bengaluru reported 45 new cases of influenza on Wednesday. Health authorities have deployed mobile units to manage the situation. Officials urge residents to wear masks.,0,en,REAL,169,25
Germany அரசு defence துறைக்கு ₹50 கோடி நிதி ஒதுக்கியது. parliament மதிப்பாய்வு செய்த திட்டம் 2025-ல் eradicate poverty நோக்கமாக கொண்டுள்ளது. எதிர்க்கட்சிகள் கலவையான கருத்துக்களை தெரிவித்தன.,0,ta,REAL,189,21
Germany அரசு education துறைக்கு ₹50 கோடி நிதி ஒதுக்கியது. finance ministry மதிப்பாய்வு செய்த திட்டம் 2030-ல் achieve net-zero நோக்கமாக கொண்டுள்ளது. எதிர்க்கட்சிகள் கலவையான கருத்துக்களை தெரிவித்தன.,0,ta,REAL,196,22
BREAKING: a major politician SECRETLY funds terror groups! Government HIDING the TRUTH about chemtrails! SHARE before they DELETE this! Reuters confirms SHOCKING revelation that mainstream media REFUSES to cover. This changes EVERYTHING!,1,en,FAKE,237,32
EXCLUSIVE: Scientists DISCOVER that garlic CURES COVID-19 in just 21 days! Big Pharma DOESN'T want you to know! 45 doctors SILENCED for revealing this! WAKE UP! The deep state plot is REAL!,1,en,FAKE,189,32
LEAKED: classified file REVEALS that WHO plans to microchip citizens by 2026! Insiders FLEE for their lives! 45% of population at RISK! They are COMING for your privacy! RESIST now!,1,en,FAKE,181,30
அம்பலம்: the opposition leader கேமராவில் lying under oath பிடிக்கப்பட்டனர்! 10 million லட்சம் மக்கள் நீதி கோருகின்றனர்! Japan immigrants காரணமாக நலிவடைகிறது! உடனே பகிருங்கள்!,1,ta,FAKE,174,21
"Bengaluru-ல் Monday அன்று 2,300 புதிய cholera வழக்குகள் பதிவாயின. சுகாதார அதிகாரிகள் நிலைமையை சமாளிக்க vaccines நிறுத்தினர். குடிமக்கள் avoid crowding என்று அறிவுறுத்தப்படுகின்றனர்.",0,ta,REAL,181,19
அதிசயம்: a retired teacher ஒரே 14 நாளில் 200 கிலோ குறைத்தனர்! மருத்துவர்கள் வெறுக்கும் இந்த ஒரு இரகசிய உத்தி! a major politician தினமும் இதை பயன்படுத்துகிறார்! இன்றே ஆர்டர் செய்யுங்கள்!,1,ta,FAKE,185,25
ALERT: a governor caught hiding documents on camera — VIDEO PROOF! Deep state PANICKING! Over 45 million patriots DEMAND justice! USA is FALLING because of elites! RT if you AGREE! Share EVERYWHERE!,1,en,FAKE,198,32
கசிந்த ஆவணம்: deep state 2026-ல் censor internet திட்டமிடுகிறது! உள்நாட்டு தகவலாளர்கள் உயிருக்கு பயந்து ஓடுகின்றனர்! மக்களுக்கு privacy ஆபத்தில் உள்ளது! SHARE செய்யுங்கள்!,1,ta,FAKE,171,19
HDFC நிறுவனம் disappointing காலாண்டு வருவாய் அறிவித்ததால் Thursday அன்று சந்தை plunged. Goldman Sachs பகுப்பாய்வாளர்கள் 2030 கணிப்பை 9.0% ஆக திருத்தினர்.,0,ta,REAL,153,18
ALERT: a governor caught hiding documents on camera — VIDEO PROOF! Deep state PANICKING! Over 45 million patriots DEMAND justice! India is FALLING because of foreign agents! RT if you AGREE! Share EVERYWHERE!,1,en,FAKE,208,33
"EXCLUSIVE: Scientists DISCOVER that turmeric CURES dengue in just 21 days! Big Pharma DOESN'T want you to know! 500,000 doctors SILENCED for revealing this! WAKE UP! The New World Order is REAL!",1,en,FAKE,194,32
"LEAKED: classified file REVEALS that WHO plans to control food supply by 2035! Insiders FLEE for their lives! 2,300% of population at RISK! They are COMING for your property! RESIST now!",1,en,FAKE,186,31
கசிந்த ஆவணம்: WHO 2030-ல் control food supply திட்டமிடுகிறது! உள்நாட்டு தகவலாளர்கள் உயிருக்கு பயந்து ஓடுகின்றனர்! மக்களுக்கு property ஆபத்தில் உள்ளது! SHARE செய்யுங்கள்!,1,ta,FAKE,169,19
கசிந்த ஆவணம்: government 2027-ல் censor internet திட்டமிடுகிறது! உள்நாட்டு தகவலாளர்கள் உயிருக்கு பயந்து ஓடுகின்றனர்! மக்களுக்கு gun rights ஆபத்தில் உள்ளது! SHARE செய்யுங்கள்!,1,ta,FAKE,174,19
"அம்பலம்: a governor கேமராவில் hiding documents பிடிக்கப்பட்டனர்! 2,300 லட்சம் மக்கள் நீதி கோருகின்றனர்! Japan globalists காரணமாக நலிவடைகிறது! உடனே பகிருங்கள்!",1,ta,FAKE,158,18
MIRACLE: a mother of three LOSES 5 kg in 30 days using ONE weird trick doctors HATE! Experts BAFFLED! a famous actor uses this SECRET daily! ORDER before December 1 — LIMITED SUPPLY!,1,en,FAKE,182,33
BREAKING: a major politician SECRETLY meets foreign spy! Government HIDING the TRUTH about chemtrails! SHARE before they DELETE this! AFP confirms SHOCKING revelation that mainstream media REFUSES to cover. This changes EVERYTHING!,1,en,FAKE,231,32
"Researchers at IIT Madras published findings in Nature showing that doubled lifespan. The study, conducted over 10 years with 500 participants, concludes that diet is key. Peer reviewers praised the methodology.",0,en,REAL,211,31
Google நிறுவனம் record காலாண்டு வருவாய் அறிவித்ததால் Thursday அன்று சந்தை fell. Morgan Stanley பகுப்பாய்வாளர்கள் 2026 கணிப்பை 8.1% ஆக திருத்தினர்.,0,ta,REAL,146,18
அம்பலம்: a senior minister கேமராவில் lying under oath பிடிக்கப்பட்டனர்! 100 லட்சம் மக்கள் நீதி கோருகின்றனர்! Japan elites காரணமாக நலிவடைகிறது! உடனே பகிருங்கள்!,1,ta,FAKE,159,20
BREAKING: a major politician SECRETLY meets foreign spy! Government HIDING the TRUTH about water supply! SHARE before they DELETE this! ministry spokesperson confirms SHOCKING revelation that mainstream media REFUSES to cover. This changes EVERYTHING!,1,en,FAKE,251,34
"ISRO நிறுவனம் இன்று அறிவித்தது: vaccine mandate January 1 முதல் நடைமுறைக்கு வரும். 7 நாள் ஆலோசனைக்குப் பிறகு அதிகாரிகள் இந்த முடிவை உறுதிப்படுத்தினர். senior official தெரிவிக்கும் வகையில், இந்த நடவடிக்கை improve healthcare என்று எதிர்பார்க்கப்படுகிறது.",0,ta,REAL,252,29
"Stanford-இல் உள்ள ஆராய்ச்சியாளர்கள் Science இதழில் ஆய்வு முடிவுகளை வெளியிட்டனர். 2 ஆண்டுகள் 10,000 பங்கேற்பாளர்களுடன் நடத்தப்பட்ட இந்த ஆய்வு cut costs by 30% என்று கண்டறிந்தது. சகாக்கள் ஆய்வு முறையை பாராட்டினர்.",0,ta,REAL,211,25
UK அரசு infrastructure துறைக்கு ₹50 கோடி நிதி ஒதுக்கியது. cabinet மதிப்பாய்வு செய்த திட்டம் 2035-ல் boost GDP by 7% நோக்கமாக கொண்டுள்ளது. எதிர்க்கட்சிகள் கலவையான கருத்துக்களை தெரிவித்தன.,0,ta,REAL,186,23
EXCLUSIVE: Scientists DISCOVER that garlic CURES influenza in just 90 days! Big Pharma DOESN'T want you to know! 45 doctors SILENCED for revealing this! WAKE UP! The Big Pharma cover-up is REAL!,1,en,FAKE,194,32
அதிர்ச்சி செய்தி: a major politician இரகசியமாக funds terror groups! அரசு 5G towers பற்றிய உண்மையை மறைக்கிறது! DELETE ஆவதற்கு முன் SHARE செய்யுங்கள்! Reuters இந்த அதிர்ச்சிகரமான உண்மையை உறுதிப்படுத்துகிறது!,1,ta,FAKE,205,25
இரகசியம் வெளியாயிற்று: coconut oil 21 நாளில் influenza-ஐ குணப்படுத்துகிறது! பெரிய நிறுவனங்கள் இதை மறைக்கின்றன! 12 மருத்துவர்கள் இதை வெளியிட்டதால் நிறுத்தப்பட்டனர்! விழிப்புணர்வு பெறுங்கள்! Big Pharma cover-up உண்மையானது!,1,ta,FAKE,220,23
MIRACLE: a local farmer LOSES 5 kg in 14 days using ONE weird trick doctors HATE! Experts BAFFLED! a major politician uses this SECRET daily! ORDER before April 5 — LIMITED SUPPLY!,1,en,FAKE,180,32
BREAKING: a famous actor SECRETLY funds terror groups! Government HIDING the TRUTH about vaccines! SHARE before they DELETE this! Reuters confirms SHOCKING revelation that mainstream media REFUSES to cover. This changes EVERYTHING!,1,en,FAKE,231,32
Delhi-ல் Thursday அன்று 12 புதிய malaria வழக்குகள் பதிவாயின. சுகாதார அதிகாரிகள் நிலைமையை சமாளிக்க mobile units நிறுத்தினர். குடிமக்கள் avoid crowding என்று அறிவுறுத்தப்படுகின்றனர்.,0,ta,REAL,180,20
"ALERT: a governor caught lying under oath on camera — VIDEO PROOF! Deep state PANICKING! Over 2,300 million patriots DEMAND justice! Germany is FALLING because of foreign agents! RT if you AGREE! Share EVERYWHERE!",1,en,FAKE,213,34
"Stock markets rose on Friday as Apple reported record quarterly earnings. Analysts at JPMorgan revised their 2035 forecast to 7.5%, citing innovation.",0,en,REAL,150,22
"அம்பலம்: the opposition leader கேமராவில் accepting bribe பிடிக்கப்பட்டனர்! 500,000 லட்சம் மக்கள் நீதி கோருகின்றனர்! India immigrants காரணமாக நலிவடைகிறது! உடனே பகிருங்கள்!",1,ta,FAKE,170,19
"EXCLUSIVE: Scientists DISCOVER that neem CURES influenza in just 90 days! Big Pharma DOESN'T want you to know! 2,300 doctors SILENCED for revealing this! WAKE UP! The deep state plot is REAL!",1,en,FAKE,191,32
Bengaluru-ல் Tuesday அன்று 10 million புதிய dengue வழக்குகள் பதிவாயின. சுகாதார அதிகாரிகள் நிலைமையை சமாளிக்க medical teams நிறுத்தினர். குடிமக்கள் avoid crowding என்று அறிவுறுத்தப்படுகின்றனர்.,0,ta,REAL,191,21
அதிசயம்: a mother of three ஒரே 60 நாளில் 5 கிலோ குறைத்தனர்! மருத்துவர்கள் வெறுக்கும் இந்த ஒரு இரகசிய உத்தி! a major politician தினமும் இதை பயன்படுத்துகிறார்! இன்றே ஆர்டர் செய்யுங்கள்!,1,ta,FAKE,183,26
அதிர்ச்சி செய்தி: a famous actor இரகசியமாக betrays nation! அரசு chemtrails பற்றிய உண்மையை மறைக்கிறது! DELETE ஆவதற்கு முன் SHARE செய்யுங்கள்! ministry spokesperson இந்த அதிர்ச்சிகரமான உண்மையை உறுதிப்படுத்துகிறது!,1,ta,FAKE,211,24
Kolkata-ல் Wednesday அன்று 10 million புதிய malaria வழக்குகள் பதிவாயின. சுகாதார அதிகாரிகள் நிலைமையை சமாளிக்க mobile units நிறுத்தினர். குடிமக்கள் get vaccinated என்று அறிவுறுத்தப்படுகின்றனர்.,0,ta,REAL,191,21
BREAKING: a famous actor SECRETLY betrays nation! Government HIDING the TRUTH about water supply! SHARE before they DELETE this! ministry spokesperson confirms SHOCKING revelation that mainstream media REFUSES to cover. This changes EVERYTHING!,1,en,FAKE,244,33
"LEAKED: classified file REVEALS that deep state plans to censor internet by 2027! Insiders FLEE for their lives! 500,000% of population at RISK! They are COMING for your gun rights! RESIST now!",1,en,FAKE,193,32
"Researchers at Oxford published findings in Science showing that cut costs by 30%. The study, conducted over 5 years with 10,000 participants, concludes that diet is key. Peer reviewers praised the methodology.",0,en,REAL,210,32
EXCLUSIVE: Scientists DISCOVER that coconut oil CURES dengue in just 30 days! Big Pharma DOESN'T want you to know! 12 doctors SILENCED for revealing this! WAKE UP! The New World Order is REAL!,1,en,FAKE,192,33
"The UN announced today that vaccine mandate will take effect from January 1. Officials confirmed the decision after 90 days of deliberation. The measure is expected to improve healthcare, according to Reuters.",0,en,REAL,209,32
அதிசயம்: a mother of three ஒரே 14 நாளில் 12 கிலோ குறைத்தனர்! மருத்துவர்கள் வெறுக்கும் இந்த ஒரு இரகசிய உத்தி! a major politician தினமும் இதை பயன்படுத்துகிறார்! இன்றே ஆர்டர் செய்யுங்கள்!,1,ta,FAKE,184,26
"UNESCO நிறுவனம் இன்று அறிவித்தது: vaccine mandate March 15 முதல் நடைமுறைக்கு வரும். 90 நாள் ஆலோசனைக்குப் பிறகு அதிகாரிகள் இந்த முடிவை உறுதிப்படுத்தினர். AFP தெரிவிக்கும் வகையில், இந்த நடவடிக்கை boost employment என்று எதிர்பார்க்கப்படுகிறது.",0,ta,REAL,240,28
"Stock markets plunged on Thursday as Apple reported mixed quarterly earnings. Analysts at Citi revised their 2027 forecast to 6.3%, citing supply chain issues.",0,en,REAL,159,24
கசிந்த ஆவணம்: deep state 2026-ல் censor internet திட்டமிடுகிறது! உள்நாட்டு தகவலாளர்கள் உயிருக்கு பயந்து ஓடுகின்றனர்! மக்களுக்கு privacy ஆபத்தில் உள்ளது! SHARE செய்யுங்கள்!,1,ta,FAKE,171,19
கசிந்த ஆவணம்: WEF 2027-ல் microchip citizens திட்டமிடுகிறது! உள்நாட்டு தகவலாளர்கள் உயிருக்கு பயந்து ஓடுகின்றனர்! மக்களுக்கு gun rights ஆபத்தில் உள்ளது! SHARE செய்யுங்கள்!,1,ta,FAKE,170,19
BREAKING: a tech billionaire SECRETLY meets foreign spy! Government HIDING the TRUTH about climate! SHARE before they DELETE this! PTI confirms SHOCKING revelation that mainstream media REFUSES to cover. This changes EVERYTHING!,1,en,FAKE,228,32
"Germany அரசு infrastructure துறைக்கு ₹1,000 கோடி நிதி ஒதுக்கியது. finance ministry மதிப்பாய்வு செய்த திட்டம் 2026-ல் achieve net-zero நோக்கமாக கொண்டுள்ளது. எதிர்க்கட்சிகள் கலவையான கருத்துக்களை தெரிவித்தன.",0,ta,REAL,204,22
"அம்பலம்: the opposition leader கேமராவில் lying under oath பிடிக்கப்பட்டனர்! 2,300 லட்சம் மக்கள் நீதி கோருகின்றனர்! Germany foreign agents காரணமாக நலிவடைகிறது! உடனே பகிருங்கள்!",1,ta,FAKE,175,21
BREAKING: a famous actor SECRETLY meets foreign spy! Government HIDING the TRUTH about vaccines! SHARE before they DELETE this! ministry spokesperson confirms SHOCKING revelation that mainstream media REFUSES to cover. This changes EVERYTHING!,1,en,FAKE,243,33
BREAKING: a famous actor SECRETLY betrays nation! Government HIDING the TRUTH about chemtrails! SHARE before they DELETE this! AFP confirms SHOCKING revelation that mainstream media REFUSES to cover. This changes EVERYTHING!,1,en,FAKE,224,31
"The SEBI announced today that tax reform will take effect from April 5. Officials confirmed the decision after 14 days of deliberation. The measure is expected to reduce inflation, according to PTI.",0,en,REAL,198,32
Hyderabad reported 12 new cases of cholera on Monday. Health authorities have deployed vaccines to manage the situation. Officials urge residents to wear masks.,0,en,REAL,160,24
"Delhi-ல் Friday அன்று 2,300 புதிய cholera வழக்குகள் பதிவாயின. சுகாதார அதிகாரிகள் நிலைமையை சமாளிக்க mobile units நிறுத்தினர். குடிமக்கள் stay home என்று அறிவுறுத்தப்படுகின்றனர்.",0,ta,REAL,176,20
"Stock markets rallied on Wednesday as Tesla reported disappointing quarterly earnings. Analysts at Goldman Sachs revised their 2030 forecast to 7.5%, citing innovation.",0,en,REAL,168,23
"The Germany government approved a $1,000 billion budget for education. The plan, reviewed by finance ministry, aims to eradicate poverty by 2026. Opposition parties offered mixed responses.",0,en,REAL,189,27
Delhi-ல் Tuesday அன்று 10 million புதிய COVID-19 வழக்குகள் பதிவாயின. சுகாதார அதிகாரிகள் நிலைமையை சமாளிக்க testing kits நிறுத்தினர். குடிமக்கள் avoid crowding என்று அறிவுறுத்தப்படுகின்றனர்.,0,ta,REAL,188,21
இரகசியம் வெளியாயிற்று: coconut oil 7 நாளில் COVID-19-ஐ குணப்படுத்துகிறது! பெரிய நிறுவனங்கள் இதை மறைக்கின்றன! 10 million மருத்துவர்கள் இதை வெளியிட்டதால் நிறுத்தப்பட்டனர்! விழிப்புணர்வு பெறுங்கள்! deep state plot உண்மையானது!,1,ta,FAKE,222,24
"அதிசயம்: a retired teacher ஒரே 30 நாளில் 2,500 கிலோ குறைத்தனர்! மருத்துவர்கள் வெறுக்கும் இந்த ஒரு இரகசிய உத்தி! a tech billionaire தினமும் இதை பயன்படுத்துகிறார்! இன்றே ஆர்டர் செய்யுங்கள்!",1,ta,FAKE,187,25
"LEAKED: leaked email REVEALS that government plans to control food supply by 2026! Insiders FLEE for their lives! 2,300% of population at RISK! They are COMING for your freedom of speech! RESIST now!",1,en,FAKE,199,33
"USA அரசு healthcare துறைக்கு ₹1,000 கோடி நிதி ஒதுக்கியது. finance ministry மதிப்பாய்வு செய்த திட்டம் 2030-ல் achieve net-zero நோக்கமாக கொண்டுள்ளது. எதிர்க்கட்சிகள் கலவையான கருத்துக்களை தெரிவித்தன.",0,ta,REAL,196,22
LEAKED: secret memo REVEALS that deep state plans to censor internet by 2035! Insiders FLEE for their lives! 12% of population at RISK! They are COMING for your freedom of speech! RESIST now!,1,en,FAKE,191,33
Tesla நிறுவனம் stellar காலாண்டு வருவாய் அறிவித்ததால் Monday அன்று சந்தை fell. Morgan Stanley பகுப்பாய்வாளர்கள் 2027 கணிப்பை 7.5% ஆக திருத்தினர்.,0,ta,REAL,144,18
அதிசயம்: a local farmer ஒரே 60 நாளில் 50 கிலோ குறைத்தனர்! மருத்துவர்கள் வெறுக்கும் இந்த ஒரு இரகசிய உத்தி! a tech billionaire தினமும் இதை பயன்படுத்துகிறார்! இன்றே ஆர்டர் செய்யுங்கள்!,1,ta,FAKE,181,25
Chennai reported 45 new cases of malaria on Wednesday. Health authorities have deployed mobile units to manage the situation. Officials urge residents to get vaccinated.,0,en,REAL,169,25
BREAKING: a famous actor SECRETLY meets foreign spy! Government HIDING the TRUTH about climate! SHARE before they DELETE this! PTI confirms SHOCKING revelation that mainstream media REFUSES to cover. This changes EVERYTHING!,1,en,FAKE,224,32
"RBI நிறுவனம் இன்று அறிவித்தது: vaccine mandate January 1 முதல் நடைமுறைக்கு வரும். 60 நாள் ஆலோசனைக்குப் பிறகு அதிகாரிகள் இந்த முடிவை உறுதிப்படுத்தினர். Reuters தெரிவிக்கும் வகையில், இந்த நடவடிக்கை boost employment என்று எதிர்பார்க்கப்படுகிறது.",0,ta,REAL,242,28
ALERT: the opposition leader caught hiding documents on camera — VIDEO PROOF! Deep state PANICKING! Over 100 million patriots DEMAND justice! Japan is FALLING because of elites! RT if you AGREE! Share EVERYWHERE!,1,en,FAKE,212,33
"Stanford-இல் உள்ள ஆராய்ச்சியாளர்கள் Lancet இதழில் ஆய்வு முடிவுகளை வெளியிட்டனர். 3 ஆண்டுகள் 10,000 பங்கேற்பாளர்களுடன் நடத்தப்பட்ட இந்த ஆய்வு cut costs by 30% என்று கண்டறிந்தது. சகாக்கள் ஆய்வு முறையை பாராட்டினர்.",0,ta,REAL,210,25
France அரசு healthcare துறைக்கு ₹200 கோடி நிதி ஒதுக்கியது. cabinet மதிப்பாய்வு செய்த திட்டம் 2026-ல் boost GDP by 7% நோக்கமாக கொண்டுள்ளது. எதிர்க்கட்சிகள் கலவையான கருத்துக்களை தெரிவித்தன.,0,ta,REAL,187,23
Hyderabad reported 10 million new cases of COVID-19 on Monday. Health authorities have deployed medical teams to manage the situation. Officials urge residents to stay home.,0,en,REAL,173,26
"MIRACLE: a retired teacher LOSES 1,000 kg in 7 days using ONE weird trick doctors HATE! Experts BAFFLED! a major politician uses this SECRET daily! ORDER before June 30 — LIMITED SUPPLY!",1,en,FAKE,186,32
அதிசயம்: a mother of three ஒரே 30 நாளில் 50 கிலோ குறைத்தனர்! மருத்துவர்கள் வெறுக்கும் இந்த ஒரு இரகசிய உத்தி! a major politician தினமும் இதை பயன்படுத்துகிறார்! இன்றே ஆர்டர் செய்யுங்கள்!,1,ta,FAKE,184,26
"UNESCO நிறுவனம் இன்று அறிவித்தது: vaccine mandate January 1 முதல் நடைமுறைக்கு வரும். 30 நாள் ஆலோசனைக்குப் பிறகு அதிகாரிகள் இந்த முடிவை உறுதிப்படுத்தினர். senior official தெரிவிக்கும் வகையில், இந்த நடவடிக்கை reduce inflation என்று எதிர்பார்க்கப்படுகிறது.",0,ta,REAL,253,29
Chennai reported 10 million new cases of cholera on Thursday. Health authorities have deployed vaccines to manage the situation. Officials urge residents to wear masks.,0,en,REAL,168,25
அதிசயம்: a local farmer ஒரே 60 நாளில் 200 கிலோ குறைத்தனர்! மருத்துவர்கள் வெறுக்கும் இந்த ஒரு இரகசிய உத்தி! a famous actor தினமும் இதை பயன்படுத்துகிறார்! இன்றே ஆர்டர் செய்யுங்கள்!,1,ta,FAKE,178,25
"இரகசியம் வெளியாயிற்று: turmeric 90 நாளில் dengue-ஐ குணப்படுத்துகிறது! பெரிய நிறுவனங்கள் இதை மறைக்கின்றன! 2,300 மருத்துவர்கள் இதை வெளியிட்டதால் நிறுத்தப்பட்டனர்! விழிப்புணர்வு பெறுங்கள்! deep state plot உண்மையானது!",1,ta,FAKE,213,22
"Oxford-இல் உள்ள ஆராய்ச்சியாளர்கள் Cell இதழில் ஆய்வு முடிவுகளை வெளியிட்டனர். 3 ஆண்டுகள் 1,200 பங்கேற்பாளர்களுடன் நடத்தப்பட்ட இந்த ஆய்வு improved accuracy என்று கண்டறிந்தது. சகாக்கள் ஆய்வு முறையை பாராட்டினர்.",0,ta,REAL,206,23
"Stock markets dipped on Monday as HDFC reported stellar quarterly earnings. Analysts at JPMorgan revised their 2027 forecast to 7.5%, citing supply chain issues.",0,en,REAL,161,24
"LEAKED: classified file REVEALS that deep state plans to microchip citizens by 2026! Insiders FLEE for their lives! 500,000% of population at RISK! They are COMING for your freedom of speech! RESIST now!",1,en,FAKE,203,33
"The UN announced today that vaccine mandate will take effect from June 30. Officials confirmed the decision after 90 days of deliberation. The measure is expected to boost employment, according to senior official.",0,en,REAL,213,33
"India அரசு defence துறைக்கு ₹2,500 கோடி நிதி ஒதுக்கியது. finance ministry மதிப்பாய்வு செய்த திட்டம் 2027-ல் achieve net-zero நோக்கமாக கொண்டுள்ளது. எதிர்க்கட்சிகள் கலவையான கருத்துக்களை தெரிவித்தன.",0,ta,REAL,195,22
இரகசியம் வெளியாயிற்று: neem 30 நாளில் dengue-ஐ குணப்படுத்துகிறது! பெரிய நிறுவனங்கள் இதை மறைக்கின்றன! 12 மருத்துவர்கள் இதை வெளியிட்டதால் நிறுத்தப்பட்டனர்! விழிப்புணர்வு பெறுங்கள்! Big Pharma cover-up உண்மையானது!,1,ta,FAKE,210,22
Bengaluru-ல் Thursday அன்று 45 புதிய COVID-19 வழக்குகள் பதிவாயின. சுகாதார அதிகாரிகள் நிலைமையை சமாளிக்க medical teams நிறுத்தினர். குடிமக்கள் avoid crowding என்று அறிவுறுத்தப்படுகின்றனர்.,0,ta,REAL,186,20
இரகசியம் வெளியாயிற்று: garlic 30 நாளில் COVID-19-ஐ குணப்படுத்துகிறது! பெரிய நிறுவனங்கள் இதை மறைக்கின்றன! 12 மருத்துவர்கள் இதை வெளியிட்டதால் நிறுத்தப்பட்டனர்! விழிப்புணர்வு பெறுங்கள்! New World Order உண்மையானது!,1,ta,FAKE,210,22
"USA அரசு agriculture துறைக்கு ₹1,000 கோடி நிதி ஒதுக்கியது. finance ministry மதிப்பாய்வு செய்த திட்டம் 2035-ல் boost GDP by 7% நோக்கமாக கொண்டுள்ளது. எதிர்க்கட்சிகள் கலவையான கருத்துக்களை தெரிவித்தன.",0,ta,REAL,196,24
கசிந்த ஆவணம்: WEF 2030-ல் censor internet திட்டமிடுகிறது! உள்நாட்டு தகவலாளர்கள் உயிருக்கு பயந்து ஓடுகின்றனர்! மக்களுக்கு property ஆபத்தில் உள்ளது! SHARE செய்யுங்கள்!,1,ta,FAKE,165,18
LEAKED: secret memo REVEALS that WEF plans to censor internet by 2027! Insiders FLEE for their lives! 10 million% of population at RISK! They are COMING for your property! RESIST now!,1,en,FAKE,183,31
"Researchers at BITS Pilani published findings in Science showing that doubled lifespan. The study, conducted over 5 years with 5,000 participants, concludes that diet is key. Peer reviewers praised the methodology.",0,en,REAL,214,31
"Oxford-இல் உள்ள ஆராய்ச்சியாளர்கள் NEJM இதழில் ஆய்வு முடிவுகளை வெளியிட்டனர். 10 ஆண்டுகள் 1,200 பங்கேற்பாளர்களுடன் நடத்தப்பட்ட இந்த ஆய்வு reduced risk by 40% என்று கண்டறிந்தது. சகாக்கள் ஆய்வு முறையை பாராட்டினர்.",0,ta,REAL,209,25
"The SEBI announced today that vaccine mandate will take effect from March 15. Officials confirmed the decision after 21 days of deliberation. The measure is expected to improve healthcare, according to senior official.",0,en,REAL,218,33
LEAKED: leaked email REVEALS that government plans to censor internet by 2027! Insiders FLEE for their lives! 12% of population at RISK! They are COMING for your property! RESIST now!,1,en,FAKE,183,30
"Stock markets rallied on Tuesday as Apple reported mixed quarterly earnings. Analysts at Goldman Sachs revised their 2030 forecast to 4.2%, citing supply chain issues.",0,en,REAL,167,25
TCS நிறுவனம் disappointing காலாண்டு வருவாய் அறிவித்ததால் Monday அன்று சந்தை fell. Morgan Stanley பகுப்பாய்வாளர்கள் 2025 கணிப்பை 9.0% ஆக திருத்தினர்.,0,ta,REAL,148,18
LEAKED: classified file REVEALS that WHO plans to censor internet by 2035! Insiders FLEE for their lives! 12% of population at RISK! They are COMING for your property! RESIST now!,1,en,FAKE,179,30
MIRACLE: a local farmer LOSES 50 kg in 60 days using ONE weird trick doctors HATE! Experts BAFFLED! a tech billionaire uses this SECRET daily! ORDER before December 1 — LIMITED SUPPLY!,1,en,FAKE,184,32
அதிர்ச்சி செய்தி: a famous actor இரகசியமாக funds terror groups! அரசு chemtrails பற்றிய உண்மையை மறைக்கிறது! DELETE ஆவதற்கு முன் SHARE செய்யுங்கள்! senior official இந்த அதிர்ச்சிகரமான உண்மையை உறுதிப்படுத்துகிறது!,1,ta,FAKE,210,25
BREAKING: a major politician SECRETLY betrays nation! Government HIDING the TRUTH about vaccines! SHARE before they DELETE this! senior official confirms SHOCKING revelation that mainstream media REFUSES to cover. This changes EVERYTHING!,1,en,FAKE,238,32
"Hyderabad-ல் Tuesday அன்று 500,000 புதிய influenza வழக்குகள் பதிவாயின. சுகாதார அதிகாரிகள் நிலைமையை சமாளிக்க medical teams நிறுத்தினர். குடிமக்கள் wear masks என்று அறிவுறுத்தப்படுகின்றனர்.",0,ta,REAL,187,20
"RBI நிறுவனம் இன்று அறிவித்தது: vaccine mandate June 30 முதல் நடைமுறைக்கு வரும். 21 நாள் ஆலோசனைக்குப் பிறகு அதிகாரிகள் இந்த முடிவை உறுதிப்படுத்தினர். senior official தெரிவிக்கும் வகையில், இந்த நடவடிக்கை reduce inflation என்று எதிர்பார்க்கப்படுகிறது.",0,ta,REAL,248,29
BREAKING: a tech billionaire SECRETLY betrays nation! Government HIDING the TRUTH about vaccines! SHARE before they DELETE this! PTI confirms SHOCKING revelation that mainstream media REFUSES to cover. This changes EVERYTHING!,1,en,FAKE,226,31
MIRACLE: a local farmer LOSES 50 kg in 60 days using ONE weird trick doctors HATE! Experts BAFFLED! a major politician uses this SECRET daily! ORDER before January 1 — LIMITED SUPPLY!,1,en,FAKE,183,32
"NASA நிறுவனம் இன்று அறிவித்தது: tax reform March 15 முதல் நடைமுறைக்கு வரும். 7 நாள் ஆலோசனைக்குப் பிறகு அதிகாரிகள் இந்த முடிவை உறுதிப்படுத்தினர். Reuters தெரிவிக்கும் வகையில், இந்த நடவடிக்கை boost employment என்று எதிர்பார்க்கப்படுகிறது.",0,ta,REAL,236,28
"Researchers at BITS Pilani published findings in Nature showing that cut costs by 30%. The study, conducted over 5 years with 1,200 participants, concludes that lifestyle changes matter. Peer reviewers praised the methodology.",0,en,REAL,226,33
"France அரசு education துறைக்கு ₹2,500 கோடி நிதி ஒதுக்கியது. parliament மதிப்பாய்வு செய்த திட்டம் 2030-ல் boost GDP by 7% நோக்கமாக கொண்டுள்ளது. எதிர்க்கட்சிகள் கலவையான கருத்துக்களை தெரிவித்தன.",0,ta,REAL,191,23
LEAKED: classified file REVEALS that deep state plans to control food supply by 2026! Insiders FLEE for their lives! 100% of population at RISK! They are COMING for your gun rights! RESIST now!,1,en,FAKE,193,33
அதிர்ச்சி செய்தி: a major politician இரகசியமாக meets foreign spy! அரசு 5G towers பற்றிய உண்மையை மறைக்கிறது! DELETE ஆவதற்கு முன் SHARE செய்யுங்கள்! Reuters இந்த அதிர்ச்சிகரமான உண்மையை உறுதிப்படுத்துகிறது!,1,ta,FAKE,203,25
"The Germany government approved a $200 billion budget for healthcare. The plan, reviewed by finance ministry, aims to achieve net-zero by 2030. Opposition parties offered mixed responses.",0,en,REAL,187,27
"The Germany government approved a $5 billion budget for defence. The plan, reviewed by finance ministry, aims to boost GDP by 7% by 2030. Opposition parties offered mixed responses.",0,en,REAL,181,29
France அரசு agriculture துறைக்கு ₹5 கோடி நிதி ஒதுக்கியது. cabinet மதிப்பாய்வு செய்த திட்டம் 2026-ல் achieve net-zero நோக்கமாக கொண்டுள்ளது. எதிர்க்கட்சிகள் கலவையான கருத்துக்களை தெரிவித்தன.,0,ta,REAL,187,21
"The Japan government approved a $1,000 billion budget for agriculture. The plan, reviewed by parliament, aims to achieve net-zero by 2030. Opposition parties offered mixed responses.",0,en,REAL,182,26
Mumbai-ல் Monday அன்று 100 புதிய influenza வழக்குகள் பதிவாயின. சுகாதார அதிகாரிகள் நிலைமையை சமாளிக்க testing kits நிறுத்தினர். குடிமக்கள் avoid crowding என்று அறிவுறுத்தப்படுகின்றனர்.,0,ta,REAL,182,20
"Researchers at IIT Madras published findings in Nature showing that cut costs by 30%. The study, conducted over 3 years with 5,000 participants, concludes that lifestyle changes matter. Peer reviewers praised the methodology.",0,en,REAL,225,33
BREAKING: a famous actor SECRETLY funds terror groups! Government HIDING the TRUTH about 5G towers! SHARE before they DELETE this! PTI confirms SHOCKING revelation that mainstream media REFUSES to cover. This changes EVERYTHING!,1,en,FAKE,228,33
"Mumbai reported 500,000 new cases of malaria on Wednesday. Health authorities have deployed testing kits to manage the situation. Officials urge residents to stay home.",0,en,REAL,168,25
"Stock markets dipped on Friday as TCS reported disappointing quarterly earnings. Analysts at ICICI revised their 2026 forecast to 7.5%, citing supply chain issues.",0,en,REAL,163,24
அம்பலம்: a senior minister கேமராவில் hiding documents பிடிக்கப்பட்டனர்! 12 லட்சம் மக்கள் நீதி கோருகின்றனர்! Japan foreign agents காரணமாக நலிவடைகிறது! உடனே பகிருங்கள்!,1,ta,FAKE,166,20
India அரசு healthcare துறைக்கு ₹5 கோடி நிதி ஒதுக்கியது. parliament மதிப்பாய்வு செய்த திட்டம் 2027-ல் boost GDP by 7% நோக்கமாக கொண்டுள்ளது. எதிர்க்கட்சிகள் கலவையான கருத்துக்களை தெரிவித்தன.,0,ta,REAL,187,23
அதிசயம்: a local farmer ஒரே 21 நாளில் 50 கிலோ குறைத்தனர்! மருத்துவர்கள் வெறுக்கும் இந்த ஒரு இரகசிய உத்தி! a famous actor தினமும் இதை பயன்படுத்துகிறார்! இன்றே ஆர்டர் செய்யுங்கள்!,1,ta,FAKE,177,25
"Hyderabad-ல் Thursday அன்று 500,000 புதிய influenza வழக்குகள் பதிவாயின. சுகாதார அதிகாரிகள் நிலைமையை சமாளிக்க vaccines நிறுத்தினர். குடிமக்கள் avoid crowding என்று அறிவுறுத்தப்படுகின்றனர்.",0,ta,REAL,187,19
அதிசயம்: a retired teacher ஒரே 14 நாளில் 50 கிலோ குறைத்தனர்! மருத்துவர்கள் வெறுக்கும் இந்த ஒரு இரகசிய உத்தி! a famous actor தினமும் இதை பயன்படுத்துகிறார்! இன்றே ஆர்டர் செய்யுங்கள்!,1,ta,FAKE,180,25
EXCLUSIVE: Scientists DISCOVER that neem CURES influenza in just 7 days! Big Pharma DOESN'T want you to know! 10 million doctors SILENCED for revealing this! WAKE UP! The deep state plot is REAL!,1,en,FAKE,195,33
"ALERT: a senior minister caught hiding documents on camera — VIDEO PROOF! Deep state PANICKING! Over 500,000 million patriots DEMAND justice! USA is FALLING because of foreign agents! RT if you AGREE! Share EVERYWHERE!",1,en,FAKE,218,34
கசிந்த ஆவணம்: WHO 2026-ல் microchip citizens திட்டமிடுகிறது! உள்நாட்டு தகவலாளர்கள் உயிருக்கு பயந்து ஓடுகின்றனர்! மக்களுக்கு freedom of speech ஆபத்தில் உள்ளது! SHARE செய்யுங்கள்!,1,ta,FAKE,177,20
கசிந்த ஆவணம்: UN 2025-ல் censor internet திட்டமிடுகிறது! உள்நாட்டு தகவலாளர்கள் உயிருக்கு பயந்து ஓடுகின்றனர்! மக்களுக்கு freedom of speech ஆபத்தில் உள்ளது! SHARE செய்யுங்கள்!,1,ta,FAKE,173,20
Chennai reported 12 new cases of COVID-19 on Friday. Health authorities have deployed mobile units to manage the situation. Officials urge residents to wear masks.,0,en,REAL,163,25
"இரகசியம் வெளியாயிற்று: neem 21 நாளில் COVID-19-ஐ குணப்படுத்துகிறது! பெரிய நிறுவனங்கள் இதை மறைக்கின்றன! 500,000 மருத்துவர்கள் இதை வெளியிட்டதால் நிறுத்தப்பட்டனர்! விழிப்புணர்வு பெறுங்கள்! Big Pharma cover-up உண்மையானது!",1,ta,FAKE,217,22
"Researchers at BITS Pilani published findings in Science showing that doubled lifespan. The study, conducted over 10 years with 10,000 participants, concludes that lifestyle changes matter. Peer reviewers praised the methodology.",0,en,REAL,229,31
Hyderabad-ல் Tuesday அன்று 10 million புதிய dengue வழக்குகள் பதிவாயின. சுகாதார அதிகாரிகள் நிலைமையை சமாளிக்க medical teams நிறுத்தினர். குடிமக்கள் avoid crowding என்று அறிவுறுத்தப்படுகின்றனர்.,0,ta,REAL,191,21
"Researchers at IIT Madras published findings in Lancet showing that reduced risk by 40%. The study, conducted over 10 years with 1,200 participants, concludes that lifestyle changes matter. Peer reviewers praised the methodology.",0,en,REAL,229,33
"ALERT: a governor caught accepting bribe on camera — VIDEO PROOF! Deep state PANICKING! Over 2,300 million patriots DEMAND justice! Japan is FALLING because of globalists! RT if you AGREE! Share EVERYWHERE!",1,en,FAKE,206,32
"The IMF announced today that climate policy will take effect from March 15. Officials confirmed the decision after 60 days of deliberation. The measure is expected to boost employment, according to ministry spokesperson.",0,en,REAL,220,33
"Stock markets plunged on Thursday as Google reported record quarterly earnings. Analysts at Citi revised their 2035 forecast to 7.5%, citing innovation.",0,en,REAL,152,22
MIRACLE: a mother of three LOSES 5 kg in 90 days using ONE weird trick doctors HATE! Experts BAFFLED! a tech billionaire uses this SECRET daily! ORDER before March 15 — LIMITED SUPPLY!,1,en,FAKE,184,33
"NASA நிறுவனம் இன்று அறிவித்தது: climate policy April 5 முதல் நடைமுறைக்கு வரும். 30 நாள் ஆலோசனைக்குப் பிறகு அதிகாரிகள் இந்த முடிவை உறுதிப்படுத்தினர். senior official தெரிவிக்கும் வகையில், இந்த நடவடிக்கை cut emissions என்று எதிர்பார்க்கப்படுகிறது.",0,ta,REAL,245,29
Tesla நிறுவனம் strong காலாண்டு வருவாய் அறிவித்ததால் Wednesday அன்று சந்தை rose. Goldman Sachs பகுப்பாய்வாளர்கள் 2026 கணிப்பை 7.5% ஆக திருத்தினர்.,0,ta,REAL,145,18
Kolkata reported 10 million new cases of influenza on Wednesday. Health authorities have deployed mobile units to manage the situation. Officials urge residents to wear masks.,0,en,REAL,175,26
"MIRACLE: a retired teacher LOSES 2,500 kg in 30 days using ONE weird trick doctors HATE! Experts BAFFLED! a tech billionaire uses this SECRET daily! ORDER before March 15 — LIMITED SUPPLY!",1,en,FAKE,188,32
அதிசயம்: a local farmer ஒரே 30 நாளில் 200 கிலோ குறைத்தனர்! மருத்துவர்கள் வெறுக்கும் இந்த ஒரு இரகசிய உத்தி! a tech billionaire தினமும் இதை பயன்படுத்துகிறார்! இன்றே ஆர்டர் செய்யுங்கள்!,1,ta,FAKE,182,25
கசிந்த ஆவணம்: WEF 2035-ல் censor internet திட்டமிடுகிறது! உள்நாட்டு தகவலாளர்கள் உயிருக்கு பயந்து ஓடுகின்றனர்! மக்களுக்கு privacy ஆபத்தில் உள்ளது! SHARE செய்யுங்கள்!,1,ta,FAKE,164,18
"ALERT: the opposition leader caught accepting bribe on camera — VIDEO PROOF! Deep state PANICKING! Over 500,000 million patriots DEMAND justice! Japan is FALLING because of foreign agents! RT if you AGREE! Share EVERYWHERE!",1,en,FAKE,223,34
USA அரசு infrastructure துறைக்கு ₹50 கோடி நிதி ஒதுக்கியது. parliament மதிப்பாய்வு செய்த திட்டம் 2027-ல் achieve net-zero நோக்கமாக கொண்டுள்ளது. எதிர்க்கட்சிகள் கலவையான கருத்துக்களை தெரிவித்தன.,0,ta,REAL,191,21
அதிர்ச்சி செய்தி: a tech billionaire இரகசியமாக funds terror groups! அரசு chemtrails பற்றிய உண்மையை மறைக்கிறது! DELETE ஆவதற்கு முன் SHARE செய்யுங்கள்! senior official இந்த அதிர்ச்சிகரமான உண்மையை உறுதிப்படுத்துகிறது!,1,ta,FAKE,214,25
BREAKING: a famous actor SECRETLY meets foreign spy! Government HIDING the TRUTH about water supply! SHARE before they DELETE this! senior official confirms SHOCKING revelation that mainstream media REFUSES to cover. This changes EVERYTHING!,1,en,FAKE,241,34
அம்பலம்: a governor கேமராவில் accepting bribe பிடிக்கப்பட்டனர்! 100 லட்சம் மக்கள் நீதி கோருகின்றனர்! France immigrants காரணமாக நலிவடைகிறது! உடனே பகிருங்கள்!,1,ta,FAKE,156,18
அதிசயம்: a mother of three ஒரே 14 நாளில் 50 கிலோ குறைத்தனர்! மருத்துவர்கள் வெறுக்கும் இந்த ஒரு இரகசிய உத்தி! a famous actor தினமும் இதை பயன்படுத்துகிறார்! இன்றே ஆர்டர் செய்யுங்கள்!,1,ta,FAKE,180,26
ALERT: a senior minister caught hiding documents on camera — VIDEO PROOF! Deep state PANICKING! Over 45 million patriots DEMAND justice! UK is FALLING because of immigrants! RT if you AGREE! Share EVERYWHERE!,1,en,FAKE,208,33
"MIRACLE: a retired teacher LOSES 2,500 kg in 21 days using ONE weird trick doctors HATE! Experts BAFFLED! a famous actor uses this SECRET daily! ORDER before June 30 — LIMITED SUPPLY!",1,en,FAKE,183,32
அதிர்ச்சி செய்தி: a tech billionaire இரகசியமாக funds terror groups! அரசு 5G towers பற்றிய உண்மையை மறைக்கிறது! DELETE ஆவதற்கு முன் SHARE செய்யுங்கள்! PTI இந்த அதிர்ச்சிகரமான உண்மையை உறுதிப்படுத்துகிறது!,1,ta,FAKE,201,25
"UN நிறுவனம் இன்று அறிவித்தது: climate policy March 15 முதல் நடைமுறைக்கு வரும். 21 நாள் ஆலோசனைக்குப் பிறகு அதிகாரிகள் இந்த முடிவை உறுதிப்படுத்தினர். PTI தெரிவிக்கும் வகையில், இந்த நடவடிக்கை cut emissions என்று எதிர்பார்க்கப்படுகிறது.",0,ta,REAL,232,28
"The India government approved a $200 billion budget for healthcare. The plan, reviewed by finance ministry, aims to eradicate poverty by 2030. Opposition parties offered mixed responses.",0,en,REAL,186,27
"Stock markets plunged on Thursday as TCS reported strong quarterly earnings. Analysts at Citi revised their 2035 forecast to 9.0%, citing strong demand.",0,en,REAL,152,23
"ISRO நிறுவனம் இன்று அறிவித்தது: vaccine mandate April 5 முதல் நடைமுறைக்கு வரும். 30 நாள் ஆலோசனைக்குப் பிறகு அதிகாரிகள் இந்த முடிவை உறுதிப்படுத்தினர். AFP தெரிவிக்கும் வகையில், இந்த நடவடிக்கை cut emissions என்று எதிர்பார்க்கப்படுகிறது.",0,ta,REAL,234,28
கசிந்த ஆவணம்: deep state 2027-ல் microchip citizens திட்டமிடுகிறது! உள்நாட்டு தகவலாளர்கள் உயிருக்கு பயந்து ஓடுகின்றனர்! மக்களுக்கு gun rights ஆபத்தில் உள்ளது! SHARE செய்யுங்கள்!,1,ta,FAKE,177,20
BREAKING: a tech billionaire SECRETLY funds terror groups! Government HIDING the TRUTH about water supply! SHARE before they DELETE this! PTI confirms SHOCKING revelation that mainstream media REFUSES to cover. This changes EVERYTHING!,1,en,FAKE,235,33
கசிந்த ஆவணம்: UN 2025-ல் microchip citizens திட்டமிடுகிறது! உள்நாட்டு தகவலாளர்கள் உயிருக்கு பயந்து ஓடுகின்றனர்! மக்களுக்கு property ஆபத்தில் உள்ளது! SHARE செய்யுங்கள்!,1,ta,FAKE,167,18
LEAKED: classified file REVEALS that government plans to microchip citizens by 2026! Insiders FLEE for their lives! 100% of population at RISK! They are COMING for your freedom of speech! RESIST now!,1,en,FAKE,199,32
Germany அரசு infrastructure துறைக்கு ₹5 கோடி நிதி ஒதுக்கியது. cabinet மதிப்பாய்வு செய்த திட்டம் 2035-ல் eradicate poverty நோக்கமாக கொண்டுள்ளது. எதிர்க்கட்சிகள் கலவையான கருத்துக்களை தெரிவித்தன.,0,ta,REAL,192,21
LEAKED: classified file REVEALS that government plans to microchip citizens by 2030! Insiders FLEE for their lives! 100% of population at RISK! They are COMING for your freedom of speech! RESIST now!,1,en,FAKE,199,32
USA அரசு healthcare துறைக்கு ₹12 கோடி நிதி ஒதுக்கியது. finance ministry மதிப்பாய்வு செய்த திட்டம் 2026-ல் achieve net-zero நோக்கமாக கொண்டுள்ளது. எதிர்க்கட்சிகள் கலவையான கருத்துக்களை தெரிவித்தன.,0,ta,REAL,193,22
Hyderabad-ல் Monday அன்று 45 புதிய influenza வழக்குகள் பதிவாயின. சுகாதார அதிகாரிகள் நிலைமையை சமாளிக்க testing kits நிறுத்தினர். குடிமக்கள் get vaccinated என்று அறிவுறுத்தப்படுகின்றனர்.,0,ta,REAL,184,20
இரகசியம் வெளியாயிற்று: lemon water 60 நாளில் dengue-ஐ குணப்படுத்துகிறது! பெரிய நிறுவனங்கள் இதை மறைக்கின்றன! 45 மருத்துவர்கள் இதை வெளியிட்டதால் நிறுத்தப்பட்டனர்! விழிப்புணர்வு பெறுங்கள்! Big Pharma cover-up உண்மையானது!,1,ta,FAKE,217,23
MIT-இல் உள்ள ஆராய்ச்சியாளர்கள் Nature இதழில் ஆய்வு முடிவுகளை வெளியிட்டனர். 2 ஆண்டுகள் 500 பங்கேற்பாளர்களுடன் நடத்தப்பட்ட இந்த ஆய்வு doubled lifespan என்று கண்டறிந்தது. சகாக்கள் ஆய்வு முறையை பாராட்டினர்.,0,ta,REAL,202,23
Mumbai-ல் Tuesday அன்று 10 million புதிய dengue வழக்குகள் பதிவாயின. சுகாதார அதிகாரிகள் நிலைமையை சமாளிக்க mobile units நிறுத்தினர். குடிமக்கள் wear masks என்று அறிவுறுத்தப்படுகின்றனர்.,0,ta,REAL,183,21
"The RBI announced today that tax reform will take effect from December 1. Officials confirmed the decision after 21 days of deliberation. The measure is expected to cut emissions, according to PTI.",0,en,REAL,197,32
"UK அரசு healthcare துறைக்கு ₹1,000 கோடி நிதி ஒதுக்கியது. expert panel மதிப்பாய்வு செய்த திட்டம் 2035-ல் boost GDP by 7% நோக்கமாக கொண்டுள்ளது. எதிர்க்கட்சிகள் கலவையான கருத்துக்களை தெரிவித்தன.",0,ta,REAL,190,24
Stanford-இல் உள்ள ஆராய்ச்சியாளர்கள் Nature இதழில் ஆய்வு முடிவுகளை வெளியிட்டனர். 3 ஆண்டுகள் 500 பங்கேற்பாளர்களுடன் நடத்தப்பட்ட இந்த ஆய்வு improved accuracy என்று கண்டறிந்தது. சகாக்கள் ஆய்வு முறையை பாராட்டினர்.,0,ta,REAL,208,23
"Researchers at NUS published findings in Science showing that reduced risk by 40%. The study, conducted over 5 years with 500 participants, concludes that diet is key. Peer reviewers praised the methodology.",0,en,REAL,207,32
"NASA நிறுவனம் இன்று அறிவித்தது: vaccine mandate March 15 முதல் நடைமுறைக்கு வரும். 60 நாள் ஆலோசனைக்குப் பிறகு அதிகாரிகள் இந்த முடிவை உறுதிப்படுத்தினர். Reuters தெரிவிக்கும் வகையில், இந்த நடவடிக்கை improve healthcare என்று எதிர்பார்க்கப்படுகிறது.",0,ta,REAL,244,28
EXCLUSIVE: Scientists DISCOVER that garlic CURES COVID-19 in just 30 days! Big Pharma DOESN'T want you to know! 10 million doctors SILENCED for revealing this! WAKE UP! The Big Pharma cover-up is REAL!,1,en,FAKE,201,33
India அரசு agriculture துறைக்கு ₹5 கோடி நிதி ஒதுக்கியது. cabinet மதிப்பாய்வு செய்த திட்டம் 2027-ல் boost GDP by 7% நோக்கமாக கொண்டுள்ளது. எதிர்க்கட்சிகள் கலவையான கருத்துக்களை தெரிவித்தன.,0,ta,REAL,185,23
"IIT Madras-இல் உள்ள ஆராய்ச்சியாளர்கள் Nature இதழில் ஆய்வு முடிவுகளை வெளியிட்டனர். 3 ஆண்டுகள் 5,000 பங்கேற்பாளர்களுடன் நடத்தப்பட்ட இந்த ஆய்வு doubled lifespan என்று கண்டறிந்தது. சகாக்கள் ஆய்வு முறையை பாராட்டினர்.",0,ta,REAL,211,24
"Stanford-இல் உள்ள ஆராய்ச்சியாளர்கள் NEJM இதழில் ஆய்வு முடிவுகளை வெளியிட்டனர். 5 ஆண்டுகள் 1,200 பங்கேற்பாளர்களுடன் நடத்தப்பட்ட இந்த ஆய்வு cut costs by 30% என்று கண்டறிந்தது. சகாக்கள் ஆய்வு முறையை பாராட்டினர்.",0,ta,REAL,207,25
"Stock markets plunged on Friday as Google reported disappointing quarterly earnings. Analysts at Goldman Sachs revised their 2025 forecast to 4.2%, citing innovation.",0,en,REAL,166,23
"அம்பலம்: a senior minister கேமராவில் accepting bribe பிடிக்கப்பட்டனர்! 2,300 லட்சம் மக்கள் நீதி கோருகின்றனர்! Japan elites காரணமாக நலிவடைகிறது! உடனே பகிருங்கள்!",1,ta,FAKE,160,19
"இரகசியம் வெளியாயிற்று: neem 30 நாளில் COVID-19-ஐ குணப்படுத்துகிறது! பெரிய நிறுவனங்கள் இதை மறைக்கின்றன! 500,000 மருத்துவர்கள் இதை வெளியிட்டதால் நிறுத்தப்பட்டனர்! விழிப்புணர்வு பெறுங்கள்! deep state plot உண்மையானது!",1,ta,FAKE,213,22
"இரகசியம் வெளியாயிற்று: lemon water 21 நாளில் dengue-ஐ குணப்படுத்துகிறது! பெரிய நிறுவனங்கள் இதை மறைக்கின்றன! 500,000 மருத்துவர்கள் இதை வெளியிட்டதால் நிறுத்தப்பட்டனர்! விழிப்புணர்வு பெறுங்கள்! New World Order உண்மையானது!",1,ta,FAKE,218,23
MIRACLE: a retired teacher LOSES 50 kg in 90 days using ONE weird trick doctors HATE! Experts BAFFLED! a famous actor uses this SECRET daily! ORDER before January 1 — LIMITED SUPPLY!,1,en,FAKE,182,32
"Oxford-இல் உள்ள ஆராய்ச்சியாளர்கள் Science இதழில் ஆய்வு முடிவுகளை வெளியிட்டனர். 3 ஆண்டுகள் 1,200 பங்கேற்பாளர்களுடன் நடத்தப்பட்ட இந்த ஆய்வு doubled lifespan என்று கண்டறிந்தது. சகாக்கள் ஆய்வு முறையை பாராட்டினர்.",0,ta,REAL,208,23
"ALERT: the opposition leader caught accepting bribe on camera — VIDEO PROOF! Deep state PANICKING! Over 2,300 million patriots DEMAND justice! Germany is FALLING because of foreign agents! RT if you AGREE! Share EVERYWHERE!",1,en,FAKE,223,34
அம்பலம்: the opposition leader கேமராவில் accepting bribe பிடிக்கப்பட்டனர்! 10 million லட்சம் மக்கள் நீதி கோருகின்றனர்! India immigrants காரணமாக நலிவடைகிறது! உடனே பகிருங்கள்!,1,ta,FAKE,173,20
ALERT: a senior minister caught accepting bribe on camera — VIDEO PROOF! Deep state PANICKING! Over 10 million million patriots DEMAND justice! Japan is FALLING because of globalists! RT if you AGREE! Share EVERYWHERE!,1,en,FAKE,218,34
Hyderabad reported 45 new cases of influenza on Wednesday. Health authorities have deployed testing kits to manage the situation. Officials urge residents to avoid crowding.,0,en,REAL,173,25
கசிந்த ஆவணம்: WHO 2025-ல் microchip citizens திட்டமிடுகிறது! உள்நாட்டு தகவலாளர்கள் உயிருக்கு பயந்து ஓடுகின்றனர்! மக்களுக்கு property ஆபத்தில் உள்ளது! SHARE செய்யுங்கள்!,1,ta,FAKE,168,18
"Japan அரசு agriculture துறைக்கு ₹1,000 கோடி நிதி ஒதுக்கியது. finance ministry மதிப்பாய்வு செய்த திட்டம் 2027-ல் boost GDP by 7% நோக்கமாக கொண்டுள்ளது. எதிர்க்கட்சிகள் கலவையான கருத்துக்களை தெரிவித்தன.",0,ta,REAL,198,24
அதிர்ச்சி செய்தி: a famous actor இரகசியமாக meets foreign spy! அரசு climate பற்றிய உண்மையை மறைக்கிறது! DELETE ஆவதற்கு முன் SHARE செய்யுங்கள்! Reuters இந்த அதிர்ச்சிகரமான உண்மையை உறுதிப்படுத்துகிறது!,1,ta,FAKE,197,24
"The Germany government approved a $1,000 billion budget for defence. The plan, reviewed by finance ministry, aims to eradicate poverty by 2026. Opposition parties offered mixed responses.",0,en,REAL,187,27
MIRACLE: a mother of three LOSES 50 kg in 21 days using ONE weird trick doctors HATE! Experts BAFFLED! a tech billionaire uses this SECRET daily! ORDER before April 5 — LIMITED SUPPLY!,1,en,FAKE,184,33
"The France government approved a $200 billion budget for education. The plan, reviewed by parliament, aims to achieve net-zero by 2026. Opposition parties offered mixed responses.",0,en,REAL,179,26
Google நிறுவனம் strong காலாண்டு வருவாய் அறிவித்ததால் Friday அன்று சந்தை fell. ICICI பகுப்பாய்வாளர்கள் 2025 கணிப்பை 4.2% ஆக திருத்தினர்.,0,ta,REAL,135,17
அதிர்ச்சி செய்தி: a major politician இரகசியமாக betrays nation! அரசு vaccines பற்றிய உண்மையை மறைக்கிறது! DELETE ஆவதற்கு முன் SHARE செய்யுங்கள்! ministry spokesperson இந்த அதிர்ச்சிகரமான உண்மையை உறுதிப்படுத்துகிறது!,1,ta,FAKE,213,24
"IMF நிறுவனம் இன்று அறிவித்தது: vaccine mandate March 15 முதல் நடைமுறைக்கு வரும். 30 நாள் ஆலோசனைக்குப் பிறகு அதிகாரிகள் இந்த முடிவை உறுதிப்படுத்தினர். ministry spokesperson தெரிவிக்கும் வகையில், இந்த நடவடிக்கை cut emissions என்று எதிர்பார்க்கப்படுகிறது.",0,ta,REAL,252,29
கசிந்த ஆவணம்: government 2025-ல் microchip citizens திட்டமிடுகிறது! உள்நாட்டு தகவலாளர்கள் உயிருக்கு பயந்து ஓடுகின்றனர்! மக்களுக்கு gun rights ஆபத்தில் உள்ளது! SHARE செய்யுங்கள்!,1,ta,FAKE,177,19
"RBI நிறுவனம் இன்று அறிவித்தது: vaccine mandate June 30 முதல் நடைமுறைக்கு வரும். 14 நாள் ஆலோசனைக்குப் பிறகு அதிகாரிகள் இந்த முடிவை உறுதிப்படுத்தினர். AFP தெரிவிக்கும் வகையில், இந்த நடவடிக்கை reduce inflation என்று எதிர்பார்க்கப்படுகிறது.",0,ta,REAL,236,28
"EXCLUSIVE: Scientists DISCOVER that coconut oil CURES COVID-19 in just 21 days! Big Pharma DOESN'T want you to know! 2,300 doctors SILENCED for revealing this! WAKE UP! The New World Order is REAL!",1,en,FAKE,197,33
"Kolkata reported 500,000 new cases of malaria on Thursday. Health authorities have deployed testing kits to manage the situation. Officials urge residents to get vaccinated.",0,en,REAL,173,25
"இரகசியம் வெளியாயிற்று: turmeric 30 நாளில் COVID-19-ஐ குணப்படுத்துகிறது! பெரிய நிறுவனங்கள் இதை மறைக்கின்றன! 500,000 மருத்துவர்கள் இதை வெளியிட்டதால் நிறுத்தப்பட்டனர்! விழிப்புணர்வு பெறுங்கள்! deep state plot உண்மையானது!",1,ta,FAKE,217,22
Mumbai-ல் Wednesday அன்று 12 புதிய cholera வழக்குகள் பதிவாயின. சுகாதார அதிகாரிகள் நிலைமையை சமாளிக்க testing kits நிறுத்தினர். குடிமக்கள் wear masks என்று அறிவுறுத்தப்படுகின்றனர்.,0,ta,REAL,178,20
"Stock markets plunged on Monday as TCS reported stellar quarterly earnings. Analysts at Citi revised their 2025 forecast to 4.2%, citing supply chain issues.",0,en,REAL,157,24
"BITS Pilani-இல் உள்ள ஆராய்ச்சியாளர்கள் Cell இதழில் ஆய்வு முடிவுகளை வெளியிட்டனர். 3 ஆண்டுகள் 5,000 பங்கேற்பாளர்களுடன் நடத்தப்பட்ட இந்த ஆய்வு improved accuracy என்று கண்டறிந்தது. சகாக்கள் ஆய்வு முறையை பாராட்டினர்.",0,ta,REAL,211,24
"The UN announced today that tax reform will take effect from January 1. Officials confirmed the decision after 14 days of deliberation. The measure is expected to boost employment, according to senior official.",0,en,REAL,210,33
கசிந்த ஆவணம்: government 2025-ல் control food supply திட்டமிடுகிறது! உள்நாட்டு தகவலாளர்கள் உயிருக்கு பயந்து ஓடுகின்றனர்! மக்களுக்கு property ஆபத்தில் உள்ளது! SHARE செய்யுங்கள்!,1,ta,FAKE,176,19
"The UK government approved a $12 billion budget for infrastructure. The plan, reviewed by cabinet, aims to achieve net-zero by 2035. Opposition parties offered mixed responses.",0,en,REAL,176,26
LEAKED: classified file REVEALS that UN plans to censor internet by 2030! Insiders FLEE for their lives! 12% of population at RISK! They are COMING for your freedom of speech! RESIST now!,1,en,FAKE,187,32
Germany அரசு healthcare துறைக்கு ₹200 கோடி நிதி ஒதுக்கியது. cabinet மதிப்பாய்வு செய்த திட்டம் 2027-ல் eradicate poverty நோக்கமாக கொண்டுள்ளது. எதிர்க்கட்சிகள் கலவையான கருத்துக்களை தெரிவித்தன.,0,ta,REAL,190,21
"Stock markets dipped on Monday as Google reported stellar quarterly earnings. Analysts at Morgan Stanley revised their 2027 forecast to 6.3%, citing cost pressures.",0,en,REAL,164,24
BREAKING: a famous actor SECRETLY betrays nation! Government HIDING the TRUTH about 5G towers! SHARE before they DELETE this! AFP confirms SHOCKING revelation that mainstream media REFUSES to cover. This changes EVERYTHING!,1,en,FAKE,223,32
USA அரசு healthcare துறைக்கு ₹5 கோடி நிதி ஒதுக்கியது. cabinet மதிப்பாய்வு செய்த திட்டம் 2025-ல் achieve net-zero நோக்கமாக கொண்டுள்ளது. எதிர்க்கட்சிகள் கலவையான கருத்துக்களை தெரிவித்தன.,0,ta,REAL,183,21
"Germany அரசு defence துறைக்கு ₹1,000 கோடி நிதி ஒதுக்கியது. cabinet மதிப்பாய்வு செய்த திட்டம் 2027-ல் achieve net-zero நோக்கமாக கொண்டுள்ளது. எதிர்க்கட்சிகள் கலவையான கருத்துக்களை தெரிவித்தன.",0,ta,REAL,188,21
அம்பலம்: a senior minister கேமராவில் accepting bribe பிடிக்கப்பட்டனர்! 100 லட்சம் மக்கள் நீதி கோருகின்றனர்! USA foreign agents காரணமாக நலிவடைகிறது! உடனே பகிருங்கள்!,1,ta,FAKE,164,20
LEAKED: classified file REVEALS that government plans to control food supply by 2030! Insiders FLEE for their lives! 10 million% of population at RISK! They are COMING for your property! RESIST now!,1,en,FAKE,198,32
Mumbai-ல் Monday அன்று 12 புதிய dengue வழக்குகள் பதிவாயின. சுகாதார அதிகாரிகள் நிலைமையை சமாளிக்க mobile units நிறுத்தினர். குடிமக்கள் wear masks என்று அறிவுறுத்தப்படுகின்றனர்.,0,ta,REAL,174,20
"The UK government approved a $50 billion budget for education. The plan, reviewed by expert panel, aims to eradicate poverty by 2035. Opposition parties offered mixed responses.",0,en,REAL,177,27
இரகசியம் வெளியாயிற்று: garlic 90 நாளில் COVID-19-ஐ குணப்படுத்துகிறது! பெரிய நிறுவனங்கள் இதை மறைக்கின்றன! 12 மருத்துவர்கள் இதை வெளியிட்டதால் நிறுத்தப்பட்டனர்! விழிப்புணர்வு பெறுங்கள்! Big Pharma cover-up உண்மையானது!,1,ta,FAKE,214,22
EXCLUSIVE: Scientists DISCOVER that neem CURES influenza in just 21 days! Big Pharma DOESN'T want you to know! 45 doctors SILENCED for revealing this! WAKE UP! The Big Pharma cover-up is REAL!,1,en,FAKE,192,32
"The USA government approved a $1,000 billion budget for agriculture. The plan, reviewed by cabinet, aims to achieve net-zero by 2027. Opposition parties offered mixed responses.",0,en,REAL,177,26
அம்பலம்: the opposition leader கேமராவில் accepting bribe பிடிக்கப்பட்டனர்! 12 லட்சம் மக்கள் நீதி கோருகின்றனர்! Germany elites காரணமாக நலிவடைகிறது! உடனே பகிருங்கள்!,1,ta,FAKE,163,19
Apple நிறுவனம் mixed காலாண்டு வருவாய் அறிவித்ததால் Tuesday அன்று சந்தை rallied. Goldman Sachs பகுப்பாய்வாளர்கள் 2025 கணிப்பை 4.2% ஆக திருத்தினர்.,0,ta,REAL,145,18
அம்பலம்: the opposition leader கேமராவில் lying under oath பிடிக்கப்பட்டனர்! 45 லட்சம் மக்கள் நீதி கோருகின்றனர்! France globalists காரணமாக நலிவடைகிறது! உடனே பகிருங்கள்!,1,ta,FAKE,167,20
இரகசியம் வெளியாயிற்று: lemon water 21 நாளில் influenza-ஐ குணப்படுத்துகிறது! பெரிய நிறுவனங்கள் இதை மறைக்கின்றன! 12 மருத்துவர்கள் இதை வெளியிட்டதால் நிறுத்தப்பட்டனர்! விழிப்புணர்வு பெறுங்கள்! deep state plot உண்மையானது!,1,ta,FAKE,216,23
France அரசு infrastructure துறைக்கு ₹5 கோடி நிதி ஒதுக்கியது. parliament மதிப்பாய்வு செய்த திட்டம் 2030-ல் boost GDP by 7% நோக்கமாக கொண்டுள்ளது. எதிர்க்கட்சிகள் கலவையான கருத்துக்களை தெரிவித்தன.,0,ta,REAL,192,23
"LEAKED: leaked email REVEALS that deep state plans to microchip citizens by 2030! Insiders FLEE for their lives! 2,300% of population at RISK! They are COMING for your freedom of speech! RESIST now!",1,en,FAKE,198,33
"Chennai reported 500,000 new cases of cholera on Tuesday. Health authorities have deployed mobile units to manage the situation. Officials urge residents to avoid crowding.",0,en,REAL,172,25
BREAKING: a tech billionaire SECRETLY meets foreign spy! Government HIDING the TRUTH about 5G towers! SHARE before they DELETE this! Reuters confirms SHOCKING revelation that mainstream media REFUSES to cover. This changes EVERYTHING!,1,en,FAKE,234,33
"The NASA announced today that vaccine mandate will take effect from March 15. Officials confirmed the decision after 7 days of deliberation. The measure is expected to improve healthcare, according to ministry spokesperson.",0,en,REAL,223,33
"IIT Madras-இல் உள்ள ஆராய்ச்சியாளர்கள் Nature இதழில் ஆய்வு முடிவுகளை வெளியிட்டனர். 5 ஆண்டுகள் 1,200 பங்கேற்பாளர்களுடன் நடத்தப்பட்ட இந்த ஆய்வு improved accuracy என்று கண்டறிந்தது. சகாக்கள் ஆய்வு முறையை பாராட்டினர்.",0,ta,REAL,212,24
LEAKED: classified file REVEALS that WHO plans to microchip citizens by 2027! Insiders FLEE for their lives! 45% of population at RISK! They are COMING for your privacy! RESIST now!,1,en,FAKE,181,30
அம்பலம்: a senior minister கேமராவில் accepting bribe பிடிக்கப்பட்டனர்! 45 லட்சம் மக்கள் நீதி கோருகின்றனர்! UK elites காரணமாக நலிவடைகிறது! உடனே பகிருங்கள்!,1,ta,FAKE,154,19
"இரகசியம் வெளியாயிற்று: turmeric 60 நாளில் influenza-ஐ குணப்படுத்துகிறது! பெரிய நிறுவனங்கள் இதை மறைக்கின்றன! 2,300 மருத்துவர்கள் இதை வெளியிட்டதால் நிறுத்தப்பட்டனர்! விழிப்புணர்வு பெறுங்கள்! New World Order உண்மையானது!",1,ta,FAKE,216,22
LEAKED: classified file REVEALS that WEF plans to censor internet by 2035! Insiders FLEE for their lives! 45% of population at RISK! They are COMING for your gun rights! RESIST now!,1,en,FAKE,181,31
"ALERT: the opposition leader caught hiding documents on camera — VIDEO PROOF! Deep state PANICKING! Over 500,000 million patriots DEMAND justice! USA is FALLING because of foreign agents! RT if you AGREE! Share EVERYWHERE!",1,en,FAKE,222,34
"EXCLUSIVE: Scientists DISCOVER that lemon water CURES influenza in just 21 days! Big Pharma DOESN'T want you to know! 2,300 doctors SILENCED for revealing this! WAKE UP! The Big Pharma cover-up is REAL!",1,en,FAKE,202,33
"The France government approved a $50 billion budget for infrastructure. The plan, reviewed by parliament, aims to boost GDP by 7% by 2035. Opposition parties offered mixed responses.",0,en,REAL,182,28
"அம்பலம்: a senior minister கேமராவில் hiding documents பிடிக்கப்பட்டனர்! 500,000 லட்சம் மக்கள் நீதி கோருகின்றனர்! Japan globalists காரணமாக நலிவடைகிறது! உடனே பகிருங்கள்!",1,ta,FAKE,167,19
கசிந்த ஆவணம்: government 2025-ல் control food supply திட்டமிடுகிறது! உள்நாட்டு தகவலாளர்கள் உயிருக்கு பயந்து ஓடுகின்றனர்! மக்களுக்கு gun rights ஆபத்தில் உள்ளது! SHARE செய்யுங்கள்!,1,ta,FAKE,178,20
