date,day_of_week,is_weekend,hour,shift,calls_received,calls_abandoned,calls_resolved,total_call_duration_min,avg_wait_time_min,base_lambda,abandon_rate,resolution_rate
1/1/2024,Mon,FALSE,0,Night,6,1,4,31.4,0.13,8.4,0.167,0.667
1/1/2024,Mon,FALSE,1,Night,5,0,5,18,0.02,5.6,0,1
1/1/2024,Mon,FALSE,2,Night,2,1,0,9.1,0.03,4.2,0.5,0
1/1/2024,Mon,FALSE,3,Night,3,0,2,7.9,0.19,3.36,0,0.667
1/1/2024,Mon,FALSE,4,Night,8,0,8,21,0.53,4.2,0,1
1/1/2024,Mon,FALSE,5,Night,4,1,2,14.9,0.08,8.4,0.25,0.5
1/1/2024,Mon,FALSE,6,Morning,25,1,23,90.6,0.12,19.6,0.04,0.92
1/1/2024,Mon,FALSE,7,Morning,27,4,19,141.1,0.7,30.8,0.148,0.704
1/1/2024,Mon,FALSE,8,Morning,42,2,38,170.3,2.49,42,0.048,0.905
1/1/2024,Mon,FALSE,9,Morning,45,6,31,182.6,4.11,50.4,0.133,0.689
1/1/2024,Mon,FALSE,10,Morning,51,8,34,261.1,0.63,58.8,0.157,0.667
1/1/2024,Mon,FALSE,11,Morning,56,3,45,204.1,4.52,56,0.054,0.804
1/1/2024,Mon,FALSE,12,Morning,58,4,46,294.4,5.52,44.8,0.069,0.793
1/1/2024,Mon,FALSE,13,Morning,54,4,47,284.3,2.77,47.6,0.074,0.87
1/1/2024,Mon,FALSE,14,Evening,59,4,47,394.1,4.9,56,0.068,0.797
1/1/2024,Mon,FALSE,15,Evening,56,2,46,204,0.54,53.2,0.036,0.821
1/1/2024,Mon,FALSE,16,Evening,47,3,38,163,1.25,47.6,0.064,0.809
1/1/2024,Mon,FALSE,17,Evening,37,3,30,155.6,0.52,39.2,0.081,0.811
1/1/2024,Mon,FALSE,18,Evening,30,0,27,151.5,1.79,30.8,0,0.9
1/1/2024,Mon,FALSE,19,Evening,23,1,18,103.7,0.74,25.2,0.043,0.783
1/1/2024,Mon,FALSE,20,Night,16,0,14,71.4,0.45,19.6,0,0.875
1/1/2024,Mon,FALSE,21,Night,15,3,10,78.8,1.13,16.8,0.2,0.667
1/1/2024,Mon,FALSE,22,Night,15,2,9,82.2,0.45,14,0.133,0.6
1/1/2024,Mon,FALSE,23,Night,10,2,7,32.7,0.4,11.2,0.2,0.7
1/2/2024,Tue,FALSE,0,Night,6,0,6,40.8,1.51,8.41,0,1
1/2/2024,Tue,FALSE,1,Night,2,0,2,7,0.27,5.6,0,1
1/2/2024,Tue,FALSE,2,Night,4,0,3,21.3,0.17,4.2,0,0.75
1/2/2024,Tue,FALSE,3,Night,0,0,0,0,0,3.36,0,0
1/2/2024,Tue,FALSE,4,Night,3,0,3,5.6,0.53,4.2,0,1
1/2/2024,Tue,FALSE,5,Night,8,1,7,18.2,0.36,8.41,0.125,0.875
1/2/2024,Tue,FALSE,6,Morning,17,1,14,73.5,1.55,19.62,0.059,0.824
1/2/2024,Tue,FALSE,7,Morning,27,4,16,100.5,0.21,30.83,0.148,0.593
1/2/2024,Tue,FALSE,8,Morning,44,3,37,183.8,2.22,42.03,0.068,0.841
1/2/2024,Tue,FALSE,9,Morning,65,6,47,339.5,0.37,50.44,0.092,0.723
1/2/2024,Tue,FALSE,10,Morning,57,8,43,279.8,3.85,58.85,0.14,0.754
1/2/2024,Tue,FALSE,11,Morning,51,6,38,280.3,0.61,56.05,0.118,0.745
1/2/2024,Tue,FALSE,12,Morning,50,1,44,255.3,4.07,44.84,0.02,0.88
1/2/2024,Tue,FALSE,13,Morning,46,3,41,152.2,7.66,47.64,0.065,0.891
1/2/2024,Tue,FALSE,14,Evening,61,4,47,315.3,0.88,56.05,0.066,0.77
1/2/2024,Tue,FALSE,15,Evening,62,3,48,262.4,0.94,53.24,0.048,0.774
1/2/2024,Tue,FALSE,16,Evening,37,3,27,223.1,2.94,47.64,0.081,0.73
1/2/2024,Tue,FALSE,17,Evening,37,4,29,141.3,1.03,39.23,0.108,0.784
1/2/2024,Tue,FALSE,18,Evening,27,2,23,113.3,4.43,30.83,0.074,0.852
1/2/2024,Tue,FALSE,19,Evening,33,1,26,142.4,0.63,25.22,0.03,0.788
1/2/2024,Tue,FALSE,20,Night,12,2,10,38.5,0.6,19.62,0.167,0.833
1/2/2024,Tue,FALSE,21,Night,15,4,9,57.6,2.09,16.81,0.267,0.6
1/2/2024,Tue,FALSE,22,Night,21,1,19,106.5,0.65,14.01,0.048,0.905
1/2/2024,Tue,FALSE,23,Night,12,2,9,88.4,0.07,11.21,0.167,0.75
1/3/2024,Wed,FALSE,0,Night,12,0,11,47.2,0.38,8.41,0,0.917
1/3/2024,Wed,FALSE,1,Night,5,0,4,32.4,1.81,5.61,0,0.8
1/3/2024,Wed,FALSE,2,Night,2,0,2,5.6,0.24,4.21,0,1
1/3/2024,Wed,FALSE,3,Night,6,0,4,22,0.39,3.37,0,0.667
1/3/2024,Wed,FALSE,4,Night,0,0,0,0,0,4.21,0,0
1/3/2024,Wed,FALSE,5,Night,5,0,5,39.8,0.44,8.41,0,1
1/3/2024,Wed,FALSE,6,Morning,13,1,9,59.9,0.58,19.63,0.077,0.692
1/3/2024,Wed,FALSE,7,Morning,34,2,26,119.8,0.21,30.85,0.059,0.765
1/3/2024,Wed,FALSE,8,Morning,61,6,47,308,3.85,42.07,0.098,0.77
1/3/2024,Wed,FALSE,9,Morning,60,6,49,261.2,2.88,50.48,0.1,0.817
1/3/2024,Wed,FALSE,10,Morning,57,4,47,242.8,6.93,58.9,0.07,0.825
1/3/2024,Wed,FALSE,11,Morning,42,1,39,193.1,8.35,56.09,0.024,0.929
1/3/2024,Wed,FALSE,12,Morning,48,3,38,224.4,8.33,44.87,0.062,0.792
1/3/2024,Wed,FALSE,13,Morning,39,2,30,184.6,6.54,47.68,0.051,0.769
1/3/2024,Wed,FALSE,14,Evening,45,2,38,210.5,0.19,56.09,0.044,0.844
1/3/2024,Wed,FALSE,15,Evening,48,3,36,228.6,1.59,53.29,0.062,0.75
1/3/2024,Wed,FALSE,16,Evening,46,4,34,147.2,1.58,47.68,0.087,0.739
1/3/2024,Wed,FALSE,17,Evening,39,3,30,167.3,6.37,39.27,0.077,0.769
1/3/2024,Wed,FALSE,18,Evening,35,5,29,131.7,0.37,30.85,0.143,0.829
1/3/2024,Wed,FALSE,19,Evening,32,1,30,130.5,1.83,25.24,0.031,0.938
1/3/2024,Wed,FALSE,20,Night,17,1,14,58.8,1.34,19.63,0.059,0.824
1/3/2024,Wed,FALSE,21,Night,12,1,10,58.4,4.39,16.83,0.083,0.833
1/3/2024,Wed,FALSE,22,Night,20,2,14,96.1,0.95,14.02,0.1,0.7
1/3/2024,Wed,FALSE,23,Night,10,1,8,58,0.63,11.22,0.1,0.8
1/4/2024,Thu,FALSE,0,Night,8,0,6,58.9,0.01,8.42,0,0.75
1/4/2024,Thu,FALSE,1,Night,10,1,9,45.8,0.16,5.61,0.1,0.9
1/4/2024,Thu,FALSE,2,Night,4,0,4,11.6,0.87,4.21,0,1
1/4/2024,Thu,FALSE,3,Night,4,0,2,11.4,0.58,3.37,0,0.5
1/4/2024,Thu,FALSE,4,Night,4,0,4,24.4,0.24,4.21,0,1
1/4/2024,Thu,FALSE,5,Night,7,1,6,18.9,0,8.42,0.143,0.857
1/4/2024,Thu,FALSE,6,Morning,16,1,15,81.8,0.01,19.65,0.062,0.938
1/4/2024,Thu,FALSE,7,Morning,25,2,17,112.9,0.59,30.88,0.08,0.68
1/4/2024,Thu,FALSE,8,Morning,46,3,40,164.6,1.53,42.1,0.065,0.87
1/4/2024,Thu,FALSE,9,Morning,59,7,43,236,7.35,50.53,0.119,0.729
1/4/2024,Thu,FALSE,10,Morning,68,10,53,372.4,1.15,58.95,0.147,0.779
1/4/2024,Thu,FALSE,11,Morning,37,1,29,172.9,2.44,56.14,0.027,0.784
1/4/2024,Thu,FALSE,12,Morning,27,3,24,137.1,3.14,44.91,0.111,0.889
1/4/2024,Thu,FALSE,13,Morning,51,4,40,273.5,0.2,47.72,0.078,0.784
1/4/2024,Thu,FALSE,14,Evening,56,7,45,223.3,1.87,56.14,0.125,0.804
1/4/2024,Thu,FALSE,15,Evening,51,2,43,243.5,2.38,53.33,0.039,0.843
1/4/2024,Thu,FALSE,16,Evening,42,4,37,183.3,3.72,47.72,0.095,0.881
1/4/2024,Thu,FALSE,17,Evening,34,2,28,118.6,4.8,39.3,0.059,0.824
1/4/2024,Thu,FALSE,18,Evening,28,5,21,112,0.21,30.88,0.179,0.75
1/4/2024,Thu,FALSE,19,Evening,33,2,29,110.7,1.08,25.26,0.061,0.879
1/4/2024,Thu,FALSE,20,Night,11,1,8,51.9,0.92,19.65,0.091,0.727
1/4/2024,Thu,FALSE,21,Night,23,0,21,109.4,1.69,16.84,0,0.913
1/4/2024,Thu,FALSE,22,Night,16,0,15,70,1.49,14.04,0,0.938
1/4/2024,Thu,FALSE,23,Night,7,1,5,44.3,0.15,11.23,0.143,0.714
1/5/2024,Fri,FALSE,0,Night,7,2,4,28.6,0.21,8.43,0.286,0.571
1/5/2024,Fri,FALSE,1,Night,6,1,5,31.1,0.09,5.62,0.167,0.833
1/5/2024,Fri,FALSE,2,Night,3,0,3,10.9,0.27,4.21,0,1
1/5/2024,Fri,FALSE,3,Night,1,0,0,9.9,0.1,3.37,0,0
1/5/2024,Fri,FALSE,4,Night,6,0,2,52.6,0.01,4.21,0,0.333
1/5/2024,Fri,FALSE,5,Night,5,0,4,18.6,0.03,8.43,0,0.8
1/5/2024,Fri,FALSE,6,Morning,25,2,20,167.2,0.72,19.67,0.08,0.8
1/5/2024,Fri,FALSE,7,Morning,42,3,33,185.2,0.82,30.9,0.071,0.786
1/5/2024,Fri,FALSE,8,Morning,41,1,36,158,2.87,42.14,0.024,0.878
1/5/2024,Fri,FALSE,9,Morning,51,5,41,207.2,10.37,50.57,0.098,0.804
1/5/2024,Fri,FALSE,10,Morning,49,5,39,204.8,3.7,59,0.102,0.796
1/5/2024,Fri,FALSE,11,Morning,55,2,50,255.1,2.05,56.19,0.036,0.909
1/5/2024,Fri,FALSE,12,Morning,57,2,50,249.8,3.03,44.95,0.035,0.877
1/5/2024,Fri,FALSE,13,Morning,47,8,36,191.9,10.15,47.76,0.17,0.766
1/5/2024,Fri,FALSE,14,Evening,60,1,52,271.1,1.27,56.19,0.017,0.867
1/5/2024,Fri,FALSE,15,Evening,62,5,51,258.8,15.22,53.38,0.081,0.823
1/5/2024,Fri,FALSE,16,Evening,49,5,40,176.7,4.18,47.76,0.102,0.816
1/5/2024,Fri,FALSE,17,Evening,46,2,37,269.4,2.64,39.33,0.043,0.804
1/5/2024,Fri,FALSE,18,Evening,30,3,25,108.4,2.01,30.9,0.1,0.833
1/5/2024,Fri,FALSE,19,Evening,25,0,21,106.7,0.83,25.28,0,0.84
1/5/2024,Fri,FALSE,20,Night,14,2,9,56,1.28,19.67,0.143,0.643
1/5/2024,Fri,FALSE,21,Night,17,1,14,87.8,1.47,16.86,0.059,0.824
1/5/2024,Fri,FALSE,22,Night,16,0,14,63.2,0.15,14.05,0,0.875
1/5/2024,Fri,FALSE,23,Night,20,1,16,71.1,0.9,11.24,0.05,0.8
1/6/2024,Sat,TRUE,0,Night,6,0,6,27.5,0.4,4.64,0,1
1/6/2024,Sat,TRUE,1,Night,3,0,1,4.3,0.31,3.09,0,0.333
1/6/2024,Sat,TRUE,2,Night,3,0,3,12.6,0.16,2.32,0,1
1/6/2024,Sat,TRUE,3,Night,3,1,1,19.4,0.17,1.86,0.333,0.333
1/6/2024,Sat,TRUE,4,Night,3,0,3,7.8,0.02,2.32,0,1
1/6/2024,Sat,TRUE,5,Night,7,1,4,12.3,1.85,4.64,0.143,0.571
1/6/2024,Sat,TRUE,6,Morning,13,2,11,71.4,1.12,10.82,0.154,0.846
1/6/2024,Sat,TRUE,7,Morning,19,3,12,78.4,1.05,17.01,0.158,0.632
1/6/2024,Sat,TRUE,8,Morning,28,4,20,93.1,0.52,23.2,0.143,0.714
1/6/2024,Sat,TRUE,9,Morning,28,0,24,119.5,0.02,27.84,0,0.857
1/6/2024,Sat,TRUE,10,Morning,35,2,29,159.1,3.99,32.47,0.057,0.829
1/6/2024,Sat,TRUE,11,Morning,38,4,32,183.7,2.95,30.93,0.105,0.842
1/6/2024,Sat,TRUE,12,Morning,18,1,15,61.3,0.08,24.74,0.056,0.833
1/6/2024,Sat,TRUE,13,Morning,33,5,24,120.2,4.25,26.29,0.152,0.727
1/6/2024,Sat,TRUE,14,Evening,35,5,29,160.4,1.38,30.93,0.143,0.829
1/6/2024,Sat,TRUE,15,Evening,24,4,18,122.4,4.34,29.38,0.167,0.75
1/6/2024,Sat,TRUE,16,Evening,26,1,20,129.1,4.77,26.29,0.038,0.769
1/6/2024,Sat,TRUE,17,Evening,22,1,17,113.2,0.46,21.65,0.045,0.773
1/6/2024,Sat,TRUE,18,Evening,15,1,12,70.7,1.31,17.01,0.067,0.8
1/6/2024,Sat,TRUE,19,Evening,13,2,10,70.5,2.68,13.92,0.154,0.769
1/6/2024,Sat,TRUE,20,Night,7,0,6,26.6,1.95,10.82,0,0.857
1/6/2024,Sat,TRUE,21,Night,4,0,4,14.1,1.49,9.28,0,1
1/6/2024,Sat,TRUE,22,Night,10,1,5,37.7,0,7.73,0.1,0.5
1/6/2024,Sat,TRUE,23,Night,3,0,3,6.1,1.84,6.19,0,1
1/7/2024,Sun,TRUE,0,Night,5,0,5,14.5,0.09,4.64,0,1
1/7/2024,Sun,TRUE,1,Night,2,0,2,14.4,0.12,3.1,0,1
1/7/2024,Sun,TRUE,2,Night,3,0,2,30.8,0.72,2.32,0,0.667
1/7/2024,Sun,TRUE,3,Night,1,0,1,2.2,0.21,1.86,0,1
1/7/2024,Sun,TRUE,4,Night,2,0,2,13.2,0.34,2.32,0,1
1/7/2024,Sun,TRUE,5,Night,2,0,2,1.6,2.06,4.64,0,1
1/7/2024,Sun,TRUE,6,Morning,18,0,17,103.8,0.63,10.83,0,0.944
1/7/2024,Sun,TRUE,7,Morning,15,1,13,53.4,0.48,17.02,0.067,0.867
1/7/2024,Sun,TRUE,8,Morning,21,0,18,77,2.66,23.22,0,0.857
1/7/2024,Sun,TRUE,9,Morning,28,1,21,138.7,6.26,27.86,0.036,0.75
1/7/2024,Sun,TRUE,10,Morning,44,5,32,203.4,4.83,32.5,0.114,0.727
1/7/2024,Sun,TRUE,11,Morning,23,3,17,96,5.59,30.95,0.13,0.739
1/7/2024,Sun,TRUE,12,Morning,34,2,31,146.6,2.46,24.76,0.059,0.912
1/7/2024,Sun,TRUE,13,Morning,24,0,21,82.7,0.2,26.31,0,0.875
1/7/2024,Sun,TRUE,14,Evening,37,0,33,159.6,0.07,30.95,0,0.892
1/7/2024,Sun,TRUE,15,Evening,44,4,38,191.6,0.6,29.41,0.091,0.864
1/7/2024,Sun,TRUE,16,Evening,36,6,25,173.7,1.64,26.31,0.167,0.694
1/7/2024,Sun,TRUE,17,Evening,20,2,14,95.2,1.88,21.67,0.1,0.7
1/7/2024,Sun,TRUE,18,Evening,17,4,11,75,0.52,17.02,0.235,0.647
1/7/2024,Sun,TRUE,19,Evening,9,1,7,52.2,1.22,13.93,0.111,0.778
1/7/2024,Sun,TRUE,20,Night,4,1,3,7.9,0.22,10.83,0.25,0.75
1/7/2024,Sun,TRUE,21,Night,5,1,3,21,2.96,9.29,0.2,0.6
1/7/2024,Sun,TRUE,22,Night,10,0,9,44.8,0.4,7.74,0,0.9
1/7/2024,Sun,TRUE,23,Night,5,1,2,19.3,0.26,6.19,0.2,0.4
1/8/2024,Mon,FALSE,0,Night,13,1,10,65.4,0.28,8.45,0.077,0.769
1/8/2024,Mon,FALSE,1,Night,5,0,4,31.4,0.37,5.63,0,0.8
1/8/2024,Mon,FALSE,2,Night,4,0,4,39.9,0.09,4.22,0,1
1/8/2024,Mon,FALSE,3,Night,5,1,4,10.6,0.1,3.38,0.2,0.8
1/8/2024,Mon,FALSE,4,Night,3,1,2,24.9,0.09,4.22,0.333,0.667
1/8/2024,Mon,FALSE,5,Night,8,1,7,29.9,0.64,8.45,0.125,0.875
1/8/2024,Mon,FALSE,6,Morning,20,1,18,93.1,0.1,19.71,0.05,0.9
1/8/2024,Mon,FALSE,7,Morning,34,2,29,136.5,6.36,30.98,0.059,0.853
1/8/2024,Mon,FALSE,8,Morning,51,2,41,211.7,4.26,42.25,0.039,0.804
1/8/2024,Mon,FALSE,9,Morning,76,8,58,307.6,5.36,50.69,0.105,0.763
1/8/2024,Mon,FALSE,10,Morning,63,4,54,295.9,0.45,59.14,0.063,0.857
1/8/2024,Mon,FALSE,11,Morning,47,3,36,255.1,4.41,56.33,0.064,0.766
1/8/2024,Mon,FALSE,12,Morning,50,5,43,271.5,1.58,45.06,0.1,0.86
1/8/2024,Mon,FALSE,13,Morning,51,3,42,217.6,3.69,47.88,0.059,0.824
1/8/2024,Mon,FALSE,14,Evening,56,5,41,247.8,14.83,56.33,0.089,0.732
1/8/2024,Mon,FALSE,15,Evening,50,0,42,236.2,0.68,53.51,0,0.84
1/8/2024,Mon,FALSE,16,Evening,51,6,39,235.2,2.54,47.88,0.118,0.765
1/8/2024,Mon,FALSE,17,Evening,39,5,28,127.4,6.39,39.43,0.128,0.718
1/8/2024,Mon,FALSE,18,Evening,28,1,21,155.9,1.88,30.98,0.036,0.75
1/8/2024,Mon,FALSE,19,Evening,16,0,14,77.9,0.13,25.35,0,0.875
1/8/2024,Mon,FALSE,20,Night,15,2,11,46.5,2.79,19.71,0.133,0.733
1/8/2024,Mon,FALSE,21,Night,17,1,15,76.2,0.22,16.9,0.059,0.882
1/8/2024,Mon,FALSE,22,Night,11,0,11,46.4,0.14,14.08,0,1
1/8/2024,Mon,FALSE,23,Night,10,1,7,26.3,0.11,11.27,0.1,0.7
1/9/2024,Tue,FALSE,0,Night,14,1,11,45.4,1.19,8.46,0.071,0.786
1/9/2024,Tue,FALSE,1,Night,3,1,1,21.5,0.16,5.64,0.333,0.333
1/9/2024,Tue,FALSE,2,Night,3,0,3,8.1,0.61,4.23,0,1
1/9/2024,Tue,FALSE,3,Night,5,0,4,23.5,0.8,3.38,0,0.8
1/9/2024,Tue,FALSE,4,Night,4,1,3,19.3,0.16,4.23,0.25,0.75
1/9/2024,Tue,FALSE,5,Night,11,1,8,33.6,0.03,8.46,0.091,0.727
1/9/2024,Tue,FALSE,6,Morning,23,2,19,102.7,4.47,19.73,0.087,0.826
1/9/2024,Tue,FALSE,7,Morning,34,2,29,165.2,0.97,31.01,0.059,0.853
1/9/2024,Tue,FALSE,8,Morning,41,4,30,189.8,0.11,42.28,0.098,0.732
1/9/2024,Tue,FALSE,9,Morning,53,8,39,248.1,0.33,50.74,0.151,0.736
1/9/2024,Tue,FALSE,10,Morning,59,2,47,290.4,2.03,59.19,0.034,0.797
1/9/2024,Tue,FALSE,11,Morning,61,4,50,242.2,0.66,56.37,0.066,0.82
1/9/2024,Tue,FALSE,12,Morning,48,4,39,193.9,4.17,45.1,0.083,0.812
1/9/2024,Tue,FALSE,13,Morning,45,1,37,195,10.77,47.92,0.022,0.822
1/9/2024,Tue,FALSE,14,Evening,71,3,59,356.8,2.85,56.37,0.042,0.831
1/9/2024,Tue,FALSE,15,Evening,44,6,31,236.2,0.34,53.55,0.136,0.705
1/9/2024,Tue,FALSE,16,Evening,48,3,41,198.1,1.78,47.92,0.062,0.854
1/9/2024,Tue,FALSE,17,Evening,50,3,37,199.8,2.84,39.46,0.06,0.74
1/9/2024,Tue,FALSE,18,Evening,20,2,16,93.9,2.66,31.01,0.1,0.8
1/9/2024,Tue,FALSE,19,Evening,34,3,30,137.2,3.58,25.37,0.088,0.882
1/9/2024,Tue,FALSE,20,Night,16,1,13,70.3,2.5,19.73,0.062,0.812
1/9/2024,Tue,FALSE,21,Night,14,3,8,37.3,0.27,16.91,0.214,0.571
1/9/2024,Tue,FALSE,22,Night,15,1,11,49.7,0.99,14.09,0.067,0.733
1/9/2024,Tue,FALSE,23,Night,15,0,11,58.4,2.1,11.27,0,0.733
1/10/2024,Wed,FALSE,0,Night,10,0,9,50.7,0.09,8.46,0,0.9
1/10/2024,Wed,FALSE,1,Night,7,0,6,44.3,0.27,5.64,0,0.857
1/10/2024,Wed,FALSE,2,Night,7,1,5,24.2,0.21,4.23,0.143,0.714
1/10/2024,Wed,FALSE,3,Night,4,0,3,23.3,0.13,3.39,0,0.75
1/10/2024,Wed,FALSE,4,Night,5,1,4,34.6,0.05,4.23,0.2,0.8
1/10/2024,Wed,FALSE,5,Night,8,0,8,54.2,0.19,8.46,0,1
1/10/2024,Wed,FALSE,6,Morning,14,2,8,57.1,2.64,19.75,0.143,0.571
1/10/2024,Wed,FALSE,7,Morning,40,3,33,147.5,1.7,31.03,0.075,0.825
1/10/2024,Wed,FALSE,8,Morning,43,7,29,193.8,2.41,42.32,0.163,0.674
1/10/2024,Wed,FALSE,9,Morning,48,1,42,221,0.39,50.78,0.021,0.875
1/10/2024,Wed,FALSE,10,Morning,57,1,47,169.5,3.55,59.24,0.018,0.825
1/10/2024,Wed,FALSE,11,Morning,55,5,41,250.6,7.98,56.42,0.091,0.745
1/10/2024,Wed,FALSE,12,Morning,35,4,28,139.2,3.82,45.14,0.114,0.8
1/10/2024,Wed,FALSE,13,Morning,47,3,40,228.1,1.44,47.96,0.064,0.851
1/10/2024,Wed,FALSE,14,Evening,60,5,49,243.1,1.84,56.42,0.083,0.817
1/10/2024,Wed,FALSE,15,Evening,60,7,46,299.2,0.38,53.6,0.117,0.767
1/10/2024,Wed,FALSE,16,Evening,41,1,34,138.3,7.91,47.96,0.024,0.829
1/10/2024,Wed,FALSE,17,Evening,39,6,32,152.2,2.53,39.49,0.154,0.821
1/10/2024,Wed,FALSE,18,Evening,22,1,20,85.7,1.32,31.03,0.045,0.909
1/10/2024,Wed,FALSE,19,Evening,24,1,21,95,0.22,25.39,0.042,0.875
1/10/2024,Wed,FALSE,20,Night,24,1,21,111.5,0.08,19.75,0.042,0.875
1/10/2024,Wed,FALSE,21,Night,19,0,17,82.1,0.85,16.93,0,0.895
1/10/2024,Wed,FALSE,22,Night,12,2,10,58.4,1.22,14.11,0.167,0.833
1/10/2024,Wed,FALSE,23,Night,15,0,12,61.9,2.24,11.28,0,0.8
1/11/2024,Thu,FALSE,0,Night,12,1,10,43.1,0.55,8.47,0.083,0.833
1/11/2024,Thu,FALSE,1,Night,4,1,3,17.4,0.28,5.65,0.25,0.75
1/11/2024,Thu,FALSE,2,Night,7,0,5,20.3,0.52,4.24,0,0.714
1/11/2024,Thu,FALSE,3,Night,1,0,1,16.3,1.03,3.39,0,1
1/11/2024,Thu,FALSE,4,Night,1,0,1,0.5,0.41,4.24,0,1
1/11/2024,Thu,FALSE,5,Night,4,1,2,12.6,0.43,8.47,0.25,0.5
1/11/2024,Thu,FALSE,6,Morning,20,1,14,69.6,0.17,19.76,0.05,0.7
1/11/2024,Thu,FALSE,7,Morning,34,6,23,169.8,0.3,31.06,0.176,0.676
1/11/2024,Thu,FALSE,8,Morning,45,0,42,220.3,2.2,42.35,0,0.933
1/11/2024,Thu,FALSE,9,Morning,46,3,39,150,9.03,50.82,0.065,0.848
1/11/2024,Thu,FALSE,10,Morning,56,4,48,248.2,4.09,59.29,0.071,0.857
1/11/2024,Thu,FALSE,11,Morning,65,1,59,290.3,0.97,56.47,0.015,0.908
1/11/2024,Thu,FALSE,12,Morning,41,3,36,175.2,2.43,45.17,0.073,0.878
1/11/2024,Thu,FALSE,13,Morning,61,5,49,267.4,2.15,48,0.082,0.803
1/11/2024,Thu,FALSE,14,Evening,57,1,51,281.1,5.01,56.47,0.018,0.895
1/11/2024,Thu,FALSE,15,Evening,60,4,51,271.5,1.79,53.64,0.067,0.85
1/11/2024,Thu,FALSE,16,Evening,48,3,38,225.9,0.82,48,0.062,0.792
1/11/2024,Thu,FALSE,17,Evening,38,3,31,110,0.04,39.53,0.079,0.816
1/11/2024,Thu,FALSE,18,Evening,31,5,22,136.9,0.81,31.06,0.161,0.71
1/11/2024,Thu,FALSE,19,Evening,20,1,17,52.8,6.27,25.41,0.05,0.85
1/11/2024,Thu,FALSE,20,Night,25,1,22,105.4,1.29,19.76,0.04,0.88
1/11/2024,Thu,FALSE,21,Night,17,2,15,80.1,0.71,16.94,0.118,0.882
1/11/2024,Thu,FALSE,22,Night,17,0,16,75.9,0.55,14.12,0,0.941
1/11/2024,Thu,FALSE,23,Night,9,0,7,47.5,0.24,11.29,0,0.778
1/12/2024,Fri,FALSE,0,Night,6,1,5,10.3,0.56,8.48,0.167,0.833
1/12/2024,Fri,FALSE,1,Night,5,1,4,22.3,0.49,5.65,0.2,0.8
1/12/2024,Fri,FALSE,2,Night,0,0,0,0,0,4.24,0,0
1/12/2024,Fri,FALSE,3,Night,2,0,2,5,0.15,3.39,0,1
1/12/2024,Fri,FALSE,4,Night,1,0,1,5.8,0.4,4.24,0,1
1/12/2024,Fri,FALSE,5,Night,6,0,6,37,0.93,8.48,0,1
1/12/2024,Fri,FALSE,6,Morning,21,2,16,93.1,6.03,19.78,0.095,0.762
1/12/2024,Fri,FALSE,7,Morning,29,1,24,133.9,0.03,31.08,0.034,0.828
1/12/2024,Fri,FALSE,8,Morning,43,4,33,167.6,1.51,42.39,0.093,0.767
1/12/2024,Fri,FALSE,9,Morning,39,2,35,172.3,11.91,50.86,0.051,0.897
1/12/2024,Fri,FALSE,10,Morning,69,4,59,335.8,13.9,59.34,0.058,0.855
1/12/2024,Fri,FALSE,11,Morning,50,4,42,193.7,5.33,56.51,0.08,0.84
1/12/2024,Fri,FALSE,12,Morning,50,0,39,263.6,4.12,45.21,0,0.78
1/12/2024,Fri,FALSE,13,Morning,45,4,35,151.9,0.94,48.04,0.089,0.778
1/12/2024,Fri,FALSE,14,Evening,57,5,45,301,1.88,56.51,0.088,0.789
1/12/2024,Fri,FALSE,15,Evening,64,2,52,251.1,10.79,53.69,0.031,0.812
1/12/2024,Fri,FALSE,16,Evening,49,3,36,210.9,9.36,48.04,0.061,0.735
1/12/2024,Fri,FALSE,17,Evening,48,2,43,192.1,9.17,39.56,0.042,0.896
1/12/2024,Fri,FALSE,18,Evening,29,2,24,112.1,1.01,31.08,0.069,0.828
1/12/2024,Fri,FALSE,19,Evening,27,2,20,78.2,0.83,25.43,0.074,0.741
1/12/2024,Fri,FALSE,20,Night,16,0,13,92.8,1.97,19.78,0,0.812
1/12/2024,Fri,FALSE,21,Night,13,0,12,39.9,3.64,16.95,0,0.923
1/12/2024,Fri,FALSE,22,Night,14,0,13,50.7,1.87,14.13,0,0.929
1/12/2024,Fri,FALSE,23,Night,12,0,12,38.8,2.6,11.3,0,1
1/13/2024,Sat,TRUE,0,Night,3,0,3,14,0.22,4.67,0,1
1/13/2024,Sat,TRUE,1,Night,4,0,3,13.4,0.33,3.11,0,0.75
1/13/2024,Sat,TRUE,2,Night,4,0,4,8.3,0.07,2.33,0,1
1/13/2024,Sat,TRUE,3,Night,2,0,2,2.5,0.05,1.87,0,1
1/13/2024,Sat,TRUE,4,Night,5,2,2,9.4,0.21,2.33,0.4,0.4
1/13/2024,Sat,TRUE,5,Night,4,0,3,14,0.2,4.67,0,0.75
1/13/2024,Sat,TRUE,6,Morning,9,2,7,40.3,3.99,10.89,0.222,0.778
1/13/2024,Sat,TRUE,7,Morning,13,2,7,60.9,2.88,17.11,0.154,0.538
1/13/2024,Sat,TRUE,8,Morning,33,4,28,152.7,3.34,23.33,0.121,0.848
1/13/2024,Sat,TRUE,9,Morning,32,1,27,183.2,3.26,28,0.031,0.844
1/13/2024,Sat,TRUE,10,Morning,30,4,23,115.5,7.72,32.66,0.133,0.767
1/13/2024,Sat,TRUE,11,Morning,35,1,29,165.9,1.14,31.11,0.029,0.829
1/13/2024,Sat,TRUE,12,Morning,18,2,12,56.5,4.98,24.89,0.111,0.667
1/13/2024,Sat,TRUE,13,Morning,29,3,22,135.9,1.47,26.44,0.103,0.759
1/13/2024,Sat,TRUE,14,Evening,31,1,24,130.6,9.83,31.11,0.032,0.774
1/13/2024,Sat,TRUE,15,Evening,32,0,23,147.1,0.67,29.55,0,0.719
1/13/2024,Sat,TRUE,16,Evening,29,3,23,144.9,1.03,26.44,0.103,0.793
1/13/2024,Sat,TRUE,17,Evening,19,1,17,53.8,2.09,21.78,0.053,0.895
1/13/2024,Sat,TRUE,18,Evening,22,2,13,83.2,0.13,17.11,0.091,0.591
1/13/2024,Sat,TRUE,19,Evening,18,1,16,63.2,2.85,14,0.056,0.889
1/13/2024,Sat,TRUE,20,Night,10,1,7,38.7,0.55,10.89,0.1,0.7
1/13/2024,Sat,TRUE,21,Night,8,0,8,32.8,0.53,9.33,0,1
1/13/2024,Sat,TRUE,22,Night,8,1,4,23.1,0.44,7.78,0.125,0.5
1/13/2024,Sat,TRUE,23,Night,9,1,8,50.1,0.45,6.22,0.111,0.889
1/14/2024,Sun,TRUE,0,Night,2,0,1,5.5,0.75,4.67,0,0.5
1/14/2024,Sun,TRUE,1,Night,3,0,3,6.6,0.25,3.11,0,1
1/14/2024,Sun,TRUE,2,Night,1,1,0,2.9,0.32,2.34,1,0
1/14/2024,Sun,TRUE,3,Night,2,0,2,19.6,0.03,1.87,0,1
1/14/2024,Sun,TRUE,4,Night,1,0,1,0.7,0.24,2.34,0,1
1/14/2024,Sun,TRUE,5,Night,0,0,0,0,0,4.67,0,0
1/14/2024,Sun,TRUE,6,Morning,9,1,5,68.3,1.98,10.9,0.111,0.556
1/14/2024,Sun,TRUE,7,Morning,24,4,18,104.4,0.44,17.12,0.167,0.75
1/14/2024,Sun,TRUE,8,Morning,28,2,23,140.6,1.51,23.35,0.071,0.821
1/14/2024,Sun,TRUE,9,Morning,30,2,22,169.1,0.69,28.02,0.067,0.733
1/14/2024,Sun,TRUE,10,Morning,26,2,21,112.4,2.08,32.69,0.077,0.808
1/14/2024,Sun,TRUE,11,Morning,27,2,23,171.3,1.97,31.13,0.074,0.852
1/14/2024,Sun,TRUE,12,Morning,30,3,22,82.6,4.73,24.91,0.1,0.733
1/14/2024,Sun,TRUE,13,Morning,24,2,19,96.1,5.32,26.46,0.083,0.792
1/14/2024,Sun,TRUE,14,Evening,44,4,35,235.8,2.32,31.13,0.091,0.795
1/14/2024,Sun,TRUE,15,Evening,30,2,27,138.5,8.67,29.58,0.067,0.9
1/14/2024,Sun,TRUE,16,Evening,20,1,17,110.2,2.41,26.46,0.05,0.85
1/14/2024,Sun,TRUE,17,Evening,32,1,25,157.4,1.03,21.79,0.031,0.781
1/14/2024,Sun,TRUE,18,Evening,14,1,12,76,0.49,17.12,0.071,0.857
1/14/2024,Sun,TRUE,19,Evening,13,3,10,60.5,0.02,14.01,0.231,0.769
1/14/2024,Sun,TRUE,20,Night,8,0,7,29.7,2.95,10.9,0,0.875
1/14/2024,Sun,TRUE,21,Night,9,0,8,38.3,1.39,9.34,0,0.889
1/14/2024,Sun,TRUE,22,Night,6,0,5,21.7,1,7.78,0,0.833
1/14/2024,Sun,TRUE,23,Night,5,0,4,36.8,1.08,6.23,0,0.8
1/15/2024,Mon,FALSE,0,Night,3,0,3,16.5,0.09,8.5,0,1
1/15/2024,Mon,FALSE,1,Night,5,0,4,34.4,0.2,5.67,0,0.8
1/15/2024,Mon,FALSE,2,Night,7,1,5,26.8,0.23,4.25,0.143,0.714
1/15/2024,Mon,FALSE,3,Night,0,0,0,0,0,3.4,0,0
1/15/2024,Mon,FALSE,4,Night,4,0,4,32.2,0.35,4.25,0,1
1/15/2024,Mon,FALSE,5,Night,10,1,8,49.9,0.08,8.5,0.1,0.8
1/15/2024,Mon,FALSE,6,Morning,20,4,16,70.8,0.52,19.83,0.2,0.8
1/15/2024,Mon,FALSE,7,Morning,37,5,30,126.8,4.99,31.16,0.135,0.811
1/15/2024,Mon,FALSE,8,Morning,51,2,41,240.7,0.79,42.49,0.039,0.804
1/15/2024,Mon,FALSE,9,Morning,32,4,24,182.4,9.4,50.99,0.125,0.75
1/15/2024,Mon,FALSE,10,Morning,59,5,50,267.7,10.87,59.49,0.085,0.847
1/15/2024,Mon,FALSE,11,Morning,58,5,42,285,8.47,56.65,0.086,0.724
1/15/2024,Mon,FALSE,12,Morning,43,5,34,215.9,9.97,45.32,0.116,0.791
1/15/2024,Mon,FALSE,13,Morning,42,4,32,171.7,2.41,48.16,0.095,0.762
1/15/2024,Mon,FALSE,14,Evening,53,6,41,212.9,0.1,56.65,0.113,0.774
1/15/2024,Mon,FALSE,15,Evening,45,1,41,209.5,0.49,53.82,0.022,0.911
1/15/2024,Mon,FALSE,16,Evening,60,5,46,264,1.13,48.16,0.083,0.767
1/15/2024,Mon,FALSE,17,Evening,53,6,42,249.9,5.44,39.66,0.113,0.792
1/15/2024,Mon,FALSE,18,Evening,33,3,26,156.4,0.37,31.16,0.091,0.788
1/15/2024,Mon,FALSE,19,Evening,28,1,26,154,3.31,25.49,0.036,0.929
1/15/2024,Mon,FALSE,20,Night,22,2,16,85.6,2.57,19.83,0.091,0.727
1/15/2024,Mon,FALSE,21,Night,11,2,7,50,2.1,17,0.182,0.636
1/15/2024,Mon,FALSE,22,Night,14,0,12,74,0.03,14.16,0,0.857
1/15/2024,Mon,FALSE,23,Night,14,0,10,49.3,1.9,11.33,0,0.714
1/16/2024,Tue,FALSE,0,Night,11,0,10,74.6,0.23,8.51,0,0.909
1/16/2024,Tue,FALSE,1,Night,9,0,9,24.4,0.12,5.67,0,1
1/16/2024,Tue,FALSE,2,Night,4,1,3,16.7,0.87,4.25,0.25,0.75
1/16/2024,Tue,FALSE,3,Night,5,0,5,21.1,1.51,3.4,0,1
1/16/2024,Tue,FALSE,4,Night,5,0,5,9.3,0.66,4.25,0,1
1/16/2024,Tue,FALSE,5,Night,7,1,6,27.5,0.23,8.51,0.143,0.857
1/16/2024,Tue,FALSE,6,Morning,17,1,11,70.3,0.18,19.84,0.059,0.647
1/16/2024,Tue,FALSE,7,Morning,32,2,26,141.5,0.34,31.19,0.062,0.812
1/16/2024,Tue,FALSE,8,Morning,40,2,34,208.7,3.67,42.52,0.05,0.85
1/16/2024,Tue,FALSE,9,Morning,62,4,45,283.2,0.9,51.03,0.065,0.726
1/16/2024,Tue,FALSE,10,Morning,68,4,59,300.9,0.78,59.54,0.059,0.868
1/16/2024,Tue,FALSE,11,Morning,76,11,63,395.4,0.71,56.7,0.145,0.829
1/16/2024,Tue,FALSE,12,Morning,62,7,50,279,6.73,45.36,0.113,0.806
1/16/2024,Tue,FALSE,13,Morning,52,4,41,183.7,1.3,48.2,0.077,0.788
1/16/2024,Tue,FALSE,14,Evening,61,7,50,309.8,6.6,56.7,0.115,0.82
1/16/2024,Tue,FALSE,15,Evening,51,3,41,242.4,2.36,53.86,0.059,0.804
1/16/2024,Tue,FALSE,16,Evening,69,6,57,312.5,6.57,48.2,0.087,0.826
1/16/2024,Tue,FALSE,17,Evening,37,1,31,222.8,2.03,39.69,0.027,0.838
1/16/2024,Tue,FALSE,18,Evening,28,1,22,133.4,2.25,31.19,0.036,0.786
1/16/2024,Tue,FALSE,19,Evening,29,1,25,112.6,2.11,25.51,0.034,0.862
1/16/2024,Tue,FALSE,20,Night,15,2,12,54.8,1.63,19.84,0.133,0.8
1/16/2024,Tue,FALSE,21,Night,8,0,7,29.5,0.39,17.01,0,0.875
1/16/2024,Tue,FALSE,22,Night,8,1,6,31.8,1.12,14.17,0.125,0.75
1/16/2024,Tue,FALSE,23,Night,16,2,13,68.8,0.43,11.34,0.125,0.812
1/17/2024,Wed,FALSE,0,Night,12,1,10,35.6,0.61,8.51,0.083,0.833
1/17/2024,Wed,FALSE,1,Night,5,0,3,11,0.59,5.67,0,0.6
1/17/2024,Wed,FALSE,2,Night,4,0,3,13,0.02,4.26,0,0.75
1/17/2024,Wed,FALSE,3,Night,5,1,4,37.6,0.05,3.4,0.2,0.8
1/17/2024,Wed,FALSE,4,Night,4,0,4,8.8,0.26,4.26,0,1
1/17/2024,Wed,FALSE,5,Night,10,0,10,39.9,0.33,8.51,0,1
1/17/2024,Wed,FALSE,6,Morning,16,3,11,72,1.97,19.86,0.188,0.688
1/17/2024,Wed,FALSE,7,Morning,25,2,21,96.4,1.53,31.21,0.08,0.84
1/17/2024,Wed,FALSE,8,Morning,37,5,27,124.3,8.52,42.56,0.135,0.73
1/17/2024,Wed,FALSE,9,Morning,57,5,42,224.6,1.25,51.07,0.088,0.737
1/17/2024,Wed,FALSE,10,Morning,69,5,58,359.2,0.57,59.58,0.072,0.841
1/17/2024,Wed,FALSE,11,Morning,66,5,52,291.3,1.85,56.75,0.076,0.788
1/17/2024,Wed,FALSE,12,Morning,46,2,39,238.5,3.61,45.4,0.043,0.848
1/17/2024,Wed,FALSE,13,Morning,47,2,39,260.2,22.64,48.23,0.043,0.83
1/17/2024,Wed,FALSE,14,Evening,48,3,39,211.4,5.54,56.75,0.062,0.812
1/17/2024,Wed,FALSE,15,Evening,60,2,57,250.3,10.91,53.91,0.033,0.95
1/17/2024,Wed,FALSE,16,Evening,44,5,35,182.1,3.26,48.23,0.114,0.795
1/17/2024,Wed,FALSE,17,Evening,55,6,38,223.2,3.31,39.72,0.109,0.691
1/17/2024,Wed,FALSE,18,Evening,19,1,16,78.4,1.36,31.21,0.053,0.842
1/17/2024,Wed,FALSE,19,Evening,25,1,19,128.6,1.99,25.54,0.04,0.76
1/17/2024,Wed,FALSE,20,Night,24,1,19,76,3.3,19.86,0.042,0.792
1/17/2024,Wed,FALSE,21,Night,13,0,12,81.4,2.1,17.02,0,0.923
1/17/2024,Wed,FALSE,22,Night,12,0,11,62.6,2.68,14.19,0,0.917
1/17/2024,Wed,FALSE,23,Night,14,2,11,85,0.18,11.35,0.143,0.786
1/18/2024,Thu,FALSE,0,Night,10,0,9,34.3,3.15,8.52,0,0.9
1/18/2024,Thu,FALSE,1,Night,6,0,5,23.2,0.47,5.68,0,0.833
1/18/2024,Thu,FALSE,2,Night,1,0,0,3.6,0.53,4.26,0,0
1/18/2024,Thu,FALSE,3,Night,6,0,5,18.8,0.51,3.41,0,0.833
1/18/2024,Thu,FALSE,4,Night,5,1,4,10.1,0.53,4.26,0.2,0.8
1/18/2024,Thu,FALSE,5,Night,11,0,10,35.7,0.54,8.52,0,0.909
1/18/2024,Thu,FALSE,6,Morning,19,1,16,97.9,0.29,19.88,0.053,0.842
1/18/2024,Thu,FALSE,7,Morning,26,4,17,70.9,1.6,31.24,0.154,0.654
1/18/2024,Thu,FALSE,8,Morning,38,3,31,171,3.84,42.59,0.079,0.816
1/18/2024,Thu,FALSE,9,Morning,50,4,41,245.7,1.49,51.11,0.08,0.82
1/18/2024,Thu,FALSE,10,Morning,47,5,38,231.3,3.88,59.63,0.106,0.809
1/18/2024,Thu,FALSE,11,Morning,64,7,47,309.7,5.88,56.79,0.109,0.734
1/18/2024,Thu,FALSE,12,Morning,36,2,32,155.7,2.34,45.43,0.056,0.889
1/18/2024,Thu,FALSE,13,Morning,48,2,42,220.5,14.69,48.27,0.042,0.875
1/18/2024,Thu,FALSE,14,Evening,59,6,44,294.3,3.03,56.79,0.102,0.746
1/18/2024,Thu,FALSE,15,Evening,52,2,47,211.6,1.06,53.95,0.038,0.904
1/18/2024,Thu,FALSE,16,Evening,56,6,44,297.2,1.46,48.27,0.107,0.786
1/18/2024,Thu,FALSE,17,Evening,37,7,29,133.1,2.88,39.76,0.189,0.784
1/18/2024,Thu,FALSE,18,Evening,38,1,35,149.1,1.53,31.24,0.026,0.921
1/18/2024,Thu,FALSE,19,Evening,28,4,18,133.3,0.63,25.56,0.143,0.643
1/18/2024,Thu,FALSE,20,Night,20,3,13,116.8,0.99,19.88,0.15,0.65
1/18/2024,Thu,FALSE,21,Night,14,1,12,52,2.59,17.04,0.071,0.857
1/18/2024,Thu,FALSE,22,Night,18,2,16,49.1,0.28,14.2,0.111,0.889
1/18/2024,Thu,FALSE,23,Night,10,1,7,45.1,1.92,11.36,0.1,0.7
1/19/2024,Fri,FALSE,0,Night,5,0,5,42.1,0.4,8.53,0,1
1/19/2024,Fri,FALSE,1,Night,5,0,5,7.8,0.19,5.68,0,1
1/19/2024,Fri,FALSE,2,Night,3,1,1,25.5,0.64,4.26,0.333,0.333
1/19/2024,Fri,FALSE,3,Night,3,1,1,21.3,0.2,3.41,0.333,0.333
1/19/2024,Fri,FALSE,4,Night,5,1,3,26,0.34,4.26,0.2,0.6
1/19/2024,Fri,FALSE,5,Night,4,0,4,22,0.04,8.53,0,1
1/19/2024,Fri,FALSE,6,Morning,20,0,17,99,1.22,19.89,0,0.85
1/19/2024,Fri,FALSE,7,Morning,40,5,28,218.9,1.8,31.26,0.125,0.7
1/19/2024,Fri,FALSE,8,Morning,38,1,32,152.3,5.08,42.63,0.026,0.842
1/19/2024,Fri,FALSE,9,Morning,44,3,36,181.4,11.24,51.16,0.068,0.818
1/19/2024,Fri,FALSE,10,Morning,60,4,50,325.9,1.47,59.68,0.067,0.833
1/19/2024,Fri,FALSE,11,Morning,55,5,43,246.1,0.62,56.84,0.091,0.782
1/19/2024,Fri,FALSE,12,Morning,43,4,28,196.7,0.42,45.47,0.093,0.651
1/19/2024,Fri,FALSE,13,Morning,47,4,40,248.5,1.28,48.31,0.085,0.851
1/19/2024,Fri,FALSE,14,Evening,49,5,34,193.3,7.94,56.84,0.102,0.694
1/19/2024,Fri,FALSE,15,Evening,59,3,49,213.1,2.08,54,0.051,0.831
1/19/2024,Fri,FALSE,16,Evening,39,2,31,187.6,3.51,48.31,0.051,0.795
1/19/2024,Fri,FALSE,17,Evening,38,4,27,188.2,4.23,39.79,0.105,0.711
1/19/2024,Fri,FALSE,18,Evening,32,1,28,148.7,4.92,31.26,0.031,0.875
1/19/2024,Fri,FALSE,19,Evening,24,0,23,75.8,1.9,25.58,0,0.958
1/19/2024,Fri,FALSE,20,Night,28,3,25,77.8,0.32,19.89,0.107,0.893
1/19/2024,Fri,FALSE,21,Night,18,3,15,71.2,0.42,17.05,0.167,0.833
1/19/2024,Fri,FALSE,22,Night,16,2,13,120,1.36,14.21,0.125,0.812
1/19/2024,Fri,FALSE,23,Night,8,1,7,20.6,0.15,11.37,0.125,0.875
1/20/2024,Sat,TRUE,0,Night,2,0,2,6.7,0.24,4.69,0,1
1/20/2024,Sat,TRUE,1,Night,4,0,4,10.9,0.49,3.13,0,1
1/20/2024,Sat,TRUE,2,Night,2,0,1,1.8,0.09,2.35,0,0.5
1/20/2024,Sat,TRUE,3,Night,1,0,0,1,0.21,1.88,0,0
1/20/2024,Sat,TRUE,4,Night,3,0,3,14.3,0.03,2.35,0,1
1/20/2024,Sat,TRUE,5,Night,5,1,4,47.4,2.11,4.69,0.2,0.8
1/20/2024,Sat,TRUE,6,Morning,7,1,4,24.7,1.33,10.95,0.143,0.571
1/20/2024,Sat,TRUE,7,Morning,16,5,10,70.7,3.9,17.21,0.312,0.625
1/20/2024,Sat,TRUE,8,Morning,25,3,19,117.2,4.16,23.47,0.12,0.76
1/20/2024,Sat,TRUE,9,Morning,34,3,28,182,2.65,28.16,0.088,0.824
1/20/2024,Sat,TRUE,10,Morning,34,3,25,120.3,0.96,32.85,0.088,0.735
1/20/2024,Sat,TRUE,11,Morning,33,2,30,165.8,1.68,31.29,0.061,0.909
1/20/2024,Sat,TRUE,12,Morning,22,2,16,100.2,0.22,25.03,0.091,0.727
1/20/2024,Sat,TRUE,13,Morning,32,3,28,141.4,3.56,26.59,0.094,0.875
1/20/2024,Sat,TRUE,14,Evening,21,0,17,85.3,0.26,31.29,0,0.81
1/20/2024,Sat,TRUE,15,Evening,33,5,24,147,3.2,29.72,0.152,0.727
1/20/2024,Sat,TRUE,16,Evening,28,1,26,122.2,3.16,26.59,0.036,0.929
1/20/2024,Sat,TRUE,17,Evening,28,1,23,113.1,0.95,21.9,0.036,0.821
1/20/2024,Sat,TRUE,18,Evening,13,1,10,92.8,3.96,17.21,0.077,0.769
1/20/2024,Sat,TRUE,19,Evening,17,1,14,85.3,0.57,14.08,0.059,0.824
1/20/2024,Sat,TRUE,20,Night,17,2,14,61.5,1.21,10.95,0.118,0.824
1/20/2024,Sat,TRUE,21,Night,6,1,4,26.2,0,9.39,0.167,0.667
1/20/2024,Sat,TRUE,22,Night,10,0,9,29.9,0.6,7.82,0,0.9
1/20/2024,Sat,TRUE,23,Night,3,1,2,18.3,0.02,6.26,0.333,0.667
1/21/2024,Sun,TRUE,0,Night,4,1,3,20.4,0.33,4.7,0.25,0.75
1/21/2024,Sun,TRUE,1,Night,5,0,5,18.6,1.1,3.13,0,1
1/21/2024,Sun,TRUE,2,Night,4,0,4,14.5,0.79,2.35,0,1
1/21/2024,Sun,TRUE,3,Night,2,0,2,2.1,0.21,1.88,0,1
1/21/2024,Sun,TRUE,4,Night,0,0,0,0,0,2.35,0,0
1/21/2024,Sun,TRUE,5,Night,4,0,4,29.4,0.69,4.7,0,1
1/21/2024,Sun,TRUE,6,Morning,16,0,10,56.2,0.7,10.96,0,0.625
1/21/2024,Sun,TRUE,7,Morning,23,0,20,87.9,0.21,17.22,0,0.87
1/21/2024,Sun,TRUE,8,Morning,20,2,17,95.8,1.94,23.48,0.1,0.85
1/21/2024,Sun,TRUE,9,Morning,22,0,17,99.8,0.73,28.18,0,0.773
1/21/2024,Sun,TRUE,10,Morning,28,2,24,100.6,6.51,32.88,0.071,0.857
1/21/2024,Sun,TRUE,11,Morning,36,4,28,140,1.79,31.31,0.111,0.778
1/21/2024,Sun,TRUE,12,Morning,22,3,16,95.2,0.61,25.05,0.136,0.727
1/21/2024,Sun,TRUE,13,Morning,29,4,21,131.8,17.19,26.62,0.138,0.724
1/21/2024,Sun,TRUE,14,Evening,26,6,16,143.3,1.96,31.31,0.231,0.615
1/21/2024,Sun,TRUE,15,Evening,23,3,16,101.2,8.72,29.75,0.13,0.696
1/21/2024,Sun,TRUE,16,Evening,21,0,17,129.9,3.88,26.62,0,0.81
1/21/2024,Sun,TRUE,17,Evening,19,2,17,104.2,7.37,21.92,0.105,0.895
1/21/2024,Sun,TRUE,18,Evening,16,3,10,71.4,5.29,17.22,0.188,0.625
1/21/2024,Sun,TRUE,19,Evening,15,1,13,59.2,2.1,14.09,0.067,0.867
1/21/2024,Sun,TRUE,20,Night,12,1,11,55.6,4.14,10.96,0.083,0.917
1/21/2024,Sun,TRUE,21,Night,12,3,8,66.5,2.6,9.39,0.25,0.667
1/21/2024,Sun,TRUE,22,Night,5,1,4,15.9,1.38,7.83,0.2,0.8
1/21/2024,Sun,TRUE,23,Night,7,0,6,19.6,0.09,6.26,0,0.857
1/22/2024,Mon,FALSE,0,Night,5,1,4,30.4,2.06,8.55,0.2,0.8
1/22/2024,Mon,FALSE,1,Night,8,0,7,29.8,2.17,5.7,0,0.875
1/22/2024,Mon,FALSE,2,Night,2,0,2,15.9,0.1,4.27,0,1
1/22/2024,Mon,FALSE,3,Night,4,0,3,12.6,0.09,3.42,0,0.75
1/22/2024,Mon,FALSE,4,Night,4,0,4,12.5,0.09,4.27,0,1
1/22/2024,Mon,FALSE,5,Night,8,1,5,47.8,0.52,8.55,0.125,0.625
1/22/2024,Mon,FALSE,6,Morning,18,2,13,77,0.46,19.94,0.111,0.722
1/22/2024,Mon,FALSE,7,Morning,38,0,34,137.4,5.12,31.34,0,0.895
1/22/2024,Mon,FALSE,8,Morning,52,2,44,244.1,6,42.73,0.038,0.846
1/22/2024,Mon,FALSE,9,Morning,43,2,39,141.3,0.49,51.28,0.047,0.907
1/22/2024,Mon,FALSE,10,Morning,70,6,56,371.8,2.17,59.83,0.086,0.8
1/22/2024,Mon,FALSE,11,Morning,66,4,58,297.6,3.15,56.98,0.061,0.879
1/22/2024,Mon,FALSE,12,Morning,47,2,43,217.2,12.79,45.58,0.043,0.915
1/22/2024,Mon,FALSE,13,Morning,51,5,41,244.2,2.81,48.43,0.098,0.804
1/22/2024,Mon,FALSE,14,Evening,64,5,53,283.4,3.75,56.98,0.078,0.828
1/22/2024,Mon,FALSE,15,Evening,62,3,51,303,8.3,54.13,0.048,0.823
1/22/2024,Mon,FALSE,16,Evening,44,3,37,196.8,0.31,48.43,0.068,0.841
1/22/2024,Mon,FALSE,17,Evening,37,1,31,218,0.22,39.89,0.027,0.838
1/22/2024,Mon,FALSE,18,Evening,31,1,27,152.5,4.65,31.34,0.032,0.871
1/22/2024,Mon,FALSE,19,Evening,31,2,25,119,4.46,25.64,0.065,0.806
1/22/2024,Mon,FALSE,20,Night,21,4,14,100.6,0.14,19.94,0.19,0.667
1/22/2024,Mon,FALSE,21,Night,14,3,9,69.6,1.31,17.09,0.214,0.643
1/22/2024,Mon,FALSE,22,Night,13,1,11,31.2,1.82,14.25,0.077,0.846
1/22/2024,Mon,FALSE,23,Night,14,1,12,104.8,0.41,11.4,0.071,0.857
1/23/2024,Tue,FALSE,0,Night,13,2,8,61,0.95,8.55,0.154,0.615
1/23/2024,Tue,FALSE,1,Night,7,3,4,15.4,0.05,5.7,0.429,0.571
1/23/2024,Tue,FALSE,2,Night,5,0,5,23.5,0.46,4.28,0,1
1/23/2024,Tue,FALSE,3,Night,2,0,2,9.6,0.25,3.42,0,1
1/23/2024,Tue,FALSE,4,Night,1,0,0,4.1,1.18,4.28,0,0
1/23/2024,Tue,FALSE,5,Night,11,1,8,57.5,0.13,8.55,0.091,0.727
1/23/2024,Tue,FALSE,6,Morning,21,1,17,94.8,1.12,19.96,0.048,0.81
1/23/2024,Tue,FALSE,7,Morning,36,2,30,142.2,2.27,31.36,0.056,0.833
1/23/2024,Tue,FALSE,8,Morning,53,4,48,233.3,5.57,42.77,0.075,0.906
1/23/2024,Tue,FALSE,9,Morning,48,8,36,220,18.21,51.32,0.167,0.75
1/23/2024,Tue,FALSE,10,Morning,55,10,39,208.1,8.78,59.88,0.182,0.709
1/23/2024,Tue,FALSE,11,Morning,41,3,33,214.3,13.04,57.03,0.073,0.805
1/23/2024,Tue,FALSE,12,Morning,43,5,33,219.8,3.72,45.62,0.116,0.767
1/23/2024,Tue,FALSE,13,Morning,50,5,41,199.3,2.77,48.47,0.1,0.82
1/23/2024,Tue,FALSE,14,Evening,53,8,37,258.4,9.14,57.03,0.151,0.698
1/23/2024,Tue,FALSE,15,Evening,61,4,48,232.8,1.56,54.18,0.066,0.787
1/23/2024,Tue,FALSE,16,Evening,46,5,34,187.1,7.06,48.47,0.109,0.739
1/23/2024,Tue,FALSE,17,Evening,34,2,27,169.7,3.71,39.92,0.059,0.794
1/23/2024,Tue,FALSE,18,Evening,30,5,23,111.6,6.86,31.36,0.167,0.767
1/23/2024,Tue,FALSE,19,Evening,28,3,24,116.4,3.02,25.66,0.107,0.857
1/23/2024,Tue,FALSE,20,Night,15,1,11,78.6,0.56,19.96,0.067,0.733
1/23/2024,Tue,FALSE,21,Night,16,1,14,74.1,2.44,17.11,0.062,0.875
1/23/2024,Tue,FALSE,22,Night,13,0,13,39.8,1.48,14.26,0,1
1/23/2024,Tue,FALSE,23,Night,11,2,7,50.1,0.91,11.41,0.182,0.636
1/24/2024,Wed,FALSE,0,Night,13,2,10,74.5,0.47,8.56,0.154,0.769
1/24/2024,Wed,FALSE,1,Night,11,0,8,53.7,0.97,5.71,0,0.727
1/24/2024,Wed,FALSE,2,Night,3,1,1,38,0.07,4.28,0.333,0.333
1/24/2024,Wed,FALSE,3,Night,7,1,5,28.2,0.46,3.42,0.143,0.714
1/24/2024,Wed,FALSE,4,Night,4,2,2,9.6,0.01,4.28,0.5,0.5
1/24/2024,Wed,FALSE,5,Night,4,0,4,8.8,0.36,8.56,0,1
1/24/2024,Wed,FALSE,6,Morning,15,0,15,100.1,0.97,19.98,0,1
1/24/2024,Wed,FALSE,7,Morning,35,2,29,165.4,0.55,31.39,0.057,0.829
1/24/2024,Wed,FALSE,8,Morning,39,6,31,168,0.18,42.8,0.154,0.795
1/24/2024,Wed,FALSE,9,Morning,53,3,43,165.7,0.67,51.37,0.057,0.811
1/24/2024,Wed,FALSE,10,Morning,58,6,44,270.7,2.61,59.93,0.103,0.759
1/24/2024,Wed,FALSE,11,Morning,55,6,45,271.5,2.69,57.07,0.109,0.818
1/24/2024,Wed,FALSE,12,Morning,36,2,30,218,4.74,45.66,0.056,0.833
1/24/2024,Wed,FALSE,13,Morning,51,5,41,207.5,2.66,48.51,0.098,0.804
1/24/2024,Wed,FALSE,14,Evening,60,7,40,261.7,3.93,57.07,0.117,0.667
1/24/2024,Wed,FALSE,15,Evening,61,2,52,250.4,5.51,54.22,0.033,0.852
1/24/2024,Wed,FALSE,16,Evening,38,7,26,219.5,13.83,48.51,0.184,0.684
1/24/2024,Wed,FALSE,17,Evening,58,10,42,283.7,6.1,39.95,0.172,0.724
1/24/2024,Wed,FALSE,18,Evening,33,2,25,130.3,4.49,31.39,0.061,0.758
1/24/2024,Wed,FALSE,19,Evening,27,3,21,173.4,3.52,25.68,0.111,0.778
1/24/2024,Wed,FALSE,20,Night,19,1,14,89.2,1.48,19.98,0.053,0.737
1/24/2024,Wed,FALSE,21,Night,23,3,17,153.1,2.02,17.12,0.13,0.739
1/24/2024,Wed,FALSE,22,Night,12,0,10,27.3,2.41,14.27,0,0.833
1/24/2024,Wed,FALSE,23,Night,17,4,12,61.6,0.91,11.41,0.235,0.706
1/25/2024,Thu,FALSE,0,Night,7,0,5,62.9,0.78,8.57,0,0.714
1/25/2024,Thu,FALSE,1,Night,6,1,5,16.8,0.23,5.71,0.167,0.833
1/25/2024,Thu,FALSE,2,Night,7,0,6,43.2,0.29,4.28,0,0.857
1/25/2024,Thu,FALSE,3,Night,5,1,4,23.6,0.28,3.43,0.2,0.8
1/25/2024,Thu,FALSE,4,Night,2,0,2,6.4,0.23,4.28,0,1
1/25/2024,Thu,FALSE,5,Night,8,1,5,24.9,0.33,8.57,0.125,0.625
1/25/2024,Thu,FALSE,6,Morning,20,0,19,52.4,0.4,19.99,0,0.95
1/25/2024,Thu,FALSE,7,Morning,30,1,23,107.2,8.5,31.42,0.033,0.767
1/25/2024,Thu,FALSE,8,Morning,56,10,39,224.2,1.58,42.84,0.179,0.696
1/25/2024,Thu,FALSE,9,Morning,48,3,41,231.5,0.09,51.41,0.062,0.854
1/25/2024,Thu,FALSE,10,Morning,57,6,43,328.5,0.89,59.98,0.105,0.754
1/25/2024,Thu,FALSE,11,Morning,62,3,53,392.4,0.72,57.12,0.048,0.855
1/25/2024,Thu,FALSE,12,Morning,46,3,35,293.3,0.78,45.7,0.065,0.761
1/25/2024,Thu,FALSE,13,Morning,50,10,38,247.6,2.59,48.55,0.2,0.76
1/25/2024,Thu,FALSE,14,Evening,59,6,48,202.2,1.46,57.12,0.102,0.814
1/25/2024,Thu,FALSE,15,Evening,65,5,53,351.1,3,54.26,0.077,0.815
1/25/2024,Thu,FALSE,16,Evening,48,3,41,233.8,3.17,48.55,0.062,0.854
1/25/2024,Thu,FALSE,17,Evening,45,2,40,201.2,1.6,39.98,0.044,0.889
1/25/2024,Thu,FALSE,18,Evening,26,4,19,110.2,4.63,31.42,0.154,0.731
1/25/2024,Thu,FALSE,19,Evening,32,3,25,130,0.98,25.7,0.094,0.781
1/25/2024,Thu,FALSE,20,Night,19,2,16,56.2,1.06,19.99,0.105,0.842
1/25/2024,Thu,FALSE,21,Night,17,1,14,97.5,0.07,17.14,0.059,0.824
1/25/2024,Thu,FALSE,22,Night,13,1,10,72.2,0.03,14.28,0.077,0.769
1/25/2024,Thu,FALSE,23,Night,12,1,10,35.9,0.63,11.42,0.083,0.833
1/26/2024,Fri,FALSE,0,Night,9,1,7,55.5,0.23,8.57,0.111,0.778
1/26/2024,Fri,FALSE,1,Night,10,1,9,53.5,0.22,5.72,0.1,0.9
1/26/2024,Fri,FALSE,2,Night,7,0,7,10.3,0.52,4.29,0,1
1/26/2024,Fri,FALSE,3,Night,0,0,0,0,0,3.43,0,0
1/26/2024,Fri,FALSE,4,Night,10,1,8,18.7,0.97,4.29,0.1,0.8
1/26/2024,Fri,FALSE,5,Night,10,1,9,28,0.06,8.57,0.1,0.9
1/26/2024,Fri,FALSE,6,Morning,19,2,13,82.9,3.69,20.01,0.105,0.684
1/26/2024,Fri,FALSE,7,Morning,44,5,35,223.2,0.68,31.44,0.114,0.795
1/26/2024,Fri,FALSE,8,Morning,32,4,25,134.8,1.38,42.88,0.125,0.781
1/26/2024,Fri,FALSE,9,Morning,62,9,46,236.2,2.8,51.45,0.145,0.742
1/26/2024,Fri,FALSE,10,Morning,54,2,45,222.1,7.55,60.02,0.037,0.833
1/26/2024,Fri,FALSE,11,Morning,49,5,38,208.9,2.05,57.17,0.102,0.776
1/26/2024,Fri,FALSE,12,Morning,52,2,42,249.2,1.69,45.73,0.038,0.808
1/26/2024,Fri,FALSE,13,Morning,56,4,45,266.6,1.22,48.59,0.071,0.804
1/26/2024,Fri,FALSE,14,Evening,74,1,61,362.3,0.1,57.17,0.014,0.824
1/26/2024,Fri,FALSE,15,Evening,49,1,42,212.2,4.72,54.31,0.02,0.857
1/26/2024,Fri,FALSE,16,Evening,37,3,27,148.8,5.21,48.59,0.081,0.73
1/26/2024,Fri,FALSE,17,Evening,46,8,36,222.8,0.06,40.02,0.174,0.783
1/26/2024,Fri,FALSE,18,Evening,36,1,27,141.1,3.07,31.44,0.028,0.75
1/26/2024,Fri,FALSE,19,Evening,31,2,27,161,0.25,25.72,0.065,0.871
1/26/2024,Fri,FALSE,20,Night,19,1,14,121.1,0.67,20.01,0.053,0.737
1/26/2024,Fri,FALSE,21,Night,8,0,6,19.5,1.68,17.15,0,0.75
1/26/2024,Fri,FALSE,22,Night,18,1,16,75.2,0.15,14.29,0.056,0.889
1/26/2024,Fri,FALSE,23,Night,10,0,9,42.7,1.64,11.43,0,0.9
1/27/2024,Sat,TRUE,0,Night,8,0,6,52.4,0.38,4.72,0,0.75
1/27/2024,Sat,TRUE,1,Night,2,0,2,10.2,0.81,3.15,0,1
1/27/2024,Sat,TRUE,2,Night,2,0,1,7.5,1.38,2.36,0,0.5
1/27/2024,Sat,TRUE,3,Night,3,0,3,6.3,0.08,1.89,0,1
1/27/2024,Sat,TRUE,4,Night,3,1,2,20.8,0.17,2.36,0.333,0.667
1/27/2024,Sat,TRUE,5,Night,6,0,4,24,0.29,4.72,0,0.667
1/27/2024,Sat,TRUE,6,Morning,7,0,6,54,3.46,11.01,0,0.857
1/27/2024,Sat,TRUE,7,Morning,9,1,7,34.1,3.09,17.31,0.111,0.778
1/27/2024,Sat,TRUE,8,Morning,22,2,17,85.5,2.36,23.6,0.091,0.773
1/27/2024,Sat,TRUE,9,Morning,30,5,23,201.7,8.47,28.32,0.167,0.767
1/27/2024,Sat,TRUE,10,Morning,36,3,29,177.4,3.24,33.04,0.083,0.806
1/27/2024,Sat,TRUE,11,Morning,38,3,29,180.5,7.47,31.47,0.079,0.763
1/27/2024,Sat,TRUE,12,Morning,28,1,19,182.8,1.64,25.17,0.036,0.679
1/27/2024,Sat,TRUE,13,Morning,23,4,15,86.4,3,26.75,0.174,0.652
1/27/2024,Sat,TRUE,14,Evening,44,1,40,226.9,3.77,31.47,0.023,0.909
1/27/2024,Sat,TRUE,15,Evening,31,2,26,119.2,0.93,29.89,0.065,0.839
1/27/2024,Sat,TRUE,16,Evening,26,0,21,72.4,5.97,26.75,0,0.808
1/27/2024,Sat,TRUE,17,Evening,20,1,16,96.4,3.74,22.03,0.05,0.8
1/27/2024,Sat,TRUE,18,Evening,25,3,20,123.3,0.4,17.31,0.12,0.8
1/27/2024,Sat,TRUE,19,Evening,18,1,16,71.4,1.74,14.16,0.056,0.889
1/27/2024,Sat,TRUE,20,Night,8,1,6,25,1.77,11.01,0.125,0.75
1/27/2024,Sat,TRUE,21,Night,13,0,11,52.2,3.74,9.44,0,0.846
1/27/2024,Sat,TRUE,22,Night,4,0,4,5.2,0.79,7.87,0,1
1/27/2024,Sat,TRUE,23,Night,7,1,3,20.9,0.7,6.29,0.143,0.429
1/28/2024,Sun,TRUE,0,Night,3,0,3,20.9,0.9,4.72,0,1
1/28/2024,Sun,TRUE,1,Night,1,0,0,1.7,0.18,3.15,0,0
1/28/2024,Sun,TRUE,2,Night,2,0,2,4.9,0.23,2.36,0,1
1/28/2024,Sun,TRUE,3,Night,3,1,2,21.6,0.21,1.89,0.333,0.667
1/28/2024,Sun,TRUE,4,Night,5,0,4,21.4,0.4,2.36,0,0.8
1/28/2024,Sun,TRUE,5,Night,7,1,5,19.3,0.53,4.72,0.143,0.714
1/28/2024,Sun,TRUE,6,Morning,12,1,9,70.4,3.2,11.02,0.083,0.75
1/28/2024,Sun,TRUE,7,Morning,18,1,16,72.6,0.21,17.32,0.056,0.889
1/28/2024,Sun,TRUE,8,Morning,24,1,18,124.7,1.3,23.62,0.042,0.75
1/28/2024,Sun,TRUE,9,Morning,32,0,29,132.3,8.07,28.34,0,0.906
1/28/2024,Sun,TRUE,10,Morning,31,3,27,114.7,10.4,33.07,0.097,0.871
1/28/2024,Sun,TRUE,11,Morning,42,1,34,184,0.76,31.49,0.024,0.81
1/28/2024,Sun,TRUE,12,Morning,18,1,17,84.7,0.46,25.19,0.056,0.944
1/28/2024,Sun,TRUE,13,Morning,24,1,19,85.1,0.07,26.77,0.042,0.792
1/28/2024,Sun,TRUE,14,Evening,34,3,29,182.9,4.42,31.49,0.088,0.853
1/28/2024,Sun,TRUE,15,Evening,24,3,18,126.7,1.03,29.92,0.125,0.75
1/28/2024,Sun,TRUE,16,Evening,31,2,29,140.9,1.32,26.77,0.065,0.935
1/28/2024,Sun,TRUE,17,Evening,31,2,26,160.6,2.17,22.05,0.065,0.839
1/28/2024,Sun,TRUE,18,Evening,20,3,11,70.9,3.37,17.32,0.15,0.55
1/28/2024,Sun,TRUE,19,Evening,10,0,8,79,2.95,14.17,0,0.8
1/28/2024,Sun,TRUE,20,Night,10,0,6,47.7,8.73,11.02,0,0.6
1/28/2024,Sun,TRUE,21,Night,13,3,8,27.7,0.53,9.45,0.231,0.615
1/28/2024,Sun,TRUE,22,Night,7,1,6,19.3,0.43,7.87,0.143,0.857
1/28/2024,Sun,TRUE,23,Night,10,1,8,32.7,1.19,6.3,0.1,0.8
1/29/2024,Mon,FALSE,0,Night,12,1,11,50.8,1.69,8.6,0.083,0.917
1/29/2024,Mon,FALSE,1,Night,6,2,4,38.7,0.05,5.73,0.333,0.667
1/29/2024,Mon,FALSE,2,Night,2,1,1,10.1,0.13,4.3,0.5,0.5
1/29/2024,Mon,FALSE,3,Night,4,1,3,25.7,0.37,3.44,0.25,0.75
1/29/2024,Mon,FALSE,4,Night,4,1,3,15.2,0.42,4.3,0.25,0.75
1/29/2024,Mon,FALSE,5,Night,3,0,3,15.1,0.08,8.6,0,1
1/29/2024,Mon,FALSE,6,Morning,18,0,13,101.7,5.22,20.06,0,0.722
1/29/2024,Mon,FALSE,7,Morning,31,5,22,160.1,0.02,31.52,0.161,0.71
1/29/2024,Mon,FALSE,8,Morning,42,4,33,219.5,7.31,42.98,0.095,0.786
1/29/2024,Mon,FALSE,9,Morning,39,2,32,174.1,2.19,51.58,0.051,0.821
1/29/2024,Mon,FALSE,10,Morning,55,5,43,272.6,14.94,60.17,0.091,0.782
1/29/2024,Mon,FALSE,11,Morning,55,5,44,177.7,9.32,57.31,0.091,0.8
1/29/2024,Mon,FALSE,12,Morning,60,6,46,311.3,1.85,45.85,0.1,0.767
1/29/2024,Mon,FALSE,13,Morning,50,6,39,241.4,14.64,48.71,0.12,0.78
1/29/2024,Mon,FALSE,14,Evening,68,5,55,311.1,0.37,57.31,0.074,0.809
1/29/2024,Mon,FALSE,15,Evening,65,9,51,353.7,2.09,54.44,0.138,0.785
1/29/2024,Mon,FALSE,16,Evening,55,5,43,297.3,0.92,48.71,0.091,0.782
1/29/2024,Mon,FALSE,17,Evening,39,5,27,166,3.41,40.11,0.128,0.692
1/29/2024,Mon,FALSE,18,Evening,29,1,20,199.6,0.75,31.52,0.034,0.69
1/29/2024,Mon,FALSE,19,Evening,24,1,22,107.4,2.16,25.79,0.042,0.917
1/29/2024,Mon,FALSE,20,Night,19,1,16,105.2,0.51,20.06,0.053,0.842
1/29/2024,Mon,FALSE,21,Night,18,1,15,108.4,2.98,17.19,0.056,0.833
1/29/2024,Mon,FALSE,22,Night,13,0,11,75.3,0.09,14.33,0,0.846
1/29/2024,Mon,FALSE,23,Night,9,0,8,30.6,0.13,11.46,0,0.889
1/30/2024,Tue,FALSE,0,Night,5,0,5,19.5,0.62,8.6,0,1
1/30/2024,Tue,FALSE,1,Night,9,3,5,77.5,0.34,5.74,0.333,0.556
1/30/2024,Tue,FALSE,2,Night,0,0,0,0,0,4.3,0,0
1/30/2024,Tue,FALSE,3,Night,0,0,0,0,0,3.44,0,0
1/30/2024,Tue,FALSE,4,Night,6,1,4,18.3,0.05,4.3,0.167,0.667
1/30/2024,Tue,FALSE,5,Night,13,2,10,47.9,0.42,8.6,0.154,0.769
1/30/2024,Tue,FALSE,6,Morning,20,1,18,87.5,1.68,20.07,0.05,0.9
1/30/2024,Tue,FALSE,7,Morning,39,5,27,163.1,13.93,31.54,0.128,0.692
1/30/2024,Tue,FALSE,8,Morning,49,1,40,245,0.42,43.02,0.02,0.816
1/30/2024,Tue,FALSE,9,Morning,50,4,41,205.5,0.46,51.62,0.08,0.82
1/30/2024,Tue,FALSE,10,Morning,57,7,41,237.4,2.05,60.22,0.123,0.719
1/30/2024,Tue,FALSE,11,Morning,69,4,60,266.2,9.89,57.35,0.058,0.87
1/30/2024,Tue,FALSE,12,Morning,54,2,47,268.2,0.24,45.88,0.037,0.87
1/30/2024,Tue,FALSE,13,Morning,48,2,41,160.6,1.98,48.75,0.042,0.854
1/30/2024,Tue,FALSE,14,Evening,57,5,42,236.4,15.25,57.35,0.088,0.737
1/30/2024,Tue,FALSE,15,Evening,58,10,44,266,1.13,54.49,0.172,0.759
1/30/2024,Tue,FALSE,16,Evening,51,10,38,246.7,6.11,48.75,0.196,0.745
1/30/2024,Tue,FALSE,17,Evening,49,4,42,234.2,1.81,40.15,0.082,0.857
1/30/2024,Tue,FALSE,18,Evening,37,3,29,188.3,1.55,31.54,0.081,0.784
1/30/2024,Tue,FALSE,19,Evening,18,1,15,110,1.13,25.81,0.056,0.833
1/30/2024,Tue,FALSE,20,Night,25,1,22,144.5,1.12,20.07,0.04,0.88
1/30/2024,Tue,FALSE,21,Night,20,2,17,68.3,4.03,17.21,0.1,0.85
1/30/2024,Tue,FALSE,22,Night,16,1,15,66.8,3.69,14.34,0.062,0.938
1/30/2024,Tue,FALSE,23,Night,11,1,10,48.8,0.52,11.47,0.091,0.909
1/31/2024,Wed,FALSE,0,Night,11,0,10,52.9,0.7,8.61,0,0.909
1/31/2024,Wed,FALSE,1,Night,9,3,3,19.7,0.1,5.74,0.333,0.333
1/31/2024,Wed,FALSE,2,Night,9,2,7,73.8,0.26,4.3,0.222,0.778
1/31/2024,Wed,FALSE,3,Night,5,0,5,19,0.02,3.44,0,1
1/31/2024,Wed,FALSE,4,Night,5,1,3,34.3,0.11,4.3,0.2,0.6
1/31/2024,Wed,FALSE,5,Night,4,1,2,23.6,0.47,8.61,0.25,0.5
1/31/2024,Wed,FALSE,6,Morning,12,0,12,57.8,0.34,20.09,0,1
1/31/2024,Wed,FALSE,7,Morning,29,2,23,110.1,0.98,31.57,0.069,0.793
1/31/2024,Wed,FALSE,8,Morning,48,2,41,251.9,11.82,43.05,0.042,0.854
1/31/2024,Wed,FALSE,9,Morning,44,0,37,179.8,2.96,51.66,0,0.841
1/31/2024,Wed,FALSE,10,Morning,61,6,43,234.5,1.58,60.27,0.098,0.705
1/31/2024,Wed,FALSE,11,Morning,61,7,48,260.9,2.92,57.4,0.115,0.787
1/31/2024,Wed,FALSE,12,Morning,63,4,43,229.9,5.81,45.92,0.063,0.683
1/31/2024,Wed,FALSE,13,Morning,50,5,38,228,14.38,48.79,0.1,0.76
1/31/2024,Wed,FALSE,14,Evening,64,5,55,348.4,0.98,57.4,0.078,0.859
1/31/2024,Wed,FALSE,15,Evening,52,2,44,228.2,3.41,54.53,0.038,0.846
1/31/2024,Wed,FALSE,16,Evening,45,5,37,170.2,2.2,48.79,0.111,0.822
1/31/2024,Wed,FALSE,17,Evening,43,5,34,186.9,4.66,40.18,0.116,0.791
1/31/2024,Wed,FALSE,18,Evening,38,4,32,211.1,0.42,31.57,0.105,0.842
1/31/2024,Wed,FALSE,19,Evening,26,0,23,62.8,1.49,25.83,0,0.885
1/31/2024,Wed,FALSE,20,Night,18,2,16,99.6,0.38,20.09,0.111,0.889
1/31/2024,Wed,FALSE,21,Night,23,5,15,105.3,0.88,17.22,0.217,0.652
1/31/2024,Wed,FALSE,22,Night,11,3,6,76.7,0.68,14.35,0.273,0.545
1/31/2024,Wed,FALSE,23,Night,16,2,14,59.3,1.29,11.48,0.125,0.875
2/1/2024,Thu,FALSE,0,Night,7,1,4,54.9,0.17,8.62,0.143,0.571
2/1/2024,Thu,FALSE,1,Night,3,0,2,10.8,0.02,5.74,0,0.667
2/1/2024,Thu,FALSE,2,Night,2,1,1,7.1,0.02,4.31,0.5,0.5
2/1/2024,Thu,FALSE,3,Night,6,1,4,20,0.56,3.45,0.167,0.667
2/1/2024,Thu,FALSE,4,Night,7,0,6,14.2,0.56,4.31,0,0.857
2/1/2024,Thu,FALSE,5,Night,7,0,5,19.2,1.36,8.62,0,0.714
2/1/2024,Thu,FALSE,6,Morning,10,0,9,28.8,1.28,20.11,0,0.9
2/1/2024,Thu,FALSE,7,Morning,30,1,25,170.6,2.18,31.6,0.033,0.833
2/1/2024,Thu,FALSE,8,Morning,39,4,33,193,0.4,43.09,0.103,0.846
2/1/2024,Thu,FALSE,9,Morning,52,8,37,187.8,5.21,51.7,0.154,0.712
2/1/2024,Thu,FALSE,10,Morning,60,4,46,304.2,0.52,60.32,0.067,0.767
2/1/2024,Thu,FALSE,11,Morning,57,2,48,254.1,2.73,57.45,0.035,0.842
2/1/2024,Thu,FALSE,12,Morning,42,3,35,185.1,6.38,45.96,0.071,0.833
2/1/2024,Thu,FALSE,13,Morning,39,3,31,172.9,7.86,48.83,0.077,0.795
2/1/2024,Thu,FALSE,14,Evening,65,3,53,312.4,4.26,57.45,0.046,0.815
2/1/2024,Thu,FALSE,15,Evening,55,7,43,255.1,0.7,54.57,0.127,0.782
2/1/2024,Thu,FALSE,16,Evening,49,7,36,245.8,2.79,48.83,0.143,0.735
2/1/2024,Thu,FALSE,17,Evening,37,3,30,169.5,0.81,40.21,0.081,0.811
2/1/2024,Thu,FALSE,18,Evening,27,5,20,102,1.95,31.6,0.185,0.741
2/1/2024,Thu,FALSE,19,Evening,23,1,22,85.5,1.21,25.85,0.043,0.957
2/1/2024,Thu,FALSE,20,Night,23,0,19,67.2,2.34,20.11,0,0.826
2/1/2024,Thu,FALSE,21,Night,20,4,14,71.4,1.45,17.23,0.2,0.7
2/1/2024,Thu,FALSE,22,Night,13,2,9,92.3,0.23,14.36,0.154,0.692
2/1/2024,Thu,FALSE,23,Night,10,1,8,46,0.93,11.49,0.1,0.8
2/2/2024,Fri,FALSE,0,Night,11,1,10,69.4,1.49,8.62,0.091,0.909
2/2/2024,Fri,FALSE,1,Night,1,0,1,0.3,0.19,5.75,0,1
2/2/2024,Fri,FALSE,2,Night,2,0,2,7.8,0.08,4.31,0,1
2/2/2024,Fri,FALSE,3,Night,3,0,3,19.4,0.45,3.45,0,1
2/2/2024,Fri,FALSE,4,Night,1,1,0,6.4,0.38,4.31,1,0
2/2/2024,Fri,FALSE,5,Night,8,0,7,35.4,0.49,8.62,0,0.875
2/2/2024,Fri,FALSE,6,Morning,26,2,20,90.3,5.03,20.12,0.077,0.769
2/2/2024,Fri,FALSE,7,Morning,28,1,22,96.9,2.78,31.62,0.036,0.786
2/2/2024,Fri,FALSE,8,Morning,47,4,37,191.5,1.25,43.12,0.085,0.787
2/2/2024,Fri,FALSE,9,Morning,40,6,28,148.9,2.32,51.74,0.15,0.7
2/2/2024,Fri,FALSE,10,Morning,59,10,41,266.4,5.48,60.37,0.169,0.695
2/2/2024,Fri,FALSE,11,Morning,58,6,44,224.8,0.93,57.49,0.103,0.759
2/2/2024,Fri,FALSE,12,Morning,53,3,44,245.4,0.56,45.99,0.057,0.83
2/2/2024,Fri,FALSE,13,Morning,54,3,45,242.7,5.49,48.87,0.056,0.833
2/2/2024,Fri,FALSE,14,Evening,54,5,42,259.9,2.89,57.49,0.093,0.778
2/2/2024,Fri,FALSE,15,Evening,49,4,41,298.4,0.29,54.62,0.082,0.837
2/2/2024,Fri,FALSE,16,Evening,57,4,44,181.7,2.11,48.87,0.07,0.772
2/2/2024,Fri,FALSE,17,Evening,42,2,36,244.1,1.57,40.25,0.048,0.857
2/2/2024,Fri,FALSE,18,Evening,27,4,20,78.9,1,31.62,0.148,0.741
2/2/2024,Fri,FALSE,19,Evening,24,1,22,102.2,1.46,25.87,0.042,0.917
2/2/2024,Fri,FALSE,20,Night,21,2,17,75,0.49,20.12,0.095,0.81
2/2/2024,Fri,FALSE,21,Night,18,3,13,91.2,0.26,17.25,0.167,0.722
2/2/2024,Fri,FALSE,22,Night,14,0,11,55.7,0.07,14.37,0,0.786
2/2/2024,Fri,FALSE,23,Night,15,2,9,70.1,0.45,11.5,0.133,0.6
2/3/2024,Sat,TRUE,0,Night,4,0,2,13.7,1.33,4.75,0,0.5
2/3/2024,Sat,TRUE,1,Night,3,0,3,8.6,0.04,3.16,0,1
2/3/2024,Sat,TRUE,2,Night,1,0,1,5.8,1.01,2.37,0,1
2/3/2024,Sat,TRUE,3,Night,1,1,0,2.2,0.17,1.9,1,0
2/3/2024,Sat,TRUE,4,Night,3,0,3,15.5,0.38,2.37,0,1
2/3/2024,Sat,TRUE,5,Night,5,0,5,11,0.21,4.75,0,1
2/3/2024,Sat,TRUE,6,Morning,13,1,8,74.3,0.64,11.08,0.077,0.615
2/3/2024,Sat,TRUE,7,Morning,19,1,16,90,2.18,17.41,0.053,0.842
2/3/2024,Sat,TRUE,8,Morning,25,2,17,90.2,0.81,23.74,0.08,0.68
2/3/2024,Sat,TRUE,9,Morning,33,2,29,168.8,2.2,28.48,0.061,0.879
2/3/2024,Sat,TRUE,10,Morning,39,2,34,181.7,17.18,33.23,0.051,0.872
2/3/2024,Sat,TRUE,11,Morning,29,1,26,172,2.11,31.65,0.034,0.897
2/3/2024,Sat,TRUE,12,Morning,19,4,14,81.3,0.1,25.32,0.211,0.737
2/3/2024,Sat,TRUE,13,Morning,29,0,27,134,4.24,26.9,0,0.931
2/3/2024,Sat,TRUE,14,Evening,29,3,26,141.5,10.19,31.65,0.103,0.897
2/3/2024,Sat,TRUE,15,Evening,25,3,22,108.1,7.49,30.06,0.12,0.88
2/3/2024,Sat,TRUE,16,Evening,22,0,20,105.8,6.5,26.9,0,0.909
2/3/2024,Sat,TRUE,17,Evening,19,2,15,93,0.41,22.15,0.105,0.789
2/3/2024,Sat,TRUE,18,Evening,27,5,22,93.7,0.62,17.41,0.185,0.815
2/3/2024,Sat,TRUE,19,Evening,12,1,9,65.8,0.36,14.24,0.083,0.75
2/3/2024,Sat,TRUE,20,Night,11,1,9,70.4,1.66,11.08,0.091,0.818
2/3/2024,Sat,TRUE,21,Night,8,0,7,30.2,1.11,9.49,0,0.875
2/3/2024,Sat,TRUE,22,Night,8,0,7,39.1,1,7.91,0,0.875
2/3/2024,Sat,TRUE,23,Night,4,0,3,12.6,0.08,6.33,0,0.75
2/4/2024,Sun,TRUE,0,Night,4,2,2,40.7,1.37,4.75,0.5,0.5
2/4/2024,Sun,TRUE,1,Night,3,0,3,8.4,0.72,3.17,0,1
2/4/2024,Sun,TRUE,2,Night,0,0,0,0,0,2.38,0,0
2/4/2024,Sun,TRUE,3,Night,1,0,1,1.5,0.19,1.9,0,1
2/4/2024,Sun,TRUE,4,Night,1,0,1,0.6,0.04,2.38,0,1
2/4/2024,Sun,TRUE,5,Night,8,0,6,34.8,1.56,4.75,0,0.75
2/4/2024,Sun,TRUE,6,Morning,9,1,8,35.1,1.38,11.09,0.111,0.889
2/4/2024,Sun,TRUE,7,Morning,14,2,9,54.8,0.34,17.42,0.143,0.643
2/4/2024,Sun,TRUE,8,Morning,20,0,17,59.1,2.91,23.75,0,0.85
2/4/2024,Sun,TRUE,9,Morning,26,4,17,98.1,5.27,28.51,0.154,0.654
2/4/2024,Sun,TRUE,10,Morning,39,5,31,157.2,0.1,33.26,0.128,0.795
2/4/2024,Sun,TRUE,11,Morning,28,3,24,129.8,4.11,31.67,0.107,0.857
2/4/2024,Sun,TRUE,12,Morning,34,3,23,171.7,1.78,25.34,0.088,0.676
2/4/2024,Sun,TRUE,13,Morning,18,0,17,61.1,1.82,26.92,0,0.944
2/4/2024,Sun,TRUE,14,Evening,34,2,27,199.2,11.87,31.67,0.059,0.794
2/4/2024,Sun,TRUE,15,Evening,28,4,19,129.1,4.41,30.09,0.143,0.679
2/4/2024,Sun,TRUE,16,Evening,34,3,30,191.7,1.22,26.92,0.088,0.882
2/4/2024,Sun,TRUE,17,Evening,30,4,24,120.6,2.13,22.17,0.133,0.8
2/4/2024,Sun,TRUE,18,Evening,19,0,19,89.3,2.25,17.42,0,1
2/4/2024,Sun,TRUE,19,Evening,13,0,11,35.4,0.37,14.25,0,0.846
2/4/2024,Sun,TRUE,20,Night,12,0,12,53.4,2.57,11.09,0,1
2/4/2024,Sun,TRUE,21,Night,6,0,4,42.9,2.54,9.5,0,0.667
2/4/2024,Sun,TRUE,22,Night,12,0,12,47.9,0.76,7.92,0,1
2/4/2024,Sun,TRUE,23,Night,7,0,6,29.4,0.85,6.33,0,0.857
2/5/2024,Mon,FALSE,0,Night,9,1,7,28.9,0.5,8.64,0.111,0.778
2/5/2024,Mon,FALSE,1,Night,7,0,7,29.9,1.12,5.76,0,1
2/5/2024,Mon,FALSE,2,Night,3,0,3,30.2,0.12,4.32,0,1
2/5/2024,Mon,FALSE,3,Night,1,1,0,1.8,0.14,3.46,1,0
2/5/2024,Mon,FALSE,4,Night,6,0,6,20.3,0.01,4.32,0,1
2/5/2024,Mon,FALSE,5,Night,9,1,7,29.6,0.98,8.64,0.111,0.778
2/5/2024,Mon,FALSE,6,Morning,22,2,17,92,1.65,20.17,0.091,0.773
2/5/2024,Mon,FALSE,7,Morning,26,3,19,107.7,4.14,31.7,0.115,0.731
2/5/2024,Mon,FALSE,8,Morning,41,7,27,182.3,4.2,43.22,0.171,0.659
2/5/2024,Mon,FALSE,9,Morning,51,1,45,235.9,7.3,51.87,0.02,0.882
2/5/2024,Mon,FALSE,10,Morning,81,5,72,258.1,12.16,60.52,0.062,0.889
2/5/2024,Mon,FALSE,11,Morning,55,5,45,197.2,7.64,57.63,0.091,0.818
2/5/2024,Mon,FALSE,12,Morning,34,1,27,116.5,5.87,46.11,0.029,0.794
2/5/2024,Mon,FALSE,13,Morning,61,6,52,244.7,4.63,48.99,0.098,0.852
2/5/2024,Mon,FALSE,14,Evening,62,5,49,312.8,5.87,57.63,0.081,0.79
2/5/2024,Mon,FALSE,15,Evening,56,6,46,231.7,9.86,54.75,0.107,0.821
2/5/2024,Mon,FALSE,16,Evening,47,7,34,202.2,1.63,48.99,0.149,0.723
2/5/2024,Mon,FALSE,17,Evening,46,0,39,178.6,3.11,40.34,0,0.848
2/5/2024,Mon,FALSE,18,Evening,28,1,22,99.7,2.01,31.7,0.036,0.786
2/5/2024,Mon,FALSE,19,Evening,24,4,17,88.3,0.41,25.93,0.167,0.708
2/5/2024,Mon,FALSE,20,Night,24,4,17,89.9,4.59,20.17,0.167,0.708
2/5/2024,Mon,FALSE,21,Night,19,1,17,83.4,1.14,17.29,0.053,0.895
2/5/2024,Mon,FALSE,22,Night,19,1,18,57.2,0.56,14.41,0.053,0.947
2/5/2024,Mon,FALSE,23,Night,9,1,7,23.3,3.24,11.53,0.111,0.778
2/6/2024,Tue,FALSE,0,Night,9,1,7,32.8,0.4,8.65,0.111,0.778
2/6/2024,Tue,FALSE,1,Night,4,1,3,18.2,0.15,5.77,0.25,0.75
2/6/2024,Tue,FALSE,2,Night,4,0,4,9,0.14,4.33,0,1
2/6/2024,Tue,FALSE,3,Night,3,0,2,7.3,0.35,3.46,0,0.667
2/6/2024,Tue,FALSE,4,Night,4,0,4,16.2,0.59,4.33,0,1
2/6/2024,Tue,FALSE,5,Night,5,0,4,19.2,0.19,8.65,0,0.8
2/6/2024,Tue,FALSE,6,Morning,22,5,15,102.4,0.78,20.19,0.227,0.682
2/6/2024,Tue,FALSE,7,Morning,43,3,37,195.5,11.98,31.72,0.07,0.86
2/6/2024,Tue,FALSE,8,Morning,35,2,29,142.8,2.03,43.26,0.057,0.829
2/6/2024,Tue,FALSE,9,Morning,50,6,36,210,4.29,51.91,0.12,0.72
2/6/2024,Tue,FALSE,10,Morning,49,5,40,167.8,8.99,60.56,0.102,0.816
2/6/2024,Tue,FALSE,11,Morning,60,7,44,245.4,7.21,57.68,0.117,0.733
2/6/2024,Tue,FALSE,12,Morning,40,2,31,185.4,0.46,46.14,0.05,0.775
2/6/2024,Tue,FALSE,13,Morning,51,2,40,229,4.11,49.03,0.039,0.784
2/6/2024,Tue,FALSE,14,Evening,47,8,37,171.9,1.44,57.68,0.17,0.787
2/6/2024,Tue,FALSE,15,Evening,51,1,40,267.5,1.12,54.8,0.02,0.784
2/6/2024,Tue,FALSE,16,Evening,51,5,40,208.4,2.2,49.03,0.098,0.784
2/6/2024,Tue,FALSE,17,Evening,41,4,30,165.7,4.28,40.38,0.098,0.732
2/6/2024,Tue,FALSE,18,Evening,37,2,27,130,2.34,31.72,0.054,0.73
2/6/2024,Tue,FALSE,19,Evening,38,4,29,168.1,3.39,25.96,0.105,0.763
2/6/2024,Tue,FALSE,20,Night,12,1,11,46.5,0.65,20.19,0.083,0.917
2/6/2024,Tue,FALSE,21,Night,16,0,14,62.4,0.05,17.3,0,0.875
2/6/2024,Tue,FALSE,22,Night,10,1,7,28.1,0.55,14.42,0.1,0.7
2/6/2024,Tue,FALSE,23,Night,11,2,8,52.9,0.41,11.54,0.182,0.727
2/7/2024,Wed,FALSE,0,Night,8,1,5,36.7,1.01,8.66,0.125,0.625
2/7/2024,Wed,FALSE,1,Night,8,0,7,16.9,0.81,5.77,0,0.875
2/7/2024,Wed,FALSE,2,Night,1,1,0,2.2,0.92,4.33,1,0
2/7/2024,Wed,FALSE,3,Night,2,0,1,31.5,0.5,3.46,0,0.5
2/7/2024,Wed,FALSE,4,Night,8,0,7,52.4,0.25,4.33,0,0.875
2/7/2024,Wed,FALSE,5,Night,5,2,2,13.4,1.02,8.66,0.4,0.4
2/7/2024,Wed,FALSE,6,Morning,18,1,15,49,1.55,20.2,0.056,0.833
2/7/2024,Wed,FALSE,7,Morning,30,4,23,113.1,1.05,31.75,0.133,0.767
2/7/2024,Wed,FALSE,8,Morning,44,1,36,163.7,0.44,43.29,0.023,0.818
2/7/2024,Wed,FALSE,9,Morning,58,5,45,218.9,1.83,51.95,0.086,0.776
2/7/2024,Wed,FALSE,10,Morning,70,5,53,292.7,0.34,60.61,0.071,0.757
2/7/2024,Wed,FALSE,11,Morning,63,5,52,245.9,1.25,57.73,0.079,0.825
2/7/2024,Wed,FALSE,12,Morning,40,4,34,195.2,2.21,46.18,0.1,0.85
2/7/2024,Wed,FALSE,13,Morning,63,6,51,324.5,1.6,49.07,0.095,0.81
2/7/2024,Wed,FALSE,14,Evening,48,5,40,191.4,2.97,57.73,0.104,0.833
2/7/2024,Wed,FALSE,15,Evening,71,6,57,347.2,8.65,54.84,0.085,0.803
2/7/2024,Wed,FALSE,16,Evening,56,1,52,283.9,1.45,49.07,0.018,0.929
2/7/2024,Wed,FALSE,17,Evening,43,4,34,185.5,1.56,40.41,0.093,0.791
2/7/2024,Wed,FALSE,18,Evening,30,1,26,89,0.72,31.75,0.033,0.867
2/7/2024,Wed,FALSE,19,Evening,18,0,16,131,1.56,25.98,0,0.889
2/7/2024,Wed,FALSE,20,Night,20,0,16,67.4,2.26,20.2,0,0.8
2/7/2024,Wed,FALSE,21,Night,12,0,10,81.5,1.43,17.32,0,0.833
2/7/2024,Wed,FALSE,22,Night,10,2,7,46,0.48,14.43,0.2,0.7
2/7/2024,Wed,FALSE,23,Night,13,2,11,36.1,0.26,11.55,0.154,0.846
2/8/2024,Thu,FALSE,0,Night,8,1,6,23.6,0.11,8.67,0.125,0.75
2/8/2024,Thu,FALSE,1,Night,4,0,4,23.5,0.39,5.78,0,1
2/8/2024,Thu,FALSE,2,Night,8,0,6,30.8,0.48,4.33,0,0.75
2/8/2024,Thu,FALSE,3,Night,3,0,3,20.9,1.12,3.47,0,1
2/8/2024,Thu,FALSE,4,Night,3,0,3,5.4,0.13,4.33,0,1
2/8/2024,Thu,FALSE,5,Night,10,2,8,30.7,0.66,8.67,0.2,0.8
2/8/2024,Thu,FALSE,6,Morning,36,1,31,152.5,0.29,20.22,0.028,0.861
2/8/2024,Thu,FALSE,7,Morning,18,2,16,53.4,6.78,31.78,0.111,0.889
2/8/2024,Thu,FALSE,8,Morning,39,5,27,183.4,2.73,43.33,0.128,0.692
2/8/2024,Thu,FALSE,9,Morning,51,6,41,220.3,3.08,52,0.118,0.804
2/8/2024,Thu,FALSE,10,Morning,55,2,42,273,2.38,60.66,0.036,0.764
2/8/2024,Thu,FALSE,11,Morning,66,5,51,284,6.36,57.77,0.076,0.773
2/8/2024,Thu,FALSE,12,Morning,52,6,41,254.1,6.08,46.22,0.115,0.788
2/8/2024,Thu,FALSE,13,Morning,56,2,50,267.3,4.22,49.11,0.036,0.893
2/8/2024,Thu,FALSE,14,Evening,49,3,40,195.5,1.76,57.77,0.061,0.816
2/8/2024,Thu,FALSE,15,Evening,63,4,48,319.5,1.35,54.88,0.063,0.762
2/8/2024,Thu,FALSE,16,Evening,43,8,30,146.7,0.49,49.11,0.186,0.698
2/8/2024,Thu,FALSE,17,Evening,54,8,38,267.3,9.27,40.44,0.148,0.704
2/8/2024,Thu,FALSE,18,Evening,36,2,30,151.6,0.21,31.78,0.056,0.833
2/8/2024,Thu,FALSE,19,Evening,38,4,33,154.2,0.39,26,0.105,0.868
2/8/2024,Thu,FALSE,20,Night,20,1,16,90.1,4.54,20.22,0.05,0.8
2/8/2024,Thu,FALSE,21,Night,17,3,12,76.5,0.68,17.33,0.176,0.706
2/8/2024,Thu,FALSE,22,Night,14,2,12,32.3,0.46,14.44,0.143,0.857
2/8/2024,Thu,FALSE,23,Night,7,0,6,33,0.6,11.55,0,0.857
2/9/2024,Fri,FALSE,0,Night,12,1,8,66,0.07,8.67,0.083,0.667
2/9/2024,Fri,FALSE,1,Night,6,1,5,42.9,0.61,5.78,0.167,0.833
2/9/2024,Fri,FALSE,2,Night,8,0,7,35,0.52,4.34,0,0.875
2/9/2024,Fri,FALSE,3,Night,2,0,2,5.4,0.21,3.47,0,1
2/9/2024,Fri,FALSE,4,Night,3,0,2,22.8,0.38,4.34,0,0.667
2/9/2024,Fri,FALSE,5,Night,5,0,4,15.8,0.3,8.67,0,0.8
2/9/2024,Fri,FALSE,6,Morning,24,2,18,132.3,0.12,20.24,0.083,0.75
2/9/2024,Fri,FALSE,7,Morning,34,5,27,160.7,0.53,31.8,0.147,0.794
2/9/2024,Fri,FALSE,8,Morning,48,1,41,257.9,1.56,43.37,0.021,0.854
2/9/2024,Fri,FALSE,9,Morning,54,3,42,315.7,0.21,52.04,0.056,0.778
2/9/2024,Fri,FALSE,10,Morning,62,6,46,269.9,0.71,60.71,0.097,0.742
2/9/2024,Fri,FALSE,11,Morning,54,8,41,249.8,5.37,57.82,0.148,0.759
2/9/2024,Fri,FALSE,12,Morning,51,6,40,199.1,8.31,46.26,0.118,0.784
2/9/2024,Fri,FALSE,13,Morning,34,3,29,159.9,4.42,49.15,0.088,0.853
2/9/2024,Fri,FALSE,14,Evening,66,7,54,319.3,0.43,57.82,0.106,0.818
2/9/2024,Fri,FALSE,15,Evening,70,4,59,325.2,7.32,54.93,0.057,0.843
2/9/2024,Fri,FALSE,16,Evening,59,4,50,300.4,6.03,49.15,0.068,0.847
2/9/2024,Fri,FALSE,17,Evening,50,5,35,235.5,0.04,40.47,0.1,0.7
2/9/2024,Fri,FALSE,18,Evening,26,3,20,129.8,8.12,31.8,0.115,0.769
2/9/2024,Fri,FALSE,19,Evening,24,1,19,65.1,1.46,26.02,0.042,0.792
2/9/2024,Fri,FALSE,20,Night,20,1,17,80,1.3,20.24,0.05,0.85
2/9/2024,Fri,FALSE,21,Night,16,2,11,83.8,0.65,17.35,0.125,0.688
2/9/2024,Fri,FALSE,22,Night,18,1,14,99.3,1.24,14.46,0.056,0.778
2/9/2024,Fri,FALSE,23,Night,6,1,5,31,0.87,11.56,0.167,0.833
2/10/2024,Sat,TRUE,0,Night,2,0,2,2.4,0.13,4.77,0,1
2/10/2024,Sat,TRUE,1,Night,3,1,2,7,0.33,3.18,0.333,0.667
2/10/2024,Sat,TRUE,2,Night,3,0,3,7.7,0.53,2.39,0,1
2/10/2024,Sat,TRUE,3,Night,1,1,0,3.3,0.05,1.91,1,0
2/10/2024,Sat,TRUE,4,Night,3,0,3,11.9,0.38,2.39,0,1
2/10/2024,Sat,TRUE,5,Night,5,0,3,25,0.13,4.77,0,0.6
2/10/2024,Sat,TRUE,6,Morning,11,0,9,65.6,4.18,11.14,0,0.818
2/10/2024,Sat,TRUE,7,Morning,18,1,16,65.8,0.24,17.5,0.056,0.889
2/10/2024,Sat,TRUE,8,Morning,26,1,22,124.7,0.66,23.87,0.038,0.846
2/10/2024,Sat,TRUE,9,Morning,22,0,16,132.1,1.3,28.64,0,0.727
2/10/2024,Sat,TRUE,10,Morning,35,1,29,152.3,23.48,33.42,0.029,0.829
2/10/2024,Sat,TRUE,11,Morning,35,3,23,162.4,0.11,31.83,0.086,0.657
2/10/2024,Sat,TRUE,12,Morning,30,3,26,138.7,3.13,25.46,0.1,0.867
2/10/2024,Sat,TRUE,13,Morning,34,1,29,166.6,0.76,27.05,0.029,0.853
2/10/2024,Sat,TRUE,14,Evening,24,1,20,87.7,8.69,31.83,0.042,0.833
2/10/2024,Sat,TRUE,15,Evening,25,2,22,120.9,14.81,30.24,0.08,0.88
2/10/2024,Sat,TRUE,16,Evening,26,2,20,100.4,2.33,27.05,0.077,0.769
2/10/2024,Sat,TRUE,17,Evening,30,3,24,129.8,3.69,22.28,0.1,0.8
2/10/2024,Sat,TRUE,18,Evening,19,1,17,69.1,2.9,17.5,0.053,0.895
2/10/2024,Sat,TRUE,19,Evening,11,0,9,35.1,3.01,14.32,0,0.818
2/10/2024,Sat,TRUE,20,Night,7,1,5,32.7,0.09,11.14,0.143,0.714
2/10/2024,Sat,TRUE,21,Night,8,0,8,54.9,1,9.55,0,1
2/10/2024,Sat,TRUE,22,Night,5,1,3,34.6,1.37,7.96,0.2,0.6
2/10/2024,Sat,TRUE,23,Night,4,0,4,12.9,0.28,6.37,0,1
2/11/2024,Sun,TRUE,0,Night,5,1,3,41.2,2.09,4.78,0.2,0.6
2/11/2024,Sun,TRUE,1,Night,6,0,5,15.1,0.64,3.19,0,0.833
2/11/2024,Sun,TRUE,2,Night,2,0,2,2.8,0.67,2.39,0,1
2/11/2024,Sun,TRUE,3,Night,2,0,2,4.3,0.23,1.91,0,1
2/11/2024,Sun,TRUE,4,Night,2,0,0,16.4,0.11,2.39,0,0
2/11/2024,Sun,TRUE,5,Night,5,1,4,45.3,0.04,4.78,0.2,0.8
2/11/2024,Sun,TRUE,6,Morning,13,2,9,55.8,1.81,11.15,0.154,0.692
2/11/2024,Sun,TRUE,7,Morning,18,4,12,110.2,2.45,17.52,0.222,0.667
2/11/2024,Sun,TRUE,8,Morning,25,1,22,113.5,4.74,23.89,0.04,0.88
2/11/2024,Sun,TRUE,9,Morning,16,1,13,49.4,10.12,28.67,0.062,0.812
2/11/2024,Sun,TRUE,10,Morning,34,1,30,120.3,1.31,33.44,0.029,0.882
2/11/2024,Sun,TRUE,11,Morning,39,3,35,203.9,0.33,31.85,0.077,0.897
2/11/2024,Sun,TRUE,12,Morning,41,5,30,179.9,5.39,25.48,0.122,0.732
2/11/2024,Sun,TRUE,13,Morning,33,1,29,130,2.43,27.07,0.03,0.879
2/11/2024,Sun,TRUE,14,Evening,33,7,22,120.8,2.41,31.85,0.212,0.667
2/11/2024,Sun,TRUE,15,Evening,35,2,31,114.2,3.59,30.26,0.057,0.886
2/11/2024,Sun,TRUE,16,Evening,31,4,24,163.6,8.38,27.07,0.129,0.774
2/11/2024,Sun,TRUE,17,Evening,27,3,23,150.1,1.48,22.3,0.111,0.852
2/11/2024,Sun,TRUE,18,Evening,17,1,16,62.2,1.61,17.52,0.059,0.941
2/11/2024,Sun,TRUE,19,Evening,11,1,9,39,0.04,14.33,0.091,0.818
2/11/2024,Sun,TRUE,20,Night,13,0,11,65.8,10.13,11.15,0,0.846
2/11/2024,Sun,TRUE,21,Night,11,3,8,41.7,1.5,9.56,0.273,0.727
2/11/2024,Sun,TRUE,22,Night,8,2,5,47.4,0.72,7.96,0.25,0.625
2/11/2024,Sun,TRUE,23,Night,9,0,9,26.5,0.14,6.37,0,1
2/12/2024,Mon,FALSE,0,Night,19,2,14,113.7,0.57,8.69,0.105,0.737
2/12/2024,Mon,FALSE,1,Night,9,2,6,33.7,0.09,5.8,0.222,0.667
2/12/2024,Mon,FALSE,2,Night,4,0,3,9.2,0.23,4.35,0,0.75
2/12/2024,Mon,FALSE,3,Night,3,1,2,6.9,0.26,3.48,0.333,0.667
2/12/2024,Mon,FALSE,4,Night,6,0,5,22.5,0.47,4.35,0,0.833
2/12/2024,Mon,FALSE,5,Night,12,2,10,54.9,0.99,8.69,0.167,0.833
2/12/2024,Mon,FALSE,6,Morning,24,1,21,82.2,0.19,20.29,0.042,0.875
2/12/2024,Mon,FALSE,7,Morning,34,4,25,164.3,0.25,31.88,0.118,0.735
2/12/2024,Mon,FALSE,8,Morning,45,4,33,180.5,5.01,43.47,0.089,0.733
2/12/2024,Mon,FALSE,9,Morning,45,0,37,214.6,2.81,52.16,0,0.822
2/12/2024,Mon,FALSE,10,Morning,66,7,52,324.9,2.87,60.86,0.106,0.788
2/12/2024,Mon,FALSE,11,Morning,51,10,37,232.5,4.14,57.96,0.196,0.725
2/12/2024,Mon,FALSE,12,Morning,50,6,36,213.9,0.29,46.37,0.12,0.72
2/12/2024,Mon,FALSE,13,Morning,53,1,48,282,1.97,49.27,0.019,0.906
2/12/2024,Mon,FALSE,14,Evening,60,7,41,236.5,1.24,57.96,0.117,0.683
2/12/2024,Mon,FALSE,15,Evening,55,5,46,213.8,0.64,55.06,0.091,0.836
2/12/2024,Mon,FALSE,16,Evening,51,8,35,187.5,4.52,49.27,0.157,0.686
2/12/2024,Mon,FALSE,17,Evening,44,3,35,213.2,2.12,40.57,0.068,0.795
2/12/2024,Mon,FALSE,18,Evening,39,3,33,199.9,3.21,31.88,0.077,0.846
2/12/2024,Mon,FALSE,19,Evening,24,1,19,104.1,0.12,26.08,0.042,0.792
2/12/2024,Mon,FALSE,20,Night,22,1,18,91.3,0.34,20.29,0.045,0.818
2/12/2024,Mon,FALSE,21,Night,19,2,15,78.4,1.31,17.39,0.105,0.789
2/12/2024,Mon,FALSE,22,Night,13,0,12,39.9,0.16,14.49,0,0.923
2/12/2024,Mon,FALSE,23,Night,10,0,8,63.1,0.98,11.59,0,0.8
2/13/2024,Tue,FALSE,0,Night,7,1,6,26.6,0.03,8.7,0.143,0.857
2/13/2024,Tue,FALSE,1,Night,3,0,3,9.2,0.18,5.8,0,1
2/13/2024,Tue,FALSE,2,Night,6,0,4,30.5,0.49,4.35,0,0.667
2/13/2024,Tue,FALSE,3,Night,7,0,5,34,0.02,3.48,0,0.714
2/13/2024,Tue,FALSE,4,Night,9,3,6,44.8,0.12,4.35,0.333,0.667
2/13/2024,Tue,FALSE,5,Night,8,3,5,23.5,0.64,8.7,0.375,0.625
2/13/2024,Tue,FALSE,6,Morning,15,1,12,60.6,1.77,20.3,0.067,0.8
2/13/2024,Tue,FALSE,7,Morning,32,1,25,169.2,0.88,31.9,0.031,0.781
2/13/2024,Tue,FALSE,8,Morning,38,1,34,196.8,8.83,43.51,0.026,0.895
2/13/2024,Tue,FALSE,9,Morning,52,1,43,271.3,1.41,52.21,0.019,0.827
2/13/2024,Tue,FALSE,10,Morning,62,4,45,238.4,5.7,60.91,0.065,0.726
2/13/2024,Tue,FALSE,11,Morning,61,2,53,262.2,1.84,58.01,0.033,0.869
2/13/2024,Tue,FALSE,12,Morning,44,3,35,164,6.14,46.41,0.068,0.795
2/13/2024,Tue,FALSE,13,Morning,46,4,39,172.3,3.48,49.31,0.087,0.848
2/13/2024,Tue,FALSE,14,Evening,57,2,49,180.9,2.17,58.01,0.035,0.86
2/13/2024,Tue,FALSE,15,Evening,51,3,42,223.7,0.18,55.11,0.059,0.824
2/13/2024,Tue,FALSE,16,Evening,45,2,39,223.5,3.76,49.31,0.044,0.867
2/13/2024,Tue,FALSE,17,Evening,34,5,27,180.1,1.02,40.6,0.147,0.794
2/13/2024,Tue,FALSE,18,Evening,33,0,27,148.2,1.68,31.9,0,0.818
2/13/2024,Tue,FALSE,19,Evening,27,1,22,137.1,6.93,26.1,0.037,0.815
2/13/2024,Tue,FALSE,20,Night,26,3,17,95.4,0.09,20.3,0.115,0.654
2/13/2024,Tue,FALSE,21,Night,18,2,14,37.5,2.45,17.4,0.111,0.778
2/13/2024,Tue,FALSE,22,Night,11,1,8,42.4,1.47,14.5,0.091,0.727
2/13/2024,Tue,FALSE,23,Night,10,0,9,35.3,0.59,11.6,0,0.9
2/14/2024,Wed,FALSE,0,Night,8,0,7,32,0.27,8.71,0,0.875
2/14/2024,Wed,FALSE,1,Night,7,1,4,17,0.17,5.81,0.143,0.571
2/14/2024,Wed,FALSE,2,Night,2,0,2,3.5,0.16,4.35,0,1
2/14/2024,Wed,FALSE,3,Night,3,0,2,14.5,0,3.48,0,0.667
2/14/2024,Wed,FALSE,4,Night,3,1,2,11.7,0.01,4.35,0.333,0.667
2/14/2024,Wed,FALSE,5,Night,5,0,4,54.9,0.46,8.71,0,0.8
2/14/2024,Wed,FALSE,6,Morning,27,2,22,167.7,3.21,20.32,0.074,0.815
2/14/2024,Wed,FALSE,7,Morning,36,4,30,136.8,5.01,31.93,0.111,0.833
2/14/2024,Wed,FALSE,8,Morning,48,5,34,238.9,1.18,43.54,0.104,0.708
2/14/2024,Wed,FALSE,9,Morning,48,5,38,250.7,0.86,52.25,0.104,0.792
2/14/2024,Wed,FALSE,10,Morning,67,4,57,292.9,6.91,60.96,0.06,0.851
2/14/2024,Wed,FALSE,11,Morning,58,8,43,224.3,7.11,58.05,0.138,0.741
2/14/2024,Wed,FALSE,12,Morning,51,5,43,244.2,0.87,46.44,0.098,0.843
2/14/2024,Wed,FALSE,13,Morning,46,5,35,209.4,1.44,49.35,0.109,0.761
2/14/2024,Wed,FALSE,14,Evening,59,4,46,248.9,10.33,58.05,0.068,0.78
2/14/2024,Wed,FALSE,15,Evening,67,5,57,275.8,0.91,55.15,0.075,0.851
2/14/2024,Wed,FALSE,16,Evening,60,6,46,305.7,0.7,49.35,0.1,0.767
2/14/2024,Wed,FALSE,17,Evening,39,1,33,186.4,8.16,40.64,0.026,0.846
2/14/2024,Wed,FALSE,18,Evening,35,1,31,155.6,6.07,31.93,0.029,0.886
2/14/2024,Wed,FALSE,19,Evening,26,2,21,96.6,5.2,26.12,0.077,0.808
2/14/2024,Wed,FALSE,20,Night,17,1,14,94.7,2.37,20.32,0.059,0.824
2/14/2024,Wed,FALSE,21,Night,18,1,12,61.7,1.21,17.42,0.056,0.667
2/14/2024,Wed,FALSE,22,Night,13,1,9,45.2,0.12,14.51,0.077,0.692
2/14/2024,Wed,FALSE,23,Night,9,2,7,40.5,1.6,11.61,0.222,0.778
2/15/2024,Thu,FALSE,0,Night,7,0,6,30.2,0.63,8.72,0,0.857
2/15/2024,Thu,FALSE,1,Night,4,1,3,16.1,0.16,5.81,0.25,0.75
2/15/2024,Thu,FALSE,2,Night,4,0,4,16.8,0.28,4.36,0,1
2/15/2024,Thu,FALSE,3,Night,4,0,4,13.7,0.25,3.49,0,1
2/15/2024,Thu,FALSE,4,Night,3,0,3,9.5,0.28,4.36,0,1
2/15/2024,Thu,FALSE,5,Night,7,0,7,21,0.09,8.72,0,1
2/15/2024,Thu,FALSE,6,Morning,25,1,22,106.4,1.42,20.34,0.04,0.88
2/15/2024,Thu,FALSE,7,Morning,43,0,35,183.4,0.34,31.96,0,0.814
2/15/2024,Thu,FALSE,8,Morning,43,2,34,176.4,0.37,43.58,0.047,0.791
2/15/2024,Thu,FALSE,9,Morning,58,4,50,344.5,2.86,52.29,0.069,0.862
2/15/2024,Thu,FALSE,10,Morning,54,0,44,207.7,4.99,61.01,0,0.815
2/15/2024,Thu,FALSE,11,Morning,55,2,47,327.2,0.48,58.1,0.036,0.855
2/15/2024,Thu,FALSE,12,Morning,41,2,36,203,11.28,46.48,0.049,0.878
2/15/2024,Thu,FALSE,13,Morning,46,4,38,185.3,4.33,49.39,0.087,0.826
2/15/2024,Thu,FALSE,14,Evening,61,8,47,296.3,3.27,58.1,0.131,0.77
2/15/2024,Thu,FALSE,15,Evening,60,6,42,283.4,1.56,55.2,0.1,0.7
2/15/2024,Thu,FALSE,16,Evening,47,6,34,213,0.61,49.39,0.128,0.723
2/15/2024,Thu,FALSE,17,Evening,36,1,30,179.9,1.4,40.67,0.028,0.833
2/15/2024,Thu,FALSE,18,Evening,30,3,25,117.3,4.78,31.96,0.1,0.833
2/15/2024,Thu,FALSE,19,Evening,28,1,23,92.3,2.47,26.15,0.036,0.821
2/15/2024,Thu,FALSE,20,Night,25,1,22,142.4,0.37,20.34,0.04,0.88
2/15/2024,Thu,FALSE,21,Night,10,0,9,38.8,1.63,17.43,0,0.9
2/15/2024,Thu,FALSE,22,Night,17,0,15,47.1,1.38,14.53,0,0.882
2/15/2024,Thu,FALSE,23,Night,10,3,7,41.4,0.25,11.62,0.3,0.7
2/16/2024,Fri,FALSE,0,Night,12,0,12,67.9,0.15,8.72,0,1
2/16/2024,Fri,FALSE,1,Night,4,0,3,11.4,0.32,5.81,0,0.75
2/16/2024,Fri,FALSE,2,Night,1,0,1,6.5,0.23,4.36,0,1
2/16/2024,Fri,FALSE,3,Night,2,0,1,7.1,0.01,3.49,0,0.5
2/16/2024,Fri,FALSE,4,Night,6,0,6,37,0.1,4.36,0,1
2/16/2024,Fri,FALSE,5,Night,5,1,2,28.3,0.11,8.72,0.2,0.4
2/16/2024,Fri,FALSE,6,Morning,20,1,17,115.1,1.2,20.35,0.05,0.85
2/16/2024,Fri,FALSE,7,Morning,26,3,19,120.3,5.02,31.98,0.115,0.731
2/16/2024,Fri,FALSE,8,Morning,48,3,36,200,0.49,43.61,0.062,0.75
2/16/2024,Fri,FALSE,9,Morning,54,3,43,217.2,5.14,52.33,0.056,0.796
2/16/2024,Fri,FALSE,10,Morning,54,6,41,196.9,0.99,61.05,0.111,0.759
2/16/2024,Fri,FALSE,11,Morning,60,2,50,283.5,0.53,58.15,0.033,0.833
2/16/2024,Fri,FALSE,12,Morning,47,6,37,223.5,2.68,46.52,0.128,0.787
2/16/2024,Fri,FALSE,13,Morning,55,6,42,276.2,1.27,49.42,0.109,0.764
2/16/2024,Fri,FALSE,14,Evening,60,3,45,274.6,0.51,58.15,0.05,0.75
2/16/2024,Fri,FALSE,15,Evening,60,2,49,263.7,1.26,55.24,0.033,0.817
2/16/2024,Fri,FALSE,16,Evening,72,3,57,337.3,3.91,49.42,0.042,0.792
2/16/2024,Fri,FALSE,17,Evening,26,2,22,109,0.86,40.7,0.077,0.846
2/16/2024,Fri,FALSE,18,Evening,31,4,25,206.6,0.17,31.98,0.129,0.806
2/16/2024,Fri,FALSE,19,Evening,27,2,22,127.8,3.85,26.17,0.074,0.815
2/16/2024,Fri,FALSE,20,Night,13,0,12,49.1,0.78,20.35,0,0.923
2/16/2024,Fri,FALSE,21,Night,16,2,10,74.9,1.14,17.44,0.125,0.625
2/16/2024,Fri,FALSE,22,Night,9,1,8,25,6.4,14.54,0.111,0.889
2/16/2024,Fri,FALSE,23,Night,8,2,5,58.5,1.65,11.63,0.25,0.625
2/17/2024,Sat,TRUE,0,Night,3,0,3,10.4,1.73,4.8,0,1
2/17/2024,Sat,TRUE,1,Night,0,0,0,0,0,3.2,0,0
2/17/2024,Sat,TRUE,2,Night,2,0,1,7.9,1.28,2.4,0,0.5
2/17/2024,Sat,TRUE,3,Night,2,0,2,2.7,0.1,1.92,0,1
2/17/2024,Sat,TRUE,4,Night,4,1,3,11,0.11,2.4,0.25,0.75
2/17/2024,Sat,TRUE,5,Night,6,0,6,31.8,0.1,4.8,0,1
2/17/2024,Sat,TRUE,6,Morning,11,3,4,47.9,3.9,11.2,0.273,0.364
2/17/2024,Sat,TRUE,7,Morning,18,0,16,49.9,2.03,17.6,0,0.889
2/17/2024,Sat,TRUE,8,Morning,27,4,19,158.9,3.64,24,0.148,0.704
2/17/2024,Sat,TRUE,9,Morning,33,2,29,153.3,1.07,28.81,0.061,0.879
2/17/2024,Sat,TRUE,10,Morning,30,4,24,115.8,2.46,33.61,0.133,0.8
2/17/2024,Sat,TRUE,11,Morning,28,2,22,145.7,9.79,32.01,0.071,0.786
2/17/2024,Sat,TRUE,12,Morning,23,2,19,128.7,3.3,25.61,0.087,0.826
2/17/2024,Sat,TRUE,13,Morning,23,2,18,96.2,1.4,27.21,0.087,0.783
2/17/2024,Sat,TRUE,14,Evening,32,5,24,177.8,1.09,32.01,0.156,0.75
2/17/2024,Sat,TRUE,15,Evening,41,0,37,198.9,0.79,30.41,0,0.902
2/17/2024,Sat,TRUE,16,Evening,29,2,24,128,0.66,27.21,0.069,0.828
2/17/2024,Sat,TRUE,17,Evening,25,5,19,83.4,6.18,22.4,0.2,0.76
2/17/2024,Sat,TRUE,18,Evening,12,1,10,60,7.66,17.6,0.083,0.833
2/17/2024,Sat,TRUE,19,Evening,13,0,11,27.8,3.04,14.4,0,0.846
2/17/2024,Sat,TRUE,20,Night,5,0,3,18.2,0.05,11.2,0,0.6
2/17/2024,Sat,TRUE,21,Night,10,1,7,43,0.05,9.6,0.1,0.7
2/17/2024,Sat,TRUE,22,Night,11,1,9,26.5,0.29,8,0.091,0.818
2/17/2024,Sat,TRUE,23,Night,4,0,4,17.2,0.51,6.4,0,1
2/18/2024,Sun,TRUE,0,Night,4,2,2,9.5,0.73,4.8,0.5,0.5
2/18/2024,Sun,TRUE,1,Night,3,0,3,10.3,1.21,3.2,0,1
2/18/2024,Sun,TRUE,2,Night,2,0,1,12,0.81,2.4,0,0.5
2/18/2024,Sun,TRUE,3,Night,3,0,3,10.1,0.53,1.92,0,1
2/18/2024,Sun,TRUE,4,Night,1,0,1,8.5,0.15,2.4,0,1
2/18/2024,Sun,TRUE,5,Night,2,0,2,6.8,0.03,4.8,0,1
2/18/2024,Sun,TRUE,6,Morning,6,1,4,30.7,4.39,11.21,0.167,0.667
2/18/2024,Sun,TRUE,7,Morning,13,2,9,52.4,0.27,17.62,0.154,0.692
2/18/2024,Sun,TRUE,8,Morning,23,1,21,87.5,5.03,24.02,0.043,0.913
2/18/2024,Sun,TRUE,9,Morning,27,0,23,110.8,7.99,28.83,0,0.852
2/18/2024,Sun,TRUE,10,Morning,45,3,36,183.4,17.52,33.63,0.067,0.8
2/18/2024,Sun,TRUE,11,Morning,37,3,30,134.3,5.71,32.03,0.081,0.811
2/18/2024,Sun,TRUE,12,Morning,28,3,24,135.2,3.36,25.63,0.107,0.857
2/18/2024,Sun,TRUE,13,Morning,19,2,13,97.1,1.54,27.23,0.105,0.684
2/18/2024,Sun,TRUE,14,Evening,30,3,20,144.5,3.75,32.03,0.1,0.667
2/18/2024,Sun,TRUE,15,Evening,22,0,20,146.3,1.1,30.43,0,0.909
2/18/2024,Sun,TRUE,16,Evening,24,4,18,127.9,6.68,27.23,0.167,0.75
2/18/2024,Sun,TRUE,17,Evening,20,2,16,73.9,0.06,22.42,0.1,0.8
2/18/2024,Sun,TRUE,18,Evening,18,2,13,132.1,7.42,17.62,0.111,0.722
2/18/2024,Sun,TRUE,19,Evening,15,1,9,40.2,0.39,14.41,0.067,0.6
2/18/2024,Sun,TRUE,20,Night,10,0,9,41,1.43,11.21,0,0.9
2/18/2024,Sun,TRUE,21,Night,9,2,6,19.9,0.7,9.61,0.222,0.667
2/18/2024,Sun,TRUE,22,Night,8,0,7,20.2,0.62,8.01,0,0.875
2/18/2024,Sun,TRUE,23,Night,5,0,3,28.6,0.92,6.41,0,0.6
2/19/2024,Mon,FALSE,0,Night,9,0,9,50.5,1.1,8.74,0,1
2/19/2024,Mon,FALSE,1,Night,7,2,5,44.2,0.13,5.83,0.286,0.714
2/19/2024,Mon,FALSE,2,Night,6,0,6,43.2,0.36,4.37,0,1
2/19/2024,Mon,FALSE,3,Night,6,0,5,26.6,0.86,3.5,0,0.833
2/19/2024,Mon,FALSE,4,Night,4,0,4,16.3,0.12,4.37,0,1
2/19/2024,Mon,FALSE,5,Night,6,1,5,27.3,0.05,8.74,0.167,0.833
2/19/2024,Mon,FALSE,6,Morning,29,2,25,109.4,0.13,20.4,0.069,0.862
2/19/2024,Mon,FALSE,7,Morning,35,1,31,145.3,1.56,32.06,0.029,0.886
2/19/2024,Mon,FALSE,8,Morning,33,0,29,127.8,3.93,43.71,0,0.879
2/19/2024,Mon,FALSE,9,Morning,61,5,50,296.5,10.41,52.46,0.082,0.82
2/19/2024,Mon,FALSE,10,Morning,59,6,46,269.5,7.31,61.2,0.102,0.78
2/19/2024,Mon,FALSE,11,Morning,58,4,49,269.8,5.14,58.29,0.069,0.845
2/19/2024,Mon,FALSE,12,Morning,43,4,35,191,7.43,46.63,0.093,0.814
2/19/2024,Mon,FALSE,13,Morning,45,3,35,176.8,1.03,49.54,0.067,0.778
2/19/2024,Mon,FALSE,14,Evening,53,6,41,285.8,1,58.29,0.113,0.774
2/19/2024,Mon,FALSE,15,Evening,68,5,53,354.2,1.24,55.37,0.074,0.779
2/19/2024,Mon,FALSE,16,Evening,36,1,32,144.8,9.66,49.54,0.028,0.889
2/19/2024,Mon,FALSE,17,Evening,44,5,37,142.2,5.48,40.8,0.114,0.841
2/19/2024,Mon,FALSE,18,Evening,28,2,19,135.3,1.41,32.06,0.071,0.679
2/19/2024,Mon,FALSE,19,Evening,29,2,25,108,0.49,26.23,0.069,0.862
2/19/2024,Mon,FALSE,20,Night,14,0,11,44.8,1.21,20.4,0,0.786
2/19/2024,Mon,FALSE,21,Night,17,2,13,75.5,0.25,17.49,0.118,0.765
2/19/2024,Mon,FALSE,22,Night,8,0,7,44.4,0.03,14.57,0,0.875
2/19/2024,Mon,FALSE,23,Night,11,1,9,54.6,0.39,11.66,0.091,0.818
2/20/2024,Tue,FALSE,0,Night,10,0,10,40.1,0.66,8.75,0,1
2/20/2024,Tue,FALSE,1,Night,9,2,6,26.6,0.75,5.83,0.222,0.667
2/20/2024,Tue,FALSE,2,Night,6,1,4,15.4,1.67,4.38,0.167,0.667
2/20/2024,Tue,FALSE,3,Night,3,1,1,28.5,0.07,3.5,0.333,0.333
2/20/2024,Tue,FALSE,4,Night,5,0,5,37.9,0.22,4.38,0,1
2/20/2024,Tue,FALSE,5,Night,10,1,7,34.6,0.62,8.75,0.1,0.7
2/20/2024,Tue,FALSE,6,Morning,22,1,19,53.7,1.31,20.42,0.045,0.864
2/20/2024,Tue,FALSE,7,Morning,35,3,27,133.3,2.59,32.08,0.086,0.771
2/20/2024,Tue,FALSE,8,Morning,43,1,39,233.7,0.39,43.75,0.023,0.907
2/20/2024,Tue,FALSE,9,Morning,46,4,32,211.3,6.26,52.5,0.087,0.696
2/20/2024,Tue,FALSE,10,Morning,55,3,49,290.1,1.01,61.25,0.055,0.891
2/20/2024,Tue,FALSE,11,Morning,64,4,53,287.8,0.88,58.33,0.062,0.828
2/20/2024,Tue,FALSE,12,Morning,46,3,37,220.5,0.71,46.67,0.065,0.804
2/20/2024,Tue,FALSE,13,Morning,35,4,28,111.7,3.51,49.58,0.114,0.8
2/20/2024,Tue,FALSE,14,Evening,53,4,46,259.1,1.27,58.33,0.075,0.868
2/20/2024,Tue,FALSE,15,Evening,62,8,50,245.8,2.5,55.42,0.129,0.806
2/20/2024,Tue,FALSE,16,Evening,46,7,31,202,0.15,49.58,0.152,0.674
2/20/2024,Tue,FALSE,17,Evening,42,4,37,187,0.93,40.83,0.095,0.881
2/20/2024,Tue,FALSE,18,Evening,28,2,23,127.2,0.86,32.08,0.071,0.821
2/20/2024,Tue,FALSE,19,Evening,23,0,19,156.3,0.06,26.25,0,0.826
2/20/2024,Tue,FALSE,20,Night,20,1,17,90.8,0.39,20.42,0.05,0.85
2/20/2024,Tue,FALSE,21,Night,20,2,14,140.4,1.88,17.5,0.1,0.7
2/20/2024,Tue,FALSE,22,Night,24,1,20,137.9,0.09,14.58,0.042,0.833
2/20/2024,Tue,FALSE,23,Night,17,1,13,63.8,1.26,11.67,0.059,0.765
2/21/2024,Wed,FALSE,0,Night,12,0,9,69.3,0.06,8.76,0,0.75
2/21/2024,Wed,FALSE,1,Night,6,1,5,45.7,0.12,5.84,0.167,0.833
2/21/2024,Wed,FALSE,2,Night,5,1,3,22.3,0.32,4.38,0.2,0.6
2/21/2024,Wed,FALSE,3,Night,4,0,3,17,0.43,3.5,0,0.75
2/21/2024,Wed,FALSE,4,Night,5,0,5,18.8,0.69,4.38,0,1
2/21/2024,Wed,FALSE,5,Night,6,0,6,39.4,0.43,8.76,0,1
2/21/2024,Wed,FALSE,6,Morning,22,0,20,118.4,0.86,20.43,0,0.909
2/21/2024,Wed,FALSE,7,Morning,28,5,19,177,0.61,32.11,0.179,0.679
2/21/2024,Wed,FALSE,8,Morning,49,4,35,226.3,4.85,43.78,0.082,0.714
2/21/2024,Wed,FALSE,9,Morning,49,3,35,204.3,2.43,52.54,0.061,0.714
2/21/2024,Wed,FALSE,10,Morning,67,6,52,353.4,0.21,61.3,0.09,0.776
2/21/2024,Wed,FALSE,11,Morning,51,4,42,190.5,7.3,58.38,0.078,0.824
2/21/2024,Wed,FALSE,12,Morning,33,2,29,100.6,0.58,46.7,0.061,0.879
2/21/2024,Wed,FALSE,13,Morning,40,2,31,180.8,6.56,49.62,0.05,0.775
2/21/2024,Wed,FALSE,14,Evening,56,10,42,237.4,1.06,58.38,0.179,0.75
2/21/2024,Wed,FALSE,15,Evening,43,2,40,232.3,2.22,55.46,0.047,0.93
2/21/2024,Wed,FALSE,16,Evening,50,2,40,183.2,0.81,49.62,0.04,0.8
2/21/2024,Wed,FALSE,17,Evening,37,4,28,159.7,0.77,40.87,0.108,0.757
2/21/2024,Wed,FALSE,18,Evening,32,3,26,153.3,1.78,32.11,0.094,0.812
2/21/2024,Wed,FALSE,19,Evening,31,2,22,160.9,0.72,26.27,0.065,0.71
2/21/2024,Wed,FALSE,20,Night,13,0,11,62.4,0.2,20.43,0,0.846
2/21/2024,Wed,FALSE,21,Night,16,2,13,92.4,1.98,17.51,0.125,0.812
2/21/2024,Wed,FALSE,22,Night,15,2,11,90.1,0.4,14.59,0.133,0.733
2/21/2024,Wed,FALSE,23,Night,11,3,8,52.3,3.14,11.68,0.273,0.727
2/22/2024,Thu,FALSE,0,Night,11,0,9,61.2,0.94,8.76,0,0.818
2/22/2024,Thu,FALSE,1,Night,8,0,8,25.7,0.02,5.84,0,1
2/22/2024,Thu,FALSE,2,Night,5,1,2,28.7,0.6,4.38,0.2,0.4
2/22/2024,Thu,FALSE,3,Night,2,0,1,2.3,0.61,3.51,0,0.5
2/22/2024,Thu,FALSE,4,Night,2,0,2,4.1,0.28,4.38,0,1
2/22/2024,Thu,FALSE,5,Night,9,0,7,49.7,0.16,8.76,0,0.778
2/22/2024,Thu,FALSE,6,Morning,17,0,15,70.6,0.53,20.45,0,0.882
2/22/2024,Thu,FALSE,7,Morning,30,3,26,135.4,1.37,32.13,0.1,0.867
2/22/2024,Thu,FALSE,8,Morning,39,3,31,165.7,9.52,43.82,0.077,0.795
2/22/2024,Thu,FALSE,9,Morning,48,3,33,245.7,0.27,52.58,0.062,0.688
2/22/2024,Thu,FALSE,10,Morning,41,3,33,259.6,1.52,61.35,0.073,0.805
2/22/2024,Thu,FALSE,11,Morning,52,7,38,205.9,8.49,58.43,0.135,0.731
2/22/2024,Thu,FALSE,12,Morning,51,5,39,245.9,1.57,46.74,0.098,0.765
2/22/2024,Thu,FALSE,13,Morning,47,5,35,180,1.23,49.66,0.106,0.745
2/22/2024,Thu,FALSE,14,Evening,63,1,53,269.2,4.78,58.43,0.016,0.841
2/22/2024,Thu,FALSE,15,Evening,46,3,39,221.5,1.25,55.51,0.065,0.848
2/22/2024,Thu,FALSE,16,Evening,50,5,39,199.6,0.86,49.66,0.1,0.78
2/22/2024,Thu,FALSE,17,Evening,34,4,24,142.7,6.2,40.9,0.118,0.706
2/22/2024,Thu,FALSE,18,Evening,37,1,31,134.1,1,32.13,0.027,0.838
2/22/2024,Thu,FALSE,19,Evening,25,2,23,96.7,5.77,26.29,0.08,0.92
2/22/2024,Thu,FALSE,20,Night,29,3,21,119.2,2.16,20.45,0.103,0.724
2/22/2024,Thu,FALSE,21,Night,18,3,8,114.9,3.05,17.53,0.167,0.444
2/22/2024,Thu,FALSE,22,Night,6,1,3,12.3,0.26,14.61,0.167,0.5
2/22/2024,Thu,FALSE,23,Night,17,2,14,55.5,1.86,11.69,0.118,0.824
2/23/2024,Fri,FALSE,0,Night,14,1,10,49.1,0.85,8.77,0.071,0.714
2/23/2024,Fri,FALSE,1,Night,4,0,3,16.3,0.47,5.85,0,0.75
2/23/2024,Fri,FALSE,2,Night,1,0,1,4.1,0.18,4.39,0,1
2/23/2024,Fri,FALSE,3,Night,3,0,3,13.4,0.9,3.51,0,1
2/23/2024,Fri,FALSE,4,Night,7,0,6,34.5,0.56,4.39,0,0.857
2/23/2024,Fri,FALSE,5,Night,10,2,8,51.7,0.16,8.77,0.2,0.8
2/23/2024,Fri,FALSE,6,Morning,12,0,9,67.3,0.41,20.47,0,0.75
2/23/2024,Fri,FALSE,7,Morning,35,2,29,132.4,1.62,32.16,0.057,0.829
2/23/2024,Fri,FALSE,8,Morning,55,10,37,270.6,3.41,43.86,0.182,0.673
2/23/2024,Fri,FALSE,9,Morning,54,3,45,272.3,9.85,52.63,0.056,0.833
2/23/2024,Fri,FALSE,10,Morning,65,7,51,296.2,5.4,61.4,0.108,0.785
2/23/2024,Fri,FALSE,11,Morning,71,8,50,329.2,0.51,58.47,0.113,0.704
2/23/2024,Fri,FALSE,12,Morning,50,4,39,191.3,3.96,46.78,0.08,0.78
2/23/2024,Fri,FALSE,13,Morning,44,4,36,203.4,2.06,49.7,0.091,0.818
2/23/2024,Fri,FALSE,14,Evening,53,3,44,243.2,1.19,58.47,0.057,0.83
2/23/2024,Fri,FALSE,15,Evening,53,1,47,286.5,18.8,55.55,0.019,0.887
2/23/2024,Fri,FALSE,16,Evening,61,6,46,356.1,1.9,49.7,0.098,0.754
2/23/2024,Fri,FALSE,17,Evening,42,6,32,229.4,3.07,40.93,0.143,0.762
2/23/2024,Fri,FALSE,18,Evening,35,5,26,150.1,3.77,32.16,0.143,0.743
2/23/2024,Fri,FALSE,19,Evening,20,0,19,58.6,0.89,26.31,0,0.95
2/23/2024,Fri,FALSE,20,Night,25,1,20,86.5,0.56,20.47,0.04,0.8
2/23/2024,Fri,FALSE,21,Night,17,1,15,87.7,1.35,17.54,0.059,0.882
2/23/2024,Fri,FALSE,22,Night,10,1,8,60.8,1.07,14.62,0.1,0.8
2/23/2024,Fri,FALSE,23,Night,9,0,8,44.3,2.39,11.69,0,0.889
2/24/2024,Sat,TRUE,0,Night,4,0,4,6.6,0.4,4.83,0,1
2/24/2024,Sat,TRUE,1,Night,5,0,5,24.8,0.07,3.22,0,1
2/24/2024,Sat,TRUE,2,Night,5,0,4,18.6,0.34,2.41,0,0.8
2/24/2024,Sat,TRUE,3,Night,0,0,0,0,0,1.93,0,0
2/24/2024,Sat,TRUE,4,Night,3,1,2,18.1,0.29,2.41,0.333,0.667
2/24/2024,Sat,TRUE,5,Night,6,0,6,20.6,0.48,4.83,0,1
2/24/2024,Sat,TRUE,6,Morning,9,1,7,61.8,8.43,11.27,0.111,0.778
2/24/2024,Sat,TRUE,7,Morning,14,0,13,54,3.08,17.7,0,0.929
2/24/2024,Sat,TRUE,8,Morning,24,1,20,73.9,1.35,24.14,0.042,0.833
2/24/2024,Sat,TRUE,9,Morning,31,0,28,146.5,2.43,28.97,0,0.903
2/24/2024,Sat,TRUE,10,Morning,41,3,34,133,2.37,33.8,0.073,0.829
2/24/2024,Sat,TRUE,11,Morning,36,3,28,148.2,2.24,32.19,0.083,0.778
2/24/2024,Sat,TRUE,12,Morning,23,2,18,75.6,9.54,25.75,0.087,0.783
2/24/2024,Sat,TRUE,13,Morning,16,1,13,73.3,3.5,27.36,0.062,0.812
2/24/2024,Sat,TRUE,14,Evening,33,2,24,176.5,1.7,32.19,0.061,0.727
2/24/2024,Sat,TRUE,15,Evening,28,2,24,145.2,4.52,30.58,0.071,0.857
2/24/2024,Sat,TRUE,16,Evening,21,0,19,102.6,7.49,27.36,0,0.905
2/24/2024,Sat,TRUE,17,Evening,21,6,14,94.5,0.21,22.53,0.286,0.667
2/24/2024,Sat,TRUE,18,Evening,16,0,12,76.7,0.78,17.7,0,0.75
2/24/2024,Sat,TRUE,19,Evening,10,3,4,52.3,9.52,14.48,0.3,0.4
2/24/2024,Sat,TRUE,20,Night,6,1,4,16.4,1.57,11.27,0.167,0.667
2/24/2024,Sat,TRUE,21,Night,15,2,11,63.9,0.12,9.66,0.133,0.733
2/24/2024,Sat,TRUE,22,Night,6,1,4,21.5,0.07,8.05,0.167,0.667
2/24/2024,Sat,TRUE,23,Night,8,1,6,23.7,0.77,6.44,0.125,0.75
2/25/2024,Sun,TRUE,0,Night,3,0,3,11.7,1.47,4.83,0,1
2/25/2024,Sun,TRUE,1,Night,3,0,3,15.1,0.33,3.22,0,1
2/25/2024,Sun,TRUE,2,Night,5,1,4,19.9,0.05,2.42,0.2,0.8
2/25/2024,Sun,TRUE,3,Night,1,0,1,1.4,0.04,1.93,0,1
2/25/2024,Sun,TRUE,4,Night,2,0,2,10.3,0.01,2.42,0,1
2/25/2024,Sun,TRUE,5,Night,7,0,7,39.7,0.41,4.83,0,1
2/25/2024,Sun,TRUE,6,Morning,9,1,6,42.5,3.23,11.27,0.111,0.667
2/25/2024,Sun,TRUE,7,Morning,20,2,14,110.8,0.59,17.72,0.1,0.7
2/25/2024,Sun,TRUE,8,Morning,29,2,21,107.4,3.68,24.16,0.069,0.724
2/25/2024,Sun,TRUE,9,Morning,24,0,24,107.1,6.19,28.99,0,1
2/25/2024,Sun,TRUE,10,Morning,33,2,26,134.4,0.95,33.82,0.061,0.788
2/25/2024,Sun,TRUE,11,Morning,28,2,18,119.6,3.86,32.21,0.071,0.643
2/25/2024,Sun,TRUE,12,Morning,22,3,18,60.4,1,25.77,0.136,0.818
2/25/2024,Sun,TRUE,13,Morning,32,4,24,143.4,0.68,27.38,0.125,0.75
2/25/2024,Sun,TRUE,14,Evening,29,1,24,194.9,0.8,32.21,0.034,0.828
2/25/2024,Sun,TRUE,15,Evening,27,2,24,120.7,1.24,30.6,0.074,0.889
2/25/2024,Sun,TRUE,16,Evening,20,1,16,106.1,5.77,27.38,0.05,0.8
2/25/2024,Sun,TRUE,17,Evening,19,1,18,106.5,2.97,22.55,0.053,0.947
2/25/2024,Sun,TRUE,18,Evening,18,2,15,83.6,0.94,17.72,0.111,0.833
2/25/2024,Sun,TRUE,19,Evening,14,0,12,57.1,1.7,14.5,0,0.857
2/25/2024,Sun,TRUE,20,Night,18,1,15,73.8,4.13,11.27,0.056,0.833
2/25/2024,Sun,TRUE,21,Night,10,1,8,44.3,0.28,9.66,0.1,0.8
2/25/2024,Sun,TRUE,22,Night,4,0,4,28.4,0.05,8.05,0,1
2/25/2024,Sun,TRUE,23,Night,5,0,5,39.1,1.16,6.44,0,1
2/26/2024,Mon,FALSE,0,Night,9,0,8,26.6,0.3,8.79,0,0.889
2/26/2024,Mon,FALSE,1,Night,5,1,4,26.4,0.48,5.86,0.2,0.8
2/26/2024,Mon,FALSE,2,Night,5,0,4,9.9,0.19,4.4,0,0.8
2/26/2024,Mon,FALSE,3,Night,3,1,2,19.7,0.71,3.52,0.333,0.667
2/26/2024,Mon,FALSE,4,Night,3,1,2,38.8,0.06,4.4,0.333,0.667
2/26/2024,Mon,FALSE,5,Night,13,0,11,36.5,0.4,8.79,0,0.846
2/26/2024,Mon,FALSE,6,Morning,20,1,14,68.1,0.38,20.51,0.05,0.7
2/26/2024,Mon,FALSE,7,Morning,30,2,22,127,0.32,32.24,0.067,0.733
2/26/2024,Mon,FALSE,8,Morning,48,3,38,246.3,3.45,43.96,0.062,0.792
2/26/2024,Mon,FALSE,9,Morning,60,8,47,270.5,1.68,52.75,0.133,0.783
2/26/2024,Mon,FALSE,10,Morning,62,1,53,277.8,0.9,61.54,0.016,0.855
2/26/2024,Mon,FALSE,11,Morning,61,3,51,246.6,2.54,58.61,0.049,0.836
2/26/2024,Mon,FALSE,12,Morning,44,4,38,158.9,5.97,46.89,0.091,0.864
2/26/2024,Mon,FALSE,13,Morning,55,2,40,228.9,10.59,49.82,0.036,0.727
2/26/2024,Mon,FALSE,14,Evening,67,3,53,264.4,0.12,58.61,0.045,0.791
2/26/2024,Mon,FALSE,15,Evening,47,6,31,205.6,4.4,55.68,0.128,0.66
2/26/2024,Mon,FALSE,16,Evening,53,3,44,232.4,9.28,49.82,0.057,0.83
2/26/2024,Mon,FALSE,17,Evening,38,1,31,182.8,2.46,41.03,0.026,0.816
2/26/2024,Mon,FALSE,18,Evening,32,2,21,136.1,0.3,32.24,0.062,0.656
2/26/2024,Mon,FALSE,19,Evening,26,4,20,164,0.35,26.38,0.154,0.769
2/26/2024,Mon,FALSE,20,Night,25,1,22,93.1,0.12,20.51,0.04,0.88
2/26/2024,Mon,FALSE,21,Night,13,1,12,40.9,1.25,17.58,0.077,0.923
2/26/2024,Mon,FALSE,22,Night,10,1,7,33,2.77,14.65,0.1,0.7
2/26/2024,Mon,FALSE,23,Night,9,0,8,53.3,0.81,11.72,0,0.889
2/27/2024,Tue,FALSE,0,Night,9,1,7,69.1,1.12,8.8,0.111,0.778
2/27/2024,Tue,FALSE,1,Night,7,0,7,31.8,0.68,5.87,0,1
2/27/2024,Tue,FALSE,2,Night,4,0,4,7.2,0.07,4.4,0,1
2/27/2024,Tue,FALSE,3,Night,3,0,2,29.9,0.53,3.52,0,0.667
2/27/2024,Tue,FALSE,4,Night,4,0,2,16.8,0.17,4.4,0,0.5
2/27/2024,Tue,FALSE,5,Night,10,1,8,40.6,0.38,8.8,0.1,0.8
2/27/2024,Tue,FALSE,6,Morning,21,3,16,94.8,2.13,20.53,0.143,0.762
2/27/2024,Tue,FALSE,7,Morning,29,2,22,151.7,1.82,32.26,0.069,0.759
2/27/2024,Tue,FALSE,8,Morning,41,3,32,152.7,1.81,44,0.073,0.78
2/27/2024,Tue,FALSE,9,Morning,45,3,38,227.9,12.47,52.79,0.067,0.844
2/27/2024,Tue,FALSE,10,Morning,64,9,48,270.8,9.68,61.59,0.141,0.75
2/27/2024,Tue,FALSE,11,Morning,63,7,48,300.8,3.04,58.66,0.111,0.762
2/27/2024,Tue,FALSE,12,Morning,53,3,42,263.7,0.57,46.93,0.057,0.792
2/27/2024,Tue,FALSE,13,Morning,52,3,46,291,1.47,49.86,0.058,0.885
2/27/2024,Tue,FALSE,14,Evening,59,3,50,274.2,10.28,58.66,0.051,0.847
2/27/2024,Tue,FALSE,15,Evening,59,4,53,230.1,1.32,55.73,0.068,0.898
2/27/2024,Tue,FALSE,16,Evening,50,4,39,237.4,4.85,49.86,0.08,0.78
2/27/2024,Tue,FALSE,17,Evening,42,4,32,191.2,0.13,41.06,0.095,0.762
2/27/2024,Tue,FALSE,18,Evening,35,1,31,147.2,3.38,32.26,0.029,0.886
2/27/2024,Tue,FALSE,19,Evening,29,1,24,137.5,0.63,26.4,0.034,0.828
2/27/2024,Tue,FALSE,20,Night,25,2,18,93.7,0.08,20.53,0.08,0.72
2/27/2024,Tue,FALSE,21,Night,21,2,17,101.6,0.38,17.6,0.095,0.81
2/27/2024,Tue,FALSE,22,Night,18,1,15,75.3,0.49,14.67,0.056,0.833
2/27/2024,Tue,FALSE,23,Night,12,1,8,39.8,0.9,11.73,0.083,0.667
2/28/2024,Wed,FALSE,0,Night,9,2,6,30.3,0.07,8.81,0.222,0.667
2/28/2024,Wed,FALSE,1,Night,4,1,3,6.7,0.99,5.87,0.25,0.75
2/28/2024,Wed,FALSE,2,Night,6,1,4,12.2,0.13,4.4,0.167,0.667
2/28/2024,Wed,FALSE,3,Night,6,0,6,37.6,0.07,3.52,0,1
2/28/2024,Wed,FALSE,4,Night,4,0,4,14.1,0.01,4.4,0,1
2/28/2024,Wed,FALSE,5,Night,11,2,7,36.7,1.01,8.81,0.182,0.636
2/28/2024,Wed,FALSE,6,Morning,15,3,9,82.3,0.67,20.55,0.2,0.6
2/28/2024,Wed,FALSE,7,Morning,27,5,19,126.1,2.97,32.29,0.185,0.704
2/28/2024,Wed,FALSE,8,Morning,43,6,35,133.9,2.14,44.03,0.14,0.814
2/28/2024,Wed,FALSE,9,Morning,45,3,37,166.6,10.06,52.84,0.067,0.822
2/28/2024,Wed,FALSE,10,Morning,75,7,58,317.2,1.24,61.64,0.093,0.773
2/28/2024,Wed,FALSE,11,Morning,48,3,40,217.9,0.69,58.71,0.062,0.833
2/28/2024,Wed,FALSE,12,Morning,46,8,34,209.6,2.76,46.97,0.174,0.739
2/28/2024,Wed,FALSE,13,Morning,39,4,33,212.6,4.85,49.9,0.103,0.846
2/28/2024,Wed,FALSE,14,Evening,67,3,52,258.6,11.8,58.71,0.045,0.776
2/28/2024,Wed,FALSE,15,Evening,59,4,46,232.5,10.43,55.77,0.068,0.78
2/28/2024,Wed,FALSE,16,Evening,60,3,50,308.4,5.31,49.9,0.05,0.833
2/28/2024,Wed,FALSE,17,Evening,35,1,31,149.2,7.37,41.09,0.029,0.886
2/28/2024,Wed,FALSE,18,Evening,26,3,20,109,0.68,32.29,0.115,0.769
2/28/2024,Wed,FALSE,19,Evening,34,3,30,141.9,1.35,26.42,0.088,0.882
2/28/2024,Wed,FALSE,20,Night,15,1,12,97.7,0.08,20.55,0.067,0.8
2/28/2024,Wed,FALSE,21,Night,22,1,19,110.6,0.04,17.61,0.045,0.864
2/28/2024,Wed,FALSE,22,Night,10,0,10,34.4,0.84,14.68,0,1
2/28/2024,Wed,FALSE,23,Night,11,2,7,59.9,0.33,11.74,0.182,0.636
2/29/2024,Thu,FALSE,0,Night,12,2,8,43,1.24,8.81,0.167,0.667
2/29/2024,Thu,FALSE,1,Night,5,0,5,20.9,0.3,5.88,0,1
2/29/2024,Thu,FALSE,2,Night,5,1,4,13.5,0.01,4.41,0.2,0.8
2/29/2024,Thu,FALSE,3,Night,8,0,6,37.4,0.04,3.53,0,0.75
2/29/2024,Thu,FALSE,4,Night,1,0,1,7.2,0.46,4.41,0,1
2/29/2024,Thu,FALSE,5,Night,6,0,4,34.1,0.54,8.81,0,0.667
2/29/2024,Thu,FALSE,6,Morning,25,4,17,118.1,1.37,20.56,0.16,0.68
2/29/2024,Thu,FALSE,7,Morning,37,3,28,176,0.26,32.31,0.081,0.757
2/29/2024,Thu,FALSE,8,Morning,36,3,30,145,2.53,44.06,0.083,0.833
2/29/2024,Thu,FALSE,9,Morning,46,0,44,183.8,10.03,52.88,0,0.957
2/29/2024,Thu,FALSE,10,Morning,55,14,35,268.8,1.35,61.69,0.255,0.636
2/29/2024,Thu,FALSE,11,Morning,56,4,44,187,11.84,58.75,0.071,0.786
2/29/2024,Thu,FALSE,12,Morning,50,8,34,183.9,2.18,47,0.16,0.68
2/29/2024,Thu,FALSE,13,Morning,45,3,37,214.9,0.38,49.94,0.067,0.822
2/29/2024,Thu,FALSE,14,Evening,50,3,43,182.7,0.33,58.75,0.06,0.86
2/29/2024,Thu,FALSE,15,Evening,61,5,51,255.6,0.96,55.82,0.082,0.836
2/29/2024,Thu,FALSE,16,Evening,55,6,42,247.6,0.07,49.94,0.109,0.764
2/29/2024,Thu,FALSE,17,Evening,39,3,30,253.6,0.09,41.13,0.077,0.769
2/29/2024,Thu,FALSE,18,Evening,32,0,28,167.1,0.33,32.31,0,0.875
2/29/2024,Thu,FALSE,19,Evening,20,2,17,92.1,2.02,26.44,0.1,0.85
2/29/2024,Thu,FALSE,20,Night,16,0,16,68.7,0.74,20.56,0,1
2/29/2024,Thu,FALSE,21,Night,16,0,12,68.9,2.42,17.63,0,0.75
2/29/2024,Thu,FALSE,22,Night,18,2,14,115.7,3.5,14.69,0.111,0.778
2/29/2024,Thu,FALSE,23,Night,11,1,10,49.7,1.99,11.75,0.091,0.909
3/1/2024,Fri,FALSE,0,Night,8,1,7,32.7,0.13,8.82,0.125,0.875
3/1/2024,Fri,FALSE,1,Night,4,0,4,11,0.02,5.88,0,1
3/1/2024,Fri,FALSE,2,Night,2,0,2,9.5,0.02,4.41,0,1
3/1/2024,Fri,FALSE,3,Night,3,0,3,12.9,0.05,3.53,0,1
3/1/2024,Fri,FALSE,4,Night,7,0,5,51.9,0.14,4.41,0,0.714
3/1/2024,Fri,FALSE,5,Night,10,1,7,36.5,2.79,8.82,0.1,0.7
3/1/2024,Fri,FALSE,6,Morning,17,3,12,84,0.07,20.58,0.176,0.706
3/1/2024,Fri,FALSE,7,Morning,27,3,20,116.8,2.36,32.34,0.111,0.741
3/1/2024,Fri,FALSE,8,Morning,45,2,33,193,0.53,44.1,0.044,0.733
3/1/2024,Fri,FALSE,9,Morning,50,3,42,273.3,2.23,52.92,0.06,0.84
3/1/2024,Fri,FALSE,10,Morning,50,3,37,255.9,2.32,61.74,0.06,0.74
3/1/2024,Fri,FALSE,11,Morning,63,7,50,368.6,14.43,58.8,0.111,0.794
3/1/2024,Fri,FALSE,12,Morning,52,1,45,284.8,5.61,47.04,0.019,0.865
3/1/2024,Fri,FALSE,13,Morning,56,3,45,224.7,3.53,49.98,0.054,0.804
3/1/2024,Fri,FALSE,14,Evening,53,5,41,201.3,10.43,58.8,0.094,0.774
3/1/2024,Fri,FALSE,15,Evening,55,5,48,236.9,0.14,55.86,0.091,0.873
3/1/2024,Fri,FALSE,16,Evening,63,6,48,270,2.17,49.98,0.095,0.762
3/1/2024,Fri,FALSE,17,Evening,41,3,37,148.6,0.36,41.16,0.073,0.902
3/1/2024,Fri,FALSE,18,Evening,35,4,27,146.9,0.96,32.34,0.114,0.771
3/1/2024,Fri,FALSE,19,Evening,30,1,25,124.2,0,26.46,0.033,0.833
3/1/2024,Fri,FALSE,20,Night,20,0,16,97.1,0.32,20.58,0,0.8
3/1/2024,Fri,FALSE,21,Night,16,1,14,40.2,0.26,17.64,0.062,0.875
3/1/2024,Fri,FALSE,22,Night,11,0,10,38.3,1.44,14.7,0,0.909
3/1/2024,Fri,FALSE,23,Night,15,1,12,59.8,0.23,11.76,0.067,0.8
3/2/2024,Sat,TRUE,0,Night,5,0,4,7.6,0.01,4.85,0,0.8
3/2/2024,Sat,TRUE,1,Night,4,1,3,5.2,0.07,3.24,0.25,0.75
3/2/2024,Sat,TRUE,2,Night,2,0,2,8.6,0.37,2.43,0,1
3/2/2024,Sat,TRUE,3,Night,2,1,1,4.4,0.07,1.94,0.5,0.5
3/2/2024,Sat,TRUE,4,Night,1,0,1,2.8,0.24,2.43,0,1
3/2/2024,Sat,TRUE,5,Night,4,0,4,14.6,1.72,4.85,0,1
3/2/2024,Sat,TRUE,6,Morning,11,1,6,29.7,0.11,11.33,0.091,0.545
3/2/2024,Sat,TRUE,7,Morning,16,1,15,123.1,2.99,17.8,0.062,0.938
3/2/2024,Sat,TRUE,8,Morning,22,2,18,100.5,12.29,24.27,0.091,0.818
3/2/2024,Sat,TRUE,9,Morning,23,2,20,97.4,7,29.13,0.087,0.87
3/2/2024,Sat,TRUE,10,Morning,23,1,19,109.2,0.92,33.98,0.043,0.826
3/2/2024,Sat,TRUE,11,Morning,38,4,32,164.5,4.41,32.37,0.105,0.842
3/2/2024,Sat,TRUE,12,Morning,30,3,22,104.2,3.32,25.89,0.1,0.733
3/2/2024,Sat,TRUE,13,Morning,30,4,25,192.2,5.86,27.51,0.133,0.833
3/2/2024,Sat,TRUE,14,Evening,29,3,24,142.5,1.22,32.37,0.103,0.828
3/2/2024,Sat,TRUE,15,Evening,33,1,27,153,2.25,30.75,0.03,0.818
3/2/2024,Sat,TRUE,16,Evening,29,1,22,131.5,0.31,27.51,0.034,0.759
3/2/2024,Sat,TRUE,17,Evening,27,2,18,149.6,2.46,22.66,0.074,0.667
3/2/2024,Sat,TRUE,18,Evening,12,0,9,49.1,3.82,17.8,0,0.75
3/2/2024,Sat,TRUE,19,Evening,13,1,11,64.6,9.34,14.56,0.077,0.846
3/2/2024,Sat,TRUE,20,Night,12,2,10,37.3,4.79,11.33,0.167,0.833
3/2/2024,Sat,TRUE,21,Night,12,1,10,27.3,1.01,9.71,0.083,0.833
3/2/2024,Sat,TRUE,22,Night,6,0,5,26.8,0.08,8.09,0,0.833
3/2/2024,Sat,TRUE,23,Night,7,2,5,29,0.95,6.47,0.286,0.714
3/3/2024,Sun,TRUE,0,Night,2,0,2,4.5,0.32,4.86,0,1
3/3/2024,Sun,TRUE,1,Night,2,0,2,6.5,1.01,3.24,0,1
3/3/2024,Sun,TRUE,2,Night,0,0,0,0,0,2.43,0,0
3/3/2024,Sun,TRUE,3,Night,2,0,2,12.2,0.09,1.94,0,1
3/3/2024,Sun,TRUE,4,Night,2,1,1,11.9,0.23,2.43,0.5,0.5
3/3/2024,Sun,TRUE,5,Night,3,0,3,3.6,0.62,4.86,0,1
3/3/2024,Sun,TRUE,6,Morning,14,0,9,68.3,0.73,11.34,0,0.643
3/3/2024,Sun,TRUE,7,Morning,17,0,16,67.5,2.92,17.82,0,0.941
3/3/2024,Sun,TRUE,8,Morning,20,1,17,87.3,6.68,24.29,0.05,0.85
3/3/2024,Sun,TRUE,9,Morning,22,1,19,127,3.13,29.15,0.045,0.864
3/3/2024,Sun,TRUE,10,Morning,33,3,26,135.2,2.59,34.01,0.091,0.788
3/3/2024,Sun,TRUE,11,Morning,25,1,22,95.4,6.09,32.39,0.04,0.88
3/3/2024,Sun,TRUE,12,Morning,31,2,25,124,7.06,25.91,0.065,0.806
3/3/2024,Sun,TRUE,13,Morning,26,1,24,141.4,1.02,27.53,0.038,0.923
3/3/2024,Sun,TRUE,14,Evening,28,1,22,99.6,0.9,32.39,0.036,0.786
3/3/2024,Sun,TRUE,15,Evening,30,3,25,130.5,1.46,30.77,0.1,0.833
3/3/2024,Sun,TRUE,16,Evening,34,2,28,139.9,5.58,27.53,0.059,0.824
3/3/2024,Sun,TRUE,17,Evening,19,2,15,61.5,0.72,22.67,0.105,0.789
3/3/2024,Sun,TRUE,18,Evening,16,0,13,74.4,0.34,17.82,0,0.812
3/3/2024,Sun,TRUE,19,Evening,17,3,12,78,1.72,14.58,0.176,0.706
3/3/2024,Sun,TRUE,20,Night,9,0,7,44.6,0.17,11.34,0,0.778
3/3/2024,Sun,TRUE,21,Night,6,1,4,17.7,0.09,9.72,0.167,0.667
3/3/2024,Sun,TRUE,22,Night,10,1,6,58.1,0.19,8.1,0.1,0.6
3/3/2024,Sun,TRUE,23,Night,3,0,2,5.5,0.45,6.48,0,0.667
3/4/2024,Mon,FALSE,0,Night,5,0,5,22.9,0.45,8.84,0,1
3/4/2024,Mon,FALSE,1,Night,7,0,6,28.2,0.79,5.89,0,0.857
3/4/2024,Mon,FALSE,2,Night,3,0,3,12.7,0.27,4.42,0,1
3/4/2024,Mon,FALSE,3,Night,4,0,1,12.6,0.79,3.54,0,0.25
3/4/2024,Mon,FALSE,4,Night,3,0,3,25,0.01,4.42,0,1
3/4/2024,Mon,FALSE,5,Night,10,0,9,61.5,0.29,8.84,0,0.9
3/4/2024,Mon,FALSE,6,Morning,25,2,21,119.3,0.94,20.63,0.08,0.84
3/4/2024,Mon,FALSE,7,Morning,21,2,15,71.1,0.77,32.42,0.095,0.714
3/4/2024,Mon,FALSE,8,Morning,50,2,43,210.8,0.35,44.2,0.04,0.86
3/4/2024,Mon,FALSE,9,Morning,59,3,44,263.8,6.78,53.05,0.051,0.746
3/4/2024,Mon,FALSE,10,Morning,61,5,52,219.6,1.83,61.89,0.082,0.852
3/4/2024,Mon,FALSE,11,Morning,65,4,56,314.7,8.91,58.94,0.062,0.862
3/4/2024,Mon,FALSE,12,Morning,59,2,50,225.3,3.13,47.15,0.034,0.847
3/4/2024,Mon,FALSE,13,Morning,49,5,40,196.3,1.59,50.1,0.102,0.816
3/4/2024,Mon,FALSE,14,Evening,63,3,53,281.8,4.29,58.94,0.048,0.841
3/4/2024,Mon,FALSE,15,Evening,49,4,37,192,6.27,55.99,0.082,0.755
3/4/2024,Mon,FALSE,16,Evening,48,3,37,307,10.26,50.1,0.062,0.771
3/4/2024,Mon,FALSE,17,Evening,26,3,21,101.7,2.7,41.26,0.115,0.808
3/4/2024,Mon,FALSE,18,Evening,20,1,18,66.2,0.91,32.42,0.05,0.9
3/4/2024,Mon,FALSE,19,Evening,22,0,15,104.6,1.13,26.52,0,0.682
3/4/2024,Mon,FALSE,20,Night,19,1,14,53.6,0.14,20.63,0.053,0.737
3/4/2024,Mon,FALSE,21,Night,14,2,11,73.6,0.71,17.68,0.143,0.786
3/4/2024,Mon,FALSE,22,Night,8,1,7,38.7,1.39,14.73,0.125,0.875
3/4/2024,Mon,FALSE,23,Night,16,2,12,85.9,1.58,11.79,0.125,0.75
3/5/2024,Tue,FALSE,0,Night,10,1,7,62.6,0.74,8.85,0.1,0.7
3/5/2024,Tue,FALSE,1,Night,11,2,9,30.7,0.05,5.9,0.182,0.818
3/5/2024,Tue,FALSE,2,Night,3,0,3,9.8,0.7,4.42,0,1
3/5/2024,Tue,FALSE,3,Night,3,0,3,22.5,0.04,3.54,0,1
3/5/2024,Tue,FALSE,4,Night,6,0,5,11.7,1.07,4.42,0,0.833
3/5/2024,Tue,FALSE,5,Night,7,0,6,30.1,0.3,8.85,0,0.857
3/5/2024,Tue,FALSE,6,Morning,20,3,13,65.4,1.4,20.65,0.15,0.65
3/5/2024,Tue,FALSE,7,Morning,41,2,35,163.9,7.8,32.44,0.049,0.854
3/5/2024,Tue,FALSE,8,Morning,48,2,40,209,1.37,44.24,0.042,0.833
3/5/2024,Tue,FALSE,9,Morning,60,3,52,336.6,0.82,53.09,0.05,0.867
3/5/2024,Tue,FALSE,10,Morning,66,9,46,290.1,6.74,61.94,0.136,0.697
3/5/2024,Tue,FALSE,11,Morning,55,5,38,246.3,3.09,58.99,0.091,0.691
3/5/2024,Tue,FALSE,12,Morning,48,4,42,285.9,2.29,47.19,0.083,0.875
3/5/2024,Tue,FALSE,13,Morning,53,4,40,219,3.74,50.14,0.075,0.755
3/5/2024,Tue,FALSE,14,Evening,62,3,53,244.4,0.11,58.99,0.048,0.855
3/5/2024,Tue,FALSE,15,Evening,53,4,41,289.8,0.8,56.04,0.075,0.774
3/5/2024,Tue,FALSE,16,Evening,60,2,51,251.5,2.13,50.14,0.033,0.85
3/5/2024,Tue,FALSE,17,Evening,41,0,35,215,1.03,41.29,0,0.854
3/5/2024,Tue,FALSE,18,Evening,29,3,22,148.7,2.75,32.44,0.103,0.759
3/5/2024,Tue,FALSE,19,Evening,34,3,22,114,2.24,26.54,0.088,0.647
3/5/2024,Tue,FALSE,20,Night,25,2,19,119.5,1.9,20.65,0.08,0.76
3/5/2024,Tue,FALSE,21,Night,21,2,16,131.5,0.04,17.7,0.095,0.762
3/5/2024,Tue,FALSE,22,Night,20,1,17,89.4,0.31,14.75,0.05,0.85
3/5/2024,Tue,FALSE,23,Night,12,1,11,51.6,0.3,11.8,0.083,0.917
3/6/2024,Wed,FALSE,0,Night,6,0,6,28.9,0.12,8.86,0,1
3/6/2024,Wed,FALSE,1,Night,4,0,4,11.9,0.3,5.9,0,1
3/6/2024,Wed,FALSE,2,Night,8,0,7,21.7,0.08,4.43,0,0.875
3/6/2024,Wed,FALSE,3,Night,6,0,4,47.6,0.22,3.54,0,0.667
3/6/2024,Wed,FALSE,4,Night,6,0,6,25,0.98,4.43,0,1
3/6/2024,Wed,FALSE,5,Night,10,1,8,28.2,2.66,8.86,0.1,0.8
3/6/2024,Wed,FALSE,6,Morning,17,0,16,82.2,0.47,20.66,0,0.941
3/6/2024,Wed,FALSE,7,Morning,35,1,27,166.4,1.14,32.47,0.029,0.771
3/6/2024,Wed,FALSE,8,Morning,45,7,32,221.9,7.46,44.27,0.156,0.711
3/6/2024,Wed,FALSE,9,Morning,31,4,23,176.6,7.82,53.13,0.129,0.742
3/6/2024,Wed,FALSE,10,Morning,65,4,54,324.9,13.98,61.99,0.062,0.831
3/6/2024,Wed,FALSE,11,Morning,50,2,40,308.2,0.29,59.03,0.04,0.8
3/6/2024,Wed,FALSE,12,Morning,50,1,40,211.9,3.88,47.23,0.02,0.8
3/6/2024,Wed,FALSE,13,Morning,56,2,48,330.6,1.67,50.18,0.036,0.857
3/6/2024,Wed,FALSE,14,Evening,60,4,49,226.3,0.14,59.03,0.067,0.817
3/6/2024,Wed,FALSE,15,Evening,46,5,36,179.3,7.22,56.08,0.109,0.783
3/6/2024,Wed,FALSE,16,Evening,54,6,38,194.1,1.86,50.18,0.111,0.704
3/6/2024,Wed,FALSE,17,Evening,44,4,35,225.3,0.39,41.32,0.091,0.795
3/6/2024,Wed,FALSE,18,Evening,49,1,42,176.1,1.77,32.47,0.02,0.857
3/6/2024,Wed,FALSE,19,Evening,32,0,25,139.4,0.16,26.57,0,0.781
3/6/2024,Wed,FALSE,20,Night,20,0,15,87.6,1.56,20.66,0,0.75
3/6/2024,Wed,FALSE,21,Night,15,0,14,94.9,2.72,17.71,0,0.933
3/6/2024,Wed,FALSE,22,Night,11,1,9,58.5,2.2,14.76,0.091,0.818
3/6/2024,Wed,FALSE,23,Night,17,0,14,48.8,0.06,11.81,0,0.824
3/7/2024,Thu,FALSE,0,Night,12,1,7,64,1.33,8.86,0.083,0.583
3/7/2024,Thu,FALSE,1,Night,4,0,4,10.2,0.91,5.91,0,1
3/7/2024,Thu,FALSE,2,Night,2,0,2,12,0.29,4.43,0,1
3/7/2024,Thu,FALSE,3,Night,3,1,1,7.8,0.39,3.54,0.333,0.333
3/7/2024,Thu,FALSE,4,Night,3,0,2,3.3,0.6,4.43,0,0.667
3/7/2024,Thu,FALSE,5,Night,9,1,7,57.8,0.44,8.86,0.111,0.778
3/7/2024,Thu,FALSE,6,Morning,18,1,16,76.9,0.86,20.68,0.056,0.889
3/7/2024,Thu,FALSE,7,Morning,31,2,24,103.3,5.38,32.49,0.065,0.774
3/7/2024,Thu,FALSE,8,Morning,41,1,35,186.1,6.45,44.31,0.024,0.854
3/7/2024,Thu,FALSE,9,Morning,53,4,40,291,10.96,53.17,0.075,0.755
3/7/2024,Thu,FALSE,10,Morning,49,3,39,235.3,17.73,62.03,0.061,0.796
3/7/2024,Thu,FALSE,11,Morning,48,1,40,240.8,0.64,59.08,0.021,0.833
3/7/2024,Thu,FALSE,12,Morning,36,1,29,140.1,3.4,47.26,0.028,0.806
3/7/2024,Thu,FALSE,13,Morning,57,6,46,234,7.96,50.22,0.105,0.807
3/7/2024,Thu,FALSE,14,Evening,55,8,37,242.8,0,59.08,0.145,0.673
3/7/2024,Thu,FALSE,15,Evening,59,7,47,249.7,3.36,56.13,0.119,0.797
3/7/2024,Thu,FALSE,16,Evening,41,7,30,165.4,3.29,50.22,0.171,0.732
3/7/2024,Thu,FALSE,17,Evening,29,0,25,107.7,0.2,41.36,0,0.862
3/7/2024,Thu,FALSE,18,Evening,31,2,29,158.7,0.25,32.49,0.065,0.935
3/7/2024,Thu,FALSE,19,Evening,20,3,15,87.6,0.37,26.59,0.15,0.75
3/7/2024,Thu,FALSE,20,Night,31,1,28,97,0.06,20.68,0.032,0.903
3/7/2024,Thu,FALSE,21,Night,18,2,15,98.4,0.38,17.72,0.111,0.833
3/7/2024,Thu,FALSE,22,Night,17,0,15,81.1,1.27,14.77,0,0.882
3/7/2024,Thu,FALSE,23,Night,7,1,6,34.2,0.47,11.82,0.143,0.857
3/8/2024,Fri,FALSE,0,Night,6,0,6,23.8,1.06,8.87,0,1
3/8/2024,Fri,FALSE,1,Night,5,0,5,22.9,0.38,5.91,0,1
3/8/2024,Fri,FALSE,2,Night,0,0,0,0,0,4.43,0,0
3/8/2024,Fri,FALSE,3,Night,5,0,5,9.6,0,3.55,0,1
3/8/2024,Fri,FALSE,4,Night,4,1,3,15.2,0.17,4.43,0.25,0.75
3/8/2024,Fri,FALSE,5,Night,7,0,7,21,0.08,8.87,0,1
3/8/2024,Fri,FALSE,6,Morning,22,3,17,147.8,0.12,20.69,0.136,0.773
3/8/2024,Fri,FALSE,7,Morning,36,4,26,148,0.3,32.52,0.111,0.722
3/8/2024,Fri,FALSE,8,Morning,54,9,41,252.6,7.49,44.35,0.167,0.759
3/8/2024,Fri,FALSE,9,Morning,60,6,49,278.6,4.95,53.21,0.1,0.817
3/8/2024,Fri,FALSE,10,Morning,69,7,56,305.6,0.94,62.08,0.101,0.812
3/8/2024,Fri,FALSE,11,Morning,55,3,44,246.3,3.51,59.13,0.055,0.8
3/8/2024,Fri,FALSE,12,Morning,43,6,34,177.3,3.64,47.3,0.14,0.791
3/8/2024,Fri,FALSE,13,Morning,57,5,39,285,1.53,50.26,0.088,0.684
3/8/2024,Fri,FALSE,14,Evening,52,8,39,291,3.47,59.13,0.154,0.75
3/8/2024,Fri,FALSE,15,Evening,74,1,60,264.6,0.95,56.17,0.014,0.811
3/8/2024,Fri,FALSE,16,Evening,48,3,42,217.2,1.93,50.26,0.062,0.875
3/8/2024,Fri,FALSE,17,Evening,47,5,39,178.3,2.44,41.39,0.106,0.83
3/8/2024,Fri,FALSE,18,Evening,27,1,25,121.3,0.77,32.52,0.037,0.926
3/8/2024,Fri,FALSE,19,Evening,23,1,21,106.5,9.08,26.61,0.043,0.913
3/8/2024,Fri,FALSE,20,Night,22,4,17,112.4,1,20.69,0.182,0.773
3/8/2024,Fri,FALSE,21,Night,22,3,16,99.3,4.25,17.74,0.136,0.727
3/8/2024,Fri,FALSE,22,Night,17,1,14,45.8,4.31,14.78,0.059,0.824
3/8/2024,Fri,FALSE,23,Night,14,1,12,80.6,0.54,11.83,0.071,0.857
3/9/2024,Sat,TRUE,0,Night,10,1,9,34.7,0.1,4.88,0.1,0.9
3/9/2024,Sat,TRUE,1,Night,2,0,2,4.3,0.24,3.25,0,1
3/9/2024,Sat,TRUE,2,Night,4,0,4,16.8,0.52,2.44,0,1
3/9/2024,Sat,TRUE,3,Night,1,0,0,0.2,0.42,1.95,0,0
3/9/2024,Sat,TRUE,4,Night,4,1,3,11.5,1.14,2.44,0.25,0.75
3/9/2024,Sat,TRUE,5,Night,4,0,4,11.9,1.35,4.88,0,1
3/9/2024,Sat,TRUE,6,Morning,9,1,8,48.3,0.15,11.39,0.111,0.889
3/9/2024,Sat,TRUE,7,Morning,14,1,12,46.2,0.62,17.9,0.071,0.857
3/9/2024,Sat,TRUE,8,Morning,28,1,19,159.6,9.31,24.41,0.036,0.679
3/9/2024,Sat,TRUE,9,Morning,27,0,23,136.1,3.14,29.29,0,0.852
3/9/2024,Sat,TRUE,10,Morning,32,4,24,153.3,11.21,34.17,0.125,0.75
3/9/2024,Sat,TRUE,11,Morning,35,4,26,220.4,0.11,32.55,0.114,0.743
3/9/2024,Sat,TRUE,12,Morning,32,3,25,158.7,12.29,26.04,0.094,0.781
3/9/2024,Sat,TRUE,13,Morning,31,2,25,93.5,5.95,27.66,0.065,0.806
3/9/2024,Sat,TRUE,14,Evening,28,1,27,101.2,2.28,32.55,0.036,0.964
3/9/2024,Sat,TRUE,15,Evening,25,2,19,133.6,1.41,30.92,0.08,0.76
3/9/2024,Sat,TRUE,16,Evening,23,3,18,109,3.96,27.66,0.13,0.783
3/9/2024,Sat,TRUE,17,Evening,24,2,18,87.1,0.05,22.78,0.083,0.75
3/9/2024,Sat,TRUE,18,Evening,13,0,12,49.3,2.98,17.9,0,0.923
3/9/2024,Sat,TRUE,19,Evening,12,0,11,24.6,3.87,14.65,0,0.917
3/9/2024,Sat,TRUE,20,Night,9,2,6,40.3,0.44,11.39,0.222,0.667
3/9/2024,Sat,TRUE,21,Night,13,0,11,71.6,0.76,9.76,0,0.846
3/9/2024,Sat,TRUE,22,Night,5,1,2,20,0.93,8.14,0.2,0.4
3/9/2024,Sat,TRUE,23,Night,4,1,3,23.1,1.74,6.51,0.25,0.75
3/10/2024,Sun,TRUE,0,Night,6,2,4,27.5,1.51,4.89,0.333,0.667
3/10/2024,Sun,TRUE,1,Night,4,1,2,16.9,0.39,3.26,0.25,0.5
3/10/2024,Sun,TRUE,2,Night,5,0,5,31.5,0.47,2.44,0,1
3/10/2024,Sun,TRUE,3,Night,2,0,1,20.1,0.16,1.95,0,0.5
3/10/2024,Sun,TRUE,4,Night,3,0,3,14.9,0.1,2.44,0,1
3/10/2024,Sun,TRUE,5,Night,6,0,6,18.6,1,4.89,0,1
3/10/2024,Sun,TRUE,6,Morning,16,1,13,69.4,3.44,11.4,0.062,0.812
3/10/2024,Sun,TRUE,7,Morning,13,1,9,50.2,0.12,17.91,0.077,0.692
3/10/2024,Sun,TRUE,8,Morning,28,4,17,140.4,0.64,24.43,0.143,0.607
3/10/2024,Sun,TRUE,9,Morning,38,3,31,139.4,10.84,29.31,0.079,0.816
3/10/2024,Sun,TRUE,10,Morning,30,1,25,139.4,0.06,34.2,0.033,0.833
3/10/2024,Sun,TRUE,11,Morning,35,3,32,175.4,7.56,32.57,0.086,0.914
3/10/2024,Sun,TRUE,12,Morning,33,4,25,135.5,4.24,26.06,0.121,0.758
3/10/2024,Sun,TRUE,13,Morning,17,3,11,62.2,3.44,27.69,0.176,0.647
3/10/2024,Sun,TRUE,14,Evening,20,1,19,73.4,2.7,32.57,0.05,0.95
3/10/2024,Sun,TRUE,15,Evening,32,2,25,139.8,2.59,30.94,0.062,0.781
3/10/2024,Sun,TRUE,16,Evening,37,3,24,144.3,6.1,27.69,0.081,0.649
3/10/2024,Sun,TRUE,17,Evening,23,2,21,92.4,0.03,22.8,0.087,0.913
3/10/2024,Sun,TRUE,18,Evening,11,1,9,58.8,4.38,17.91,0.091,0.818
3/10/2024,Sun,TRUE,19,Evening,14,1,11,41.1,2.33,14.66,0.071,0.786
3/10/2024,Sun,TRUE,20,Night,18,1,17,74.2,0.28,11.4,0.056,0.944
3/10/2024,Sun,TRUE,21,Night,15,2,10,98.2,0.53,9.77,0.133,0.667
3/10/2024,Sun,TRUE,22,Night,9,1,8,41.6,0.2,8.14,0.111,0.889
3/10/2024,Sun,TRUE,23,Night,3,0,2,17.5,0.83,6.51,0,0.667
3/11/2024,Mon,FALSE,0,Night,8,1,7,42.6,1.72,8.89,0.125,0.875
3/11/2024,Mon,FALSE,1,Night,8,1,6,29.5,1.17,5.93,0.125,0.75
3/11/2024,Mon,FALSE,2,Night,4,0,4,16.7,0.08,4.45,0,1
3/11/2024,Mon,FALSE,3,Night,3,0,1,10.1,0.15,3.56,0,0.333
3/11/2024,Mon,FALSE,4,Night,4,0,3,10,0.19,4.45,0,0.75
3/11/2024,Mon,FALSE,5,Night,11,1,8,47.9,0.33,8.89,0.091,0.727
3/11/2024,Mon,FALSE,6,Morning,19,5,13,84.5,0.35,20.74,0.263,0.684
3/11/2024,Mon,FALSE,7,Morning,37,3,31,173.7,9,32.6,0.081,0.838
3/11/2024,Mon,FALSE,8,Morning,50,3,44,217.6,9.64,44.45,0.06,0.88
3/11/2024,Mon,FALSE,9,Morning,58,4,49,277.4,3.23,53.34,0.069,0.845
3/11/2024,Mon,FALSE,10,Morning,67,4,58,307.1,8.14,62.23,0.06,0.866
3/11/2024,Mon,FALSE,11,Morning,59,4,50,283.5,0.31,59.27,0.068,0.847
3/11/2024,Mon,FALSE,12,Morning,44,2,37,222.2,7.79,47.41,0.045,0.841
3/11/2024,Mon,FALSE,13,Morning,36,4,31,172.6,2.83,50.38,0.111,0.861
3/11/2024,Mon,FALSE,14,Evening,65,5,56,277.4,1.79,59.27,0.077,0.862
3/11/2024,Mon,FALSE,15,Evening,58,6,44,290.2,0.9,56.3,0.103,0.759
3/11/2024,Mon,FALSE,16,Evening,44,3,35,174.3,6.2,50.38,0.068,0.795
3/11/2024,Mon,FALSE,17,Evening,36,3,30,150.7,6.37,41.49,0.083,0.833
3/11/2024,Mon,FALSE,18,Evening,30,0,25,119.4,0.04,32.6,0,0.833
3/11/2024,Mon,FALSE,19,Evening,20,0,17,88.3,1.08,26.67,0,0.85
3/11/2024,Mon,FALSE,20,Night,16,2,12,63.5,0.02,20.74,0.125,0.75
3/11/2024,Mon,FALSE,21,Night,13,0,12,40.1,0.49,17.78,0,0.923
3/11/2024,Mon,FALSE,22,Night,14,1,10,51.1,0.91,14.82,0.071,0.714
3/11/2024,Mon,FALSE,23,Night,8,0,8,30.6,0.08,11.85,0,1
3/12/2024,Tue,FALSE,0,Night,10,1,9,49.3,0.86,8.9,0.1,0.9
3/12/2024,Tue,FALSE,1,Night,9,2,7,47.5,0.14,5.93,0.222,0.778
3/12/2024,Tue,FALSE,2,Night,8,1,6,27.4,0.62,4.45,0.125,0.75
3/12/2024,Tue,FALSE,3,Night,2,0,2,5.8,0.04,3.56,0,1
3/12/2024,Tue,FALSE,4,Night,4,1,3,21.1,0.58,4.45,0.25,0.75
3/12/2024,Tue,FALSE,5,Night,6,0,4,25.1,0.38,8.9,0,0.667
3/12/2024,Tue,FALSE,6,Morning,16,2,13,60.8,1.8,20.76,0.125,0.812
3/12/2024,Tue,FALSE,7,Morning,33,4,26,191.2,3.13,32.62,0.121,0.788
3/12/2024,Tue,FALSE,8,Morning,58,5,43,261.4,1.75,44.48,0.086,0.741
3/12/2024,Tue,FALSE,9,Morning,60,7,47,316.1,3.1,53.38,0.117,0.783
3/12/2024,Tue,FALSE,10,Morning,48,5,32,231.4,1.44,62.28,0.104,0.667
3/12/2024,Tue,FALSE,11,Morning,60,6,49,241.1,1.84,59.31,0.1,0.817
3/12/2024,Tue,FALSE,12,Morning,56,1,51,309.3,4.7,47.45,0.018,0.911
3/12/2024,Tue,FALSE,13,Morning,42,0,38,225.6,0.16,50.42,0,0.905
3/12/2024,Tue,FALSE,14,Evening,52,6,41,279.8,1.33,59.31,0.115,0.788
3/12/2024,Tue,FALSE,15,Evening,69,6,53,330,2.99,56.35,0.087,0.768
3/12/2024,Tue,FALSE,16,Evening,57,3,51,266.9,1.7,50.42,0.053,0.895
3/12/2024,Tue,FALSE,17,Evening,44,3,37,208.1,8.1,41.52,0.068,0.841
3/12/2024,Tue,FALSE,18,Evening,32,1,29,128.9,4.97,32.62,0.031,0.906
3/12/2024,Tue,FALSE,19,Evening,31,2,27,109.1,0.98,26.69,0.065,0.871
3/12/2024,Tue,FALSE,20,Night,22,2,17,97.1,1.64,20.76,0.091,0.773
3/12/2024,Tue,FALSE,21,Night,18,3,12,68.3,0.38,17.79,0.167,0.667
3/12/2024,Tue,FALSE,22,Night,15,2,7,67.9,0.58,14.83,0.133,0.467
3/12/2024,Tue,FALSE,23,Night,7,0,6,41.5,1.68,11.86,0,0.857
3/13/2024,Wed,FALSE,0,Night,9,2,6,38.8,0.2,8.9,0.222,0.667
3/13/2024,Wed,FALSE,1,Night,5,0,4,17.6,0.77,5.94,0,0.8
3/13/2024,Wed,FALSE,2,Night,3,0,3,3.1,0.31,4.45,0,1
3/13/2024,Wed,FALSE,3,Night,1,0,1,3.9,0.7,3.56,0,1
3/13/2024,Wed,FALSE,4,Night,3,0,2,11.1,1.03,4.45,0,0.667
3/13/2024,Wed,FALSE,5,Night,13,3,8,68,0.09,8.9,0.231,0.615
3/13/2024,Wed,FALSE,6,Morning,24,3,17,96.3,3.38,20.78,0.125,0.708
3/13/2024,Wed,FALSE,7,Morning,31,3,26,139.6,4.24,32.65,0.097,0.839
3/13/2024,Wed,FALSE,8,Morning,41,1,35,196,4.03,44.52,0.024,0.854
3/13/2024,Wed,FALSE,9,Morning,60,3,50,246.4,2.19,53.42,0.05,0.833
3/13/2024,Wed,FALSE,10,Morning,75,5,62,310.3,0.56,62.33,0.067,0.827
3/13/2024,Wed,FALSE,11,Morning,69,7,56,316.6,8.45,59.36,0.101,0.812
3/13/2024,Wed,FALSE,12,Morning,40,1,34,145.7,5.14,47.49,0.025,0.85
3/13/2024,Wed,FALSE,13,Morning,49,6,40,215.7,8.01,50.46,0.122,0.816
3/13/2024,Wed,FALSE,14,Evening,63,7,51,300.9,6.46,59.36,0.111,0.81
3/13/2024,Wed,FALSE,15,Evening,48,2,41,203.1,0.25,56.39,0.042,0.854
3/13/2024,Wed,FALSE,16,Evening,36,1,30,248.9,9.37,50.46,0.028,0.833
3/13/2024,Wed,FALSE,17,Evening,46,5,40,192.3,0.02,41.55,0.109,0.87
3/13/2024,Wed,FALSE,18,Evening,33,3,25,145.8,0.44,32.65,0.091,0.758
3/13/2024,Wed,FALSE,19,Evening,25,2,21,70.1,0.21,26.71,0.08,0.84
3/13/2024,Wed,FALSE,20,Night,23,1,20,117.4,1.95,20.78,0.043,0.87
3/13/2024,Wed,FALSE,21,Night,15,2,10,76.1,0.92,17.81,0.133,0.667
3/13/2024,Wed,FALSE,22,Night,10,1,9,68.9,0.37,14.84,0.1,0.9
3/13/2024,Wed,FALSE,23,Night,9,2,7,53.8,1.12,11.87,0.222,0.778
3/14/2024,Thu,FALSE,0,Night,15,1,10,42.5,0.37,8.91,0.067,0.667
3/14/2024,Thu,FALSE,1,Night,5,0,4,17.7,1.12,5.94,0,0.8
3/14/2024,Thu,FALSE,2,Night,3,0,2,5.7,0.55,4.46,0,0.667
3/14/2024,Thu,FALSE,3,Night,0,0,0,0,0,3.56,0,0
3/14/2024,Thu,FALSE,4,Night,2,0,2,5.8,0.43,4.46,0,1
3/14/2024,Thu,FALSE,5,Night,6,0,5,15.3,0.53,8.91,0,0.833
3/14/2024,Thu,FALSE,6,Morning,26,2,19,144.6,3.7,20.79,0.077,0.731
3/14/2024,Thu,FALSE,7,Morning,31,3,23,156.8,1.31,32.67,0.097,0.742
3/14/2024,Thu,FALSE,8,Morning,38,5,30,165.5,2.15,44.55,0.132,0.789
3/14/2024,Thu,FALSE,9,Morning,42,4,36,183.5,5.86,53.47,0.095,0.857
3/14/2024,Thu,FALSE,10,Morning,53,2,40,217.4,3.73,62.38,0.038,0.755
3/14/2024,Thu,FALSE,11,Morning,47,4,39,254.1,3.97,59.41,0.085,0.83
3/14/2024,Thu,FALSE,12,Morning,48,4,32,232.9,0.92,47.53,0.083,0.667
3/14/2024,Thu,FALSE,13,Morning,49,3,37,178.4,2.41,50.5,0.061,0.755
3/14/2024,Thu,FALSE,14,Evening,68,4,56,286.8,0.36,59.41,0.059,0.824
3/14/2024,Thu,FALSE,15,Evening,54,3,47,250,6.28,56.44,0.056,0.87
3/14/2024,Thu,FALSE,16,Evening,55,5,46,255,7.91,50.5,0.091,0.836
3/14/2024,Thu,FALSE,17,Evening,42,3,36,204.1,1.17,41.58,0.071,0.857
3/14/2024,Thu,FALSE,18,Evening,38,1,31,194,9.84,32.67,0.026,0.816
3/14/2024,Thu,FALSE,19,Evening,20,2,14,89.1,0.06,26.73,0.1,0.7
3/14/2024,Thu,FALSE,20,Night,18,2,16,55.8,0.22,20.79,0.111,0.889
3/14/2024,Thu,FALSE,21,Night,17,2,15,44.8,2.39,17.82,0.118,0.882
3/14/2024,Thu,FALSE,22,Night,15,2,13,33.8,0.81,14.85,0.133,0.867
3/14/2024,Thu,FALSE,23,Night,8,1,4,25.7,1.31,11.88,0.125,0.5
3/15/2024,Fri,FALSE,0,Night,10,2,8,37.7,0.25,8.92,0.2,0.8
3/15/2024,Fri,FALSE,1,Night,6,1,4,25.5,0.22,5.95,0.167,0.667
3/15/2024,Fri,FALSE,2,Night,5,2,3,29.2,0.04,4.46,0.4,0.6
3/15/2024,Fri,FALSE,3,Night,6,1,5,33.5,0.06,3.57,0.167,0.833
3/15/2024,Fri,FALSE,4,Night,2,0,1,8.5,0.57,4.46,0,0.5
3/15/2024,Fri,FALSE,5,Night,6,1,4,33.9,0.17,8.92,0.167,0.667
3/15/2024,Fri,FALSE,6,Morning,24,3,19,105.2,2.77,20.81,0.125,0.792
3/15/2024,Fri,FALSE,7,Morning,45,3,37,256.2,0.39,32.7,0.067,0.822
3/15/2024,Fri,FALSE,8,Morning,44,8,32,176.9,9.48,44.59,0.182,0.727
3/15/2024,Fri,FALSE,9,Morning,66,11,49,326,5.86,53.51,0.167,0.742
3/15/2024,Fri,FALSE,10,Morning,67,3,57,310.2,0.56,62.43,0.045,0.851
3/15/2024,Fri,FALSE,11,Morning,54,2,42,209.9,1.35,59.45,0.037,0.778
3/15/2024,Fri,FALSE,12,Morning,55,4,47,273,2.33,47.56,0.073,0.855
3/15/2024,Fri,FALSE,13,Morning,71,6,54,290.5,4.35,50.54,0.085,0.761
3/15/2024,Fri,FALSE,14,Evening,67,6,48,355.7,0.17,59.45,0.09,0.716
3/15/2024,Fri,FALSE,15,Evening,68,10,53,350.1,0.98,56.48,0.147,0.779
3/15/2024,Fri,FALSE,16,Evening,43,4,34,232.6,4.53,50.54,0.093,0.791
3/15/2024,Fri,FALSE,17,Evening,44,3,33,190.1,1.37,41.62,0.068,0.75
3/15/2024,Fri,FALSE,18,Evening,25,3,20,75.7,3.5,32.7,0.12,0.8
3/15/2024,Fri,FALSE,19,Evening,27,1,21,123.4,4.78,26.75,0.037,0.778
3/15/2024,Fri,FALSE,20,Night,17,3,12,74.4,1.89,20.81,0.176,0.706
3/15/2024,Fri,FALSE,21,Night,12,2,9,63,0.42,17.84,0.167,0.75
3/15/2024,Fri,FALSE,22,Night,15,1,14,60.8,0.83,14.86,0.067,0.933
3/15/2024,Fri,FALSE,23,Night,17,1,15,84.7,0.77,11.89,0.059,0.882
3/16/2024,Sat,TRUE,0,Night,4,0,4,27.6,0.14,4.91,0,1
3/16/2024,Sat,TRUE,1,Night,5,0,4,11.1,1.87,3.27,0,0.8
3/16/2024,Sat,TRUE,2,Night,0,0,0,0,0,2.45,0,0
3/16/2024,Sat,TRUE,3,Night,2,0,2,12,0.06,1.96,0,1
3/16/2024,Sat,TRUE,4,Night,1,0,1,0.7,0.17,2.45,0,1
3/16/2024,Sat,TRUE,5,Night,2,0,1,6.5,0.41,4.91,0,0.5
3/16/2024,Sat,TRUE,6,Morning,5,0,3,8.7,1.78,11.45,0,0.6
3/16/2024,Sat,TRUE,7,Morning,21,3,16,116.7,3.12,18,0.143,0.762
3/16/2024,Sat,TRUE,8,Morning,14,3,9,78.2,2.96,24.54,0.214,0.643
3/16/2024,Sat,TRUE,9,Morning,15,2,11,86.7,0.08,29.45,0.133,0.733
3/16/2024,Sat,TRUE,10,Morning,33,5,26,195.3,1.25,34.36,0.152,0.788
3/16/2024,Sat,TRUE,11,Morning,32,3,24,140.6,5.35,32.73,0.094,0.75
3/16/2024,Sat,TRUE,12,Morning,22,3,14,79.2,1.8,26.18,0.136,0.636
3/16/2024,Sat,TRUE,13,Morning,39,1,35,146.7,0.86,27.82,0.026,0.897
3/16/2024,Sat,TRUE,14,Evening,27,0,21,111,8.78,32.73,0,0.778
3/16/2024,Sat,TRUE,15,Evening,29,3,21,87.9,0.66,31.09,0.103,0.724
3/16/2024,Sat,TRUE,16,Evening,37,1,32,132.7,11.41,27.82,0.027,0.865
3/16/2024,Sat,TRUE,17,Evening,14,2,9,54.2,4.82,22.91,0.143,0.643
3/16/2024,Sat,TRUE,18,Evening,17,2,14,77.1,0.45,18,0.118,0.824
3/16/2024,Sat,TRUE,19,Evening,12,3,7,58.1,4.81,14.73,0.25,0.583
3/16/2024,Sat,TRUE,20,Night,10,1,8,42.1,0.07,11.45,0.1,0.8
3/16/2024,Sat,TRUE,21,Night,10,1,7,41.3,0.38,9.82,0.1,0.7
3/16/2024,Sat,TRUE,22,Night,7,1,5,29.6,1.38,8.18,0.143,0.714
3/16/2024,Sat,TRUE,23,Night,2,0,2,19.9,0.25,6.55,0,1
3/17/2024,Sun,TRUE,0,Night,5,1,2,7.9,2.32,4.91,0.2,0.4
3/17/2024,Sun,TRUE,1,Night,4,0,3,15.6,0.53,3.28,0,0.75
3/17/2024,Sun,TRUE,2,Night,2,1,1,2.7,0.26,2.46,0.5,0.5
3/17/2024,Sun,TRUE,3,Night,2,0,2,1.8,0.17,1.97,0,1
3/17/2024,Sun,TRUE,4,Night,1,0,0,5.2,0.11,2.46,0,0
3/17/2024,Sun,TRUE,5,Night,3,0,3,26.2,0.09,4.91,0,1
3/17/2024,Sun,TRUE,6,Morning,11,0,10,58.4,2.77,11.46,0,0.909
3/17/2024,Sun,TRUE,7,Morning,15,2,11,38.3,0.65,18.01,0.133,0.733
3/17/2024,Sun,TRUE,8,Morning,21,2,18,87.9,0.37,24.56,0.095,0.857
3/17/2024,Sun,TRUE,9,Morning,38,3,31,159.9,6.17,29.48,0.079,0.816
3/17/2024,Sun,TRUE,10,Morning,48,3,38,248,5.11,34.39,0.062,0.792
3/17/2024,Sun,TRUE,11,Morning,32,1,27,125.2,0.95,32.75,0.031,0.844
3/17/2024,Sun,TRUE,12,Morning,25,1,20,95.8,7.2,26.2,0.04,0.8
3/17/2024,Sun,TRUE,13,Morning,18,1,16,53.2,2.67,27.84,0.056,0.889
3/17/2024,Sun,TRUE,14,Evening,34,2,31,152.8,2.28,32.75,0.059,0.912
3/17/2024,Sun,TRUE,15,Evening,30,2,24,132,0.82,31.11,0.067,0.8
3/17/2024,Sun,TRUE,16,Evening,29,1,27,114.9,1.1,27.84,0.034,0.931
3/17/2024,Sun,TRUE,17,Evening,22,6,14,109.4,0.07,22.93,0.273,0.636
3/17/2024,Sun,TRUE,18,Evening,15,3,10,53.6,0.39,18.01,0.2,0.667
3/17/2024,Sun,TRUE,19,Evening,10,1,7,33.2,0.32,14.74,0.1,0.7
3/17/2024,Sun,TRUE,20,Night,13,0,12,46.1,0.13,11.46,0,0.923
3/17/2024,Sun,TRUE,21,Night,9,0,8,47.6,1.38,9.83,0,0.889
3/17/2024,Sun,TRUE,22,Night,8,0,4,68.3,0.17,8.19,0,0.5
3/17/2024,Sun,TRUE,23,Night,14,1,12,67.9,3.32,6.55,0.071,0.857
3/18/2024,Mon,FALSE,0,Night,8,0,6,22.1,0.2,8.94,0,0.75
3/18/2024,Mon,FALSE,1,Night,9,0,9,35.5,0.08,5.96,0,1
3/18/2024,Mon,FALSE,2,Night,5,0,4,14.5,0.3,4.47,0,0.8
3/18/2024,Mon,FALSE,3,Night,0,0,0,0,0,3.58,0,0
3/18/2024,Mon,FALSE,4,Night,6,0,6,13.5,0.47,4.47,0,1
3/18/2024,Mon,FALSE,5,Night,13,0,10,30.4,0.42,8.94,0,0.769
3/18/2024,Mon,FALSE,6,Morning,19,1,17,92.5,1.69,20.86,0.053,0.895
3/18/2024,Mon,FALSE,7,Morning,32,2,25,122.6,5.86,32.78,0.062,0.781
3/18/2024,Mon,FALSE,8,Morning,40,1,33,203.1,0.42,44.7,0.025,0.825
3/18/2024,Mon,FALSE,9,Morning,61,6,50,284.5,2.47,53.63,0.098,0.82
3/18/2024,Mon,FALSE,10,Morning,72,5,57,370.5,27.28,62.57,0.069,0.792
3/18/2024,Mon,FALSE,11,Morning,69,8,53,225.3,2.61,59.59,0.116,0.768
3/18/2024,Mon,FALSE,12,Morning,42,1,34,189.3,13.25,47.67,0.024,0.81
3/18/2024,Mon,FALSE,13,Morning,51,7,38,191.1,6.82,50.65,0.137,0.745
3/18/2024,Mon,FALSE,14,Evening,58,11,38,321.9,8.31,59.59,0.19,0.655
3/18/2024,Mon,FALSE,15,Evening,48,9,33,205.4,2.33,56.61,0.188,0.688
3/18/2024,Mon,FALSE,16,Evening,52,2,43,302.6,3.96,50.65,0.038,0.827
3/18/2024,Mon,FALSE,17,Evening,36,1,30,174.6,1.36,41.72,0.028,0.833
3/18/2024,Mon,FALSE,18,Evening,33,3,26,116.4,2.63,32.78,0.091,0.788
3/18/2024,Mon,FALSE,19,Evening,20,1,17,70.6,6.57,26.82,0.05,0.85
3/18/2024,Mon,FALSE,20,Night,19,0,15,95,1.11,20.86,0,0.789
3/18/2024,Mon,FALSE,21,Night,16,0,15,61.5,0.13,17.88,0,0.938
3/18/2024,Mon,FALSE,22,Night,8,0,8,24,0.55,14.9,0,1
3/18/2024,Mon,FALSE,23,Night,11,1,8,56.9,0.09,11.92,0.091,0.727
3/19/2024,Tue,FALSE,0,Night,12,0,10,31.5,1.19,8.95,0,0.833
3/19/2024,Tue,FALSE,1,Night,6,0,5,25.3,0.21,5.96,0,0.833
3/19/2024,Tue,FALSE,2,Night,6,0,6,21.6,0.15,4.47,0,1
3/19/2024,Tue,FALSE,3,Night,1,1,0,1.4,0.17,3.58,1,0
3/19/2024,Tue,FALSE,4,Night,4,0,4,10.6,0.01,4.47,0,1
3/19/2024,Tue,FALSE,5,Night,8,2,4,40.4,0.16,8.95,0.25,0.5
3/19/2024,Tue,FALSE,6,Morning,25,2,20,113.3,0.09,20.87,0.08,0.8
3/19/2024,Tue,FALSE,7,Morning,37,1,33,166.2,6.33,32.8,0.027,0.892
3/19/2024,Tue,FALSE,8,Morning,49,3,37,230.5,1.75,44.73,0.061,0.755
3/19/2024,Tue,FALSE,9,Morning,64,3,48,392.4,0.58,53.68,0.047,0.75
3/19/2024,Tue,FALSE,10,Morning,86,3,67,427.6,7.78,62.62,0.035,0.779
3/19/2024,Tue,FALSE,11,Morning,66,1,57,206.9,4.73,59.64,0.015,0.864
3/19/2024,Tue,FALSE,12,Morning,51,7,39,255.6,4.9,47.71,0.137,0.765
3/19/2024,Tue,FALSE,13,Morning,44,7,32,229.8,3.05,50.69,0.159,0.727
3/19/2024,Tue,FALSE,14,Evening,63,5,52,296.4,1.54,59.64,0.079,0.825
3/19/2024,Tue,FALSE,15,Evening,62,3,48,233.4,6.07,56.66,0.048,0.774
3/19/2024,Tue,FALSE,16,Evening,51,2,42,231.1,0.85,50.69,0.039,0.824
3/19/2024,Tue,FALSE,17,Evening,43,0,39,184.5,8.42,41.75,0,0.907
3/19/2024,Tue,FALSE,18,Evening,33,1,28,131,2.23,32.8,0.03,0.848
3/19/2024,Tue,FALSE,19,Evening,27,0,22,119.3,0.14,26.84,0,0.815
3/19/2024,Tue,FALSE,20,Night,13,2,11,64.7,1.2,20.87,0.154,0.846
3/19/2024,Tue,FALSE,21,Night,20,3,14,121.2,1.06,17.89,0.15,0.7
3/19/2024,Tue,FALSE,22,Night,18,3,12,93.9,0.75,14.91,0.167,0.667
3/19/2024,Tue,FALSE,23,Night,12,0,11,33.6,0.6,11.93,0,0.917
3/20/2024,Wed,FALSE,0,Night,12,1,11,68.9,2.31,8.95,0.083,0.917
3/20/2024,Wed,FALSE,1,Night,2,0,2,13.7,0.4,5.97,0,1
3/20/2024,Wed,FALSE,2,Night,2,0,2,0.6,0.06,4.48,0,1
3/20/2024,Wed,FALSE,3,Night,5,0,5,25,0.11,3.58,0,1
3/20/2024,Wed,FALSE,4,Night,3,0,3,9.6,0.07,4.48,0,1
3/20/2024,Wed,FALSE,5,Night,14,0,12,81.3,0.47,8.95,0,0.857
3/20/2024,Wed,FALSE,6,Morning,22,3,15,125.7,0.51,20.89,0.136,0.682
3/20/2024,Wed,FALSE,7,Morning,30,1,26,164.2,0.31,32.83,0.033,0.867
3/20/2024,Wed,FALSE,8,Morning,49,2,43,227,5.57,44.77,0.041,0.878
3/20/2024,Wed,FALSE,9,Morning,41,2,35,210.1,4.74,53.72,0.049,0.854
3/20/2024,Wed,FALSE,10,Morning,71,9,55,318.3,8.34,62.67,0.127,0.775
3/20/2024,Wed,FALSE,11,Morning,62,6,47,296.4,7.54,59.69,0.097,0.758
3/20/2024,Wed,FALSE,12,Morning,44,5,34,182.9,1.55,47.75,0.114,0.773
3/20/2024,Wed,FALSE,13,Morning,51,9,38,202.7,7.54,50.73,0.176,0.745
3/20/2024,Wed,FALSE,14,Evening,70,6,58,384.5,7.91,59.69,0.086,0.829
3/20/2024,Wed,FALSE,15,Evening,53,3,47,183.7,4.83,56.7,0.057,0.887
3/20/2024,Wed,FALSE,16,Evening,57,6,50,301.3,6.46,50.73,0.105,0.877
3/20/2024,Wed,FALSE,17,Evening,45,3,35,179.1,0.34,41.78,0.067,0.778
3/20/2024,Wed,FALSE,18,Evening,48,3,43,182.4,3.45,32.83,0.062,0.896
3/20/2024,Wed,FALSE,19,Evening,34,2,26,168.4,0.67,26.86,0.059,0.765
3/20/2024,Wed,FALSE,20,Night,17,0,13,67.3,2.23,20.89,0,0.765
3/20/2024,Wed,FALSE,21,Night,16,1,12,87.8,0.16,17.91,0.062,0.75
3/20/2024,Wed,FALSE,22,Night,6,0,6,41.6,0,14.92,0,1
3/20/2024,Wed,FALSE,23,Night,16,1,9,79.5,0.67,11.94,0.062,0.562
3/21/2024,Thu,FALSE,0,Night,7,1,6,29.8,1.48,8.96,0.143,0.857
3/21/2024,Thu,FALSE,1,Night,3,0,2,21.1,0.83,5.97,0,0.667
3/21/2024,Thu,FALSE,2,Night,1,0,1,5.8,0,4.48,0,1
3/21/2024,Thu,FALSE,3,Night,2,0,2,12.4,0.1,3.58,0,1
3/21/2024,Thu,FALSE,4,Night,4,0,3,18,0.68,4.48,0,0.75
3/21/2024,Thu,FALSE,5,Night,12,1,10,43.1,0.97,8.96,0.083,0.833
3/21/2024,Thu,FALSE,6,Morning,18,0,15,74.9,0.97,20.91,0,0.833
3/21/2024,Thu,FALSE,7,Morning,32,2,27,162.2,2.68,32.85,0.062,0.844
3/21/2024,Thu,FALSE,8,Morning,44,5,30,177.6,0.21,44.8,0.114,0.682
3/21/2024,Thu,FALSE,9,Morning,57,8,44,353.4,1.91,53.76,0.14,0.772
3/21/2024,Thu,FALSE,10,Morning,46,0,37,152.1,7.6,62.72,0,0.804
3/21/2024,Thu,FALSE,11,Morning,65,5,52,220.2,0.7,59.73,0.077,0.8
3/21/2024,Thu,FALSE,12,Morning,57,4,46,225.3,4.49,47.79,0.07,0.807
3/21/2024,Thu,FALSE,13,Morning,62,7,47,252.2,5.43,50.77,0.113,0.758
3/21/2024,Thu,FALSE,14,Evening,51,2,42,237,6.03,59.73,0.039,0.824
3/21/2024,Thu,FALSE,15,Evening,57,4,44,246.7,9.64,56.75,0.07,0.772
3/21/2024,Thu,FALSE,16,Evening,50,5,35,210.6,5.96,50.77,0.1,0.7
3/21/2024,Thu,FALSE,17,Evening,37,5,25,120.7,2.25,41.81,0.135,0.676
3/21/2024,Thu,FALSE,18,Evening,35,3,27,140.5,3.05,32.85,0.086,0.771
3/21/2024,Thu,FALSE,19,Evening,20,3,16,70.1,0.11,26.88,0.15,0.8
3/21/2024,Thu,FALSE,20,Night,24,3,19,78.7,2.36,20.91,0.125,0.792
3/21/2024,Thu,FALSE,21,Night,13,0,8,48.9,0.75,17.92,0,0.615
3/21/2024,Thu,FALSE,22,Night,10,0,10,98.1,0.54,14.93,0,1
3/21/2024,Thu,FALSE,23,Night,13,4,9,106.4,0.29,11.95,0.308,0.692
3/22/2024,Fri,FALSE,0,Night,10,0,9,33.3,0.09,8.97,0,0.9
3/22/2024,Fri,FALSE,1,Night,9,0,6,25.9,0.2,5.98,0,0.667
3/22/2024,Fri,FALSE,2,Night,5,0,4,21.1,0.71,4.48,0,0.8
3/22/2024,Fri,FALSE,3,Night,4,0,3,45.5,0.03,3.59,0,0.75
3/22/2024,Fri,FALSE,4,Night,4,0,3,15.5,0.47,4.48,0,0.75
3/22/2024,Fri,FALSE,5,Night,11,2,8,37.2,0.08,8.97,0.182,0.727
3/22/2024,Fri,FALSE,6,Morning,31,6,22,154.6,0.47,20.92,0.194,0.71
3/22/2024,Fri,FALSE,7,Morning,39,4,28,149.1,1.67,32.88,0.103,0.718
3/22/2024,Fri,FALSE,8,Morning,52,6,44,192.4,3.02,44.83,0.115,0.846
3/22/2024,Fri,FALSE,9,Morning,46,4,37,183,0.1,53.8,0.087,0.804
3/22/2024,Fri,FALSE,10,Morning,61,8,46,292.7,1.08,62.77,0.131,0.754
3/22/2024,Fri,FALSE,11,Morning,75,4,60,376.1,2.63,59.78,0.053,0.8
3/22/2024,Fri,FALSE,12,Morning,55,4,46,273.4,4.34,47.82,0.073,0.836
3/22/2024,Fri,FALSE,13,Morning,51,5,38,173.3,6.93,50.81,0.098,0.745
3/22/2024,Fri,FALSE,14,Evening,69,3,57,322.2,3.59,59.78,0.043,0.826
3/22/2024,Fri,FALSE,15,Evening,55,5,44,253.3,9.03,56.79,0.091,0.8
3/22/2024,Fri,FALSE,16,Evening,47,4,38,249.8,5.8,50.81,0.085,0.809
3/22/2024,Fri,FALSE,17,Evening,42,4,32,174.6,1.52,41.85,0.095,0.762
3/22/2024,Fri,FALSE,18,Evening,35,2,29,168.7,3.81,32.88,0.057,0.829
3/22/2024,Fri,FALSE,19,Evening,24,1,19,73.3,2.6,26.9,0.042,0.792
3/22/2024,Fri,FALSE,20,Night,21,1,16,74.9,0.35,20.92,0.048,0.762
3/22/2024,Fri,FALSE,21,Night,19,0,17,84.5,4.58,17.93,0,0.895
3/22/2024,Fri,FALSE,22,Night,17,3,12,63.8,2.74,14.94,0.176,0.706
3/22/2024,Fri,FALSE,23,Night,9,1,8,78,0.01,11.96,0.111,0.889
3/23/2024,Sat,TRUE,0,Night,3,0,3,7.3,0.06,4.94,0,1
3/23/2024,Sat,TRUE,1,Night,2,0,1,21.4,0.27,3.29,0,0.5
3/23/2024,Sat,TRUE,2,Night,3,1,2,6.3,0.22,2.47,0.333,0.667
3/23/2024,Sat,TRUE,3,Night,0,0,0,0,0,1.97,0,0
3/23/2024,Sat,TRUE,4,Night,5,0,3,40.1,0.18,2.47,0,0.6
3/23/2024,Sat,TRUE,5,Night,9,0,6,50.8,0.45,4.94,0,0.667
3/23/2024,Sat,TRUE,6,Morning,11,0,11,34.9,2.06,11.52,0,1
3/23/2024,Sat,TRUE,7,Morning,20,0,20,68.4,3.25,18.1,0,1
3/23/2024,Sat,TRUE,8,Morning,22,6,11,94.1,4.06,24.68,0.273,0.5
3/23/2024,Sat,TRUE,9,Morning,30,1,26,128.7,4.52,29.61,0.033,0.867
3/23/2024,Sat,TRUE,10,Morning,41,4,32,132.8,2.3,34.55,0.098,0.78
3/23/2024,Sat,TRUE,11,Morning,18,2,14,97.1,13.31,32.9,0.111,0.778
3/23/2024,Sat,TRUE,12,Morning,22,0,20,90.1,5.41,26.32,0,0.909
3/23/2024,Sat,TRUE,13,Morning,32,0,29,210,0.48,27.97,0,0.906
3/23/2024,Sat,TRUE,14,Evening,27,2,22,154.9,3.85,32.9,0.074,0.815
3/23/2024,Sat,TRUE,15,Evening,31,4,25,158.2,4.1,31.26,0.129,0.806
3/23/2024,Sat,TRUE,16,Evening,27,2,20,108.9,3.94,27.97,0.074,0.741
3/23/2024,Sat,TRUE,17,Evening,18,1,14,79.8,1.54,23.03,0.056,0.778
3/23/2024,Sat,TRUE,18,Evening,19,3,15,76.9,2,18.1,0.158,0.789
3/23/2024,Sat,TRUE,19,Evening,10,0,8,46.1,0.15,14.81,0,0.8
3/23/2024,Sat,TRUE,20,Night,19,2,15,82.7,1.8,11.52,0.105,0.789
3/23/2024,Sat,TRUE,21,Night,7,1,6,26.6,3.95,9.87,0.143,0.857
3/23/2024,Sat,TRUE,22,Night,9,3,6,31.3,2.99,8.23,0.333,0.667
3/23/2024,Sat,TRUE,23,Night,4,0,3,10.9,0.5,6.58,0,0.75
3/24/2024,Sun,TRUE,0,Night,7,1,6,37.2,3.08,4.94,0.143,0.857
3/24/2024,Sun,TRUE,1,Night,1,0,1,3,0.17,3.29,0,1
3/24/2024,Sun,TRUE,2,Night,3,1,2,4.6,0.44,2.47,0.333,0.667
3/24/2024,Sun,TRUE,3,Night,3,0,2,23.4,0.15,1.98,0,0.667
3/24/2024,Sun,TRUE,4,Night,2,1,1,5.3,0.48,2.47,0.5,0.5
3/24/2024,Sun,TRUE,5,Night,3,2,0,12.7,0.26,4.94,0.667,0
3/24/2024,Sun,TRUE,6,Morning,14,0,10,49.7,0.68,11.53,0,0.714
3/24/2024,Sun,TRUE,7,Morning,17,2,12,80,0.2,18.11,0.118,0.706
3/24/2024,Sun,TRUE,8,Morning,26,2,20,102.4,4.8,24.7,0.077,0.769
3/24/2024,Sun,TRUE,9,Morning,31,2,27,138.5,2.18,29.64,0.065,0.871
3/24/2024,Sun,TRUE,10,Morning,35,3,27,165.8,0.71,34.58,0.086,0.771
3/24/2024,Sun,TRUE,11,Morning,36,5,26,172.7,2.17,32.93,0.139,0.722
3/24/2024,Sun,TRUE,12,Morning,39,0,34,227.8,3.46,26.34,0,0.872
3/24/2024,Sun,TRUE,13,Morning,25,2,22,85.3,0.57,27.99,0.08,0.88
3/24/2024,Sun,TRUE,14,Evening,30,4,24,100.3,0.44,32.93,0.133,0.8
3/24/2024,Sun,TRUE,15,Evening,31,4,22,119.8,0.87,31.28,0.129,0.71
3/24/2024,Sun,TRUE,16,Evening,32,3,26,111.3,3.7,27.99,0.094,0.812
3/24/2024,Sun,TRUE,17,Evening,22,1,19,115,0.91,23.05,0.045,0.864
3/24/2024,Sun,TRUE,18,Evening,24,0,19,106.5,5.7,18.11,0,0.792
3/24/2024,Sun,TRUE,19,Evening,13,0,12,48.5,1.9,14.82,0,0.923
3/24/2024,Sun,TRUE,20,Night,10,1,7,53.4,3.61,11.53,0.1,0.7
3/24/2024,Sun,TRUE,21,Night,10,1,8,25.4,0.62,9.88,0.1,0.8
3/24/2024,Sun,TRUE,22,Night,8,1,6,40,1.86,8.23,0.125,0.75
3/24/2024,Sun,TRUE,23,Night,4,0,3,15.1,0.79,6.59,0,0.75
3/25/2024,Mon,FALSE,0,Night,14,0,11,59.2,0.2,8.99,0,0.786
3/25/2024,Mon,FALSE,1,Night,5,1,3,27.1,0.83,5.99,0.2,0.6
3/25/2024,Mon,FALSE,2,Night,6,0,5,40,0.74,4.49,0,0.833
3/25/2024,Mon,FALSE,3,Night,5,0,4,8.1,0.36,3.6,0,0.8
3/25/2024,Mon,FALSE,4,Night,7,1,4,49.8,0.08,4.49,0.143,0.571
3/25/2024,Mon,FALSE,5,Night,4,0,4,28.3,0.9,8.99,0,1
3/25/2024,Mon,FALSE,6,Morning,17,2,13,67.4,1.04,20.97,0.118,0.765
3/25/2024,Mon,FALSE,7,Morning,29,3,25,144.4,0.09,32.96,0.103,0.862
3/25/2024,Mon,FALSE,8,Morning,46,3,38,176.8,10.78,44.94,0.065,0.826
3/25/2024,Mon,FALSE,9,Morning,65,2,56,278.3,2.08,53.93,0.031,0.862
3/25/2024,Mon,FALSE,10,Morning,54,4,38,249.3,4.9,62.92,0.074,0.704
3/25/2024,Mon,FALSE,11,Morning,67,5,55,328.8,0.25,59.92,0.075,0.821
3/25/2024,Mon,FALSE,12,Morning,44,4,37,170.8,0.54,47.94,0.091,0.841
3/25/2024,Mon,FALSE,13,Morning,53,3,42,180.5,0.76,50.93,0.057,0.792
3/25/2024,Mon,FALSE,14,Evening,67,7,53,339.8,0.56,59.92,0.104,0.791
3/25/2024,Mon,FALSE,15,Evening,55,2,47,264,0.81,56.92,0.036,0.855
3/25/2024,Mon,FALSE,16,Evening,64,5,51,288,3.57,50.93,0.078,0.797
3/25/2024,Mon,FALSE,17,Evening,38,6,31,151.8,0.33,41.94,0.158,0.816
3/25/2024,Mon,FALSE,18,Evening,31,2,24,134.1,1.27,32.96,0.065,0.774
3/25/2024,Mon,FALSE,19,Evening,26,2,22,106.5,1.11,26.96,0.077,0.846
3/25/2024,Mon,FALSE,20,Night,21,4,16,97.5,0.19,20.97,0.19,0.762
3/25/2024,Mon,FALSE,21,Night,16,0,11,55.6,0.92,17.98,0,0.688
3/25/2024,Mon,FALSE,22,Night,14,2,11,51.5,1.38,14.98,0.143,0.786
3/25/2024,Mon,FALSE,23,Night,7,1,5,24.2,0.69,11.98,0.143,0.714
3/26/2024,Tue,FALSE,0,Night,9,1,6,18.4,0.25,9,0.111,0.667
3/26/2024,Tue,FALSE,1,Night,7,0,6,28.9,1.14,6,0,0.857
3/26/2024,Tue,FALSE,2,Night,3,0,3,9.4,0.13,4.5,0,1
3/26/2024,Tue,FALSE,3,Night,2,1,1,0.3,0.08,3.6,0.5,0.5
3/26/2024,Tue,FALSE,4,Night,3,0,3,30.7,0.14,4.5,0,1
3/26/2024,Tue,FALSE,5,Night,4,0,4,26.3,0.11,9,0,1
3/26/2024,Tue,FALSE,6,Morning,22,3,16,88.2,0.61,20.99,0.136,0.727
3/26/2024,Tue,FALSE,7,Morning,30,2,28,116,3.44,32.98,0.067,0.933
3/26/2024,Tue,FALSE,8,Morning,53,7,38,221.2,0.49,44.98,0.132,0.717
3/26/2024,Tue,FALSE,9,Morning,54,7,39,260,0.95,53.97,0.13,0.722
3/26/2024,Tue,FALSE,10,Morning,58,5,44,269.5,1.81,62.97,0.086,0.759
3/26/2024,Tue,FALSE,11,Morning,52,2,43,202.6,2.63,59.97,0.038,0.827
3/26/2024,Tue,FALSE,12,Morning,46,4,36,190.9,0.84,47.97,0.087,0.783
3/26/2024,Tue,FALSE,13,Morning,52,4,43,245.7,1.56,50.97,0.077,0.827
3/26/2024,Tue,FALSE,14,Evening,67,4,54,285.8,3.22,59.97,0.06,0.806
3/26/2024,Tue,FALSE,15,Evening,43,4,31,178.3,2.03,56.97,0.093,0.721
3/26/2024,Tue,FALSE,16,Evening,54,2,51,256.2,8.44,50.97,0.037,0.944
3/26/2024,Tue,FALSE,17,Evening,34,3,24,141,5.42,41.98,0.088,0.706
3/26/2024,Tue,FALSE,18,Evening,36,1,31,179.7,4.85,32.98,0.028,0.861
3/26/2024,Tue,FALSE,19,Evening,32,2,29,179.8,0.68,26.98,0.062,0.906
3/26/2024,Tue,FALSE,20,Night,20,2,16,66,2.84,20.99,0.1,0.8
3/26/2024,Tue,FALSE,21,Night,22,3,19,89.5,2.33,17.99,0.136,0.864
3/26/2024,Tue,FALSE,22,Night,16,4,12,40.7,1.75,14.99,0.25,0.75
3/26/2024,Tue,FALSE,23,Night,7,0,6,30.5,0.33,11.99,0,0.857
3/27/2024,Wed,FALSE,0,Night,4,0,3,14.5,1.64,9,0,0.75
3/27/2024,Wed,FALSE,1,Night,9,1,7,63.1,0.25,6,0.111,0.778
3/27/2024,Wed,FALSE,2,Night,3,1,2,5.4,0.16,4.5,0.333,0.667
3/27/2024,Wed,FALSE,3,Night,3,0,2,5.9,0.33,3.6,0,0.667
3/27/2024,Wed,FALSE,4,Night,8,1,7,26.2,0.3,4.5,0.125,0.875
3/27/2024,Wed,FALSE,5,Night,9,0,8,51.9,0.1,9,0,0.889
3/27/2024,Wed,FALSE,6,Morning,19,1,17,60.5,0.54,21,0.053,0.895
3/27/2024,Wed,FALSE,7,Morning,39,2,29,172.2,2.5,33.01,0.051,0.744
3/27/2024,Wed,FALSE,8,Morning,51,3,42,237.8,1.3,45.01,0.059,0.824
3/27/2024,Wed,FALSE,9,Morning,54,5,44,241.5,2.65,54.01,0.093,0.815
3/27/2024,Wed,FALSE,10,Morning,62,6,50,340.9,0.46,63.01,0.097,0.806
3/27/2024,Wed,FALSE,11,Morning,60,7,47,226.3,8.06,60.01,0.117,0.783
3/27/2024,Wed,FALSE,12,Morning,59,6,43,245.2,2.59,48.01,0.102,0.729
3/27/2024,Wed,FALSE,13,Morning,47,3,37,227.4,4.04,51.01,0.064,0.787
3/27/2024,Wed,FALSE,14,Evening,65,8,47,267,7.27,60.01,0.123,0.723
3/27/2024,Wed,FALSE,15,Evening,49,6,35,251,12.21,57.01,0.122,0.714
3/27/2024,Wed,FALSE,16,Evening,51,4,42,247.7,5.05,51.01,0.078,0.824
3/27/2024,Wed,FALSE,17,Evening,41,1,32,230.4,2.72,42.01,0.024,0.78
3/27/2024,Wed,FALSE,18,Evening,36,1,29,148.2,0.86,33.01,0.028,0.806
3/27/2024,Wed,FALSE,19,Evening,32,2,28,189.5,2.76,27.01,0.062,0.875
3/27/2024,Wed,FALSE,20,Night,19,3,15,91.3,2.07,21,0.158,0.789
3/27/2024,Wed,FALSE,21,Night,14,0,13,64.4,0.07,18,0,0.929
3/27/2024,Wed,FALSE,22,Night,16,1,15,59.7,0.13,15,0.062,0.938
3/27/2024,Wed,FALSE,23,Night,10,2,8,41.3,0.01,12,0.2,0.8
3/28/2024,Thu,FALSE,0,Night,4,0,4,16.2,0.03,9.01,0,1
3/28/2024,Thu,FALSE,1,Night,4,0,2,25.1,0.59,6.01,0,0.5
3/28/2024,Thu,FALSE,2,Night,1,0,1,1.5,0.37,4.5,0,1
3/28/2024,Thu,FALSE,3,Night,5,0,5,26.1,0.13,3.6,0,1
3/28/2024,Thu,FALSE,4,Night,6,0,5,21,0.17,4.5,0,0.833
3/28/2024,Thu,FALSE,5,Night,11,0,11,57.4,0.39,9.01,0,1
3/28/2024,Thu,FALSE,6,Morning,19,1,16,135.7,1.21,21.02,0.053,0.842
3/28/2024,Thu,FALSE,7,Morning,28,4,17,89.1,0.83,33.03,0.143,0.607
3/28/2024,Thu,FALSE,8,Morning,43,3,34,201.1,0.15,45.05,0.07,0.791
3/28/2024,Thu,FALSE,9,Morning,44,8,30,226.8,2.56,54.05,0.182,0.682
3/28/2024,Thu,FALSE,10,Morning,64,5,51,266.8,1.49,63.06,0.078,0.797
3/28/2024,Thu,FALSE,11,Morning,48,6,37,261.1,17.16,60.06,0.125,0.771
3/28/2024,Thu,FALSE,12,Morning,39,0,34,203.6,2.15,48.05,0,0.872
3/28/2024,Thu,FALSE,13,Morning,52,7,36,226.5,2.98,51.05,0.135,0.692
3/28/2024,Thu,FALSE,14,Evening,60,6,48,251.6,8.93,60.06,0.1,0.8
3/28/2024,Thu,FALSE,15,Evening,66,6,50,351.8,4.2,57.06,0.091,0.758
3/28/2024,Thu,FALSE,16,Evening,41,3,36,185,0.03,51.05,0.073,0.878
3/28/2024,Thu,FALSE,17,Evening,37,5,26,166,0.51,42.04,0.135,0.703
3/28/2024,Thu,FALSE,18,Evening,28,1,22,110.8,5.04,33.03,0.036,0.786
3/28/2024,Thu,FALSE,19,Evening,25,3,19,99.7,2.24,27.03,0.12,0.76
3/28/2024,Thu,FALSE,20,Night,33,3,27,188.6,0.08,21.02,0.091,0.818
3/28/2024,Thu,FALSE,21,Night,23,0,21,132.7,0.75,18.02,0,0.913
3/28/2024,Thu,FALSE,22,Night,16,0,11,115.6,1.79,15.02,0,0.688
3/28/2024,Thu,FALSE,23,Night,16,1,15,49.9,0.72,12.01,0.062,0.938
3/29/2024,Fri,FALSE,0,Night,8,0,7,21.3,0.37,9.02,0,0.875
3/29/2024,Fri,FALSE,1,Night,9,0,8,36.5,0.47,6.01,0,0.889
3/29/2024,Fri,FALSE,2,Night,2,0,2,3.3,0.02,4.51,0,1
3/29/2024,Fri,FALSE,3,Night,4,0,4,20,0.09,3.61,0,1
3/29/2024,Fri,FALSE,4,Night,3,0,3,27.1,0.17,4.51,0,1
3/29/2024,Fri,FALSE,5,Night,7,2,4,16.2,0.03,9.02,0.286,0.571
3/29/2024,Fri,FALSE,6,Morning,19,1,14,77.1,2.86,21.04,0.053,0.737
3/29/2024,Fri,FALSE,7,Morning,43,7,35,179.7,0.09,33.06,0.163,0.814
3/29/2024,Fri,FALSE,8,Morning,31,1,27,134,0.34,45.08,0.032,0.871
3/29/2024,Fri,FALSE,9,Morning,49,8,37,227.7,1.69,54.1,0.163,0.755
3/29/2024,Fri,FALSE,10,Morning,67,8,53,297.9,1.1,63.11,0.119,0.791
3/29/2024,Fri,FALSE,11,Morning,58,4,44,224.5,0.17,60.11,0.069,0.759
3/29/2024,Fri,FALSE,12,Morning,53,5,39,197.3,2.79,48.09,0.094,0.736
3/29/2024,Fri,FALSE,13,Morning,52,4,45,232.2,3.51,51.09,0.077,0.865
3/29/2024,Fri,FALSE,14,Evening,49,3,42,250.3,1.81,60.11,0.061,0.857
3/29/2024,Fri,FALSE,15,Evening,68,7,59,236.7,0.56,57.1,0.103,0.868
3/29/2024,Fri,FALSE,16,Evening,56,5,43,203.1,1.23,51.09,0.089,0.768
3/29/2024,Fri,FALSE,17,Evening,43,5,35,161.1,5.76,42.07,0.116,0.814
3/29/2024,Fri,FALSE,18,Evening,29,3,21,189.4,7.88,33.06,0.103,0.724
3/29/2024,Fri,FALSE,19,Evening,24,4,19,109.8,0.08,27.05,0.167,0.792
3/29/2024,Fri,FALSE,20,Night,15,3,9,62.8,0.32,21.04,0.2,0.6
3/29/2024,Fri,FALSE,21,Night,11,1,7,74.5,2.22,18.03,0.091,0.636
3/29/2024,Fri,FALSE,22,Night,17,0,14,91,1.98,15.03,0,0.824
3/29/2024,Fri,FALSE,23,Night,8,1,6,42.6,2.03,12.02,0.125,0.75
3/30/2024,Sat,TRUE,0,Night,1,0,0,8.4,0.03,4.96,0,0
3/30/2024,Sat,TRUE,1,Night,4,0,4,46.4,0.09,3.31,0,1
3/30/2024,Sat,TRUE,2,Night,4,0,4,20,0.45,2.48,0,1
3/30/2024,Sat,TRUE,3,Night,1,0,0,5.5,0.14,1.99,0,0
3/30/2024,Sat,TRUE,4,Night,1,0,1,2.1,0.06,2.48,0,1
3/30/2024,Sat,TRUE,5,Night,4,0,4,23.5,0.15,4.96,0,1
3/30/2024,Sat,TRUE,6,Morning,11,0,10,37.7,0.49,11.58,0,0.909
3/30/2024,Sat,TRUE,7,Morning,18,2,14,79.4,1.93,18.2,0.111,0.778
3/30/2024,Sat,TRUE,8,Morning,20,1,16,90.3,0.56,24.81,0.05,0.8
3/30/2024,Sat,TRUE,9,Morning,27,0,22,179.4,0.41,29.78,0,0.815
3/30/2024,Sat,TRUE,10,Morning,28,0,27,94.2,2.86,34.74,0,0.964
3/30/2024,Sat,TRUE,11,Morning,32,3,23,164.9,4.41,33.08,0.094,0.719
3/30/2024,Sat,TRUE,12,Morning,31,3,23,130.6,1.15,26.47,0.097,0.742
3/30/2024,Sat,TRUE,13,Morning,34,3,28,155.6,6.83,28.12,0.088,0.824
3/30/2024,Sat,TRUE,14,Evening,22,0,20,61.5,0.95,33.08,0,0.909
3/30/2024,Sat,TRUE,15,Evening,32,2,22,153.8,3.98,31.43,0.062,0.688
3/30/2024,Sat,TRUE,16,Evening,25,1,20,143.9,4.67,28.12,0.04,0.8
3/30/2024,Sat,TRUE,17,Evening,29,1,21,117.9,1.13,23.16,0.034,0.724
3/30/2024,Sat,TRUE,18,Evening,17,4,6,49.6,1.71,18.2,0.235,0.353
3/30/2024,Sat,TRUE,19,Evening,25,2,22,122.5,2.91,14.89,0.08,0.88
3/30/2024,Sat,TRUE,20,Night,11,2,7,48.4,0.45,11.58,0.182,0.636
3/30/2024,Sat,TRUE,21,Night,12,1,8,61.9,1.48,9.93,0.083,0.667
3/30/2024,Sat,TRUE,22,Night,8,2,5,31.2,0.79,8.27,0.25,0.625
3/30/2024,Sat,TRUE,23,Night,4,1,3,18.6,0.43,6.62,0.25,0.75
3/31/2024,Sun,TRUE,0,Night,5,0,4,16.2,1.01,4.97,0,0.8
3/31/2024,Sun,TRUE,1,Night,5,1,4,17.6,0.84,3.31,0.2,0.8
3/31/2024,Sun,TRUE,2,Night,4,1,2,26.6,0.04,2.48,0.25,0.5
3/31/2024,Sun,TRUE,3,Night,1,0,1,2.7,0.03,1.99,0,1
3/31/2024,Sun,TRUE,4,Night,1,0,1,4,0.2,2.48,0,1
3/31/2024,Sun,TRUE,5,Night,4,2,2,22.8,1.43,4.97,0.5,0.5
3/31/2024,Sun,TRUE,6,Morning,5,0,5,29.1,0.45,11.59,0,1
3/31/2024,Sun,TRUE,7,Morning,19,2,16,46.5,1.59,18.21,0.105,0.842
3/31/2024,Sun,TRUE,8,Morning,26,1,23,90,6.18,24.83,0.038,0.885
3/31/2024,Sun,TRUE,9,Morning,36,4,29,174.6,5.17,29.8,0.111,0.806
3/31/2024,Sun,TRUE,10,Morning,43,2,33,200.6,2.56,34.77,0.047,0.767
3/31/2024,Sun,TRUE,11,Morning,26,4,18,82.3,11.85,33.11,0.154,0.692
3/31/2024,Sun,TRUE,12,Morning,22,3,17,106.4,9.75,26.49,0.136,0.773
3/31/2024,Sun,TRUE,13,Morning,26,1,24,109.5,0.54,28.14,0.038,0.923
3/31/2024,Sun,TRUE,14,Evening,30,3,22,108.5,11.07,33.11,0.1,0.733
3/31/2024,Sun,TRUE,15,Evening,37,2,32,156.7,2.66,31.45,0.054,0.865
3/31/2024,Sun,TRUE,16,Evening,27,3,21,148.7,0.86,28.14,0.111,0.778
3/31/2024,Sun,TRUE,17,Evening,23,0,19,110.7,0.93,23.18,0,0.826
3/31/2024,Sun,TRUE,18,Evening,15,1,13,79.9,2.14,18.21,0.067,0.867
3/31/2024,Sun,TRUE,19,Evening,15,3,11,70.1,2.44,14.9,0.2,0.733
3/31/2024,Sun,TRUE,20,Night,16,3,11,68.6,0.59,11.59,0.188,0.688
3/31/2024,Sun,TRUE,21,Night,11,2,8,34.8,3.41,9.93,0.182,0.727
3/31/2024,Sun,TRUE,22,Night,8,0,7,61.6,1.3,8.28,0,0.875
3/31/2024,Sun,TRUE,23,Night,6,1,5,10.7,2.15,6.62,0.167,0.833
4/1/2024,Mon,FALSE,0,Night,9,0,8,33,0.7,9.04,0,0.889
4/1/2024,Mon,FALSE,1,Night,5,0,5,14.1,0.28,6.02,0,1
4/1/2024,Mon,FALSE,2,Night,4,0,3,27.8,0.02,4.52,0,0.75
4/1/2024,Mon,FALSE,3,Night,5,0,4,18.4,0.32,3.61,0,0.8
4/1/2024,Mon,FALSE,4,Night,4,0,4,12.3,0.36,4.52,0,1
4/1/2024,Mon,FALSE,5,Night,8,1,6,30.4,0.3,9.04,0.125,0.75
4/1/2024,Mon,FALSE,6,Morning,29,1,25,118.9,0.47,21.09,0.034,0.862
4/1/2024,Mon,FALSE,7,Morning,40,5,28,194.4,7.58,33.14,0.125,0.7
4/1/2024,Mon,FALSE,8,Morning,46,4,36,226.6,2.45,45.19,0.087,0.783
4/1/2024,Mon,FALSE,9,Morning,64,6,52,270,19.98,54.22,0.094,0.812
4/1/2024,Mon,FALSE,10,Morning,55,7,46,240,0.75,63.26,0.127,0.836
4/1/2024,Mon,FALSE,11,Morning,70,3,60,266.5,8.99,60.25,0.043,0.857
4/1/2024,Mon,FALSE,12,Morning,58,6,44,213.8,1.59,48.2,0.103,0.759
4/1/2024,Mon,FALSE,13,Morning,57,6,48,225.3,11.38,51.21,0.105,0.842
4/1/2024,Mon,FALSE,14,Evening,50,4,37,258.4,2.14,60.25,0.08,0.74
4/1/2024,Mon,FALSE,15,Evening,62,7,46,249,1.67,57.23,0.113,0.742
4/1/2024,Mon,FALSE,16,Evening,51,5,41,230.6,0.07,51.21,0.098,0.804
4/1/2024,Mon,FALSE,17,Evening,33,0,23,142.8,0.5,42.17,0,0.697
4/1/2024,Mon,FALSE,18,Evening,35,7,22,165.7,1.46,33.14,0.2,0.629
4/1/2024,Mon,FALSE,19,Evening,26,2,22,117.1,1.89,27.11,0.077,0.846
4/1/2024,Mon,FALSE,20,Night,28,3,22,121.1,1.11,21.09,0.107,0.786
4/1/2024,Mon,FALSE,21,Night,18,0,17,54,0.41,18.07,0,0.944
4/1/2024,Mon,FALSE,22,Night,17,0,12,47.1,4.87,15.06,0,0.706
4/1/2024,Mon,FALSE,23,Night,14,3,9,64.3,0.87,12.05,0.214,0.643
4/2/2024,Tue,FALSE,0,Night,10,0,9,34.3,0.29,9.04,0,0.9
4/2/2024,Tue,FALSE,1,Night,3,0,2,16.5,0.2,6.03,0,0.667
4/2/2024,Tue,FALSE,2,Night,3,1,2,6.5,0.94,4.52,0.333,0.667
4/2/2024,Tue,FALSE,3,Night,2,1,1,4.8,0.06,3.62,0.5,0.5
4/2/2024,Tue,FALSE,4,Night,3,1,2,24.5,0.49,4.52,0.333,0.667
4/2/2024,Tue,FALSE,5,Night,8,0,7,31.5,0.79,9.04,0,0.875
4/2/2024,Tue,FALSE,6,Morning,24,1,20,125.6,1.93,21.1,0.042,0.833
4/2/2024,Tue,FALSE,7,Morning,36,3,29,182.5,2.22,33.16,0.083,0.806
4/2/2024,Tue,FALSE,8,Morning,37,4,27,138.1,1.95,45.22,0.108,0.73
4/2/2024,Tue,FALSE,9,Morning,57,4,47,301.7,0.45,54.26,0.07,0.825
4/2/2024,Tue,FALSE,10,Morning,58,6,46,358.8,12.34,63.31,0.103,0.793
4/2/2024,Tue,FALSE,11,Morning,50,6,37,242.6,0.65,60.29,0.12,0.74
4/2/2024,Tue,FALSE,12,Morning,49,4,40,252.6,0.18,48.23,0.082,0.816
4/2/2024,Tue,FALSE,13,Morning,48,1,41,214.2,7.61,51.25,0.021,0.854
4/2/2024,Tue,FALSE,14,Evening,59,7,42,250.3,12.45,60.29,0.119,0.712
4/2/2024,Tue,FALSE,15,Evening,55,6,46,299.7,4.79,57.28,0.109,0.836
4/2/2024,Tue,FALSE,16,Evening,54,4,42,216.3,0.09,51.25,0.074,0.778
4/2/2024,Tue,FALSE,17,Evening,37,2,28,184.3,5.5,42.21,0.054,0.757
4/2/2024,Tue,FALSE,18,Evening,28,2,24,143,2.29,33.16,0.071,0.857
4/2/2024,Tue,FALSE,19,Evening,29,0,22,129.1,2.19,27.13,0,0.759
4/2/2024,Tue,FALSE,20,Night,23,0,22,119.2,0.25,21.1,0,0.957
4/2/2024,Tue,FALSE,21,Night,23,1,19,71.2,3.9,18.09,0.043,0.826
4/2/2024,Tue,FALSE,22,Night,12,2,9,64.2,0.72,15.07,0.167,0.75
4/2/2024,Tue,FALSE,23,Night,9,0,9,22.8,1.43,12.06,0,1
4/3/2024,Wed,FALSE,0,Night,6,0,6,27.7,0.71,9.05,0,1
4/3/2024,Wed,FALSE,1,Night,5,0,3,15.7,0.46,6.03,0,0.6
4/3/2024,Wed,FALSE,2,Night,5,0,3,11.1,0.02,4.53,0,0.6
4/3/2024,Wed,FALSE,3,Night,3,0,2,14.6,0.19,3.62,0,0.667
4/3/2024,Wed,FALSE,4,Night,3,0,3,14,0.16,4.53,0,1
4/3/2024,Wed,FALSE,5,Night,9,1,8,33.9,0.62,9.05,0.111,0.889
4/3/2024,Wed,FALSE,6,Morning,22,3,16,105.2,1.15,21.12,0.136,0.727
4/3/2024,Wed,FALSE,7,Morning,38,1,31,153.9,0.73,33.19,0.026,0.816
4/3/2024,Wed,FALSE,8,Morning,50,6,38,219.3,0.21,45.25,0.12,0.76
4/3/2024,Wed,FALSE,9,Morning,47,5,39,218.2,0.74,54.31,0.106,0.83
4/3/2024,Wed,FALSE,10,Morning,54,3,43,225.4,1.7,63.36,0.056,0.796
4/3/2024,Wed,FALSE,11,Morning,59,4,47,234.7,1.57,60.34,0.068,0.797
4/3/2024,Wed,FALSE,12,Morning,40,1,34,182.7,2.54,48.27,0.025,0.85
4/3/2024,Wed,FALSE,13,Morning,52,2,44,302.8,4.07,51.29,0.038,0.846
4/3/2024,Wed,FALSE,14,Evening,57,2,50,256.8,7.33,60.34,0.035,0.877
4/3/2024,Wed,FALSE,15,Evening,65,6,50,286,6.55,57.32,0.092,0.769
4/3/2024,Wed,FALSE,16,Evening,51,4,38,197.5,2.19,51.29,0.078,0.745
4/3/2024,Wed,FALSE,17,Evening,47,1,40,212.4,2.1,42.24,0.021,0.851
4/3/2024,Wed,FALSE,18,Evening,35,3,29,188.5,4.6,33.19,0.086,0.829
4/3/2024,Wed,FALSE,19,Evening,19,0,17,51.7,4.31,27.15,0,0.895
4/3/2024,Wed,FALSE,20,Night,14,0,11,102.2,1.63,21.12,0,0.786
4/3/2024,Wed,FALSE,21,Night,14,1,12,67,0.61,18.1,0.071,0.857
4/3/2024,Wed,FALSE,22,Night,16,2,13,37.9,0.53,15.08,0.125,0.812
4/3/2024,Wed,FALSE,23,Night,11,1,10,50.4,0.24,12.07,0.091,0.909
4/4/2024,Thu,FALSE,0,Night,7,1,6,34.2,0.36,9.06,0.143,0.857
4/4/2024,Thu,FALSE,1,Night,10,0,9,45,0.12,6.04,0,0.9
4/4/2024,Thu,FALSE,2,Night,5,0,5,12.9,0,4.53,0,1
4/4/2024,Thu,FALSE,3,Night,4,0,4,6,0.03,3.62,0,1
4/4/2024,Thu,FALSE,4,Night,3,0,2,10.6,0.39,4.53,0,0.667
4/4/2024,Thu,FALSE,5,Night,6,0,5,29.8,1.12,9.06,0,0.833
4/4/2024,Thu,FALSE,6,Morning,18,2,13,83.1,3.57,21.14,0.111,0.722
4/4/2024,Thu,FALSE,7,Morning,31,4,22,119.8,3.71,33.21,0.129,0.71
4/4/2024,Thu,FALSE,8,Morning,54,5,41,264.5,4.55,45.29,0.093,0.759
4/4/2024,Thu,FALSE,9,Morning,58,5,49,215.4,0.68,54.35,0.086,0.845
4/4/2024,Thu,FALSE,10,Morning,68,6,56,287.7,0.46,63.41,0.088,0.824
4/4/2024,Thu,FALSE,11,Morning,58,3,49,302.8,1.29,60.39,0.052,0.845
4/4/2024,Thu,FALSE,12,Morning,58,7,45,286.3,3.93,48.31,0.121,0.776
4/4/2024,Thu,FALSE,13,Morning,45,4,37,262.5,1.15,51.33,0.089,0.822
4/4/2024,Thu,FALSE,14,Evening,58,3,46,244.1,11.17,60.39,0.052,0.793
4/4/2024,Thu,FALSE,15,Evening,56,5,50,248,3.17,57.37,0.089,0.893
4/4/2024,Thu,FALSE,16,Evening,47,4,37,203.8,10.34,51.33,0.085,0.787
4/4/2024,Thu,FALSE,17,Evening,29,4,19,128.3,15.35,42.27,0.138,0.655
4/4/2024,Thu,FALSE,18,Evening,34,4,27,134.7,0.65,33.21,0.118,0.794
4/4/2024,Thu,FALSE,19,Evening,26,0,24,129.3,0.5,27.17,0,0.923
4/4/2024,Thu,FALSE,20,Night,25,4,17,74.7,0.9,21.14,0.16,0.68
4/4/2024,Thu,FALSE,21,Night,13,1,10,66.8,1.67,18.12,0.077,0.769
4/4/2024,Thu,FALSE,22,Night,8,2,5,22.6,1.38,15.1,0.25,0.625
4/4/2024,Thu,FALSE,23,Night,10,0,9,33.7,1,12.08,0,0.9
4/5/2024,Fri,FALSE,0,Night,7,1,6,22.7,1.32,9.06,0.143,0.857
4/5/2024,Fri,FALSE,1,Night,3,0,3,6.9,0.82,6.04,0,1
4/5/2024,Fri,FALSE,2,Night,8,1,7,30.8,0.02,4.53,0.125,0.875
4/5/2024,Fri,FALSE,3,Night,8,0,7,23.7,0.05,3.63,0,0.875
4/5/2024,Fri,FALSE,4,Night,4,0,3,14.6,0.49,4.53,0,0.75
4/5/2024,Fri,FALSE,5,Night,15,0,11,57.2,0.35,9.06,0,0.733
4/5/2024,Fri,FALSE,6,Morning,34,1,32,145.8,0.89,21.15,0.029,0.941
4/5/2024,Fri,FALSE,7,Morning,30,3,18,118.6,5.2,33.24,0.1,0.6
4/5/2024,Fri,FALSE,8,Morning,55,3,36,266.4,13.31,45.32,0.055,0.655
4/5/2024,Fri,FALSE,9,Morning,37,4,31,181.2,7.3,54.39,0.108,0.838
4/5/2024,Fri,FALSE,10,Morning,47,2,38,216.4,15.24,63.45,0.043,0.809
4/5/2024,Fri,FALSE,11,Morning,67,8,44,281.2,1.03,60.43,0.119,0.657
4/5/2024,Fri,FALSE,12,Morning,57,4,44,237.3,0.69,48.35,0.07,0.772
4/5/2024,Fri,FALSE,13,Morning,59,5,42,226.6,6.81,51.37,0.085,0.712
4/5/2024,Fri,FALSE,14,Evening,62,5,52,308.3,0.36,60.43,0.081,0.839
4/5/2024,Fri,FALSE,15,Evening,67,3,57,353.2,0.15,57.41,0.045,0.851
4/5/2024,Fri,FALSE,16,Evening,52,6,42,219.1,3.99,51.37,0.115,0.808
4/5/2024,Fri,FALSE,17,Evening,45,0,35,208.3,1.51,42.3,0,0.778
4/5/2024,Fri,FALSE,18,Evening,35,2,29,115.1,2.8,33.24,0.057,0.829
4/5/2024,Fri,FALSE,19,Evening,34,1,29,164,0.5,27.19,0.029,0.853
4/5/2024,Fri,FALSE,20,Night,17,2,14,88.2,0.06,21.15,0.118,0.824
4/5/2024,Fri,FALSE,21,Night,15,0,12,60.4,4.73,18.13,0,0.8
4/5/2024,Fri,FALSE,22,Night,10,0,8,37.6,1.94,15.11,0,0.8
4/5/2024,Fri,FALSE,23,Night,13,1,11,72.3,0.01,12.09,0.077,0.846
4/6/2024,Sat,TRUE,0,Night,3,0,3,20.6,1.38,4.99,0,1
4/6/2024,Sat,TRUE,1,Night,3,0,2,7.9,0.28,3.33,0,0.667
4/6/2024,Sat,TRUE,2,Night,4,2,2,30.2,0.03,2.49,0.5,0.5
4/6/2024,Sat,TRUE,3,Night,1,0,1,0.6,0.05,2,0,1
4/6/2024,Sat,TRUE,4,Night,4,0,3,12.7,0.21,2.49,0,0.75
4/6/2024,Sat,TRUE,5,Night,4,0,3,4.4,0.03,4.99,0,0.75
4/6/2024,Sat,TRUE,6,Morning,17,1,11,86.2,1.23,11.64,0.059,0.647
4/6/2024,Sat,TRUE,7,Morning,15,1,12,59.1,0.82,18.3,0.067,0.8
4/6/2024,Sat,TRUE,8,Morning,22,1,20,134.9,2.01,24.95,0.045,0.909
4/6/2024,Sat,TRUE,9,Morning,42,6,33,151,3.91,29.94,0.143,0.786
4/6/2024,Sat,TRUE,10,Morning,35,3,27,142.1,9.27,34.93,0.086,0.771
4/6/2024,Sat,TRUE,11,Morning,39,2,32,178.6,5.04,33.26,0.051,0.821
4/6/2024,Sat,TRUE,12,Morning,15,0,12,92.9,0.25,26.61,0,0.8
4/6/2024,Sat,TRUE,13,Morning,34,0,30,129.7,1.16,28.27,0,0.882
4/6/2024,Sat,TRUE,14,Evening,26,2,21,128.1,0.26,33.26,0.077,0.808
4/6/2024,Sat,TRUE,15,Evening,38,0,36,134.2,0.56,31.6,0,0.947
4/6/2024,Sat,TRUE,16,Evening,24,4,15,107.6,2.2,28.27,0.167,0.625
4/6/2024,Sat,TRUE,17,Evening,20,2,14,102.2,1.2,23.28,0.1,0.7
4/6/2024,Sat,TRUE,18,Evening,16,1,12,52.9,1.03,18.3,0.062,0.75
4/6/2024,Sat,TRUE,19,Evening,21,1,16,101.9,2.34,14.97,0.048,0.762
4/6/2024,Sat,TRUE,20,Night,10,2,8,22.5,5.44,11.64,0.2,0.8
4/6/2024,Sat,TRUE,21,Night,14,0,11,68.2,0.39,9.98,0,0.786
4/6/2024,Sat,TRUE,22,Night,12,0,9,74.5,0.5,8.32,0,0.75
4/6/2024,Sat,TRUE,23,Night,5,1,4,20.8,0.14,6.65,0.2,0.8
4/7/2024,Sun,TRUE,0,Night,6,2,4,35.5,0.15,4.99,0.333,0.667
4/7/2024,Sun,TRUE,1,Night,1,0,1,0.2,0.31,3.33,0,1
4/7/2024,Sun,TRUE,2,Night,3,0,3,8.7,0.16,2.5,0,1
4/7/2024,Sun,TRUE,3,Night,1,0,1,0.5,0.01,2,0,1
4/7/2024,Sun,TRUE,4,Night,2,1,1,0.2,0.36,2.5,0.5,0.5
4/7/2024,Sun,TRUE,5,Night,6,1,4,12.5,0.05,4.99,0.167,0.667
4/7/2024,Sun,TRUE,6,Morning,16,1,12,57.8,0.7,11.65,0.062,0.75
4/7/2024,Sun,TRUE,7,Morning,14,1,10,50.1,5.62,18.31,0.071,0.714
4/7/2024,Sun,TRUE,8,Morning,25,3,21,111.5,4.68,24.97,0.12,0.84
4/7/2024,Sun,TRUE,9,Morning,26,2,22,85.4,2.58,29.96,0.077,0.846
4/7/2024,Sun,TRUE,10,Morning,39,2,30,175.6,2.44,34.95,0.051,0.769
4/7/2024,Sun,TRUE,11,Morning,42,1,35,153,5.21,33.29,0.024,0.833
4/7/2024,Sun,TRUE,12,Morning,28,2,23,128,8.21,26.63,0.071,0.821
4/7/2024,Sun,TRUE,13,Morning,31,1,26,175.8,3.08,28.3,0.032,0.839
4/7/2024,Sun,TRUE,14,Evening,40,6,27,241.4,6.13,33.29,0.15,0.675
4/7/2024,Sun,TRUE,15,Evening,28,2,22,128.1,1.58,31.63,0.071,0.786
4/7/2024,Sun,TRUE,16,Evening,34,7,24,148.6,3.51,28.3,0.206,0.706
4/7/2024,Sun,TRUE,17,Evening,19,0,15,84,0.07,23.3,0,0.789
4/7/2024,Sun,TRUE,18,Evening,21,4,13,99.5,0.8,18.31,0.19,0.619
4/7/2024,Sun,TRUE,19,Evening,10,0,6,34.7,1.95,14.98,0,0.6
4/7/2024,Sun,TRUE,20,Night,15,1,11,40.9,1.28,11.65,0.067,0.733
4/7/2024,Sun,TRUE,21,Night,9,1,8,31.8,1.71,9.99,0.111,0.889
4/7/2024,Sun,TRUE,22,Night,10,1,9,47.8,1.35,8.32,0.1,0.9
4/7/2024,Sun,TRUE,23,Night,10,1,6,43.4,0.44,6.66,0.1,0.6
4/8/2024,Mon,FALSE,0,Night,7,0,7,33.3,1.01,9.09,0,1
4/8/2024,Mon,FALSE,1,Night,5,0,5,7.3,0.39,6.06,0,1
4/8/2024,Mon,FALSE,2,Night,4,0,4,13.8,0.38,4.54,0,1
4/8/2024,Mon,FALSE,3,Night,4,0,4,18.6,0.2,3.63,0,1
4/8/2024,Mon,FALSE,4,Night,4,1,3,37.3,0.17,4.54,0.25,0.75
4/8/2024,Mon,FALSE,5,Night,9,1,7,42.2,0.2,9.09,0.111,0.778
4/8/2024,Mon,FALSE,6,Morning,18,3,13,103.1,1.64,21.2,0.167,0.722
4/8/2024,Mon,FALSE,7,Morning,34,5,26,122.8,2.16,33.32,0.147,0.765
4/8/2024,Mon,FALSE,8,Morning,49,3,41,233.7,0.79,45.43,0.061,0.837
4/8/2024,Mon,FALSE,9,Morning,63,5,54,278.2,0.21,54.52,0.079,0.857
4/8/2024,Mon,FALSE,10,Morning,74,4,62,357.6,2.98,63.6,0.054,0.838
4/8/2024,Mon,FALSE,11,Morning,62,8,47,234.1,7.41,60.57,0.129,0.758
4/8/2024,Mon,FALSE,12,Morning,49,4,40,208.4,6.94,48.46,0.082,0.816
4/8/2024,Mon,FALSE,13,Morning,56,2,46,253,3.01,51.49,0.036,0.821
4/8/2024,Mon,FALSE,14,Evening,56,3,49,278,1.66,60.57,0.054,0.875
4/8/2024,Mon,FALSE,15,Evening,66,6,53,290.6,1.21,57.54,0.091,0.803
4/8/2024,Mon,FALSE,16,Evening,46,9,33,242.3,2.38,51.49,0.196,0.717
4/8/2024,Mon,FALSE,17,Evening,45,3,36,197.8,5.94,42.4,0.067,0.8
4/8/2024,Mon,FALSE,18,Evening,34,7,24,119.6,3.17,33.32,0.206,0.706
4/8/2024,Mon,FALSE,19,Evening,31,5,24,135.8,0.67,27.26,0.161,0.774
4/8/2024,Mon,FALSE,20,Night,24,5,16,84.3,1.36,21.2,0.208,0.667
4/8/2024,Mon,FALSE,21,Night,15,2,11,93.2,2.8,18.17,0.133,0.733
4/8/2024,Mon,FALSE,22,Night,20,2,16,86.9,0.18,15.14,0.1,0.8
4/8/2024,Mon,FALSE,23,Night,12,1,5,58.1,0.05,12.11,0.083,0.417
4/9/2024,Tue,FALSE,0,Night,7,1,6,34.1,0.13,9.09,0.143,0.857
4/9/2024,Tue,FALSE,1,Night,8,2,5,27.9,0.14,6.06,0.25,0.625
4/9/2024,Tue,FALSE,2,Night,7,0,6,37.1,0.2,4.55,0,0.857
4/9/2024,Tue,FALSE,3,Night,5,0,4,7.3,0.41,3.64,0,0.8
4/9/2024,Tue,FALSE,4,Night,7,0,7,22,0.43,4.55,0,1
4/9/2024,Tue,FALSE,5,Night,9,1,8,57.4,0.19,9.09,0.111,0.889
4/9/2024,Tue,FALSE,6,Morning,18,2,14,85.9,0.35,21.22,0.111,0.778
4/9/2024,Tue,FALSE,7,Morning,37,4,30,218.9,0.58,33.34,0.108,0.811
4/9/2024,Tue,FALSE,8,Morning,46,5,35,183.4,2.39,45.47,0.109,0.761
4/9/2024,Tue,FALSE,9,Morning,53,4,42,202.9,5.96,54.56,0.075,0.792
4/9/2024,Tue,FALSE,10,Morning,58,2,46,248.8,9.73,63.65,0.034,0.793
4/9/2024,Tue,FALSE,11,Morning,57,2,51,273.6,3.31,60.62,0.035,0.895
4/9/2024,Tue,FALSE,12,Morning,51,5,40,161.5,9.51,48.5,0.098,0.784
4/9/2024,Tue,FALSE,13,Morning,61,6,41,269,7.85,51.53,0.098,0.672
4/9/2024,Tue,FALSE,14,Evening,72,6,59,275.2,7.76,60.62,0.083,0.819
4/9/2024,Tue,FALSE,15,Evening,46,4,36,202.6,9.32,57.59,0.087,0.783
4/9/2024,Tue,FALSE,16,Evening,56,3,48,261.9,4.52,51.53,0.054,0.857
4/9/2024,Tue,FALSE,17,Evening,38,1,33,144.4,0.79,42.43,0.026,0.868
4/9/2024,Tue,FALSE,18,Evening,28,1,26,98,4.75,33.34,0.036,0.929
4/9/2024,Tue,FALSE,19,Evening,19,2,10,81.9,2.99,27.28,0.105,0.526
4/9/2024,Tue,FALSE,20,Night,18,1,15,81.9,2.46,21.22,0.056,0.833
4/9/2024,Tue,FALSE,21,Night,18,3,13,94.4,0.82,18.19,0.167,0.722
4/9/2024,Tue,FALSE,22,Night,8,1,6,30.9,1.89,15.16,0.125,0.75
4/9/2024,Tue,FALSE,23,Night,9,0,9,33.7,0.63,12.12,0,1
4/10/2024,Wed,FALSE,0,Night,7,1,4,28.1,0.37,9.1,0.143,0.571
4/10/2024,Wed,FALSE,1,Night,4,1,2,27.5,0.17,6.07,0.25,0.5
4/10/2024,Wed,FALSE,2,Night,5,1,3,16,0,4.55,0.2,0.6
4/10/2024,Wed,FALSE,3,Night,2,0,1,4.8,0.21,3.64,0,0.5
4/10/2024,Wed,FALSE,4,Night,5,0,4,23.6,0.12,4.55,0,0.8
4/10/2024,Wed,FALSE,5,Night,8,1,6,47.4,0.46,9.1,0.125,0.75
4/10/2024,Wed,FALSE,6,Morning,14,0,12,61.6,6.49,21.23,0,0.857
4/10/2024,Wed,FALSE,7,Morning,32,3,26,114.8,0.05,33.37,0.094,0.812
4/10/2024,Wed,FALSE,8,Morning,41,2,36,150.4,4.27,45.5,0.049,0.878
4/10/2024,Wed,FALSE,9,Morning,80,6,61,399.1,3.36,54.6,0.075,0.762
4/10/2024,Wed,FALSE,10,Morning,55,5,47,266.7,0.99,63.7,0.091,0.855
4/10/2024,Wed,FALSE,11,Morning,59,3,49,289.4,4.32,60.67,0.051,0.831
4/10/2024,Wed,FALSE,12,Morning,53,3,45,256.4,3.87,48.53,0.057,0.849
4/10/2024,Wed,FALSE,13,Morning,50,6,41,211.7,0.84,51.57,0.12,0.82
4/10/2024,Wed,FALSE,14,Evening,56,4,42,258.5,0.4,60.67,0.071,0.75
4/10/2024,Wed,FALSE,15,Evening,56,5,43,238.2,4.49,57.63,0.089,0.768
4/10/2024,Wed,FALSE,16,Evening,56,1,53,231.3,0.17,51.57,0.018,0.946
4/10/2024,Wed,FALSE,17,Evening,44,2,36,203.1,1.29,42.47,0.045,0.818
4/10/2024,Wed,FALSE,18,Evening,35,3,27,142.7,1.12,33.37,0.086,0.771
4/10/2024,Wed,FALSE,19,Evening,35,2,30,130.8,0.55,27.3,0.057,0.857
4/10/2024,Wed,FALSE,20,Night,17,1,14,67.7,1.4,21.23,0.059,0.824
4/10/2024,Wed,FALSE,21,Night,12,0,9,64.5,0.1,18.2,0,0.75
4/10/2024,Wed,FALSE,22,Night,18,1,17,61.1,3.26,15.17,0.056,0.944
4/10/2024,Wed,FALSE,23,Night,12,1,8,52.4,0.94,12.13,0.083,0.667
4/11/2024,Thu,FALSE,0,Night,12,1,11,50.7,0.54,9.11,0.083,0.917
4/11/2024,Thu,FALSE,1,Night,5,1,3,15.3,0.17,6.07,0.2,0.6
4/11/2024,Thu,FALSE,2,Night,6,0,5,13.1,1.1,4.55,0,0.833
4/11/2024,Thu,FALSE,3,Night,6,3,3,14.7,0.05,3.64,0.5,0.5
4/11/2024,Thu,FALSE,4,Night,3,0,3,9.6,0.24,4.55,0,1
4/11/2024,Thu,FALSE,5,Night,4,2,2,22.6,0.58,9.11,0.5,0.5
4/11/2024,Thu,FALSE,6,Morning,16,1,12,71.5,0.66,21.25,0.062,0.75
4/11/2024,Thu,FALSE,7,Morning,31,3,23,145.6,3.03,33.39,0.097,0.742
4/11/2024,Thu,FALSE,8,Morning,48,6,39,206.5,3.19,45.54,0.125,0.812
4/11/2024,Thu,FALSE,9,Morning,47,3,41,232.2,2.11,54.64,0.064,0.872
4/11/2024,Thu,FALSE,10,Morning,66,5,49,309.6,0.81,63.75,0.076,0.742
4/11/2024,Thu,FALSE,11,Morning,62,1,47,272.8,4.92,60.71,0.016,0.758
4/11/2024,Thu,FALSE,12,Morning,47,6,34,263.9,0.53,48.57,0.128,0.723
4/11/2024,Thu,FALSE,13,Morning,41,4,34,178.2,0.11,51.61,0.098,0.829
4/11/2024,Thu,FALSE,14,Evening,70,5,54,314.1,9.91,60.71,0.071,0.771
4/11/2024,Thu,FALSE,15,Evening,56,7,43,217.7,11.43,57.68,0.125,0.768
4/11/2024,Thu,FALSE,16,Evening,51,4,42,230.4,4.44,51.61,0.078,0.824
4/11/2024,Thu,FALSE,17,Evening,45,5,40,194.9,9,42.5,0.111,0.889
4/11/2024,Thu,FALSE,18,Evening,32,3,25,142.7,5.72,33.39,0.094,0.781
4/11/2024,Thu,FALSE,19,Evening,19,4,14,117.7,3.16,27.32,0.211,0.737
4/11/2024,Thu,FALSE,20,Night,23,1,21,97.6,0.99,21.25,0.043,0.913
4/11/2024,Thu,FALSE,21,Night,18,1,16,63,2.39,18.21,0.056,0.889
4/11/2024,Thu,FALSE,22,Night,19,2,15,70.4,0.13,15.18,0.105,0.789
4/11/2024,Thu,FALSE,23,Night,10,1,9,46.2,0.75,12.14,0.1,0.9
4/12/2024,Fri,FALSE,0,Night,12,0,12,63.9,1.25,9.11,0,1
4/12/2024,Fri,FALSE,1,Night,7,0,5,53.9,0.31,6.08,0,0.714
4/12/2024,Fri,FALSE,2,Night,7,0,6,58.4,0.27,4.56,0,0.857
4/12/2024,Fri,FALSE,3,Night,1,1,0,0.4,0.1,3.65,1,0
4/12/2024,Fri,FALSE,4,Night,3,0,3,19.1,0.25,4.56,0,1
4/12/2024,Fri,FALSE,5,Night,13,2,10,46.2,1.51,9.11,0.154,0.769
4/12/2024,Fri,FALSE,6,Morning,15,0,12,58.5,0.27,21.27,0,0.8
4/12/2024,Fri,FALSE,7,Morning,42,5,32,202.8,0.8,33.42,0.119,0.762
4/12/2024,Fri,FALSE,8,Morning,35,2,26,119.7,2.95,45.57,0.057,0.743
4/12/2024,Fri,FALSE,9,Morning,62,5,48,263,15.69,54.68,0.081,0.774
4/12/2024,Fri,FALSE,10,Morning,73,7,57,423.3,5.75,63.8,0.096,0.781
4/12/2024,Fri,FALSE,11,Morning,52,3,46,275,12.03,60.76,0.058,0.885
4/12/2024,Fri,FALSE,12,Morning,49,7,35,264.7,4.91,48.61,0.143,0.714
4/12/2024,Fri,FALSE,13,Morning,50,4,34,211.7,4.12,51.65,0.08,0.68
4/12/2024,Fri,FALSE,14,Evening,62,4,49,295.6,4.33,60.76,0.065,0.79
4/12/2024,Fri,FALSE,15,Evening,65,3,56,346,2.09,57.72,0.046,0.862
4/12/2024,Fri,FALSE,16,Evening,68,8,56,294.8,5.06,51.65,0.118,0.824
4/12/2024,Fri,FALSE,17,Evening,47,2,40,184.2,1.56,42.53,0.043,0.851
4/12/2024,Fri,FALSE,18,Evening,42,2,34,168.9,1.35,33.42,0.048,0.81
4/12/2024,Fri,FALSE,19,Evening,31,4,25,147.7,6.88,27.34,0.129,0.806
4/12/2024,Fri,FALSE,20,Night,23,2,16,98.1,6.37,21.27,0.087,0.696
4/12/2024,Fri,FALSE,21,Night,28,8,14,156.4,0.11,18.23,0.286,0.5
4/12/2024,Fri,FALSE,22,Night,13,0,11,53.3,0.8,15.19,0,0.846
4/12/2024,Fri,FALSE,23,Night,13,1,9,41.6,0.34,12.15,0.077,0.692
4/13/2024,Sat,TRUE,0,Night,8,1,4,14.9,1.53,5.02,0.125,0.5
4/13/2024,Sat,TRUE,1,Night,2,0,2,7.4,1.08,3.34,0,1
4/13/2024,Sat,TRUE,2,Night,1,0,1,3.1,0.01,2.51,0,1
4/13/2024,Sat,TRUE,3,Night,0,0,0,0,0,2.01,0,0
4/13/2024,Sat,TRUE,4,Night,3,1,2,9.8,0.44,2.51,0.333,0.667
4/13/2024,Sat,TRUE,5,Night,7,1,5,28.6,0.02,5.02,0.143,0.714
4/13/2024,Sat,TRUE,6,Morning,9,2,6,26.6,0.41,11.71,0.222,0.667
4/13/2024,Sat,TRUE,7,Morning,16,1,12,97.9,1.96,18.39,0.062,0.75
4/13/2024,Sat,TRUE,8,Morning,36,3,28,148.6,8.64,25.08,0.083,0.778
4/13/2024,Sat,TRUE,9,Morning,31,4,25,120.8,4.83,30.1,0.129,0.806
4/13/2024,Sat,TRUE,10,Morning,34,4,25,141.7,7.42,35.12,0.118,0.735
4/13/2024,Sat,TRUE,11,Morning,40,4,33,165.3,10.8,33.44,0.1,0.825
4/13/2024,Sat,TRUE,12,Morning,22,8,13,61.2,7.71,26.75,0.364,0.591
4/13/2024,Sat,TRUE,13,Morning,37,1,31,157.4,1.7,28.43,0.027,0.838
4/13/2024,Sat,TRUE,14,Evening,27,2,24,151.2,7.19,33.44,0.074,0.889
4/13/2024,Sat,TRUE,15,Evening,33,1,25,141.8,2.5,31.77,0.03,0.758
4/13/2024,Sat,TRUE,16,Evening,25,1,21,91.3,1.43,28.43,0.04,0.84
4/13/2024,Sat,TRUE,17,Evening,24,0,21,132,3.52,23.41,0,0.875
4/13/2024,Sat,TRUE,18,Evening,17,4,11,98.4,1.03,18.39,0.235,0.647
4/13/2024,Sat,TRUE,19,Evening,10,0,9,58.5,1.37,15.05,0,0.9
4/13/2024,Sat,TRUE,20,Night,6,0,6,31.3,1.21,11.71,0,1
4/13/2024,Sat,TRUE,21,Night,11,2,5,45.5,0.47,10.03,0.182,0.455
4/13/2024,Sat,TRUE,22,Night,10,3,6,52.9,0.47,8.36,0.3,0.6
4/13/2024,Sat,TRUE,23,Night,6,1,4,21.4,2.05,6.69,0.167,0.667
4/14/2024,Sun,TRUE,0,Night,0,0,0,0,0,5.02,0,0
4/14/2024,Sun,TRUE,1,Night,4,0,3,10.8,0.03,3.35,0,0.75
4/14/2024,Sun,TRUE,2,Night,2,0,2,5.2,0.19,2.51,0,1
4/14/2024,Sun,TRUE,3,Night,2,1,1,5,0.06,2.01,0.5,0.5
4/14/2024,Sun,TRUE,4,Night,3,1,1,16.2,0.08,2.51,0.333,0.333
4/14/2024,Sun,TRUE,5,Night,3,0,2,6.7,1.17,5.02,0,0.667
4/14/2024,Sun,TRUE,6,Morning,14,1,12,89.8,0.73,11.71,0.071,0.857
4/14/2024,Sun,TRUE,7,Morning,18,1,16,94.6,8.54,18.41,0.056,0.889
4/14/2024,Sun,TRUE,8,Morning,26,3,22,118.9,0.13,25.1,0.115,0.846
4/14/2024,Sun,TRUE,9,Morning,21,3,18,100.5,4.49,30.12,0.143,0.857
4/14/2024,Sun,TRUE,10,Morning,37,2,32,176.5,0.43,35.14,0.054,0.865
4/14/2024,Sun,TRUE,11,Morning,54,5,40,281.6,0.65,33.47,0.093,0.741
4/14/2024,Sun,TRUE,12,Morning,28,3,23,144,5.98,26.78,0.107,0.821
4/14/2024,Sun,TRUE,13,Morning,25,2,19,58.3,4.41,28.45,0.08,0.76
4/14/2024,Sun,TRUE,14,Evening,29,3,24,108.4,1.42,33.47,0.103,0.828
4/14/2024,Sun,TRUE,15,Evening,25,2,18,134.9,3.11,31.8,0.08,0.72
4/14/2024,Sun,TRUE,16,Evening,15,1,14,82.7,1.78,28.45,0.067,0.933
4/14/2024,Sun,TRUE,17,Evening,26,2,24,129,0.88,23.43,0.077,0.923
4/14/2024,Sun,TRUE,18,Evening,10,0,10,42.5,0.35,18.41,0,1
4/14/2024,Sun,TRUE,19,Evening,15,1,14,46.5,0.25,15.06,0.067,0.933
4/14/2024,Sun,TRUE,20,Night,11,1,10,63.4,0.12,11.71,0.091,0.909
4/14/2024,Sun,TRUE,21,Night,11,2,9,34.2,0.84,10.04,0.182,0.818
4/14/2024,Sun,TRUE,22,Night,8,0,5,24.6,1.1,8.37,0,0.625
4/14/2024,Sun,TRUE,23,Night,10,1,6,42.3,1.94,6.69,0.1,0.6
4/15/2024,Mon,FALSE,0,Night,11,1,8,35.6,0.49,9.13,0.091,0.727
4/15/2024,Mon,FALSE,1,Night,5,0,3,4.5,0.08,6.09,0,0.6
4/15/2024,Mon,FALSE,2,Night,4,0,4,8.5,0,4.57,0,1
4/15/2024,Mon,FALSE,3,Night,9,0,7,31.6,0.14,3.65,0,0.778
4/15/2024,Mon,FALSE,4,Night,6,0,4,27.7,0.43,4.57,0,0.667
4/15/2024,Mon,FALSE,5,Night,7,0,7,32.3,0.26,9.13,0,1
4/15/2024,Mon,FALSE,6,Morning,25,2,20,129,0.66,21.31,0.08,0.8
4/15/2024,Mon,FALSE,7,Morning,38,3,28,153.6,1.92,33.5,0.079,0.737
4/15/2024,Mon,FALSE,8,Morning,52,3,39,206.7,5.08,45.67,0.058,0.75
4/15/2024,Mon,FALSE,9,Morning,64,6,47,323.2,3.6,54.81,0.094,0.734
4/15/2024,Mon,FALSE,10,Morning,73,4,64,323.7,3.61,63.95,0.055,0.877
4/15/2024,Mon,FALSE,11,Morning,57,5,40,261.9,12.76,60.9,0.088,0.702
4/15/2024,Mon,FALSE,12,Morning,42,3,36,212.2,3.47,48.72,0.071,0.857
4/15/2024,Mon,FALSE,13,Morning,46,3,37,226.1,9.73,51.77,0.065,0.804
4/15/2024,Mon,FALSE,14,Evening,50,3,38,238.7,2.11,60.9,0.06,0.76
4/15/2024,Mon,FALSE,15,Evening,60,3,51,268.9,10.51,57.85,0.05,0.85
4/15/2024,Mon,FALSE,16,Evening,38,4,33,145.3,4.51,51.77,0.105,0.868
4/15/2024,Mon,FALSE,17,Evening,39,3,30,181.2,5.78,42.63,0.077,0.769
4/15/2024,Mon,FALSE,18,Evening,38,3,33,156.3,8.85,33.5,0.079,0.868
4/15/2024,Mon,FALSE,19,Evening,31,1,25,161.8,0.01,27.4,0.032,0.806
4/15/2024,Mon,FALSE,20,Night,23,6,16,75.2,2.8,21.31,0.261,0.696
4/15/2024,Mon,FALSE,21,Night,14,2,11,92,0.14,18.27,0.143,0.786
4/15/2024,Mon,FALSE,22,Night,12,1,9,64,2.36,15.22,0.083,0.75
4/15/2024,Mon,FALSE,23,Night,8,0,8,47.5,1.96,12.18,0,1
4/16/2024,Tue,FALSE,0,Night,10,0,9,79.1,0.58,9.14,0,0.9
4/16/2024,Tue,FALSE,1,Night,3,0,3,4.1,0.35,6.09,0,1
4/16/2024,Tue,FALSE,2,Night,4,1,3,16.3,0.32,4.57,0.25,0.75
4/16/2024,Tue,FALSE,3,Night,1,0,0,5.6,0.17,3.66,0,0
4/16/2024,Tue,FALSE,4,Night,10,0,9,47.4,0.45,4.57,0,0.9
4/16/2024,Tue,FALSE,5,Night,8,1,5,34.6,0.26,9.14,0.125,0.625
4/16/2024,Tue,FALSE,6,Morning,21,2,16,54.8,3.9,21.33,0.095,0.762
4/16/2024,Tue,FALSE,7,Morning,27,2,19,137.2,1.28,33.52,0.074,0.704
4/16/2024,Tue,FALSE,8,Morning,49,2,38,221.2,3,45.71,0.041,0.776
4/16/2024,Tue,FALSE,9,Morning,60,3,48,243,1.67,54.85,0.05,0.8
4/16/2024,Tue,FALSE,10,Morning,64,4,56,368.7,12.3,63.99,0.062,0.875
4/16/2024,Tue,FALSE,11,Morning,75,6,59,279.2,7.33,60.95,0.08,0.787
4/16/2024,Tue,FALSE,12,Morning,56,6,42,286.6,1.84,48.76,0.107,0.75
4/16/2024,Tue,FALSE,13,Morning,48,5,38,217,0.36,51.8,0.104,0.792
4/16/2024,Tue,FALSE,14,Evening,66,9,49,303,1.05,60.95,0.136,0.742
4/16/2024,Tue,FALSE,15,Evening,56,2,46,245.2,3.01,57.9,0.036,0.821
4/16/2024,Tue,FALSE,16,Evening,47,4,40,194,1.81,51.8,0.085,0.851
4/16/2024,Tue,FALSE,17,Evening,49,1,44,269.2,5.07,42.66,0.02,0.898
4/16/2024,Tue,FALSE,18,Evening,31,2,23,158.1,2.33,33.52,0.065,0.742
4/16/2024,Tue,FALSE,19,Evening,30,5,19,202.6,1.36,27.43,0.167,0.633
4/16/2024,Tue,FALSE,20,Night,28,3,21,88.2,0.39,21.33,0.107,0.75
4/16/2024,Tue,FALSE,21,Night,23,2,17,96.6,1.39,18.28,0.087,0.739
4/16/2024,Tue,FALSE,22,Night,15,1,11,51.6,0.21,15.24,0.067,0.733
4/16/2024,Tue,FALSE,23,Night,8,1,6,28.9,3.55,12.19,0.125,0.75
4/17/2024,Wed,FALSE,0,Night,14,1,13,65.1,1.65,9.15,0.071,0.929
4/17/2024,Wed,FALSE,1,Night,7,0,7,39.9,0.15,6.1,0,1
4/17/2024,Wed,FALSE,2,Night,3,0,3,9.2,0.03,4.57,0,1
4/17/2024,Wed,FALSE,3,Night,3,0,3,16.7,0.04,3.66,0,1
4/17/2024,Wed,FALSE,4,Night,1,0,1,5.3,0.21,4.57,0,1
4/17/2024,Wed,FALSE,5,Night,7,0,6,80.3,0.5,9.15,0,0.857
4/17/2024,Wed,FALSE,6,Morning,17,1,14,90.4,3.78,21.35,0.059,0.824
4/17/2024,Wed,FALSE,7,Morning,38,4,30,162.1,2.25,33.55,0.105,0.789
4/17/2024,Wed,FALSE,8,Morning,40,2,36,129.8,2.22,45.74,0.05,0.9
4/17/2024,Wed,FALSE,9,Morning,55,7,44,277.9,0.46,54.89,0.127,0.8
4/17/2024,Wed,FALSE,10,Morning,58,9,45,244.9,2.46,64.04,0.155,0.776
4/17/2024,Wed,FALSE,11,Morning,51,7,40,258.6,3.44,60.99,0.137,0.784
4/17/2024,Wed,FALSE,12,Morning,46,5,33,202.4,4.78,48.79,0.109,0.717
4/17/2024,Wed,FALSE,13,Morning,62,5,52,231.9,0.13,51.84,0.081,0.839
4/17/2024,Wed,FALSE,14,Evening,75,5,61,329.2,3.07,60.99,0.067,0.813
4/17/2024,Wed,FALSE,15,Evening,52,2,47,245.7,0.53,57.94,0.038,0.904
4/17/2024,Wed,FALSE,16,Evening,52,6,41,260.6,18.9,51.84,0.115,0.788
4/17/2024,Wed,FALSE,17,Evening,41,1,35,161.6,2.93,42.7,0.024,0.854
4/17/2024,Wed,FALSE,18,Evening,26,3,22,169,6.9,33.55,0.115,0.846
4/17/2024,Wed,FALSE,19,Evening,18,1,14,96.5,1.33,27.45,0.056,0.778
4/17/2024,Wed,FALSE,20,Night,19,2,13,94.4,2.89,21.35,0.105,0.684
4/17/2024,Wed,FALSE,21,Night,25,3,21,100.9,1.23,18.3,0.12,0.84
4/17/2024,Wed,FALSE,22,Night,17,1,12,60.1,3.01,15.25,0.059,0.706
4/17/2024,Wed,FALSE,23,Night,15,1,13,52.1,4.33,12.2,0.067,0.867
4/18/2024,Thu,FALSE,0,Night,6,0,6,16.3,3.05,9.16,0,1
4/18/2024,Thu,FALSE,1,Night,9,0,8,35.8,0.13,6.1,0,0.889
4/18/2024,Thu,FALSE,2,Night,8,2,6,27.6,0.3,4.58,0.25,0.75
4/18/2024,Thu,FALSE,3,Night,8,0,8,56,0.01,3.66,0,1
4/18/2024,Thu,FALSE,4,Night,3,0,2,26.4,0.56,4.58,0,0.667
4/18/2024,Thu,FALSE,5,Night,6,0,6,29.7,0.18,9.16,0,1
4/18/2024,Thu,FALSE,6,Morning,20,0,18,115.3,0.2,21.36,0,0.9
4/18/2024,Thu,FALSE,7,Morning,27,1,23,86.5,6.06,33.57,0.037,0.852
4/18/2024,Thu,FALSE,8,Morning,43,4,34,240,2.31,45.78,0.093,0.791
4/18/2024,Thu,FALSE,9,Morning,60,7,49,300.1,7.75,54.94,0.117,0.817
4/18/2024,Thu,FALSE,10,Morning,53,4,43,241.8,2.46,64.09,0.075,0.811
4/18/2024,Thu,FALSE,11,Morning,66,7,49,311.6,8.38,61.04,0.106,0.742
4/18/2024,Thu,FALSE,12,Morning,45,5,32,209.3,4.17,48.83,0.111,0.711
4/18/2024,Thu,FALSE,13,Morning,60,6,42,253.2,11.42,51.88,0.1,0.7
4/18/2024,Thu,FALSE,14,Evening,51,5,45,254.3,6.84,61.04,0.098,0.882
4/18/2024,Thu,FALSE,15,Evening,56,9,38,271.4,6.28,57.99,0.161,0.679
4/18/2024,Thu,FALSE,16,Evening,53,3,46,211,3.98,51.88,0.057,0.868
4/18/2024,Thu,FALSE,17,Evening,37,3,28,113.7,1.59,42.73,0.081,0.757
4/18/2024,Thu,FALSE,18,Evening,29,2,19,146.7,0.73,33.57,0.069,0.655
4/18/2024,Thu,FALSE,19,Evening,29,1,22,159,0.98,27.47,0.034,0.759
4/18/2024,Thu,FALSE,20,Night,29,2,22,133.4,0.22,21.36,0.069,0.759
4/18/2024,Thu,FALSE,21,Night,10,1,8,44.2,1.76,18.31,0.1,0.8
4/18/2024,Thu,FALSE,22,Night,19,4,14,53.6,0.1,15.26,0.211,0.737
4/18/2024,Thu,FALSE,23,Night,11,0,10,70.8,1.35,12.21,0,0.909
4/19/2024,Fri,FALSE,0,Night,9,1,6,39.2,0.79,9.16,0.111,0.667
4/19/2024,Fri,FALSE,1,Night,5,1,4,22,0.32,6.11,0.2,0.8
4/19/2024,Fri,FALSE,2,Night,2,0,2,15.8,0.2,4.58,0,1
4/19/2024,Fri,FALSE,3,Night,3,0,3,13.3,0.06,3.67,0,1
4/19/2024,Fri,FALSE,4,Night,9,1,8,36.5,0.49,4.58,0.111,0.889
4/19/2024,Fri,FALSE,5,Night,15,1,14,65.6,0.84,9.16,0.067,0.933
4/19/2024,Fri,FALSE,6,Morning,16,2,14,72.8,1.39,21.38,0.125,0.875
4/19/2024,Fri,FALSE,7,Morning,41,2,32,211.3,1.09,33.6,0.049,0.78
4/19/2024,Fri,FALSE,8,Morning,38,5,28,151.1,0.62,45.81,0.132,0.737
4/19/2024,Fri,FALSE,9,Morning,41,1,35,194,4.38,54.98,0.024,0.854
4/19/2024,Fri,FALSE,10,Morning,66,2,52,291.7,7.24,64.14,0.03,0.788
4/19/2024,Fri,FALSE,11,Morning,68,3,58,318.9,1.88,61.09,0.044,0.853
4/19/2024,Fri,FALSE,12,Morning,44,3,36,151.8,1.92,48.87,0.068,0.818
4/19/2024,Fri,FALSE,13,Morning,61,8,44,234.8,0.68,51.92,0.131,0.721
4/19/2024,Fri,FALSE,14,Evening,69,3,58,281.9,6.05,61.09,0.043,0.841
4/19/2024,Fri,FALSE,15,Evening,55,5,43,231.6,6.43,58.03,0.091,0.782
4/19/2024,Fri,FALSE,16,Evening,62,6,50,267.2,1.84,51.92,0.097,0.806
4/19/2024,Fri,FALSE,17,Evening,51,4,42,242.3,3.25,42.76,0.078,0.824
4/19/2024,Fri,FALSE,18,Evening,33,2,30,139,1.29,33.6,0.061,0.909
4/19/2024,Fri,FALSE,19,Evening,27,2,23,117.1,0.44,27.49,0.074,0.852
4/19/2024,Fri,FALSE,20,Night,19,1,15,91.1,0.36,21.38,0.053,0.789
4/19/2024,Fri,FALSE,21,Night,12,1,11,44.5,1.89,18.33,0.083,0.917
4/19/2024,Fri,FALSE,22,Night,10,0,9,40.7,1.94,15.27,0,0.9
4/19/2024,Fri,FALSE,23,Night,12,1,10,69.9,1.38,12.22,0.083,0.833
4/20/2024,Sat,TRUE,0,Night,2,1,1,13.5,0.66,5.04,0.5,0.5
4/20/2024,Sat,TRUE,1,Night,2,0,2,3.7,0.34,3.36,0,1
4/20/2024,Sat,TRUE,2,Night,5,1,3,13.1,0.52,2.52,0.2,0.6
4/20/2024,Sat,TRUE,3,Night,2,0,2,4.3,0.15,2.02,0,1
4/20/2024,Sat,TRUE,4,Night,0,0,0,0,0,2.52,0,0
4/20/2024,Sat,TRUE,5,Night,4,0,4,34.1,0.18,5.04,0,1
4/20/2024,Sat,TRUE,6,Morning,8,2,4,34.6,0.83,11.77,0.25,0.5
4/20/2024,Sat,TRUE,7,Morning,17,1,16,80.9,1.72,18.49,0.059,0.941
4/20/2024,Sat,TRUE,8,Morning,19,2,15,95.7,1.39,25.22,0.105,0.789
4/20/2024,Sat,TRUE,9,Morning,33,3,26,132.7,2.02,30.26,0.091,0.788
4/20/2024,Sat,TRUE,10,Morning,36,1,32,171.7,0.74,35.3,0.028,0.889
4/20/2024,Sat,TRUE,11,Morning,34,3,29,134.3,3.91,33.62,0.088,0.853
4/20/2024,Sat,TRUE,12,Morning,19,1,16,62.3,11.14,26.9,0.053,0.842
4/20/2024,Sat,TRUE,13,Morning,32,3,26,134.9,4.33,28.58,0.094,0.812
4/20/2024,Sat,TRUE,14,Evening,35,1,32,208.6,0.54,33.62,0.029,0.914
4/20/2024,Sat,TRUE,15,Evening,46,7,36,165.9,2.54,31.94,0.152,0.783
4/20/2024,Sat,TRUE,16,Evening,41,4,31,178.6,11.83,28.58,0.098,0.756
4/20/2024,Sat,TRUE,17,Evening,21,2,15,106.7,12.27,23.54,0.095,0.714
4/20/2024,Sat,TRUE,18,Evening,26,2,24,118.3,1.58,18.49,0.077,0.923
4/20/2024,Sat,TRUE,19,Evening,11,1,10,46.6,1.84,15.13,0.091,0.909
4/20/2024,Sat,TRUE,20,Night,12,0,11,60.4,0.16,11.77,0,0.917
4/20/2024,Sat,TRUE,21,Night,8,1,7,45.9,0.72,10.09,0.125,0.875
4/20/2024,Sat,TRUE,22,Night,9,1,7,48.2,0.23,8.41,0.111,0.778
4/20/2024,Sat,TRUE,23,Night,10,1,8,56.3,0.23,6.72,0.1,0.8
4/21/2024,Sun,TRUE,0,Night,4,0,3,12.9,0.01,5.05,0,0.75
4/21/2024,Sun,TRUE,1,Night,2,0,2,12.5,0.45,3.36,0,1
4/21/2024,Sun,TRUE,2,Night,0,0,0,0,0,2.52,0,0
4/21/2024,Sun,TRUE,3,Night,1,0,1,1.5,0.17,2.02,0,1
4/21/2024,Sun,TRUE,4,Night,2,0,1,1.4,0.16,2.52,0,0.5
4/21/2024,Sun,TRUE,5,Night,4,0,3,10.7,0.23,5.05,0,0.75
4/21/2024,Sun,TRUE,6,Morning,13,3,9,89.1,1.68,11.78,0.231,0.692
4/21/2024,Sun,TRUE,7,Morning,23,1,20,100.2,0.27,18.51,0.043,0.87
4/21/2024,Sun,TRUE,8,Morning,32,1,26,179.7,1.13,25.24,0.031,0.812
4/21/2024,Sun,TRUE,9,Morning,32,1,28,101.3,3.22,30.28,0.031,0.875
4/21/2024,Sun,TRUE,10,Morning,29,3,25,100.4,2.17,35.33,0.103,0.862
4/21/2024,Sun,TRUE,11,Morning,25,2,20,128.4,1.95,33.65,0.08,0.8
4/21/2024,Sun,TRUE,12,Morning,29,2,25,176.4,0.1,26.92,0.069,0.862
4/21/2024,Sun,TRUE,13,Morning,25,3,19,135.2,1.36,28.6,0.12,0.76
4/21/2024,Sun,TRUE,14,Evening,33,2,31,130.3,3.66,33.65,0.061,0.939
4/21/2024,Sun,TRUE,15,Evening,23,0,23,83.5,0.27,31.97,0,1
4/21/2024,Sun,TRUE,16,Evening,23,6,15,92,1.26,28.6,0.261,0.652
4/21/2024,Sun,TRUE,17,Evening,26,1,24,81.7,0.72,23.55,0.038,0.923
4/21/2024,Sun,TRUE,18,Evening,18,1,14,87.8,0.04,18.51,0.056,0.778
4/21/2024,Sun,TRUE,19,Evening,15,1,12,69,0.56,15.14,0.067,0.8
4/21/2024,Sun,TRUE,20,Night,13,1,10,64.2,0.94,11.78,0.077,0.769
4/21/2024,Sun,TRUE,21,Night,10,0,8,42.8,0.41,10.09,0,0.8
4/21/2024,Sun,TRUE,22,Night,9,0,7,42.9,2.11,8.41,0,0.778
4/21/2024,Sun,TRUE,23,Night,10,2,5,61.6,1.48,6.73,0.2,0.5
4/22/2024,Mon,FALSE,0,Night,7,1,6,24.9,1.15,9.18,0.143,0.857
4/22/2024,Mon,FALSE,1,Night,5,0,4,20.9,0.66,6.12,0,0.8
4/22/2024,Mon,FALSE,2,Night,5,0,5,33.8,0.95,4.59,0,1
4/22/2024,Mon,FALSE,3,Night,2,0,2,6.1,0.18,3.67,0,1
4/22/2024,Mon,FALSE,4,Night,5,0,5,17.6,1.4,4.59,0,1
4/22/2024,Mon,FALSE,5,Night,14,1,12,55.8,0.48,9.18,0.071,0.857
4/22/2024,Mon,FALSE,6,Morning,21,3,17,79,0.3,21.43,0.143,0.81
4/22/2024,Mon,FALSE,7,Morning,33,2,28,172.9,0.21,33.67,0.061,0.848
4/22/2024,Mon,FALSE,8,Morning,43,6,34,159.8,4.24,45.92,0.14,0.791
4/22/2024,Mon,FALSE,9,Morning,61,8,48,220.2,2.99,55.1,0.131,0.787
4/22/2024,Mon,FALSE,10,Morning,72,3,60,301.1,0.78,64.29,0.042,0.833
4/22/2024,Mon,FALSE,11,Morning,57,2,45,252.1,7.46,61.23,0.035,0.789
4/22/2024,Mon,FALSE,12,Morning,66,8,48,263.3,2.75,48.98,0.121,0.727
4/22/2024,Mon,FALSE,13,Morning,42,3,35,281.8,0.26,52.04,0.071,0.833
4/22/2024,Mon,FALSE,14,Evening,81,7,66,372.4,0.29,61.23,0.086,0.815
4/22/2024,Mon,FALSE,15,Evening,51,3,44,250.6,1.9,58.17,0.059,0.863
4/22/2024,Mon,FALSE,16,Evening,56,8,41,311.3,1.06,52.04,0.143,0.732
4/22/2024,Mon,FALSE,17,Evening,30,3,25,122.5,0.84,42.86,0.1,0.833
4/22/2024,Mon,FALSE,18,Evening,29,3,20,121.5,0.63,33.67,0.103,0.69
4/22/2024,Mon,FALSE,19,Evening,28,0,21,136.6,1.02,27.55,0,0.75
4/22/2024,Mon,FALSE,20,Night,7,1,5,48,4.51,21.43,0.143,0.714
4/22/2024,Mon,FALSE,21,Night,15,3,9,70,0,18.37,0.2,0.6
4/22/2024,Mon,FALSE,22,Night,14,2,10,54,2.36,15.31,0.143,0.714
4/22/2024,Mon,FALSE,23,Night,11,0,10,92.3,0.03,12.25,0,0.909
4/23/2024,Tue,FALSE,0,Night,3,0,3,7.5,0.22,9.19,0,1
4/23/2024,Tue,FALSE,1,Night,6,1,5,29.9,0.54,6.13,0.167,0.833
4/23/2024,Tue,FALSE,2,Night,5,2,3,34.8,0.17,4.6,0.4,0.6
4/23/2024,Tue,FALSE,3,Night,1,0,1,0.2,0.46,3.68,0,1
4/23/2024,Tue,FALSE,4,Night,3,0,3,17.2,0.01,4.6,0,1
4/23/2024,Tue,FALSE,5,Night,9,1,7,25.1,0.04,9.19,0.111,0.778
4/23/2024,Tue,FALSE,6,Morning,19,0,18,47.5,1.22,21.45,0,0.947
4/23/2024,Tue,FALSE,7,Morning,36,4,31,155.9,2.16,33.7,0.111,0.861
4/23/2024,Tue,FALSE,8,Morning,48,7,35,191.8,5.59,45.96,0.146,0.729
4/23/2024,Tue,FALSE,9,Morning,55,1,50,231.6,6.3,55.15,0.018,0.909
4/23/2024,Tue,FALSE,10,Morning,76,6,58,297.3,0.8,64.34,0.079,0.763
4/23/2024,Tue,FALSE,11,Morning,53,5,46,231.2,0.55,61.27,0.094,0.868
4/23/2024,Tue,FALSE,12,Morning,42,6,27,175.9,5.46,49.02,0.143,0.643
4/23/2024,Tue,FALSE,13,Morning,53,7,39,226.5,0.51,52.08,0.132,0.736
4/23/2024,Tue,FALSE,14,Evening,64,2,57,284.1,4.79,61.27,0.031,0.891
4/23/2024,Tue,FALSE,15,Evening,59,6,48,323.6,8.26,58.21,0.102,0.814
4/23/2024,Tue,FALSE,16,Evening,49,3,38,211.5,0.15,52.08,0.061,0.776
4/23/2024,Tue,FALSE,17,Evening,43,5,37,202.1,11.83,42.89,0.116,0.86
4/23/2024,Tue,FALSE,18,Evening,36,3,28,153.9,0.77,33.7,0.083,0.778
4/23/2024,Tue,FALSE,19,Evening,28,2,24,150.3,2.84,27.57,0.071,0.857
4/23/2024,Tue,FALSE,20,Night,15,1,11,40.6,0.28,21.45,0.067,0.733
4/23/2024,Tue,FALSE,21,Night,19,1,14,108.8,1.99,18.38,0.053,0.737
4/23/2024,Tue,FALSE,22,Night,17,0,14,53.3,0.17,15.32,0,0.824
4/23/2024,Tue,FALSE,23,Night,14,1,12,111.9,2.41,12.25,0.071,0.857
4/24/2024,Wed,FALSE,0,Night,7,1,6,14.7,0.8,9.2,0.143,0.857
4/24/2024,Wed,FALSE,1,Night,4,0,3,19.2,0.06,6.13,0,0.75
4/24/2024,Wed,FALSE,2,Night,2,1,1,14.7,0.03,4.6,0.5,0.5
4/24/2024,Wed,FALSE,3,Night,5,0,4,30,0.19,3.68,0,0.8
4/24/2024,Wed,FALSE,4,Night,5,0,4,7.7,0.34,4.6,0,0.8
4/24/2024,Wed,FALSE,5,Night,11,1,8,42.2,0.33,9.2,0.091,0.727
4/24/2024,Wed,FALSE,6,Morning,17,0,16,65.5,0.37,21.46,0,0.941
4/24/2024,Wed,FALSE,7,Morning,31,1,27,108.5,1.05,33.73,0.032,0.871
4/24/2024,Wed,FALSE,8,Morning,50,5,39,187.9,1.44,45.99,0.1,0.78
4/24/2024,Wed,FALSE,9,Morning,60,1,49,316.6,1.23,55.19,0.017,0.817
4/24/2024,Wed,FALSE,10,Morning,56,7,41,247.8,0.35,64.39,0.125,0.732
4/24/2024,Wed,FALSE,11,Morning,60,4,46,277.5,1.5,61.32,0.067,0.767
4/24/2024,Wed,FALSE,12,Morning,61,4,48,316.5,7.48,49.06,0.066,0.787
4/24/2024,Wed,FALSE,13,Morning,62,4,58,284.7,9.59,52.12,0.065,0.935
4/24/2024,Wed,FALSE,14,Evening,57,4,46,252.6,3.59,61.32,0.07,0.807
4/24/2024,Wed,FALSE,15,Evening,64,4,48,258.8,9.48,58.25,0.062,0.75
4/24/2024,Wed,FALSE,16,Evening,56,9,41,334.8,2.81,52.12,0.161,0.732
4/24/2024,Wed,FALSE,17,Evening,52,4,41,242,0.4,42.92,0.077,0.788
4/24/2024,Wed,FALSE,18,Evening,39,3,35,256.4,1.82,33.73,0.077,0.897
4/24/2024,Wed,FALSE,19,Evening,29,2,22,113.3,0.02,27.59,0.069,0.759
4/24/2024,Wed,FALSE,20,Night,27,2,22,120.1,1.17,21.46,0.074,0.815
4/24/2024,Wed,FALSE,21,Night,11,1,10,36,0.18,18.4,0.091,0.909
4/24/2024,Wed,FALSE,22,Night,19,1,17,90.4,0.48,15.33,0.053,0.895
4/24/2024,Wed,FALSE,23,Night,11,0,11,73.6,0.03,12.26,0,1
4/25/2024,Thu,FALSE,0,Night,10,0,8,47.4,0.04,9.21,0,0.8
4/25/2024,Thu,FALSE,1,Night,7,0,7,30.7,0.1,6.14,0,1
4/25/2024,Thu,FALSE,2,Night,5,1,3,21.6,0.11,4.6,0.2,0.6
4/25/2024,Thu,FALSE,3,Night,3,0,3,16.4,0.16,3.68,0,1
4/25/2024,Thu,FALSE,4,Night,6,0,4,28.6,0.06,4.6,0,0.667
4/25/2024,Thu,FALSE,5,Night,10,0,9,21,0.06,9.21,0,0.9
4/25/2024,Thu,FALSE,6,Morning,18,2,14,79.9,7.58,21.48,0.111,0.778
4/25/2024,Thu,FALSE,7,Morning,34,1,29,170.5,2.83,33.75,0.029,0.853
4/25/2024,Thu,FALSE,8,Morning,56,1,48,223.2,8.84,46.02,0.018,0.857
4/25/2024,Thu,FALSE,9,Morning,56,8,41,244.3,0.26,55.23,0.143,0.732
4/25/2024,Thu,FALSE,10,Morning,70,6,59,301.5,2.23,64.44,0.086,0.843
4/25/2024,Thu,FALSE,11,Morning,63,5,51,247.2,13.7,61.37,0.079,0.81
4/25/2024,Thu,FALSE,12,Morning,58,5,46,190.1,4.26,49.09,0.086,0.793
4/25/2024,Thu,FALSE,13,Morning,61,7,50,272.1,6.34,52.16,0.115,0.82
4/25/2024,Thu,FALSE,14,Evening,54,2,45,255.5,0.07,61.37,0.037,0.833
4/25/2024,Thu,FALSE,15,Evening,70,3,59,321,9.27,58.3,0.043,0.843
4/25/2024,Thu,FALSE,16,Evening,64,6,50,367.4,5.5,52.16,0.094,0.781
4/25/2024,Thu,FALSE,17,Evening,58,3,50,245.5,0.37,42.96,0.052,0.862
4/25/2024,Thu,FALSE,18,Evening,31,4,25,110.7,0.69,33.75,0.129,0.806
4/25/2024,Thu,FALSE,19,Evening,38,4,29,187.1,1,27.61,0.105,0.763
4/25/2024,Thu,FALSE,20,Night,22,1,17,85.9,0.19,21.48,0.045,0.773
4/25/2024,Thu,FALSE,21,Night,23,1,21,79.7,0.82,18.41,0.043,0.913
4/25/2024,Thu,FALSE,22,Night,20,2,15,75.8,0.79,15.34,0.1,0.75
4/25/2024,Thu,FALSE,23,Night,12,2,9,79.5,1.09,12.27,0.167,0.75
4/26/2024,Fri,FALSE,0,Night,3,0,3,5.9,1.87,9.21,0,1
4/26/2024,Fri,FALSE,1,Night,5,0,4,7.6,0.08,6.14,0,0.8
4/26/2024,Fri,FALSE,2,Night,6,0,5,27.7,0.28,4.61,0,0.833
4/26/2024,Fri,FALSE,3,Night,5,0,5,29.4,0.05,3.68,0,1
4/26/2024,Fri,FALSE,4,Night,4,1,3,44.8,0.66,4.61,0.25,0.75
4/26/2024,Fri,FALSE,5,Night,11,1,8,50.6,0.07,9.21,0.091,0.727
4/26/2024,Fri,FALSE,6,Morning,26,2,20,107.5,1.64,21.49,0.077,0.769
4/26/2024,Fri,FALSE,7,Morning,41,2,33,235.3,0.48,33.78,0.049,0.805
4/26/2024,Fri,FALSE,8,Morning,52,7,41,217.9,1.2,46.06,0.135,0.788
4/26/2024,Fri,FALSE,9,Morning,57,7,42,245.3,0.12,55.27,0.123,0.737
4/26/2024,Fri,FALSE,10,Morning,78,3,68,315.9,1.49,64.48,0.038,0.872
4/26/2024,Fri,FALSE,11,Morning,54,8,37,245.7,0.26,61.41,0.148,0.685
4/26/2024,Fri,FALSE,12,Morning,40,4,28,148.1,5.13,49.13,0.1,0.7
4/26/2024,Fri,FALSE,13,Morning,62,6,49,280.4,1.78,52.2,0.097,0.79
4/26/2024,Fri,FALSE,14,Evening,68,4,56,274.6,1.06,61.41,0.059,0.824
4/26/2024,Fri,FALSE,15,Evening,50,5,39,237,0.84,58.34,0.1,0.78
4/26/2024,Fri,FALSE,16,Evening,45,1,36,157.9,7.15,52.2,0.022,0.8
4/26/2024,Fri,FALSE,17,Evening,41,3,34,131.8,0.61,42.99,0.073,0.829
4/26/2024,Fri,FALSE,18,Evening,36,4,32,189.5,8.44,33.78,0.111,0.889
4/26/2024,Fri,FALSE,19,Evening,26,2,21,92.9,0.44,27.64,0.077,0.808
4/26/2024,Fri,FALSE,20,Night,18,1,13,51.2,0.27,21.49,0.056,0.722
4/26/2024,Fri,FALSE,21,Night,23,3,17,105.3,0.29,18.42,0.13,0.739
4/26/2024,Fri,FALSE,22,Night,15,2,13,71.6,0.72,15.35,0.133,0.867
4/26/2024,Fri,FALSE,23,Night,10,1,8,53,0.18,12.28,0.1,0.8
4/27/2024,Sat,TRUE,0,Night,5,0,5,11.9,0.2,5.07,0,1
4/27/2024,Sat,TRUE,1,Night,2,0,1,2.9,0.2,3.38,0,0.5
4/27/2024,Sat,TRUE,2,Night,2,0,1,6.9,0.18,2.54,0,0.5
4/27/2024,Sat,TRUE,3,Night,3,0,3,13.2,0,2.03,0,1
4/27/2024,Sat,TRUE,4,Night,1,0,1,3.4,0.06,2.54,0,1
4/27/2024,Sat,TRUE,5,Night,5,0,5,30.4,0.88,5.07,0,1
4/27/2024,Sat,TRUE,6,Morning,10,1,7,33.6,0.33,11.83,0.1,0.7
4/27/2024,Sat,TRUE,7,Morning,21,0,19,96.4,0.32,18.59,0,0.905
4/27/2024,Sat,TRUE,8,Morning,21,1,16,102.9,0.25,25.35,0.048,0.762
4/27/2024,Sat,TRUE,9,Morning,43,5,32,209.1,3.62,30.42,0.116,0.744
4/27/2024,Sat,TRUE,10,Morning,42,3,36,173,4.54,35.49,0.071,0.857
4/27/2024,Sat,TRUE,11,Morning,33,0,26,140.1,6.27,33.8,0,0.788
4/27/2024,Sat,TRUE,12,Morning,24,3,17,92.4,0.12,27.04,0.125,0.708
4/27/2024,Sat,TRUE,13,Morning,42,6,31,220.4,0.98,28.73,0.143,0.738
4/27/2024,Sat,TRUE,14,Evening,31,4,25,122.8,4.79,33.8,0.129,0.806
4/27/2024,Sat,TRUE,15,Evening,31,0,25,67.3,4.09,32.11,0,0.806
4/27/2024,Sat,TRUE,16,Evening,31,4,22,122.1,4.16,28.73,0.129,0.71
4/27/2024,Sat,TRUE,17,Evening,21,5,15,132.1,0.39,23.66,0.238,0.714
4/27/2024,Sat,TRUE,18,Evening,25,1,21,88.8,0.53,18.59,0.04,0.84
4/27/2024,Sat,TRUE,19,Evening,19,3,14,72.5,0.47,15.21,0.158,0.737
4/27/2024,Sat,TRUE,20,Night,9,1,6,26.8,0.72,11.83,0.111,0.667
4/27/2024,Sat,TRUE,21,Night,19,0,18,84,2.88,10.14,0,0.947
4/27/2024,Sat,TRUE,22,Night,8,0,6,27.8,2.36,8.45,0,0.75
4/27/2024,Sat,TRUE,23,Night,7,0,5,28.8,0.64,6.76,0,0.714
4/28/2024,Sun,TRUE,0,Night,6,2,4,31.8,0.17,5.07,0.333,0.667
4/28/2024,Sun,TRUE,1,Night,1,0,1,6.5,0.04,3.38,0,1
4/28/2024,Sun,TRUE,2,Night,4,0,4,32,0.14,2.54,0,1
4/28/2024,Sun,TRUE,3,Night,0,0,0,0,0,2.03,0,0
4/28/2024,Sun,TRUE,4,Night,0,0,0,0,0,2.54,0,0
4/28/2024,Sun,TRUE,5,Night,2,1,1,11.5,0.13,5.07,0.5,0.5
4/28/2024,Sun,TRUE,6,Morning,11,4,5,71.1,2.56,11.84,0.364,0.455
4/28/2024,Sun,TRUE,7,Morning,15,1,13,68.9,0.52,18.61,0.067,0.867
4/28/2024,Sun,TRUE,8,Morning,25,3,19,76.9,0.49,25.37,0.12,0.76
4/28/2024,Sun,TRUE,9,Morning,27,4,16,108.5,1.04,30.45,0.148,0.593
4/28/2024,Sun,TRUE,10,Morning,47,2,34,203.4,0.41,35.52,0.043,0.723
4/28/2024,Sun,TRUE,11,Morning,32,1,25,181.8,2.78,33.83,0.031,0.781
4/28/2024,Sun,TRUE,12,Morning,26,3,19,139.7,3.23,27.06,0.115,0.731
4/28/2024,Sun,TRUE,13,Morning,22,1,19,97.7,3.97,28.75,0.045,0.864
4/28/2024,Sun,TRUE,14,Evening,25,1,19,88.9,18.56,33.83,0.04,0.76
4/28/2024,Sun,TRUE,15,Evening,32,2,29,139.3,7.87,32.14,0.062,0.906
4/28/2024,Sun,TRUE,16,Evening,22,0,20,106.5,0.82,28.75,0,0.909
4/28/2024,Sun,TRUE,17,Evening,26,2,20,150.4,0.65,23.68,0.077,0.769
4/28/2024,Sun,TRUE,18,Evening,17,1,12,73,6.41,18.61,0.059,0.706
4/28/2024,Sun,TRUE,19,Evening,10,1,7,33.1,1.23,15.22,0.1,0.7
4/28/2024,Sun,TRUE,20,Night,11,0,10,18.2,3,11.84,0,0.909
4/28/2024,Sun,TRUE,21,Night,10,1,9,27.2,0.05,10.15,0.1,0.9
4/28/2024,Sun,TRUE,22,Night,8,0,5,17.1,1.89,8.46,0,0.625
4/28/2024,Sun,TRUE,23,Night,7,0,6,29.7,0.22,6.77,0,0.857
4/29/2024,Mon,FALSE,0,Night,7,1,4,30.9,0.53,9.23,0.143,0.571
4/29/2024,Mon,FALSE,1,Night,6,0,3,11.1,1.28,6.16,0,0.5
4/29/2024,Mon,FALSE,2,Night,6,0,6,21.1,0.01,4.62,0,1
4/29/2024,Mon,FALSE,3,Night,3,0,1,16.3,0.18,3.69,0,0.333
4/29/2024,Mon,FALSE,4,Night,6,0,6,13,0.26,4.62,0,1
4/29/2024,Mon,FALSE,5,Night,11,2,7,48.3,0.05,9.23,0.182,0.636
4/29/2024,Mon,FALSE,6,Morning,15,1,13,89.3,0.22,21.54,0.067,0.867
4/29/2024,Mon,FALSE,7,Morning,36,1,32,170,0.65,33.85,0.028,0.889
4/29/2024,Mon,FALSE,8,Morning,47,2,39,160,1.61,46.16,0.043,0.83
4/29/2024,Mon,FALSE,9,Morning,49,6,35,195.6,2.09,55.4,0.122,0.714
4/29/2024,Mon,FALSE,10,Morning,70,4,62,322.9,6.88,64.63,0.057,0.886
4/29/2024,Mon,FALSE,11,Morning,65,4,56,316.3,5.53,61.55,0.062,0.862
4/29/2024,Mon,FALSE,12,Morning,42,2,33,137,4.17,49.24,0.048,0.786
4/29/2024,Mon,FALSE,13,Morning,62,3,52,293.5,2.69,52.32,0.048,0.839
4/29/2024,Mon,FALSE,14,Evening,60,7,49,231.3,0.37,61.55,0.117,0.817
4/29/2024,Mon,FALSE,15,Evening,63,3,51,349,0.97,58.48,0.048,0.81
4/29/2024,Mon,FALSE,16,Evening,47,5,33,188.5,0.18,52.32,0.106,0.702
4/29/2024,Mon,FALSE,17,Evening,42,4,35,174.2,1.49,43.09,0.095,0.833
4/29/2024,Mon,FALSE,18,Evening,36,2,25,157.4,2.61,33.85,0.056,0.694
4/29/2024,Mon,FALSE,19,Evening,31,5,23,112,0.18,27.7,0.161,0.742
4/29/2024,Mon,FALSE,20,Night,29,7,19,148.5,2.48,21.54,0.241,0.655
4/29/2024,Mon,FALSE,21,Night,17,0,14,63.2,2.41,18.47,0,0.824
4/29/2024,Mon,FALSE,22,Night,16,4,11,71.7,0.03,15.39,0.25,0.688
4/29/2024,Mon,FALSE,23,Night,11,2,8,49.2,0.4,12.31,0.182,0.727
4/30/2024,Tue,FALSE,0,Night,9,2,6,49.2,0.21,9.24,0.222,0.667
4/30/2024,Tue,FALSE,1,Night,8,0,6,46.3,0.21,6.16,0,0.75
4/30/2024,Tue,FALSE,2,Night,6,0,6,15.6,0.16,4.62,0,1
4/30/2024,Tue,FALSE,3,Night,3,0,1,9.3,0.05,3.7,0,0.333
4/30/2024,Tue,FALSE,4,Night,9,1,7,28.8,0.27,4.62,0.111,0.778
4/30/2024,Tue,FALSE,5,Night,7,2,5,32.1,0.73,9.24,0.286,0.714
4/30/2024,Tue,FALSE,6,Morning,20,3,15,72.6,2.32,21.56,0.15,0.75
4/30/2024,Tue,FALSE,7,Morning,40,4,30,166.9,0.06,33.88,0.1,0.75
4/30/2024,Tue,FALSE,8,Morning,53,5,39,190.1,5.33,46.2,0.094,0.736
4/30/2024,Tue,FALSE,9,Morning,69,3,58,286,3.79,55.44,0.043,0.841
4/30/2024,Tue,FALSE,10,Morning,53,4,44,265.5,0.48,64.68,0.075,0.83
4/30/2024,Tue,FALSE,11,Morning,59,3,51,249.2,8.17,61.6,0.051,0.864
4/30/2024,Tue,FALSE,12,Morning,33,4,25,145.4,1.2,49.28,0.121,0.758
4/30/2024,Tue,FALSE,13,Morning,49,8,37,210.4,8.66,52.36,0.163,0.755
4/30/2024,Tue,FALSE,14,Evening,64,5,52,337.2,0.74,61.6,0.078,0.812
4/30/2024,Tue,FALSE,15,Evening,60,8,43,278,1.26,58.52,0.133,0.717
4/30/2024,Tue,FALSE,16,Evening,48,3,39,253.9,7.22,52.36,0.062,0.812
4/30/2024,Tue,FALSE,17,Evening,39,4,33,193.5,2.59,43.12,0.103,0.846
4/30/2024,Tue,FALSE,18,Evening,37,3,26,224.6,1.89,33.88,0.081,0.703
4/30/2024,Tue,FALSE,19,Evening,25,3,20,86,1.91,27.72,0.12,0.8
4/30/2024,Tue,FALSE,20,Night,23,3,17,113,0.27,21.56,0.13,0.739
4/30/2024,Tue,FALSE,21,Night,18,0,15,88.4,0.56,18.48,0,0.833
4/30/2024,Tue,FALSE,22,Night,17,1,11,108.5,0.2,15.4,0.059,0.647
4/30/2024,Tue,FALSE,23,Night,13,1,11,55.3,2.04,12.32,0.077,0.846
5/1/2024,Wed,FALSE,0,Night,10,1,9,34.6,1.09,9.25,0.1,0.9
5/1/2024,Wed,FALSE,1,Night,7,1,5,46.2,0.35,6.16,0.143,0.714
5/1/2024,Wed,FALSE,2,Night,12,1,9,57.6,0.51,4.62,0.083,0.75
5/1/2024,Wed,FALSE,3,Night,5,0,5,11.3,0.11,3.7,0,1
5/1/2024,Wed,FALSE,4,Night,8,0,6,22.9,1.44,4.62,0,0.75
5/1/2024,Wed,FALSE,5,Night,11,1,8,52,2.79,9.25,0.091,0.727
5/1/2024,Wed,FALSE,6,Morning,16,2,12,60.4,0.52,21.58,0.125,0.75
5/1/2024,Wed,FALSE,7,Morning,33,3,24,125.8,1.84,33.91,0.091,0.727
5/1/2024,Wed,FALSE,8,Morning,62,2,54,338.3,5.11,46.23,0.032,0.871
5/1/2024,Wed,FALSE,9,Morning,52,2,47,237.8,5.87,55.48,0.038,0.904
5/1/2024,Wed,FALSE,10,Morning,50,3,40,216.8,8.44,64.73,0.06,0.8
5/1/2024,Wed,FALSE,11,Morning,62,8,50,197.9,3.23,61.65,0.129,0.806
5/1/2024,Wed,FALSE,12,Morning,41,2,35,151.7,2.75,49.32,0.049,0.854
5/1/2024,Wed,FALSE,13,Morning,55,5,43,224.9,3.69,52.4,0.091,0.782
5/1/2024,Wed,FALSE,14,Evening,58,6,49,315.9,5.68,61.65,0.103,0.845
5/1/2024,Wed,FALSE,15,Evening,75,6,58,361.9,13.84,58.56,0.08,0.773
5/1/2024,Wed,FALSE,16,Evening,47,7,34,219.6,1.77,52.4,0.149,0.723
5/1/2024,Wed,FALSE,17,Evening,40,5,31,170.8,5.96,43.15,0.125,0.775
5/1/2024,Wed,FALSE,18,Evening,33,4,26,132.5,4.44,33.91,0.121,0.788
5/1/2024,Wed,FALSE,19,Evening,30,0,27,100.3,0.59,27.74,0,0.9
5/1/2024,Wed,FALSE,20,Night,13,0,10,46.6,2.17,21.58,0,0.769
5/1/2024,Wed,FALSE,21,Night,13,0,12,50.6,2.52,18.49,0,0.923
5/1/2024,Wed,FALSE,22,Night,18,2,16,94.7,1.99,15.41,0.111,0.889
5/1/2024,Wed,FALSE,23,Night,23,0,21,110.7,0.01,12.33,0,0.913
5/2/2024,Thu,FALSE,0,Night,12,2,8,47.9,1.07,9.25,0.167,0.667
5/2/2024,Thu,FALSE,1,Night,3,0,3,2.3,0.49,6.17,0,1
5/2/2024,Thu,FALSE,2,Night,2,0,2,10.6,0.23,4.63,0,1
5/2/2024,Thu,FALSE,3,Night,3,0,3,12.6,0.03,3.7,0,1
5/2/2024,Thu,FALSE,4,Night,3,0,3,27.3,0.1,4.63,0,1
5/2/2024,Thu,FALSE,5,Night,11,0,10,49.9,0.63,9.25,0,0.909
5/2/2024,Thu,FALSE,6,Morning,22,4,17,78.5,0.76,21.59,0.182,0.773
5/2/2024,Thu,FALSE,7,Morning,33,3,24,106.7,0.39,33.93,0.091,0.727
5/2/2024,Thu,FALSE,8,Morning,54,4,46,297.4,6.2,46.27,0.074,0.852
5/2/2024,Thu,FALSE,9,Morning,54,7,45,263.1,2.87,55.52,0.13,0.833
5/2/2024,Thu,FALSE,10,Morning,64,5,52,217.6,2.45,64.78,0.078,0.812
5/2/2024,Thu,FALSE,11,Morning,73,8,57,353.1,2.3,61.69,0.11,0.781
5/2/2024,Thu,FALSE,12,Morning,46,7,33,232.1,3.16,49.35,0.152,0.717
5/2/2024,Thu,FALSE,13,Morning,46,3,34,158.5,0.19,52.44,0.065,0.739
5/2/2024,Thu,FALSE,14,Evening,58,3,49,190.5,0.87,61.69,0.052,0.845
5/2/2024,Thu,FALSE,15,Evening,68,10,52,271.4,11.19,58.61,0.147,0.765
5/2/2024,Thu,FALSE,16,Evening,55,5,40,258.3,3.21,52.44,0.091,0.727
5/2/2024,Thu,FALSE,17,Evening,40,4,33,178.8,4.06,43.19,0.1,0.825
5/2/2024,Thu,FALSE,18,Evening,34,2,30,138.2,1.18,33.93,0.059,0.882
5/2/2024,Thu,FALSE,19,Evening,22,3,18,106.6,2.68,27.76,0.136,0.818
5/2/2024,Thu,FALSE,20,Night,19,2,13,92.9,1.17,21.59,0.105,0.684
5/2/2024,Thu,FALSE,21,Night,15,0,12,49,0.62,18.51,0,0.8
5/2/2024,Thu,FALSE,22,Night,17,2,12,75.7,0.66,15.42,0.118,0.706
5/2/2024,Thu,FALSE,23,Night,10,0,8,50.8,2.08,12.34,0,0.8
5/3/2024,Fri,FALSE,0,Night,8,0,8,30.3,0.54,9.26,0,1
5/3/2024,Fri,FALSE,1,Night,10,1,5,51.9,0.24,6.17,0.1,0.5
5/3/2024,Fri,FALSE,2,Night,4,0,4,25.3,0.19,4.63,0,1
5/3/2024,Fri,FALSE,3,Night,3,1,1,9.6,0.13,3.7,0.333,0.333
5/3/2024,Fri,FALSE,4,Night,5,0,5,28.2,0,4.63,0,1
5/3/2024,Fri,FALSE,5,Night,12,4,8,43.1,0.34,9.26,0.333,0.667
5/3/2024,Fri,FALSE,6,Morning,13,2,9,64.4,1.87,21.61,0.154,0.692
5/3/2024,Fri,FALSE,7,Morning,33,1,30,142,1.31,33.96,0.03,0.909
5/3/2024,Fri,FALSE,8,Morning,49,3,38,185.2,0.84,46.3,0.061,0.776
5/3/2024,Fri,FALSE,9,Morning,46,7,36,169.3,1.2,55.57,0.152,0.783
5/3/2024,Fri,FALSE,10,Morning,75,7,59,315.6,9.51,64.83,0.093,0.787
5/3/2024,Fri,FALSE,11,Morning,62,7,46,274.7,1.87,61.74,0.113,0.742
5/3/2024,Fri,FALSE,12,Morning,44,4,38,231.7,0.54,49.39,0.091,0.864
5/3/2024,Fri,FALSE,13,Morning,52,8,37,287.3,2.92,52.48,0.154,0.712
5/3/2024,Fri,FALSE,14,Evening,54,2,50,205.6,6.35,61.74,0.037,0.926
5/3/2024,Fri,FALSE,15,Evening,49,1,44,217.2,2.91,58.65,0.02,0.898
5/3/2024,Fri,FALSE,16,Evening,61,3,48,319.8,4.38,52.48,0.049,0.787
5/3/2024,Fri,FALSE,17,Evening,42,3,36,185.3,5.14,43.22,0.071,0.857
5/3/2024,Fri,FALSE,18,Evening,24,1,21,111.5,0.8,33.96,0.042,0.875
5/3/2024,Fri,FALSE,19,Evening,24,0,20,97,1.77,27.78,0,0.833
5/3/2024,Fri,FALSE,20,Night,17,2,12,88.6,0.78,21.61,0.118,0.706
5/3/2024,Fri,FALSE,21,Night,20,3,15,182.8,0.14,18.52,0.15,0.75
5/3/2024,Fri,FALSE,22,Night,17,2,15,71.1,1.57,15.44,0.118,0.882
5/3/2024,Fri,FALSE,23,Night,7,1,6,16.6,0.48,12.35,0.143,0.857
5/4/2024,Sat,TRUE,0,Night,5,0,5,15.7,0.25,5.1,0,1
5/4/2024,Sat,TRUE,1,Night,4,0,3,44.7,0.07,3.4,0,0.75
5/4/2024,Sat,TRUE,2,Night,2,0,2,8.9,1.03,2.55,0,1
5/4/2024,Sat,TRUE,3,Night,2,0,1,17.3,0.43,2.04,0,0.5
5/4/2024,Sat,TRUE,4,Night,4,0,4,43.1,0.26,2.55,0,1
5/4/2024,Sat,TRUE,5,Night,3,0,2,19.2,0.02,5.1,0,0.667
5/4/2024,Sat,TRUE,6,Morning,17,2,14,56.4,0.13,11.89,0.118,0.824
5/4/2024,Sat,TRUE,7,Morning,20,2,16,70,0.7,18.69,0.1,0.8
5/4/2024,Sat,TRUE,8,Morning,24,0,21,118.6,1.25,25.49,0,0.875
5/4/2024,Sat,TRUE,9,Morning,29,1,26,116.3,0.19,30.58,0.034,0.897
5/4/2024,Sat,TRUE,10,Morning,45,2,36,140.2,2.69,35.68,0.044,0.8
5/4/2024,Sat,TRUE,11,Morning,28,4,22,137.3,1.92,33.98,0.143,0.786
5/4/2024,Sat,TRUE,12,Morning,25,5,19,110.6,0.57,27.19,0.2,0.76
5/4/2024,Sat,TRUE,13,Morning,33,2,26,156,0.56,28.89,0.061,0.788
5/4/2024,Sat,TRUE,14,Evening,44,1,43,188.3,8.89,33.98,0.023,0.977
5/4/2024,Sat,TRUE,15,Evening,27,1,22,84.6,6.87,32.28,0.037,0.815
5/4/2024,Sat,TRUE,16,Evening,25,2,20,78.5,1.5,28.89,0.08,0.8
5/4/2024,Sat,TRUE,17,Evening,21,4,14,108.1,4.62,23.79,0.19,0.667
5/4/2024,Sat,TRUE,18,Evening,15,0,14,77.5,1.64,18.69,0,0.933
5/4/2024,Sat,TRUE,19,Evening,14,2,9,65.3,3.11,15.29,0.143,0.643
5/4/2024,Sat,TRUE,20,Night,15,1,13,53.2,1.75,11.89,0.067,0.867
5/4/2024,Sat,TRUE,21,Night,11,1,10,44.7,1.03,10.19,0.091,0.909
5/4/2024,Sat,TRUE,22,Night,10,1,9,21.4,1.68,8.5,0.1,0.9
5/4/2024,Sat,TRUE,23,Night,5,0,5,33.4,0.01,6.8,0,1
5/5/2024,Sun,TRUE,0,Night,4,0,4,16.6,3.19,5.1,0,1
5/5/2024,Sun,TRUE,1,Night,2,0,2,16.7,0.26,3.4,0,1
5/5/2024,Sun,TRUE,2,Night,0,0,0,0,0,2.55,0,0
5/5/2024,Sun,TRUE,3,Night,2,0,2,18.8,0.1,2.04,0,1
5/5/2024,Sun,TRUE,4,Night,0,0,0,0,0,2.55,0,0
5/5/2024,Sun,TRUE,5,Night,6,0,4,19.8,0.85,5.1,0,0.667
5/5/2024,Sun,TRUE,6,Morning,6,1,5,21.8,0.35,11.9,0.167,0.833
5/5/2024,Sun,TRUE,7,Morning,18,3,12,99,2.56,18.7,0.167,0.667
5/5/2024,Sun,TRUE,8,Morning,21,0,18,82.9,0.99,25.51,0,0.857
5/5/2024,Sun,TRUE,9,Morning,28,1,23,172.2,1.02,30.61,0.036,0.821
5/5/2024,Sun,TRUE,10,Morning,35,2,29,175.1,0.56,35.71,0.057,0.829
5/5/2024,Sun,TRUE,11,Morning,37,3,33,114.6,28.87,34.01,0.081,0.892
5/5/2024,Sun,TRUE,12,Morning,27,2,23,138.1,0.46,27.21,0.074,0.852
5/5/2024,Sun,TRUE,13,Morning,32,5,24,185.1,1.04,28.91,0.156,0.75
5/5/2024,Sun,TRUE,14,Evening,36,1,33,139.9,0.93,34.01,0.028,0.917
5/5/2024,Sun,TRUE,15,Evening,34,4,27,166,0.63,32.31,0.118,0.794
5/5/2024,Sun,TRUE,16,Evening,25,1,20,102.2,2.96,28.91,0.04,0.8
5/5/2024,Sun,TRUE,17,Evening,19,3,15,119.9,1.38,23.81,0.158,0.789
5/5/2024,Sun,TRUE,18,Evening,25,4,18,112.3,0.99,18.7,0.16,0.72
5/5/2024,Sun,TRUE,19,Evening,13,1,9,54.9,2.65,15.3,0.077,0.692
5/5/2024,Sun,TRUE,20,Night,11,0,8,70,0.07,11.9,0,0.727
5/5/2024,Sun,TRUE,21,Night,13,2,9,38.1,0.07,10.2,0.154,0.692
5/5/2024,Sun,TRUE,22,Night,4,0,4,9.9,0.74,8.5,0,1
5/5/2024,Sun,TRUE,23,Night,7,0,4,21.2,0.4,6.8,0,0.571
5/6/2024,Mon,FALSE,0,Night,6,0,6,15,0.44,9.28,0,1
5/6/2024,Mon,FALSE,1,Night,9,2,6,61.5,0.03,6.19,0.222,0.667
5/6/2024,Mon,FALSE,2,Night,3,1,2,26.1,0.09,4.64,0.333,0.667
5/6/2024,Mon,FALSE,3,Night,2,0,2,1.6,0.94,3.71,0,1
5/6/2024,Mon,FALSE,4,Night,5,0,4,26.5,0.22,4.64,0,0.8
5/6/2024,Mon,FALSE,5,Night,7,0,7,22.4,0.07,9.28,0,1
5/6/2024,Mon,FALSE,6,Morning,21,5,13,71.8,0.41,21.66,0.238,0.619
5/6/2024,Mon,FALSE,7,Morning,38,1,27,163.2,0.6,34.03,0.026,0.711
5/6/2024,Mon,FALSE,8,Morning,38,7,27,154.6,4.43,46.41,0.184,0.711
5/6/2024,Mon,FALSE,9,Morning,48,4,40,270.8,0.96,55.69,0.083,0.833
5/6/2024,Mon,FALSE,10,Morning,78,5,63,383.7,0.43,64.97,0.064,0.808
5/6/2024,Mon,FALSE,11,Morning,66,6,53,306.2,6.67,61.88,0.091,0.803
5/6/2024,Mon,FALSE,12,Morning,28,2,24,82.1,2.89,49.5,0.071,0.857
5/6/2024,Mon,FALSE,13,Morning,41,6,25,216.4,3.19,52.6,0.146,0.61
5/6/2024,Mon,FALSE,14,Evening,69,3,55,255,6.14,61.88,0.043,0.797
5/6/2024,Mon,FALSE,15,Evening,57,4,50,265.4,2.6,58.79,0.07,0.877
5/6/2024,Mon,FALSE,16,Evening,49,7,34,184.8,4.48,52.6,0.143,0.694
5/6/2024,Mon,FALSE,17,Evening,54,3,44,255.2,8,43.32,0.056,0.815
5/6/2024,Mon,FALSE,18,Evening,24,4,19,112.9,5.37,34.03,0.167,0.792
5/6/2024,Mon,FALSE,19,Evening,19,2,17,74,1.13,27.85,0.105,0.895
5/6/2024,Mon,FALSE,20,Night,23,3,19,109.5,5.22,21.66,0.13,0.826
5/6/2024,Mon,FALSE,21,Night,12,1,9,45.2,0.89,18.56,0.083,0.75
5/6/2024,Mon,FALSE,22,Night,13,2,11,68.6,0.67,15.47,0.154,0.846
5/6/2024,Mon,FALSE,23,Night,15,2,12,99.5,1.3,12.38,0.133,0.8
5/7/2024,Tue,FALSE,0,Night,6,1,3,18.2,0.16,9.29,0.167,0.5
5/7/2024,Tue,FALSE,1,Night,10,2,8,41.7,1.27,6.19,0.2,0.8
5/7/2024,Tue,FALSE,2,Night,8,1,6,49.3,0.23,4.64,0.125,0.75
5/7/2024,Tue,FALSE,3,Night,5,0,3,23.4,0.01,3.72,0,0.6
5/7/2024,Tue,FALSE,4,Night,6,0,5,39.5,0.21,4.64,0,0.833
5/7/2024,Tue,FALSE,5,Night,8,0,8,38.2,0.19,9.29,0,1
5/7/2024,Tue,FALSE,6,Morning,15,1,12,89.2,2.17,21.67,0.067,0.8
5/7/2024,Tue,FALSE,7,Morning,37,2,30,164.5,4.38,34.06,0.054,0.811
5/7/2024,Tue,FALSE,8,Morning,43,3,35,198.6,2,46.45,0.07,0.814
5/7/2024,Tue,FALSE,9,Morning,58,3,55,206.4,2.89,55.73,0.052,0.948
5/7/2024,Tue,FALSE,10,Morning,82,11,65,362.9,3.85,65.02,0.134,0.793
5/7/2024,Tue,FALSE,11,Morning,72,3,63,309.3,1.51,61.93,0.042,0.875
5/7/2024,Tue,FALSE,12,Morning,50,2,41,193.1,1.54,49.54,0.04,0.82
5/7/2024,Tue,FALSE,13,Morning,61,4,52,279.8,1.62,52.64,0.066,0.852
5/7/2024,Tue,FALSE,14,Evening,61,6,49,255.3,2.66,61.93,0.098,0.803
5/7/2024,Tue,FALSE,15,Evening,57,2,50,219,4.79,58.83,0.035,0.877
5/7/2024,Tue,FALSE,16,Evening,51,2,39,258.3,0.21,52.64,0.039,0.765
5/7/2024,Tue,FALSE,17,Evening,38,2,33,134.7,0.97,43.35,0.053,0.868
5/7/2024,Tue,FALSE,18,Evening,31,1,28,151.1,3.68,34.06,0.032,0.903
5/7/2024,Tue,FALSE,19,Evening,37,4,32,147.3,0.01,27.87,0.108,0.865
5/7/2024,Tue,FALSE,20,Night,18,4,12,59.2,0.61,21.67,0.222,0.667
5/7/2024,Tue,FALSE,21,Night,13,1,9,50.5,1.91,18.58,0.077,0.692
5/7/2024,Tue,FALSE,22,Night,12,0,11,38,1.73,15.48,0,0.917
5/7/2024,Tue,FALSE,23,Night,17,2,12,111.2,1.06,12.39,0.118,0.706
5/8/2024,Wed,FALSE,0,Night,14,0,13,67.4,0.41,9.3,0,0.929
5/8/2024,Wed,FALSE,1,Night,5,0,3,38.9,0.97,6.2,0,0.6
5/8/2024,Wed,FALSE,2,Night,6,1,5,38,0,4.65,0.167,0.833
5/8/2024,Wed,FALSE,3,Night,3,0,2,20,0.01,3.72,0,0.667
5/8/2024,Wed,FALSE,4,Night,7,2,4,30.3,0.54,4.65,0.286,0.571
5/8/2024,Wed,FALSE,5,Night,9,0,9,46.4,0.36,9.3,0,1
5/8/2024,Wed,FALSE,6,Morning,23,2,15,95.8,0.73,21.69,0.087,0.652
5/8/2024,Wed,FALSE,7,Morning,48,2,44,230.7,1.25,34.09,0.042,0.917
5/8/2024,Wed,FALSE,8,Morning,47,5,39,153.3,2.47,46.48,0.106,0.83
5/8/2024,Wed,FALSE,9,Morning,54,0,45,213.8,2.1,55.78,0,0.833
5/8/2024,Wed,FALSE,10,Morning,64,6,52,313.1,20.64,65.07,0.094,0.812
5/8/2024,Wed,FALSE,11,Morning,55,4,44,220.2,14.53,61.97,0.073,0.8
5/8/2024,Wed,FALSE,12,Morning,46,4,35,176.7,7.06,49.58,0.087,0.761
5/8/2024,Wed,FALSE,13,Morning,55,5,45,261.3,15.47,52.68,0.091,0.818
5/8/2024,Wed,FALSE,14,Evening,60,8,43,232.3,7.62,61.97,0.133,0.717
5/8/2024,Wed,FALSE,15,Evening,67,2,54,255.9,2.22,58.87,0.03,0.806
5/8/2024,Wed,FALSE,16,Evening,56,2,44,230.6,5.73,52.68,0.036,0.786
5/8/2024,Wed,FALSE,17,Evening,39,2,31,149.1,0.01,43.38,0.051,0.795
5/8/2024,Wed,FALSE,18,Evening,37,2,31,164.4,3.88,34.09,0.054,0.838
5/8/2024,Wed,FALSE,19,Evening,25,0,23,141,3.6,27.89,0,0.92
5/8/2024,Wed,FALSE,20,Night,20,2,16,123.3,4.09,21.69,0.1,0.8
5/8/2024,Wed,FALSE,21,Night,14,3,10,41,2.18,18.59,0.214,0.714
5/8/2024,Wed,FALSE,22,Night,23,2,16,114.9,1.22,15.49,0.087,0.696
5/8/2024,Wed,FALSE,23,Night,11,1,9,49,0.84,12.39,0.091,0.818
5/9/2024,Thu,FALSE,0,Night,9,0,8,65.9,0.69,9.3,0,0.889
5/9/2024,Thu,FALSE,1,Night,7,0,7,18.3,0.86,6.2,0,1
5/9/2024,Thu,FALSE,2,Night,3,1,2,27.1,0.12,4.65,0.333,0.667
5/9/2024,Thu,FALSE,3,Night,4,0,4,17.1,0.05,3.72,0,1
5/9/2024,Thu,FALSE,4,Night,3,0,3,12.9,0.04,4.65,0,1
5/9/2024,Thu,FALSE,5,Night,11,0,11,57.3,0.26,9.3,0,1
5/9/2024,Thu,FALSE,6,Morning,15,1,12,56.2,0.61,21.71,0.067,0.8
5/9/2024,Thu,FALSE,7,Morning,37,3,29,158.8,0.96,34.11,0.081,0.784
5/9/2024,Thu,FALSE,8,Morning,53,4,39,281,0.69,46.52,0.075,0.736
5/9/2024,Thu,FALSE,9,Morning,42,4,30,194.1,2.34,55.82,0.095,0.714
5/9/2024,Thu,FALSE,10,Morning,62,4,51,265.4,1.57,65.12,0.065,0.823
5/9/2024,Thu,FALSE,11,Morning,68,6,54,293,5.44,62.02,0.088,0.794
5/9/2024,Thu,FALSE,12,Morning,43,2,36,183.5,8.72,49.62,0.047,0.837
5/9/2024,Thu,FALSE,13,Morning,44,3,38,219.3,1.19,52.72,0.068,0.864
5/9/2024,Thu,FALSE,14,Evening,62,5,49,311.2,3.57,62.02,0.081,0.79
5/9/2024,Thu,FALSE,15,Evening,58,3,48,231.3,0.73,58.92,0.052,0.828
5/9/2024,Thu,FALSE,16,Evening,47,5,36,185.5,0.15,52.72,0.106,0.766
5/9/2024,Thu,FALSE,17,Evening,45,6,36,251.1,1.5,43.41,0.133,0.8
5/9/2024,Thu,FALSE,18,Evening,36,4,29,145.2,0.95,34.11,0.111,0.806
5/9/2024,Thu,FALSE,19,Evening,33,4,25,128.4,0.1,27.91,0.121,0.758
5/9/2024,Thu,FALSE,20,Night,23,3,18,145.8,0.36,21.71,0.13,0.783
5/9/2024,Thu,FALSE,21,Night,18,2,13,78.5,1.84,18.61,0.111,0.722
5/9/2024,Thu,FALSE,22,Night,11,2,7,40.3,1.47,15.5,0.182,0.636
5/9/2024,Thu,FALSE,23,Night,16,0,15,60.6,0.62,12.4,0,0.938
5/10/2024,Fri,FALSE,0,Night,14,1,10,58,0.11,9.31,0.071,0.714
5/10/2024,Fri,FALSE,1,Night,3,1,2,15.3,0.4,6.21,0.333,0.667
5/10/2024,Fri,FALSE,2,Night,5,1,4,19.6,0.1,4.66,0.2,0.8
5/10/2024,Fri,FALSE,3,Night,5,0,3,21.3,0.03,3.72,0,0.6
5/10/2024,Fri,FALSE,4,Night,6,0,4,12.1,0.57,4.66,0,0.667
5/10/2024,Fri,FALSE,5,Night,16,0,15,60.3,1.26,9.31,0,0.938
5/10/2024,Fri,FALSE,6,Morning,28,1,22,145.8,1.5,21.72,0.036,0.786
5/10/2024,Fri,FALSE,7,Morning,30,3,23,139.1,1.39,34.14,0.1,0.767
5/10/2024,Fri,FALSE,8,Morning,43,1,39,229.3,1.73,46.55,0.023,0.907
5/10/2024,Fri,FALSE,9,Morning,62,6,53,276.8,0.95,55.86,0.097,0.855
5/10/2024,Fri,FALSE,10,Morning,57,7,41,242.9,0.22,65.17,0.123,0.719
5/10/2024,Fri,FALSE,11,Morning,66,5,54,223.4,2.35,62.07,0.076,0.818
5/10/2024,Fri,FALSE,12,Morning,46,5,38,194.5,1.47,49.65,0.109,0.826
5/10/2024,Fri,FALSE,13,Morning,62,8,45,300,8.41,52.76,0.129,0.726
5/10/2024,Fri,FALSE,14,Evening,67,14,45,346.4,8.14,62.07,0.209,0.672
5/10/2024,Fri,FALSE,15,Evening,69,9,52,309.3,7.31,58.96,0.13,0.754
5/10/2024,Fri,FALSE,16,Evening,60,3,46,274.6,2.25,52.76,0.05,0.767
5/10/2024,Fri,FALSE,17,Evening,44,1,38,220.7,0.25,43.45,0.023,0.864
5/10/2024,Fri,FALSE,18,Evening,37,1,31,172.9,5.52,34.14,0.027,0.838
5/10/2024,Fri,FALSE,19,Evening,41,2,32,182.1,1.31,27.93,0.049,0.78
5/10/2024,Fri,FALSE,20,Night,18,4,13,79.2,0.99,21.72,0.222,0.722
5/10/2024,Fri,FALSE,21,Night,22,1,16,94.3,2.22,18.62,0.045,0.727
5/10/2024,Fri,FALSE,22,Night,11,0,8,61,1.21,15.52,0,0.727
5/10/2024,Fri,FALSE,23,Night,16,2,14,129.7,0.45,12.41,0.125,0.875
5/11/2024,Sat,TRUE,0,Night,6,0,6,38.6,0.84,5.12,0,1
5/11/2024,Sat,TRUE,1,Night,6,0,5,15.1,0.42,3.42,0,0.833
5/11/2024,Sat,TRUE,2,Night,0,0,0,0,0,2.56,0,0
5/11/2024,Sat,TRUE,3,Night,1,0,1,0,1.01,2.05,0,1
5/11/2024,Sat,TRUE,4,Night,1,0,1,9.3,0.53,2.56,0,1
5/11/2024,Sat,TRUE,5,Night,4,1,3,12,0.24,5.12,0.25,0.75
5/11/2024,Sat,TRUE,6,Morning,9,1,6,28.8,0.26,11.96,0.111,0.667
5/11/2024,Sat,TRUE,7,Morning,19,3,14,93.5,3.65,18.79,0.158,0.737
5/11/2024,Sat,TRUE,8,Morning,24,2,20,108.1,3.21,25.62,0.083,0.833
5/11/2024,Sat,TRUE,9,Morning,17,0,13,77,0.39,30.75,0,0.765
5/11/2024,Sat,TRUE,10,Morning,28,1,25,84.7,8.28,35.87,0.036,0.893
5/11/2024,Sat,TRUE,11,Morning,25,2,18,94.4,1.89,34.16,0.08,0.72
5/11/2024,Sat,TRUE,12,Morning,22,0,20,109.5,1.93,27.33,0,0.909
5/11/2024,Sat,TRUE,13,Morning,25,0,23,117.1,0.68,29.04,0,0.92
5/11/2024,Sat,TRUE,14,Evening,28,3,24,96.1,2.65,34.16,0.107,0.857
5/11/2024,Sat,TRUE,15,Evening,39,3,34,263.5,5.21,32.45,0.077,0.872
5/11/2024,Sat,TRUE,16,Evening,24,5,15,96,1.13,29.04,0.208,0.625
5/11/2024,Sat,TRUE,17,Evening,25,3,18,100.5,0.26,23.91,0.12,0.72
5/11/2024,Sat,TRUE,18,Evening,18,3,14,95.8,2.06,18.79,0.167,0.778
5/11/2024,Sat,TRUE,19,Evening,15,3,9,54.7,7.57,15.37,0.2,0.6
5/11/2024,Sat,TRUE,20,Night,10,2,6,36.6,1.14,11.96,0.2,0.6
5/11/2024,Sat,TRUE,21,Night,9,1,6,25.9,3.23,10.25,0.111,0.667
5/11/2024,Sat,TRUE,22,Night,9,1,7,22.2,1.65,8.54,0.111,0.778
5/11/2024,Sat,TRUE,23,Night,6,0,6,22.7,1.17,6.83,0,1
5/12/2024,Sun,TRUE,0,Night,8,0,7,22.4,1.3,5.13,0,0.875
5/12/2024,Sun,TRUE,1,Night,6,0,6,23.8,0.39,3.42,0,1
5/12/2024,Sun,TRUE,2,Night,5,0,5,31.5,0.54,2.56,0,1
5/12/2024,Sun,TRUE,3,Night,1,1,0,7.1,0.25,2.05,1,0
5/12/2024,Sun,TRUE,4,Night,5,1,4,7.6,0.26,2.56,0.2,0.8
5/12/2024,Sun,TRUE,5,Night,8,1,5,39,0.4,5.13,0.125,0.625
5/12/2024,Sun,TRUE,6,Morning,11,1,10,36.6,0.61,11.97,0.091,0.909
5/12/2024,Sun,TRUE,7,Morning,15,2,9,84,5.04,18.8,0.133,0.6
5/12/2024,Sun,TRUE,8,Morning,21,3,16,81.5,0.38,25.64,0.143,0.762
5/12/2024,Sun,TRUE,9,Morning,35,2,28,143.9,1.08,30.77,0.057,0.8
5/12/2024,Sun,TRUE,10,Morning,42,4,35,171.1,0.69,35.9,0.095,0.833
5/12/2024,Sun,TRUE,11,Morning,30,0,23,142,0.2,34.19,0,0.767
5/12/2024,Sun,TRUE,12,Morning,22,4,15,109.7,0.66,27.35,0.182,0.682
5/12/2024,Sun,TRUE,13,Morning,28,3,21,128.5,3.34,29.06,0.107,0.75
5/12/2024,Sun,TRUE,14,Evening,33,3,28,139.3,0.44,34.19,0.091,0.848
5/12/2024,Sun,TRUE,15,Evening,34,4,21,158.6,1.8,32.48,0.118,0.618
5/12/2024,Sun,TRUE,16,Evening,29,5,18,149.1,4.86,29.06,0.172,0.621
5/12/2024,Sun,TRUE,17,Evening,23,1,22,89.3,5.14,23.93,0.043,0.957
5/12/2024,Sun,TRUE,18,Evening,24,2,21,186.5,0.42,18.8,0.083,0.875
5/12/2024,Sun,TRUE,19,Evening,20,0,16,65.8,1.21,15.38,0,0.8
5/12/2024,Sun,TRUE,20,Night,16,1,12,66.7,1.11,11.97,0.062,0.75
5/12/2024,Sun,TRUE,21,Night,9,1,8,46.5,5.8,10.26,0.111,0.889
5/12/2024,Sun,TRUE,22,Night,5,2,2,18.6,5.5,8.55,0.4,0.4
5/12/2024,Sun,TRUE,23,Night,4,0,4,6.8,0.2,6.84,0,1
5/13/2024,Mon,FALSE,0,Night,8,0,7,27.8,0.04,9.33,0,0.875
5/13/2024,Mon,FALSE,1,Night,6,1,4,21.8,0.56,6.22,0.167,0.667
5/13/2024,Mon,FALSE,2,Night,6,2,4,29.4,0.06,4.67,0.333,0.667
5/13/2024,Mon,FALSE,3,Night,3,0,3,12.5,0.06,3.73,0,1
5/13/2024,Mon,FALSE,4,Night,5,0,3,9.6,0.5,4.67,0,0.6
5/13/2024,Mon,FALSE,5,Night,6,0,5,33.7,0.07,9.33,0,0.833
5/13/2024,Mon,FALSE,6,Morning,31,2,26,137.7,0.42,21.77,0.065,0.839
5/13/2024,Mon,FALSE,7,Morning,27,4,18,131,5.34,34.21,0.148,0.667
5/13/2024,Mon,FALSE,8,Morning,50,6,44,236.5,4.13,46.66,0.12,0.88
5/13/2024,Mon,FALSE,9,Morning,54,2,44,246.9,3.26,55.99,0.037,0.815
5/13/2024,Mon,FALSE,10,Morning,76,9,62,319.9,3.58,65.32,0.118,0.816
5/13/2024,Mon,FALSE,11,Morning,73,7,62,293.5,5.83,62.21,0.096,0.849
5/13/2024,Mon,FALSE,12,Morning,50,4,41,230.5,5.76,49.77,0.08,0.82
5/13/2024,Mon,FALSE,13,Morning,63,6,50,276.7,2.89,52.88,0.095,0.794
5/13/2024,Mon,FALSE,14,Evening,64,2,54,326.8,13.34,62.21,0.031,0.844
5/13/2024,Mon,FALSE,15,Evening,66,5,52,270.7,13.85,59.1,0.076,0.788
5/13/2024,Mon,FALSE,16,Evening,51,4,43,185.9,1.52,52.88,0.078,0.843
5/13/2024,Mon,FALSE,17,Evening,46,6,34,160,0.55,43.54,0.13,0.739
5/13/2024,Mon,FALSE,18,Evening,30,0,26,149.7,3.95,34.21,0,0.867
5/13/2024,Mon,FALSE,19,Evening,27,1,23,143.9,2.93,27.99,0.037,0.852
5/13/2024,Mon,FALSE,20,Night,29,3,22,127,1.89,21.77,0.103,0.759
5/13/2024,Mon,FALSE,21,Night,14,1,12,74.2,0.7,18.66,0.071,0.857
5/13/2024,Mon,FALSE,22,Night,17,4,10,93.9,1.21,15.55,0.235,0.588
5/13/2024,Mon,FALSE,23,Night,5,0,5,30.1,0.36,12.44,0,1
5/14/2024,Tue,FALSE,0,Night,7,0,7,46.2,0.79,9.34,0,1
5/14/2024,Tue,FALSE,1,Night,3,0,3,13.5,0.6,6.23,0,1
5/14/2024,Tue,FALSE,2,Night,2,0,2,18.4,0.09,4.67,0,1
5/14/2024,Tue,FALSE,3,Night,5,0,4,8.7,0.11,3.74,0,0.8
5/14/2024,Tue,FALSE,4,Night,3,0,2,16.1,0.22,4.67,0,0.667
5/14/2024,Tue,FALSE,5,Night,15,0,14,88.3,0.25,9.34,0,0.933
5/14/2024,Tue,FALSE,6,Morning,24,1,21,96.8,2.37,21.79,0.042,0.875
5/14/2024,Tue,FALSE,7,Morning,34,3,28,160.4,0.25,34.24,0.088,0.824
5/14/2024,Tue,FALSE,8,Morning,51,5,39,224.7,3.01,46.69,0.098,0.765
5/14/2024,Tue,FALSE,9,Morning,53,5,45,187.8,4.73,56.03,0.094,0.849
5/14/2024,Tue,FALSE,10,Morning,76,7,59,348.3,5,65.37,0.092,0.776
5/14/2024,Tue,FALSE,11,Morning,60,5,45,285,6.29,62.25,0.083,0.75
5/14/2024,Tue,FALSE,12,Morning,50,2,45,227.7,0.03,49.8,0.04,0.9
5/14/2024,Tue,FALSE,13,Morning,50,2,39,236.7,1.59,52.92,0.04,0.78
5/14/2024,Tue,FALSE,14,Evening,57,6,44,229.9,2.6,62.25,0.105,0.772
5/14/2024,Tue,FALSE,15,Evening,53,3,43,235.7,4.69,59.14,0.057,0.811
5/14/2024,Tue,FALSE,16,Evening,45,1,39,289,0.23,52.92,0.022,0.867
5/14/2024,Tue,FALSE,17,Evening,42,6,24,199,2.2,43.58,0.143,0.571
5/14/2024,Tue,FALSE,18,Evening,33,1,27,164.3,8.37,34.24,0.03,0.818
5/14/2024,Tue,FALSE,19,Evening,28,0,26,131,0.55,28.01,0,0.929
5/14/2024,Tue,FALSE,20,Night,23,3,17,132.3,0.56,21.79,0.13,0.739
5/14/2024,Tue,FALSE,21,Night,20,4,15,94.2,2.4,18.68,0.2,0.75
5/14/2024,Tue,FALSE,22,Night,17,0,16,59.9,3.66,15.56,0,0.941
5/14/2024,Tue,FALSE,23,Night,8,2,6,42.2,0.56,12.45,0.25,0.75
5/15/2024,Wed,FALSE,0,Night,3,0,1,7.6,0.89,9.35,0,0.333
5/15/2024,Wed,FALSE,1,Night,7,1,4,23.6,0.69,6.23,0.143,0.571
5/15/2024,Wed,FALSE,2,Night,7,2,4,16.3,0.32,4.67,0.286,0.571
5/15/2024,Wed,FALSE,3,Night,4,0,4,17.8,0.16,3.74,0,1
5/15/2024,Wed,FALSE,4,Night,3,0,3,5.6,0.49,4.67,0,1
5/15/2024,Wed,FALSE,5,Night,5,1,4,28.9,1.22,9.35,0.2,0.8
5/15/2024,Wed,FALSE,6,Morning,22,2,18,146.7,1.74,21.8,0.091,0.818
5/15/2024,Wed,FALSE,7,Morning,32,1,28,100.1,0.65,34.27,0.031,0.875
5/15/2024,Wed,FALSE,8,Morning,49,2,41,211.5,7.53,46.73,0.041,0.837
5/15/2024,Wed,FALSE,9,Morning,51,7,37,289.1,5.57,56.07,0.137,0.725
5/15/2024,Wed,FALSE,10,Morning,70,4,61,323.6,6.98,65.42,0.057,0.871
5/15/2024,Wed,FALSE,11,Morning,72,6,51,319.2,4.98,62.3,0.083,0.708
5/15/2024,Wed,FALSE,12,Morning,60,4,47,277.9,1.73,49.84,0.067,0.783
5/15/2024,Wed,FALSE,13,Morning,52,1,42,252.4,3.68,52.96,0.019,0.808
5/15/2024,Wed,FALSE,14,Evening,70,4,58,276,3.43,62.3,0.057,0.829
5/15/2024,Wed,FALSE,15,Evening,77,6,66,308.4,3.4,59.18,0.078,0.857
5/15/2024,Wed,FALSE,16,Evening,60,2,50,277.7,0.59,52.96,0.033,0.833
5/15/2024,Wed,FALSE,17,Evening,54,4,46,178,2.38,43.61,0.074,0.852
5/15/2024,Wed,FALSE,18,Evening,31,1,25,123.1,0.41,34.27,0.032,0.806
5/15/2024,Wed,FALSE,19,Evening,31,2,25,95.4,1.2,28.04,0.065,0.806
5/15/2024,Wed,FALSE,20,Night,10,2,6,65.8,3.49,21.8,0.2,0.6
5/15/2024,Wed,FALSE,21,Night,24,3,18,121,4.07,18.69,0.125,0.75
5/15/2024,Wed,FALSE,22,Night,12,1,8,37,0.29,15.58,0.083,0.667
5/15/2024,Wed,FALSE,23,Night,7,1,6,34.3,0.11,12.46,0.143,0.857
5/16/2024,Thu,FALSE,0,Night,11,0,11,48.3,0.29,9.35,0,1
5/16/2024,Thu,FALSE,1,Night,4,0,3,22.2,0.04,6.23,0,0.75
5/16/2024,Thu,FALSE,2,Night,3,0,3,4.6,0.41,4.68,0,1
5/16/2024,Thu,FALSE,3,Night,5,0,5,28.8,0.07,3.74,0,1
5/16/2024,Thu,FALSE,4,Night,5,1,2,12.2,0.07,4.68,0.2,0.4
5/16/2024,Thu,FALSE,5,Night,9,1,8,60.7,2.03,9.35,0.111,0.889
5/16/2024,Thu,FALSE,6,Morning,17,1,12,74.7,0.75,21.82,0.059,0.706
5/16/2024,Thu,FALSE,7,Morning,33,3,22,128,0.24,34.29,0.091,0.667
5/16/2024,Thu,FALSE,8,Morning,61,6,45,224.2,0.75,46.76,0.098,0.738
5/16/2024,Thu,FALSE,9,Morning,56,3,44,262.7,2.46,56.11,0.054,0.786
5/16/2024,Thu,FALSE,10,Morning,73,7,56,248.7,0.02,65.46,0.096,0.767
5/16/2024,Thu,FALSE,11,Morning,74,6,59,371.2,1.97,62.35,0.081,0.797
5/16/2024,Thu,FALSE,12,Morning,58,7,44,293,0.79,49.88,0.121,0.759
5/16/2024,Thu,FALSE,13,Morning,54,3,47,227.4,2.22,52.99,0.056,0.87
5/16/2024,Thu,FALSE,14,Evening,58,5,47,299.1,16.15,62.35,0.086,0.81
5/16/2024,Thu,FALSE,15,Evening,64,8,47,285.1,7.79,59.23,0.125,0.734
5/16/2024,Thu,FALSE,16,Evening,58,4,47,243.9,4.78,52.99,0.069,0.81
5/16/2024,Thu,FALSE,17,Evening,36,2,30,191.3,4.79,43.64,0.056,0.833
5/16/2024,Thu,FALSE,18,Evening,43,1,33,226,3.43,34.29,0.023,0.767
5/16/2024,Thu,FALSE,19,Evening,33,2,27,147.5,5.64,28.06,0.061,0.818
5/16/2024,Thu,FALSE,20,Night,21,0,19,112.5,0.22,21.82,0,0.905
5/16/2024,Thu,FALSE,21,Night,19,2,13,56.3,2.29,18.7,0.105,0.684
5/16/2024,Thu,FALSE,22,Night,19,2,14,63.5,0.07,15.59,0.105,0.737
5/16/2024,Thu,FALSE,23,Night,15,0,13,56.6,0.38,12.47,0,0.867
5/17/2024,Fri,FALSE,0,Night,12,1,10,59.8,0.1,9.36,0.083,0.833
5/17/2024,Fri,FALSE,1,Night,7,1,5,33,0.6,6.24,0.143,0.714
5/17/2024,Fri,FALSE,2,Night,8,0,8,41.3,0.3,4.68,0,1
5/17/2024,Fri,FALSE,3,Night,6,0,5,15.6,0.35,3.74,0,0.833
5/17/2024,Fri,FALSE,4,Night,6,0,5,21,0.07,4.68,0,0.833
5/17/2024,Fri,FALSE,5,Night,11,0,9,30.6,0.88,9.36,0,0.818
5/17/2024,Fri,FALSE,6,Morning,26,4,20,133.6,1.52,21.84,0.154,0.769
5/17/2024,Fri,FALSE,7,Morning,37,1,29,152.1,4.03,34.32,0.027,0.784
5/17/2024,Fri,FALSE,8,Morning,45,1,39,215.9,5.54,46.8,0.022,0.867
5/17/2024,Fri,FALSE,9,Morning,63,5,50,293.6,9.22,56.15,0.079,0.794
5/17/2024,Fri,FALSE,10,Morning,64,6,51,369.3,5.95,65.51,0.094,0.797
5/17/2024,Fri,FALSE,11,Morning,75,3,68,344.5,2.67,62.39,0.04,0.907
5/17/2024,Fri,FALSE,12,Morning,53,2,43,216.7,0.8,49.91,0.038,0.811
5/17/2024,Fri,FALSE,13,Morning,57,4,48,308.3,2.88,53.03,0.07,0.842
5/17/2024,Fri,FALSE,14,Evening,61,3,52,275.6,7.13,62.39,0.049,0.852
5/17/2024,Fri,FALSE,15,Evening,57,1,47,232.9,0.5,59.27,0.018,0.825
5/17/2024,Fri,FALSE,16,Evening,46,8,32,192.2,2.51,53.03,0.174,0.696
5/17/2024,Fri,FALSE,17,Evening,46,2,37,169.8,0.35,43.68,0.043,0.804
5/17/2024,Fri,FALSE,18,Evening,39,5,28,135.7,1.41,34.32,0.128,0.718
5/17/2024,Fri,FALSE,19,Evening,34,2,29,160,8.03,28.08,0.059,0.853
5/17/2024,Fri,FALSE,20,Night,23,3,20,94.7,1.13,21.84,0.13,0.87
5/17/2024,Fri,FALSE,21,Night,17,0,16,62.1,0.31,18.72,0,0.941
5/17/2024,Fri,FALSE,22,Night,19,3,15,100.8,0.36,15.6,0.158,0.789
5/17/2024,Fri,FALSE,23,Night,17,2,12,116.5,0.05,12.48,0.118,0.706
5/18/2024,Sat,TRUE,0,Night,7,0,7,27.8,1.05,5.15,0,1
5/18/2024,Sat,TRUE,1,Night,3,1,2,13.7,0.1,3.43,0.333,0.667
5/18/2024,Sat,TRUE,2,Night,3,1,2,11.7,0.06,2.58,0.333,0.667
5/18/2024,Sat,TRUE,3,Night,1,0,1,3.1,0.01,2.06,0,1
5/18/2024,Sat,TRUE,4,Night,2,0,1,8.7,0.11,2.58,0,0.5
5/18/2024,Sat,TRUE,5,Night,2,0,2,4.1,0.04,5.15,0,1
5/18/2024,Sat,TRUE,6,Morning,14,2,12,62.9,0.26,12.02,0.143,0.857
5/18/2024,Sat,TRUE,7,Morning,19,2,12,115,0.04,18.89,0.105,0.632
5/18/2024,Sat,TRUE,8,Morning,31,2,22,128,8.47,25.76,0.065,0.71
5/18/2024,Sat,TRUE,9,Morning,25,5,18,128.3,2.36,30.91,0.2,0.72
5/18/2024,Sat,TRUE,10,Morning,29,2,23,168,17.07,36.06,0.069,0.793
5/18/2024,Sat,TRUE,11,Morning,39,4,29,156.6,6.13,34.34,0.103,0.744
5/18/2024,Sat,TRUE,12,Morning,32,4,24,113.6,2.37,27.47,0.125,0.75
5/18/2024,Sat,TRUE,13,Morning,32,3,24,154.2,14.02,29.19,0.094,0.75
5/18/2024,Sat,TRUE,14,Evening,29,2,19,157.7,5.83,34.34,0.069,0.655
5/18/2024,Sat,TRUE,15,Evening,31,1,25,103.5,18.61,32.62,0.032,0.806
5/18/2024,Sat,TRUE,16,Evening,19,1,13,78.2,3.15,29.19,0.053,0.684
5/18/2024,Sat,TRUE,17,Evening,25,1,23,136.2,0.02,24.04,0.04,0.92
5/18/2024,Sat,TRUE,18,Evening,20,1,17,82.4,0.46,18.89,0.05,0.85
5/18/2024,Sat,TRUE,19,Evening,17,0,16,72.9,0.87,15.45,0,0.941
5/18/2024,Sat,TRUE,20,Night,12,0,9,58.6,0.12,12.02,0,0.75
5/18/2024,Sat,TRUE,21,Night,9,1,8,43.2,0.09,10.3,0.111,0.889
5/18/2024,Sat,TRUE,22,Night,6,0,6,17.7,1.61,8.59,0,1
5/18/2024,Sat,TRUE,23,Night,9,2,7,43.8,0.51,6.87,0.222,0.778
5/19/2024,Sun,TRUE,0,Night,4,1,2,23.3,0.46,5.16,0.25,0.5
5/19/2024,Sun,TRUE,1,Night,1,0,0,13.4,0.23,3.44,0,0
5/19/2024,Sun,TRUE,2,Night,2,0,2,6,0.32,2.58,0,1
5/19/2024,Sun,TRUE,3,Night,2,0,2,7.9,0.09,2.06,0,1
5/19/2024,Sun,TRUE,4,Night,4,2,2,9.7,0.75,2.58,0.5,0.5
5/19/2024,Sun,TRUE,5,Night,4,0,2,9.6,1.77,5.16,0,0.5
5/19/2024,Sun,TRUE,6,Morning,8,0,4,34,1.37,12.03,0,0.5
5/19/2024,Sun,TRUE,7,Morning,18,2,14,63.2,3.29,18.9,0.111,0.778
5/19/2024,Sun,TRUE,8,Morning,29,3,22,114.1,4.93,25.78,0.103,0.759
5/19/2024,Sun,TRUE,9,Morning,33,4,25,171.5,4.17,30.93,0.121,0.758
5/19/2024,Sun,TRUE,10,Morning,24,3,16,123,6.16,36.09,0.125,0.667
5/19/2024,Sun,TRUE,11,Morning,34,3,30,172.7,3.25,34.37,0.088,0.882
5/19/2024,Sun,TRUE,12,Morning,33,7,22,149.5,0.01,27.49,0.212,0.667
5/19/2024,Sun,TRUE,13,Morning,27,0,23,121.5,1.76,29.21,0,0.852
5/19/2024,Sun,TRUE,14,Evening,39,5,29,129.5,2.68,34.37,0.128,0.744
5/19/2024,Sun,TRUE,15,Evening,28,1,23,95.4,5.99,32.65,0.036,0.821
5/19/2024,Sun,TRUE,16,Evening,35,1,27,163.2,17.35,29.21,0.029,0.771
5/19/2024,Sun,TRUE,17,Evening,20,1,18,106.1,3.97,24.06,0.05,0.9
5/19/2024,Sun,TRUE,18,Evening,17,3,13,57.5,0.33,18.9,0.176,0.765
5/19/2024,Sun,TRUE,19,Evening,21,1,17,99.3,4.94,15.47,0.048,0.81
5/19/2024,Sun,TRUE,20,Night,16,0,14,51.1,2.51,12.03,0,0.875
5/19/2024,Sun,TRUE,21,Night,11,2,8,62.9,0.61,10.31,0.182,0.727
5/19/2024,Sun,TRUE,22,Night,8,1,7,17.2,0.25,8.59,0.125,0.875
5/19/2024,Sun,TRUE,23,Night,8,1,6,43.2,0.17,6.87,0.125,0.75
5/20/2024,Mon,FALSE,0,Night,13,1,11,56.9,0.95,9.38,0.077,0.846
5/20/2024,Mon,FALSE,1,Night,9,0,9,32.7,0.46,6.25,0,1
5/20/2024,Mon,FALSE,2,Night,2,0,2,10.6,0.71,4.69,0,1
5/20/2024,Mon,FALSE,3,Night,4,0,4,10.7,0.04,3.75,0,1
5/20/2024,Mon,FALSE,4,Night,5,1,2,22.8,0.08,4.69,0.2,0.4
5/20/2024,Mon,FALSE,5,Night,7,0,6,33.1,0.8,9.38,0,0.857
5/20/2024,Mon,FALSE,6,Morning,18,1,16,73.9,5.75,21.89,0.056,0.889
5/20/2024,Mon,FALSE,7,Morning,29,1,21,103.6,2.86,34.39,0.034,0.724
5/20/2024,Mon,FALSE,8,Morning,56,9,38,197.5,0.89,46.9,0.161,0.679
5/20/2024,Mon,FALSE,9,Morning,59,5,45,302.9,1.9,56.28,0.085,0.763
5/20/2024,Mon,FALSE,10,Morning,56,5,41,189.8,5.86,65.66,0.089,0.732
5/20/2024,Mon,FALSE,11,Morning,54,5,43,269.3,0.34,62.53,0.093,0.796
5/20/2024,Mon,FALSE,12,Morning,68,9,50,298.7,0.84,50.03,0.132,0.735
5/20/2024,Mon,FALSE,13,Morning,50,4,39,288.7,1.69,53.15,0.08,0.78
5/20/2024,Mon,FALSE,14,Evening,60,8,47,358.7,2.78,62.53,0.133,0.783
5/20/2024,Mon,FALSE,15,Evening,57,4,45,220.2,0.84,59.41,0.07,0.789
5/20/2024,Mon,FALSE,16,Evening,61,6,47,289.4,1.57,53.15,0.098,0.77
5/20/2024,Mon,FALSE,17,Evening,49,4,37,222.6,13.04,43.77,0.082,0.755
5/20/2024,Mon,FALSE,18,Evening,33,5,24,143.8,2.35,34.39,0.152,0.727
5/20/2024,Mon,FALSE,19,Evening,20,4,15,86.5,0.05,28.14,0.2,0.75
5/20/2024,Mon,FALSE,20,Night,24,3,19,123.8,0.81,21.89,0.125,0.792
5/20/2024,Mon,FALSE,21,Night,13,1,10,27,0.11,18.76,0.077,0.769
5/20/2024,Mon,FALSE,22,Night,15,1,13,72,1.01,15.63,0.067,0.867
5/20/2024,Mon,FALSE,23,Night,17,4,10,60.2,0.08,12.51,0.235,0.588
5/21/2024,Tue,FALSE,0,Night,10,1,8,37.8,0,9.39,0.1,0.8
5/21/2024,Tue,FALSE,1,Night,4,0,3,40,0.41,6.26,0,0.75
5/21/2024,Tue,FALSE,2,Night,3,0,3,12.3,0.04,4.69,0,1
5/21/2024,Tue,FALSE,3,Night,2,0,2,8.6,0.06,3.75,0,1
5/21/2024,Tue,FALSE,4,Night,2,1,1,1.8,0.49,4.69,0.5,0.5
5/21/2024,Tue,FALSE,5,Night,10,0,7,55.8,0.22,9.39,0,0.7
5/21/2024,Tue,FALSE,6,Morning,28,1,23,116.5,2.15,21.9,0.036,0.821
5/21/2024,Tue,FALSE,7,Morning,38,7,28,180.5,3.04,34.42,0.184,0.737
5/21/2024,Tue,FALSE,8,Morning,56,3,46,267,3.23,46.93,0.054,0.821
5/21/2024,Tue,FALSE,9,Morning,60,7,43,302.1,0.27,56.32,0.117,0.717
5/21/2024,Tue,FALSE,10,Morning,69,2,58,287.9,2.63,65.71,0.029,0.841
5/21/2024,Tue,FALSE,11,Morning,48,3,40,233.9,1.16,62.58,0.062,0.833
5/21/2024,Tue,FALSE,12,Morning,54,5,46,278.3,4.92,50.06,0.093,0.852
5/21/2024,Tue,FALSE,13,Morning,55,3,45,200.5,0.78,53.19,0.055,0.818
5/21/2024,Tue,FALSE,14,Evening,62,4,47,241.5,1.97,62.58,0.065,0.758
5/21/2024,Tue,FALSE,15,Evening,68,5,54,330.4,5.37,59.45,0.074,0.794
5/21/2024,Tue,FALSE,16,Evening,76,3,63,270.2,2.55,53.19,0.039,0.829
5/21/2024,Tue,FALSE,17,Evening,54,4,45,198.8,3.91,43.81,0.074,0.833
5/21/2024,Tue,FALSE,18,Evening,35,3,24,125.7,1.37,34.42,0.086,0.686
5/21/2024,Tue,FALSE,19,Evening,15,0,12,71,7.95,28.16,0,0.8
5/21/2024,Tue,FALSE,20,Night,21,1,20,98.2,4.18,21.9,0.048,0.952
5/21/2024,Tue,FALSE,21,Night,23,1,19,131.6,0.42,18.77,0.043,0.826
5/21/2024,Tue,FALSE,22,Night,19,1,17,76.5,0.72,15.64,0.053,0.895
5/21/2024,Tue,FALSE,23,Night,10,0,9,75.1,0.48,12.52,0,0.9
5/22/2024,Wed,FALSE,0,Night,15,0,15,79.8,2.14,9.39,0,1
5/22/2024,Wed,FALSE,1,Night,8,1,5,19.5,0.31,6.26,0.125,0.625
5/22/2024,Wed,FALSE,2,Night,4,0,3,32.4,0.2,4.7,0,0.75
5/22/2024,Wed,FALSE,3,Night,4,0,4,38.3,0.69,3.76,0,1
5/22/2024,Wed,FALSE,4,Night,2,0,2,6.8,0.27,4.7,0,1
5/22/2024,Wed,FALSE,5,Night,13,2,11,47.8,0.37,9.39,0.154,0.846
5/22/2024,Wed,FALSE,6,Morning,22,2,18,127.7,3.16,21.92,0.091,0.818
5/22/2024,Wed,FALSE,7,Morning,38,1,29,173.9,3.28,34.44,0.026,0.763
5/22/2024,Wed,FALSE,8,Morning,53,6,36,211.5,4.21,46.97,0.113,0.679
5/22/2024,Wed,FALSE,9,Morning,72,6,58,390.4,0.68,56.36,0.083,0.806
5/22/2024,Wed,FALSE,10,Morning,78,5,62,414.6,1.94,65.76,0.064,0.795
5/22/2024,Wed,FALSE,11,Morning,65,5,50,318.6,5.31,62.63,0.077,0.769
5/22/2024,Wed,FALSE,12,Morning,51,6,37,244.4,0,50.1,0.118,0.725
5/22/2024,Wed,FALSE,13,Morning,44,2,38,145.2,1.77,53.23,0.045,0.864
5/22/2024,Wed,FALSE,14,Evening,71,5,63,314,2.63,62.63,0.07,0.887
5/22/2024,Wed,FALSE,15,Evening,71,8,59,310.6,0.05,59.5,0.113,0.831
5/22/2024,Wed,FALSE,16,Evening,51,5,37,231.5,0.8,53.23,0.098,0.725
5/22/2024,Wed,FALSE,17,Evening,30,4,21,92,2.04,43.84,0.133,0.7
5/22/2024,Wed,FALSE,18,Evening,37,3,32,207,1.97,34.44,0.081,0.865
5/22/2024,Wed,FALSE,19,Evening,25,1,22,104,5.89,28.18,0.04,0.88
5/22/2024,Wed,FALSE,20,Night,25,1,22,98.7,0.27,21.92,0.04,0.88
5/22/2024,Wed,FALSE,21,Night,19,0,17,63.9,1,18.79,0,0.895
5/22/2024,Wed,FALSE,22,Night,14,1,10,73.9,2.32,15.66,0.071,0.714
5/22/2024,Wed,FALSE,23,Night,10,0,10,54.4,1.77,12.53,0,1
5/23/2024,Thu,FALSE,0,Night,7,0,6,36.2,0.03,9.4,0,0.857
5/23/2024,Thu,FALSE,1,Night,6,2,4,23.5,0.3,6.27,0.333,0.667
5/23/2024,Thu,FALSE,2,Night,4,1,3,9.9,0.06,4.7,0.25,0.75
5/23/2024,Thu,FALSE,3,Night,3,0,3,26.1,0,3.76,0,1
5/23/2024,Thu,FALSE,4,Night,10,2,7,57.1,0.28,4.7,0.2,0.7
5/23/2024,Thu,FALSE,5,Night,9,0,9,30.2,0.87,9.4,0,1
5/23/2024,Thu,FALSE,6,Morning,16,2,13,63,0.45,21.94,0.125,0.812
5/23/2024,Thu,FALSE,7,Morning,42,2,36,160.2,5.93,34.47,0.048,0.857
5/23/2024,Thu,FALSE,8,Morning,46,4,34,198.3,0.42,47,0.087,0.739
5/23/2024,Thu,FALSE,9,Morning,61,7,46,293.7,8.85,56.41,0.115,0.754
5/23/2024,Thu,FALSE,10,Morning,63,2,50,305.5,6.59,65.81,0.032,0.794
5/23/2024,Thu,FALSE,11,Morning,55,2,46,236.4,3.59,62.67,0.036,0.836
5/23/2024,Thu,FALSE,12,Morning,40,0,37,181.2,8.57,50.14,0,0.925
5/23/2024,Thu,FALSE,13,Morning,51,2,40,274.9,2.76,53.27,0.039,0.784
5/23/2024,Thu,FALSE,14,Evening,75,6,57,355.3,1.31,62.67,0.08,0.76
5/23/2024,Thu,FALSE,15,Evening,59,4,47,276.6,2.74,59.54,0.068,0.797
5/23/2024,Thu,FALSE,16,Evening,56,3,44,190.5,2.94,53.27,0.054,0.786
5/23/2024,Thu,FALSE,17,Evening,37,5,27,180.1,3.2,43.87,0.135,0.73
5/23/2024,Thu,FALSE,18,Evening,30,1,24,181.5,2.34,34.47,0.033,0.8
5/23/2024,Thu,FALSE,19,Evening,32,3,27,148.1,2.51,28.2,0.094,0.844
5/23/2024,Thu,FALSE,20,Night,18,0,15,86,0.89,21.94,0,0.833
5/23/2024,Thu,FALSE,21,Night,19,1,12,107.7,2.04,18.8,0.053,0.632
5/23/2024,Thu,FALSE,22,Night,15,2,10,71.4,2.54,15.67,0.133,0.667
5/23/2024,Thu,FALSE,23,Night,12,0,12,54.8,0.13,12.53,0,1
5/24/2024,Fri,FALSE,0,Night,13,1,11,72.2,0.07,9.41,0.077,0.846
5/24/2024,Fri,FALSE,1,Night,7,0,7,42.6,0.55,6.27,0,1
5/24/2024,Fri,FALSE,2,Night,6,0,4,24.4,0.43,4.7,0,0.667
5/24/2024,Fri,FALSE,3,Night,2,0,1,3.3,0.24,3.76,0,0.5
5/24/2024,Fri,FALSE,4,Night,3,0,2,22.5,0.76,4.7,0,0.667
5/24/2024,Fri,FALSE,5,Night,8,0,7,36.1,3.61,9.41,0,0.875
5/24/2024,Fri,FALSE,6,Morning,26,2,20,73.9,0.1,21.95,0.077,0.769
5/24/2024,Fri,FALSE,7,Morning,40,3,33,207.1,0.05,34.5,0.075,0.825
5/24/2024,Fri,FALSE,8,Morning,36,4,31,126.8,3.13,47.04,0.111,0.861
5/24/2024,Fri,FALSE,9,Morning,60,3,51,293.1,7.11,56.45,0.05,0.85
5/24/2024,Fri,FALSE,10,Morning,77,6,63,345.9,25.69,65.86,0.078,0.818
5/24/2024,Fri,FALSE,11,Morning,80,8,61,392.6,2.81,62.72,0.1,0.762
5/24/2024,Fri,FALSE,12,Morning,45,5,35,183.7,1.78,50.18,0.111,0.778
5/24/2024,Fri,FALSE,13,Morning,53,4,43,225.5,1.01,53.31,0.075,0.811
5/24/2024,Fri,FALSE,14,Evening,68,9,50,283.9,8.43,62.72,0.132,0.735
5/24/2024,Fri,FALSE,15,Evening,60,6,46,285.1,0.34,59.58,0.1,0.767
5/24/2024,Fri,FALSE,16,Evening,59,7,44,295,1.39,53.31,0.119,0.746
5/24/2024,Fri,FALSE,17,Evening,42,3,35,240.9,0.55,43.9,0.071,0.833
5/24/2024,Fri,FALSE,18,Evening,22,1,18,92,0.37,34.5,0.045,0.818
5/24/2024,Fri,FALSE,19,Evening,21,2,17,85.6,1.09,28.22,0.095,0.81
5/24/2024,Fri,FALSE,20,Night,18,0,16,63.7,1.57,21.95,0,0.889
5/24/2024,Fri,FALSE,21,Night,12,2,10,35.6,3.05,18.82,0.167,0.833
5/24/2024,Fri,FALSE,22,Night,19,1,12,69.2,0.05,15.68,0.053,0.632
5/24/2024,Fri,FALSE,23,Night,16,1,15,86,1.41,12.54,0.062,0.938
5/25/2024,Sat,TRUE,0,Night,5,0,5,25,0.76,5.18,0,1
5/25/2024,Sat,TRUE,1,Night,5,1,3,16.7,1.71,3.45,0.2,0.6
5/25/2024,Sat,TRUE,2,Night,4,0,3,13.7,0.03,2.59,0,0.75
5/25/2024,Sat,TRUE,3,Night,1,0,1,0.6,0.19,2.07,0,1
5/25/2024,Sat,TRUE,4,Night,2,0,2,15.5,0.33,2.59,0,1
5/25/2024,Sat,TRUE,5,Night,9,1,7,17.5,0.83,5.18,0.111,0.778
5/25/2024,Sat,TRUE,6,Morning,17,0,15,98.4,0.48,12.08,0,0.882
5/25/2024,Sat,TRUE,7,Morning,17,2,11,94.3,0.45,18.99,0.118,0.647
5/25/2024,Sat,TRUE,8,Morning,26,3,21,109.5,3.31,25.89,0.115,0.808
5/25/2024,Sat,TRUE,9,Morning,32,0,28,137.4,8.82,31.07,0,0.875
5/25/2024,Sat,TRUE,10,Morning,41,5,31,219.5,9.05,36.25,0.122,0.756
5/25/2024,Sat,TRUE,11,Morning,29,1,24,134.6,4.68,34.52,0.034,0.828
5/25/2024,Sat,TRUE,12,Morning,28,2,21,141.7,0.42,27.62,0.071,0.75
5/25/2024,Sat,TRUE,13,Morning,29,3,22,89.5,8.09,29.34,0.103,0.759
5/25/2024,Sat,TRUE,14,Evening,32,3,29,172.9,0.49,34.52,0.094,0.906
5/25/2024,Sat,TRUE,15,Evening,22,1,17,99.1,3.53,32.8,0.045,0.773
5/25/2024,Sat,TRUE,16,Evening,30,4,25,104.6,6.87,29.34,0.133,0.833
5/25/2024,Sat,TRUE,17,Evening,25,3,19,138.7,2.15,24.17,0.12,0.76
5/25/2024,Sat,TRUE,18,Evening,18,1,16,76.7,0.03,18.99,0.056,0.889
5/25/2024,Sat,TRUE,19,Evening,22,3,17,96.9,3.54,15.53,0.136,0.773
5/25/2024,Sat,TRUE,20,Night,16,0,14,73.8,1.3,12.08,0,0.875
5/25/2024,Sat,TRUE,21,Night,9,1,8,27.4,0.51,10.36,0.111,0.889
5/25/2024,Sat,TRUE,22,Night,6,0,6,22.7,0.13,8.63,0,1
5/25/2024,Sat,TRUE,23,Night,3,1,2,23.1,1.36,6.9,0.333,0.667
5/26/2024,Sun,TRUE,0,Night,0,0,0,0,0,5.18,0,0
5/26/2024,Sun,TRUE,1,Night,6,1,5,15.7,0.41,3.45,0.167,0.833
5/26/2024,Sun,TRUE,2,Night,1,0,0,0.2,0.04,2.59,0,0
5/26/2024,Sun,TRUE,3,Night,4,0,4,17.1,0.01,2.07,0,1
5/26/2024,Sun,TRUE,4,Night,2,0,2,8,0.02,2.59,0,1
5/26/2024,Sun,TRUE,5,Night,7,0,4,5.4,0.58,5.18,0,0.571
5/26/2024,Sun,TRUE,6,Morning,16,1,14,90.9,1.86,12.09,0.062,0.875
5/26/2024,Sun,TRUE,7,Morning,20,1,17,101.9,1,19,0.05,0.85
5/26/2024,Sun,TRUE,8,Morning,21,1,19,71.8,0.56,25.91,0.048,0.905
5/26/2024,Sun,TRUE,9,Morning,30,1,25,108.5,8.09,31.09,0.033,0.833
5/26/2024,Sun,TRUE,10,Morning,41,4,31,207.1,13.38,36.27,0.098,0.756
5/26/2024,Sun,TRUE,11,Morning,28,5,19,136.9,9.21,34.55,0.179,0.679
5/26/2024,Sun,TRUE,12,Morning,22,3,14,116,1.9,27.64,0.136,0.636
5/26/2024,Sun,TRUE,13,Morning,26,2,21,51.9,0.82,29.37,0.077,0.808
5/26/2024,Sun,TRUE,14,Evening,40,6,29,142,8.73,34.55,0.15,0.725
5/26/2024,Sun,TRUE,15,Evening,30,1,24,171.4,1.64,32.82,0.033,0.8
5/26/2024,Sun,TRUE,16,Evening,31,2,26,188.2,3.07,29.37,0.065,0.839
5/26/2024,Sun,TRUE,17,Evening,23,2,16,146.4,8.37,24.18,0.087,0.696
5/26/2024,Sun,TRUE,18,Evening,21,3,18,97.1,2.08,19,0.143,0.857
5/26/2024,Sun,TRUE,19,Evening,21,0,17,91.5,4.42,15.55,0,0.81
5/26/2024,Sun,TRUE,20,Night,5,0,4,19.5,1.13,12.09,0,0.8
5/26/2024,Sun,TRUE,21,Night,5,0,4,47.7,3.19,10.36,0,0.8
5/26/2024,Sun,TRUE,22,Night,11,1,10,59.8,1.48,8.64,0.091,0.909
5/26/2024,Sun,TRUE,23,Night,9,0,6,25.7,0.9,6.91,0,0.667
5/27/2024,Mon,FALSE,0,Night,13,1,10,68.8,0.09,9.43,0.077,0.769
5/27/2024,Mon,FALSE,1,Night,7,1,6,26.6,0.26,6.29,0.143,0.857
5/27/2024,Mon,FALSE,2,Night,5,0,5,15.6,0.08,4.71,0,1
5/27/2024,Mon,FALSE,3,Night,5,0,4,19.9,0.32,3.77,0,0.8
5/27/2024,Mon,FALSE,4,Night,6,0,6,14.1,0.06,4.71,0,1
5/27/2024,Mon,FALSE,5,Night,11,1,10,40.9,0.95,9.43,0.091,0.909
5/27/2024,Mon,FALSE,6,Morning,19,2,16,77.2,3.69,22,0.105,0.842
5/27/2024,Mon,FALSE,7,Morning,33,1,27,118.8,9.77,34.57,0.03,0.818
5/27/2024,Mon,FALSE,8,Morning,49,5,38,168.4,0.02,47.15,0.102,0.776
5/27/2024,Mon,FALSE,9,Morning,60,7,46,289.5,9.94,56.57,0.117,0.767
5/27/2024,Mon,FALSE,10,Morning,66,5,56,266.8,0.66,66,0.076,0.848
5/27/2024,Mon,FALSE,11,Morning,59,7,39,291.3,7.57,62.86,0.119,0.661
5/27/2024,Mon,FALSE,12,Morning,41,6,32,167.9,0.56,50.29,0.146,0.78
5/27/2024,Mon,FALSE,13,Morning,48,3,39,179.7,8.73,53.43,0.062,0.812
5/27/2024,Mon,FALSE,14,Evening,51,2,43,252.1,1.18,62.86,0.039,0.843
5/27/2024,Mon,FALSE,15,Evening,65,5,51,298,15.91,59.72,0.077,0.785
5/27/2024,Mon,FALSE,16,Evening,55,4,47,256,7.15,53.43,0.073,0.855
5/27/2024,Mon,FALSE,17,Evening,50,5,37,253.8,2.12,44,0.1,0.74
5/27/2024,Mon,FALSE,18,Evening,37,2,32,168.3,1.61,34.57,0.054,0.865
5/27/2024,Mon,FALSE,19,Evening,26,1,22,110.2,0.53,28.29,0.038,0.846
5/27/2024,Mon,FALSE,20,Night,23,0,18,103.7,0.25,22,0,0.783
5/27/2024,Mon,FALSE,21,Night,25,4,15,114.4,0.1,18.86,0.16,0.6
5/27/2024,Mon,FALSE,22,Night,21,3,16,65.1,2.56,15.71,0.143,0.762
5/27/2024,Mon,FALSE,23,Night,9,1,8,36.8,0.29,12.57,0.111,0.889
5/28/2024,Tue,FALSE,0,Night,15,0,14,69.9,0,9.44,0,0.933
5/28/2024,Tue,FALSE,1,Night,5,0,5,27.5,0.38,6.29,0,1
5/28/2024,Tue,FALSE,2,Night,7,0,6,33.8,0.12,4.72,0,0.857
5/28/2024,Tue,FALSE,3,Night,3,0,1,14.1,0.28,3.77,0,0.333
5/28/2024,Tue,FALSE,4,Night,6,1,5,29,0.03,4.72,0.167,0.833
5/28/2024,Tue,FALSE,5,Night,9,1,8,79.8,0.46,9.44,0.111,0.889
5/28/2024,Tue,FALSE,6,Morning,22,2,19,92.3,0.13,22.02,0.091,0.864
5/28/2024,Tue,FALSE,7,Morning,33,3,23,129,1.18,34.6,0.091,0.697
5/28/2024,Tue,FALSE,8,Morning,35,4,27,166.3,7.72,47.18,0.114,0.771
5/28/2024,Tue,FALSE,9,Morning,63,6,48,261.4,10.01,56.62,0.095,0.762
5/28/2024,Tue,FALSE,10,Morning,56,3,49,281.7,4.96,66.05,0.054,0.875
5/28/2024,Tue,FALSE,11,Morning,65,4,56,296.1,4.86,62.91,0.062,0.862
5/28/2024,Tue,FALSE,12,Morning,49,2,37,219.3,2.27,50.33,0.041,0.755
5/28/2024,Tue,FALSE,13,Morning,52,3,43,227.5,0.87,53.47,0.058,0.827
5/28/2024,Tue,FALSE,14,Evening,69,4,59,271.8,4.53,62.91,0.058,0.855
5/28/2024,Tue,FALSE,15,Evening,60,1,51,274.9,3.38,59.76,0.017,0.85
5/28/2024,Tue,FALSE,16,Evening,56,3,48,221.1,0.69,53.47,0.054,0.857
5/28/2024,Tue,FALSE,17,Evening,56,6,46,188.7,2.64,44.03,0.107,0.821
5/28/2024,Tue,FALSE,18,Evening,36,0,30,132.9,0.55,34.6,0,0.833
5/28/2024,Tue,FALSE,19,Evening,32,0,29,151.9,0.05,28.31,0,0.906
5/28/2024,Tue,FALSE,20,Night,18,0,15,129.5,0.22,22.02,0,0.833
5/28/2024,Tue,FALSE,21,Night,13,1,12,76.9,0.58,18.87,0.077,0.923
5/28/2024,Tue,FALSE,22,Night,16,1,12,58.7,0.95,15.73,0.062,0.75
5/28/2024,Tue,FALSE,23,Night,11,1,9,38.1,2.12,12.58,0.091,0.818
5/29/2024,Wed,FALSE,0,Night,7,0,6,29.6,0.56,9.44,0,0.857
5/29/2024,Wed,FALSE,1,Night,5,0,5,25.6,0.17,6.3,0,1
5/29/2024,Wed,FALSE,2,Night,5,0,5,36.7,0.03,4.72,0,1
5/29/2024,Wed,FALSE,3,Night,1,0,1,8.3,0.36,3.78,0,1
5/29/2024,Wed,FALSE,4,Night,9,1,7,28.2,0.56,4.72,0.111,0.778
5/29/2024,Wed,FALSE,5,Night,5,0,5,25.7,0.14,9.44,0,1
5/29/2024,Wed,FALSE,6,Morning,21,3,17,85.5,0.61,22.03,0.143,0.81
5/29/2024,Wed,FALSE,7,Morning,31,2,27,132.6,0.88,34.62,0.065,0.871
5/29/2024,Wed,FALSE,8,Morning,54,4,42,206.6,10.12,47.21,0.074,0.778
5/29/2024,Wed,FALSE,9,Morning,45,5,36,211.9,5.9,56.66,0.111,0.8
5/29/2024,Wed,FALSE,10,Morning,76,6,57,350.2,2.88,66.1,0.079,0.75
5/29/2024,Wed,FALSE,11,Morning,66,5,54,274.3,2.23,62.95,0.076,0.818
5/29/2024,Wed,FALSE,12,Morning,57,3,48,265.3,3.7,50.36,0.053,0.842
5/29/2024,Wed,FALSE,13,Morning,49,7,38,239.4,1,53.51,0.143,0.776
5/29/2024,Wed,FALSE,14,Evening,69,6,51,294.1,0.87,62.95,0.087,0.739
5/29/2024,Wed,FALSE,15,Evening,63,4,52,251.2,2.71,59.81,0.063,0.825
5/29/2024,Wed,FALSE,16,Evening,61,3,52,343.2,2.71,53.51,0.049,0.852
5/29/2024,Wed,FALSE,17,Evening,34,2,30,143,4.65,44.07,0.059,0.882
5/29/2024,Wed,FALSE,18,Evening,33,8,21,146.4,4.43,34.62,0.242,0.636
5/29/2024,Wed,FALSE,19,Evening,24,0,23,85.7,0.12,28.33,0,0.958
5/29/2024,Wed,FALSE,20,Night,21,2,15,80.4,0.86,22.03,0.095,0.714
5/29/2024,Wed,FALSE,21,Night,20,1,18,104.3,3.78,18.89,0.05,0.9
5/29/2024,Wed,FALSE,22,Night,19,1,15,63.5,0.52,15.74,0.053,0.789
5/29/2024,Wed,FALSE,23,Night,18,1,15,82.7,1.13,12.59,0.056,0.833
5/30/2024,Thu,FALSE,0,Night,13,0,12,33.2,0.55,9.45,0,0.923
5/30/2024,Thu,FALSE,1,Night,6,1,4,33.4,0.96,6.3,0.167,0.667
5/30/2024,Thu,FALSE,2,Night,4,0,4,9.2,0.02,4.73,0,1
5/30/2024,Thu,FALSE,3,Night,3,0,2,19.4,0.09,3.78,0,0.667
5/30/2024,Thu,FALSE,4,Night,4,1,3,5.7,0.02,4.73,0.25,0.75
5/30/2024,Thu,FALSE,5,Night,10,1,9,59.5,0.26,9.45,0.1,0.9
5/30/2024,Thu,FALSE,6,Morning,22,4,17,87.7,0.41,22.05,0.182,0.773
5/30/2024,Thu,FALSE,7,Morning,32,5,24,103.6,0.31,34.65,0.156,0.75
5/30/2024,Thu,FALSE,8,Morning,40,5,32,228.1,3.56,47.25,0.125,0.8
5/30/2024,Thu,FALSE,9,Morning,60,2,53,232,1.05,56.7,0.033,0.883
5/30/2024,Thu,FALSE,10,Morning,58,5,51,242,6.15,66.15,0.086,0.879
5/30/2024,Thu,FALSE,11,Morning,76,4,61,310,0.86,63,0.053,0.803
5/30/2024,Thu,FALSE,12,Morning,48,2,43,268,0.9,50.4,0.042,0.896
5/30/2024,Thu,FALSE,13,Morning,52,7,42,229,3.98,53.55,0.135,0.808
5/30/2024,Thu,FALSE,14,Evening,80,2,67,259.9,2.31,63,0.025,0.838
5/30/2024,Thu,FALSE,15,Evening,55,1,46,223.6,3.13,59.85,0.018,0.836
5/30/2024,Thu,FALSE,16,Evening,59,3,46,390.3,2.07,53.55,0.051,0.78
5/30/2024,Thu,FALSE,17,Evening,47,4,38,250.7,0.39,44.1,0.085,0.809
5/30/2024,Thu,FALSE,18,Evening,21,1,14,147.6,1.3,34.65,0.048,0.667
5/30/2024,Thu,FALSE,19,Evening,39,5,32,177.9,0.35,28.35,0.128,0.821
5/30/2024,Thu,FALSE,20,Night,21,1,19,77.1,0.98,22.05,0.048,0.905
5/30/2024,Thu,FALSE,21,Night,20,2,13,91.5,0.78,18.9,0.1,0.65
5/30/2024,Thu,FALSE,22,Night,15,2,12,94.3,2.32,15.75,0.133,0.8
5/30/2024,Thu,FALSE,23,Night,13,1,11,50.4,0.26,12.6,0.077,0.846
5/31/2024,Fri,FALSE,0,Night,12,2,10,50.8,0.93,9.46,0.167,0.833
5/31/2024,Fri,FALSE,1,Night,5,1,4,31.9,0.34,6.3,0.2,0.8
5/31/2024,Fri,FALSE,2,Night,0,0,0,0,0,4.73,0,0
5/31/2024,Fri,FALSE,3,Night,2,1,0,1.7,0.36,3.78,0.5,0
5/31/2024,Fri,FALSE,4,Night,5,2,3,49,0.21,4.73,0.4,0.6
5/31/2024,Fri,FALSE,5,Night,6,0,5,25.1,0.37,9.46,0,0.833
5/31/2024,Fri,FALSE,6,Morning,23,2,19,94.4,0.62,22.07,0.087,0.826
5/31/2024,Fri,FALSE,7,Morning,40,0,32,138.2,1.77,34.68,0,0.8
5/31/2024,Fri,FALSE,8,Morning,55,6,40,223.9,0.81,47.28,0.109,0.727
5/31/2024,Fri,FALSE,9,Morning,71,0,60,353.3,0.57,56.74,0,0.845
5/31/2024,Fri,FALSE,10,Morning,68,5,59,329.8,5.79,66.2,0.074,0.868
5/31/2024,Fri,FALSE,11,Morning,80,7,62,303.3,8.78,63.05,0.088,0.775
5/31/2024,Fri,FALSE,12,Morning,58,3,49,228.4,8.85,50.44,0.052,0.845
5/31/2024,Fri,FALSE,13,Morning,54,3,44,200.7,17.9,53.59,0.056,0.815
5/31/2024,Fri,FALSE,14,Evening,73,6,58,253.2,0.22,63.05,0.082,0.795
5/31/2024,Fri,FALSE,15,Evening,68,7,52,251.1,0.35,59.89,0.103,0.765
5/31/2024,Fri,FALSE,16,Evening,47,3,36,172.9,0.06,53.59,0.064,0.766
5/31/2024,Fri,FALSE,17,Evening,38,1,28,152.8,2.06,44.13,0.026,0.737
5/31/2024,Fri,FALSE,18,Evening,39,0,34,206,4.51,34.68,0,0.872
5/31/2024,Fri,FALSE,19,Evening,30,4,24,135.9,1.31,28.37,0.133,0.8
5/31/2024,Fri,FALSE,20,Night,24,1,21,81.8,1.17,22.07,0.042,0.875
5/31/2024,Fri,FALSE,21,Night,16,0,15,79.2,1.76,18.91,0,0.938
5/31/2024,Fri,FALSE,22,Night,16,0,16,68.8,0.43,15.76,0,1
5/31/2024,Fri,FALSE,23,Night,13,1,12,40.5,1.19,12.61,0.077,0.923
6/1/2024,Sat,TRUE,0,Night,4,1,2,13.3,2.47,5.21,0.25,0.5
6/1/2024,Sat,TRUE,1,Night,3,1,2,14.6,0.83,3.47,0.333,0.667
6/1/2024,Sat,TRUE,2,Night,2,0,2,6,1.85,2.6,0,1
6/1/2024,Sat,TRUE,3,Night,3,0,3,19.9,0.04,2.08,0,1
6/1/2024,Sat,TRUE,4,Night,2,1,1,9.9,0.19,2.6,0.5,0.5
6/1/2024,Sat,TRUE,5,Night,3,1,2,18.6,0.73,5.21,0.333,0.667
6/1/2024,Sat,TRUE,6,Morning,12,0,12,46.9,1.46,12.15,0,1
6/1/2024,Sat,TRUE,7,Morning,16,3,11,69,0.21,19.09,0.188,0.688
6/1/2024,Sat,TRUE,8,Morning,27,0,22,128.8,1.21,26.03,0,0.815
6/1/2024,Sat,TRUE,9,Morning,27,1,26,130.2,4.48,31.23,0.037,0.963
6/1/2024,Sat,TRUE,10,Morning,39,0,35,159.7,7.09,36.44,0,0.897
6/1/2024,Sat,TRUE,11,Morning,36,3,27,124.5,6.27,34.7,0.083,0.75
6/1/2024,Sat,TRUE,12,Morning,19,2,15,65.7,1.82,27.76,0.105,0.789
6/1/2024,Sat,TRUE,13,Morning,44,3,36,213.9,0.62,29.5,0.068,0.818
6/1/2024,Sat,TRUE,14,Evening,30,0,26,127.5,10.39,34.7,0,0.867
6/1/2024,Sat,TRUE,15,Evening,26,2,23,97.3,6,32.97,0.077,0.885
6/1/2024,Sat,TRUE,16,Evening,30,0,30,130.8,3.37,29.5,0,1
6/1/2024,Sat,TRUE,17,Evening,26,2,23,81.2,2.97,24.29,0.077,0.885
6/1/2024,Sat,TRUE,18,Evening,25,2,20,81.6,6.78,19.09,0.08,0.8
6/1/2024,Sat,TRUE,19,Evening,9,2,7,48.1,1.11,15.62,0.222,0.778
6/1/2024,Sat,TRUE,20,Night,10,1,7,39.4,1.1,12.15,0.1,0.7
6/1/2024,Sat,TRUE,21,Night,11,0,11,54.4,1.87,10.41,0,1
6/1/2024,Sat,TRUE,22,Night,7,0,7,21.5,0.37,8.68,0,1
6/1/2024,Sat,TRUE,23,Night,5,0,5,47.6,1.29,6.94,0,1
6/2/2024,Sun,TRUE,0,Night,4,0,3,22.7,0.12,5.21,0,0.75
6/2/2024,Sun,TRUE,1,Night,3,0,3,10.5,0.35,3.47,0,1
6/2/2024,Sun,TRUE,2,Night,1,0,1,7.9,0.33,2.6,0,1
6/2/2024,Sun,TRUE,3,Night,3,0,3,8.4,0.01,2.08,0,1
6/2/2024,Sun,TRUE,4,Night,1,0,1,5.3,0.32,2.6,0,1
6/2/2024,Sun,TRUE,5,Night,9,2,6,26,0.21,5.21,0.222,0.667
6/2/2024,Sun,TRUE,6,Morning,13,2,9,56.3,0.56,12.15,0.154,0.692
6/2/2024,Sun,TRUE,7,Morning,18,2,16,116.9,4.59,19.1,0.111,0.889
6/2/2024,Sun,TRUE,8,Morning,29,6,21,116.2,0.26,26.05,0.207,0.724
6/2/2024,Sun,TRUE,9,Morning,26,3,18,86.3,2.9,31.25,0.115,0.692
6/2/2024,Sun,TRUE,10,Morning,28,1,22,135,7.43,36.46,0.036,0.786
6/2/2024,Sun,TRUE,11,Morning,32,3,24,128.5,0.67,34.73,0.094,0.75
6/2/2024,Sun,TRUE,12,Morning,32,3,27,140,1.35,27.78,0.094,0.844
6/2/2024,Sun,TRUE,13,Morning,31,5,22,138.8,1.92,29.52,0.161,0.71
6/2/2024,Sun,TRUE,14,Evening,37,3,31,163.7,2.26,34.73,0.081,0.838
6/2/2024,Sun,TRUE,15,Evening,31,2,23,125.5,2.49,32.99,0.065,0.742
6/2/2024,Sun,TRUE,16,Evening,34,2,31,136.4,8.2,29.52,0.059,0.912
6/2/2024,Sun,TRUE,17,Evening,25,1,22,95.1,1.32,24.31,0.04,0.88
6/2/2024,Sun,TRUE,18,Evening,19,2,16,95.4,3.32,19.1,0.105,0.842
6/2/2024,Sun,TRUE,19,Evening,15,1,13,72.1,0.88,15.63,0.067,0.867
6/2/2024,Sun,TRUE,20,Night,15,5,7,53.7,0.79,12.15,0.333,0.467
6/2/2024,Sun,TRUE,21,Night,11,2,7,43.8,0.21,10.42,0.182,0.636
6/2/2024,Sun,TRUE,22,Night,11,1,7,19.4,1.86,8.68,0.091,0.636
6/2/2024,Sun,TRUE,23,Night,6,0,5,41.9,2.08,6.95,0,0.833
6/3/2024,Mon,FALSE,0,Night,9,2,7,24.6,0.83,9.48,0.222,0.778
6/3/2024,Mon,FALSE,1,Night,7,0,6,55.4,0.44,6.32,0,0.857
6/3/2024,Mon,FALSE,2,Night,5,1,3,31.2,0.5,4.74,0.2,0.6
6/3/2024,Mon,FALSE,3,Night,6,0,4,36.3,0.22,3.79,0,0.667
6/3/2024,Mon,FALSE,4,Night,1,0,1,3,0.09,4.74,0,1
6/3/2024,Mon,FALSE,5,Night,11,1,7,40.3,0.57,9.48,0.091,0.636
6/3/2024,Mon,FALSE,6,Morning,20,0,13,76.3,0.34,22.12,0,0.65
6/3/2024,Mon,FALSE,7,Morning,44,3,35,163,3.8,34.75,0.068,0.795
6/3/2024,Mon,FALSE,8,Morning,53,5,41,264.6,8.15,47.39,0.094,0.774
6/3/2024,Mon,FALSE,9,Morning,46,4,36,160.5,0.05,56.87,0.087,0.783
6/3/2024,Mon,FALSE,10,Morning,85,13,64,358.1,4.83,66.35,0.153,0.753
6/3/2024,Mon,FALSE,11,Morning,68,7,52,309.5,11.08,63.19,0.103,0.765
6/3/2024,Mon,FALSE,12,Morning,44,2,37,169.3,3.41,50.55,0.045,0.841
6/3/2024,Mon,FALSE,13,Morning,51,4,40,235.6,7.86,53.71,0.078,0.784
6/3/2024,Mon,FALSE,14,Evening,60,6,42,231.8,0.43,63.19,0.1,0.7
6/3/2024,Mon,FALSE,15,Evening,60,4,53,269.8,2.87,60.03,0.067,0.883
6/3/2024,Mon,FALSE,16,Evening,43,3,34,201.7,3.7,53.71,0.07,0.791
6/3/2024,Mon,FALSE,17,Evening,45,4,37,193.6,2.17,44.23,0.089,0.822
6/3/2024,Mon,FALSE,18,Evening,31,0,28,156.4,4.54,34.75,0,0.903
6/3/2024,Mon,FALSE,19,Evening,40,1,36,159,2.01,28.43,0.025,0.9
6/3/2024,Mon,FALSE,20,Night,21,1,16,167.3,7.02,22.12,0.048,0.762
6/3/2024,Mon,FALSE,21,Night,20,1,17,67.5,4.51,18.96,0.05,0.85
6/3/2024,Mon,FALSE,22,Night,19,0,18,68.3,0.86,15.8,0,0.947
6/3/2024,Mon,FALSE,23,Night,12,2,10,45.7,0.39,12.64,0.167,0.833
6/4/2024,Tue,FALSE,0,Night,12,1,10,49.1,0.77,9.48,0.083,0.833
6/4/2024,Tue,FALSE,1,Night,5,0,5,8.4,0.04,6.32,0,1
6/4/2024,Tue,FALSE,2,Night,2,0,2,6.7,0.33,4.74,0,1
6/4/2024,Tue,FALSE,3,Night,3,1,2,2.6,1.1,3.79,0.333,0.667
6/4/2024,Tue,FALSE,4,Night,6,0,5,9.4,0.39,4.74,0,0.833
6/4/2024,Tue,FALSE,5,Night,7,0,6,31.6,0.26,9.48,0,0.857
6/4/2024,Tue,FALSE,6,Morning,15,2,10,87,0.53,22.13,0.133,0.667
6/4/2024,Tue,FALSE,7,Morning,40,2,35,217.6,1.45,34.78,0.05,0.875
6/4/2024,Tue,FALSE,8,Morning,43,5,37,280.4,1.17,47.42,0.116,0.86
6/4/2024,Tue,FALSE,9,Morning,57,2,46,307.6,0.66,56.91,0.035,0.807
6/4/2024,Tue,FALSE,10,Morning,63,6,49,294.7,1.36,66.4,0.095,0.778
6/4/2024,Tue,FALSE,11,Morning,62,4,48,341.6,3.07,63.23,0.065,0.774
6/4/2024,Tue,FALSE,12,Morning,62,4,52,279.1,0.71,50.59,0.065,0.839
6/4/2024,Tue,FALSE,13,Morning,64,5,52,253,1.16,53.75,0.078,0.812
6/4/2024,Tue,FALSE,14,Evening,61,4,49,284.1,3.15,63.23,0.066,0.803
6/4/2024,Tue,FALSE,15,Evening,66,2,58,274.9,13.3,60.07,0.03,0.879
6/4/2024,Tue,FALSE,16,Evening,51,4,40,222.3,1.99,53.75,0.078,0.784
6/4/2024,Tue,FALSE,17,Evening,60,4,50,236.7,2.65,44.26,0.067,0.833
6/4/2024,Tue,FALSE,18,Evening,35,2,27,141.6,0.03,34.78,0.057,0.771
6/4/2024,Tue,FALSE,19,Evening,40,6,30,167,0.34,28.45,0.15,0.75
6/4/2024,Tue,FALSE,20,Night,16,0,10,62.2,2.57,22.13,0,0.625
6/4/2024,Tue,FALSE,21,Night,22,1,17,85.7,5.83,18.97,0.045,0.773
6/4/2024,Tue,FALSE,22,Night,12,0,10,45.9,1.8,15.81,0,0.833
6/4/2024,Tue,FALSE,23,Night,12,3,9,58.7,0.86,12.65,0.25,0.75
6/5/2024,Wed,FALSE,0,Night,8,2,6,15.3,0.93,9.49,0.25,0.75
6/5/2024,Wed,FALSE,1,Night,10,0,9,33,0.58,6.33,0,0.9
6/5/2024,Wed,FALSE,2,Night,5,1,4,15.4,0.19,4.75,0.2,0.8
6/5/2024,Wed,FALSE,3,Night,4,0,3,18.7,0.38,3.8,0,0.75
6/5/2024,Wed,FALSE,4,Night,8,0,6,71.4,0.09,4.75,0,0.75
6/5/2024,Wed,FALSE,5,Night,13,0,11,117.2,0.1,9.49,0,0.846
6/5/2024,Wed,FALSE,6,Morning,23,0,23,108.8,0.54,22.15,0,1
6/5/2024,Wed,FALSE,7,Morning,30,2,22,109.9,2.46,34.8,0.067,0.733
6/5/2024,Wed,FALSE,8,Morning,51,3,43,225.1,2.21,47.46,0.059,0.843
6/5/2024,Wed,FALSE,9,Morning,50,2,44,215.4,0.69,56.95,0.04,0.88
6/5/2024,Wed,FALSE,10,Morning,61,6,49,240.8,0.97,66.44,0.098,0.803
6/5/2024,Wed,FALSE,11,Morning,55,4,46,283.6,1.63,63.28,0.073,0.836
6/5/2024,Wed,FALSE,12,Morning,50,3,38,167.3,0.87,50.62,0.06,0.76
6/5/2024,Wed,FALSE,13,Morning,43,4,32,192.9,6.93,53.79,0.093,0.744
6/5/2024,Wed,FALSE,14,Evening,73,8,53,313.7,0.65,63.28,0.11,0.726
6/5/2024,Wed,FALSE,15,Evening,59,1,53,274.2,2.08,60.12,0.017,0.898
6/5/2024,Wed,FALSE,16,Evening,61,4,53,261.4,4.36,53.79,0.066,0.869
6/5/2024,Wed,FALSE,17,Evening,47,5,29,188.9,1.8,44.3,0.106,0.617
6/5/2024,Wed,FALSE,18,Evening,35,2,26,216.2,0.85,34.8,0.057,0.743
6/5/2024,Wed,FALSE,19,Evening,23,3,18,120.4,1.68,28.48,0.13,0.783
6/5/2024,Wed,FALSE,20,Night,17,3,12,113.7,1.15,22.15,0.176,0.706
6/5/2024,Wed,FALSE,21,Night,17,1,15,91.9,2.47,18.98,0.059,0.882
6/5/2024,Wed,FALSE,22,Night,11,2,6,45.7,0.1,15.82,0.182,0.545
6/5/2024,Wed,FALSE,23,Night,17,0,16,55.8,2.66,12.66,0,0.941
6/6/2024,Thu,FALSE,0,Night,6,0,5,29.8,0.51,9.5,0,0.833
6/6/2024,Thu,FALSE,1,Night,5,0,5,20,0.37,6.33,0,1
6/6/2024,Thu,FALSE,2,Night,1,0,1,4.5,0.88,4.75,0,1
6/6/2024,Thu,FALSE,3,Night,4,0,4,15.7,0.1,3.8,0,1
6/6/2024,Thu,FALSE,4,Night,3,0,2,11.6,0.04,4.75,0,0.667
6/6/2024,Thu,FALSE,5,Night,7,1,4,22,0.69,9.5,0.143,0.571
6/6/2024,Thu,FALSE,6,Morning,27,1,24,127.7,0.69,22.16,0.037,0.889
6/6/2024,Thu,FALSE,7,Morning,43,2,33,170.3,1.89,34.83,0.047,0.767
6/6/2024,Thu,FALSE,8,Morning,44,2,38,221.4,5.04,47.5,0.045,0.864
6/6/2024,Thu,FALSE,9,Morning,63,4,54,343.3,0.89,56.99,0.063,0.857
6/6/2024,Thu,FALSE,10,Morning,58,4,45,295.3,1.85,66.49,0.069,0.776
6/6/2024,Thu,FALSE,11,Morning,64,2,56,294.5,0.3,63.33,0.031,0.875
6/6/2024,Thu,FALSE,12,Morning,59,3,54,231.6,3.38,50.66,0.051,0.915
6/6/2024,Thu,FALSE,13,Morning,56,3,48,213.9,0.74,53.83,0.054,0.857
6/6/2024,Thu,FALSE,14,Evening,64,5,52,268.7,5.61,63.33,0.078,0.812
6/6/2024,Thu,FALSE,15,Evening,52,4,44,244.1,3.87,60.16,0.077,0.846
6/6/2024,Thu,FALSE,16,Evening,51,2,42,219.5,3.79,53.83,0.039,0.824
6/6/2024,Thu,FALSE,17,Evening,32,5,22,99.8,6.37,44.33,0.156,0.688
6/6/2024,Thu,FALSE,18,Evening,38,4,30,141.3,1.8,34.83,0.105,0.789
6/6/2024,Thu,FALSE,19,Evening,32,3,24,128.7,1.41,28.5,0.094,0.75
6/6/2024,Thu,FALSE,20,Night,20,1,19,97.2,3.26,22.16,0.05,0.95
6/6/2024,Thu,FALSE,21,Night,22,0,19,104.7,0.53,19,0,0.864
6/6/2024,Thu,FALSE,22,Night,12,2,10,58.8,0.49,15.83,0.167,0.833
6/6/2024,Thu,FALSE,23,Night,18,0,17,35.5,0.32,12.67,0,0.944
6/7/2024,Fri,FALSE,0,Night,9,0,9,33.6,1.19,9.51,0,1
6/7/2024,Fri,FALSE,1,Night,9,1,6,44.8,0.17,6.34,0.111,0.667
6/7/2024,Fri,FALSE,2,Night,9,2,6,30.1,0.21,4.75,0.222,0.667
6/7/2024,Fri,FALSE,3,Night,3,0,2,20.4,0.32,3.8,0,0.667
6/7/2024,Fri,FALSE,4,Night,2,0,2,3.5,0.07,4.75,0,1
6/7/2024,Fri,FALSE,5,Night,5,0,5,17.1,0.17,9.51,0,1
6/7/2024,Fri,FALSE,6,Morning,27,2,22,145,0.25,22.18,0.074,0.815
6/7/2024,Fri,FALSE,7,Morning,38,3,29,132.3,0.53,34.86,0.079,0.763
6/7/2024,Fri,FALSE,8,Morning,45,3,39,214.8,2.12,47.53,0.067,0.867
6/7/2024,Fri,FALSE,9,Morning,59,5,47,292.2,13.01,57.04,0.085,0.797
6/7/2024,Fri,FALSE,10,Morning,76,6,62,374.9,6.47,66.54,0.079,0.816
6/7/2024,Fri,FALSE,11,Morning,72,7,57,397.1,1.58,63.37,0.097,0.792
6/7/2024,Fri,FALSE,12,Morning,48,3,39,208.6,1.43,50.7,0.062,0.812
6/7/2024,Fri,FALSE,13,Morning,43,2,34,236.6,2.82,53.87,0.047,0.791
6/7/2024,Fri,FALSE,14,Evening,60,4,49,231.8,3.45,63.37,0.067,0.817
6/7/2024,Fri,FALSE,15,Evening,59,5,51,258,2,60.2,0.085,0.864
6/7/2024,Fri,FALSE,16,Evening,54,6,43,310.3,1.81,53.87,0.111,0.796
6/7/2024,Fri,FALSE,17,Evening,38,1,35,199.4,2.33,44.36,0.026,0.921
6/7/2024,Fri,FALSE,18,Evening,37,2,29,178.4,1.3,34.86,0.054,0.784
6/7/2024,Fri,FALSE,19,Evening,25,3,20,147.8,2.38,28.52,0.12,0.8
6/7/2024,Fri,FALSE,20,Night,30,0,27,139.2,0.96,22.18,0,0.9
6/7/2024,Fri,FALSE,21,Night,18,0,18,66.6,0.11,19.01,0,1
6/7/2024,Fri,FALSE,22,Night,26,1,23,118.5,0.4,15.84,0.038,0.885
6/7/2024,Fri,FALSE,23,Night,5,1,4,27.5,1.75,12.67,0.2,0.8
6/8/2024,Sat,TRUE,0,Night,2,0,2,6.2,1.39,5.23,0,1
6/8/2024,Sat,TRUE,1,Night,4,0,3,32.9,0.33,3.49,0,0.75
6/8/2024,Sat,TRUE,2,Night,3,0,3,3.3,0.28,2.62,0,1
6/8/2024,Sat,TRUE,3,Night,2,0,1,1.2,0.06,2.09,0,0.5
6/8/2024,Sat,TRUE,4,Night,1,0,1,7.7,0.15,2.62,0,1
6/8/2024,Sat,TRUE,5,Night,3,0,2,3.7,1.35,5.23,0,0.667
6/8/2024,Sat,TRUE,6,Morning,11,1,6,43.1,0.19,12.21,0.091,0.545
6/8/2024,Sat,TRUE,7,Morning,22,2,17,119.4,2.54,19.18,0.091,0.773
6/8/2024,Sat,TRUE,8,Morning,23,2,18,125.1,1.09,26.16,0.087,0.783
6/8/2024,Sat,TRUE,9,Morning,33,3,28,142.7,2.53,31.39,0.091,0.848
6/8/2024,Sat,TRUE,10,Morning,27,1,23,128.3,1.61,36.63,0.037,0.852
6/8/2024,Sat,TRUE,11,Morning,24,2,19,141,2.43,34.88,0.083,0.792
6/8/2024,Sat,TRUE,12,Morning,32,3,26,147.1,2.86,27.9,0.094,0.812
6/8/2024,Sat,TRUE,13,Morning,29,5,23,92.8,1.51,29.65,0.172,0.793
6/8/2024,Sat,TRUE,14,Evening,44,5,34,179.7,2.01,34.88,0.114,0.773
6/8/2024,Sat,TRUE,15,Evening,33,3,28,162,1.16,33.14,0.091,0.848
6/8/2024,Sat,TRUE,16,Evening,32,0,25,143.2,2.42,29.65,0,0.781
6/8/2024,Sat,TRUE,17,Evening,24,3,18,119.4,1.61,24.42,0.125,0.75
6/8/2024,Sat,TRUE,18,Evening,22,2,17,128.4,0.54,19.18,0.091,0.773
6/8/2024,Sat,TRUE,19,Evening,14,1,12,71.3,6.92,15.7,0.071,0.857
6/8/2024,Sat,TRUE,20,Night,11,0,11,40.5,1.82,12.21,0,1
6/8/2024,Sat,TRUE,21,Night,11,1,9,66.3,6.05,10.46,0.091,0.818
6/8/2024,Sat,TRUE,22,Night,7,1,5,44.8,3.19,8.72,0.143,0.714
6/8/2024,Sat,TRUE,23,Night,3,0,2,5.1,1.56,6.98,0,0.667
6/9/2024,Sun,TRUE,0,Night,5,0,4,21.1,0.24,5.24,0,0.8
6/9/2024,Sun,TRUE,1,Night,4,0,3,9.2,0.75,3.49,0,0.75
6/9/2024,Sun,TRUE,2,Night,4,0,3,19.5,0.12,2.62,0,0.75
6/9/2024,Sun,TRUE,3,Night,4,1,3,37.4,0.11,2.09,0.25,0.75
6/9/2024,Sun,TRUE,4,Night,6,0,6,16.6,0.09,2.62,0,1
6/9/2024,Sun,TRUE,5,Night,4,0,4,22.9,0.09,5.24,0,1
6/9/2024,Sun,TRUE,6,Morning,7,1,6,26.1,3.74,12.22,0.143,0.857
6/9/2024,Sun,TRUE,7,Morning,21,1,20,93.5,6.64,19.2,0.048,0.952
6/9/2024,Sun,TRUE,8,Morning,26,0,22,126.8,2.98,26.18,0,0.846
6/9/2024,Sun,TRUE,9,Morning,28,0,24,133.1,3.68,31.42,0,0.857
6/9/2024,Sun,TRUE,10,Morning,40,2,32,179.6,11.3,36.65,0.05,0.8
6/9/2024,Sun,TRUE,11,Morning,29,2,25,107.1,3.57,34.91,0.069,0.862
6/9/2024,Sun,TRUE,12,Morning,27,3,19,119.1,0.38,27.93,0.111,0.704
6/9/2024,Sun,TRUE,13,Morning,31,1,24,147.8,4.9,29.67,0.032,0.774
6/9/2024,Sun,TRUE,14,Evening,36,3,30,136.1,5.86,34.91,0.083,0.833
6/9/2024,Sun,TRUE,15,Evening,25,2,19,103.1,0.32,33.16,0.08,0.76
6/9/2024,Sun,TRUE,16,Evening,29,2,23,101.6,6.23,29.67,0.069,0.793
6/9/2024,Sun,TRUE,17,Evening,24,1,18,108.7,1.11,24.43,0.042,0.75
6/9/2024,Sun,TRUE,18,Evening,17,3,12,93.5,2.54,19.2,0.176,0.706
6/9/2024,Sun,TRUE,19,Evening,18,3,12,71.3,3.09,15.71,0.167,0.667
6/9/2024,Sun,TRUE,20,Night,16,0,16,65.1,5.85,12.22,0,1
6/9/2024,Sun,TRUE,21,Night,4,1,3,7.5,3.46,10.47,0.25,0.75
6/9/2024,Sun,TRUE,22,Night,10,1,7,42.9,0.34,8.73,0.1,0.7
6/9/2024,Sun,TRUE,23,Night,7,0,7,25.2,0.55,6.98,0,1
6/10/2024,Mon,FALSE,0,Night,9,1,7,34.8,3.08,9.53,0.111,0.778
6/10/2024,Mon,FALSE,1,Night,8,0,6,70,0.26,6.35,0,0.75
6/10/2024,Mon,FALSE,2,Night,6,0,5,24.8,0.1,4.76,0,0.833
6/10/2024,Mon,FALSE,3,Night,3,1,2,7.2,0.14,3.81,0.333,0.667
6/10/2024,Mon,FALSE,4,Night,4,0,3,7.2,0.02,4.76,0,0.75
6/10/2024,Mon,FALSE,5,Night,12,0,11,54.7,1.98,9.53,0,0.917
6/10/2024,Mon,FALSE,6,Morning,16,1,15,75.1,1.31,22.23,0.062,0.938
6/10/2024,Mon,FALSE,7,Morning,32,3,27,150,0.83,34.93,0.094,0.844
6/10/2024,Mon,FALSE,8,Morning,44,3,39,191.8,2.6,47.64,0.068,0.886
6/10/2024,Mon,FALSE,9,Morning,63,4,53,296.4,1.6,57.16,0.063,0.841
6/10/2024,Mon,FALSE,10,Morning,67,3,57,283.9,11.58,66.69,0.045,0.851
6/10/2024,Mon,FALSE,11,Morning,72,6,57,364.3,4.06,63.51,0.083,0.792
6/10/2024,Mon,FALSE,12,Morning,53,8,40,231.2,1.8,50.81,0.151,0.755
6/10/2024,Mon,FALSE,13,Morning,60,4,49,232.2,8.04,53.99,0.067,0.817
6/10/2024,Mon,FALSE,14,Evening,64,3,56,302.6,4.19,63.51,0.047,0.875
6/10/2024,Mon,FALSE,15,Evening,66,9,54,333.2,1.82,60.34,0.136,0.818
6/10/2024,Mon,FALSE,16,Evening,43,3,37,167.1,4.59,53.99,0.07,0.86
6/10/2024,Mon,FALSE,17,Evening,40,1,36,177.9,5.54,44.46,0.025,0.9
6/10/2024,Mon,FALSE,18,Evening,44,3,33,217,7.36,34.93,0.068,0.75
6/10/2024,Mon,FALSE,19,Evening,27,3,19,176.6,0.64,28.58,0.111,0.704
6/10/2024,Mon,FALSE,20,Night,22,0,20,82.6,0.79,22.23,0,0.909
6/10/2024,Mon,FALSE,21,Night,17,1,13,63.3,0,19.05,0.059,0.765
6/10/2024,Mon,FALSE,22,Night,10,2,7,31.8,1.12,15.88,0.2,0.7
6/10/2024,Mon,FALSE,23,Night,15,2,12,106.5,0.13,12.7,0.133,0.8
6/11/2024,Tue,FALSE,0,Night,8,0,7,41.5,0.57,9.53,0,0.875
6/11/2024,Tue,FALSE,1,Night,2,0,2,11.7,0.35,6.36,0,1
6/11/2024,Tue,FALSE,2,Night,6,1,4,24.6,0.02,4.77,0.167,0.667
6/11/2024,Tue,FALSE,3,Night,5,0,5,22.3,0.63,3.81,0,1
6/11/2024,Tue,FALSE,4,Night,4,0,3,17.7,0.18,4.77,0,0.75
6/11/2024,Tue,FALSE,5,Night,7,0,6,37.6,0.15,9.53,0,0.857
6/11/2024,Tue,FALSE,6,Morning,16,2,13,65.2,1.5,22.25,0.125,0.812
6/11/2024,Tue,FALSE,7,Morning,34,3,23,127.6,2.99,34.96,0.088,0.676
6/11/2024,Tue,FALSE,8,Morning,57,2,47,277,8.59,47.67,0.035,0.825
6/11/2024,Tue,FALSE,9,Morning,55,2,46,266.5,3.85,57.2,0.036,0.836
6/11/2024,Tue,FALSE,10,Morning,64,4,49,316.7,1.48,66.74,0.062,0.766
6/11/2024,Tue,FALSE,11,Morning,67,2,58,367.7,8.25,63.56,0.03,0.866
6/11/2024,Tue,FALSE,12,Morning,51,6,37,261.4,1.94,50.85,0.118,0.725
6/11/2024,Tue,FALSE,13,Morning,60,5,50,240.7,2.09,54.03,0.083,0.833
6/11/2024,Tue,FALSE,14,Evening,58,2,47,292.4,1.8,63.56,0.034,0.81
6/11/2024,Tue,FALSE,15,Evening,57,7,41,254.9,0.29,60.38,0.123,0.719
6/11/2024,Tue,FALSE,16,Evening,61,2,51,267.8,0.42,54.03,0.033,0.836
6/11/2024,Tue,FALSE,17,Evening,44,6,30,222.8,5.18,44.49,0.136,0.682
6/11/2024,Tue,FALSE,18,Evening,39,3,31,183.6,8.49,34.96,0.077,0.795
6/11/2024,Tue,FALSE,19,Evening,39,1,33,235.8,0.87,28.6,0.026,0.846
6/11/2024,Tue,FALSE,20,Night,16,0,16,92.9,0.45,22.25,0,1
6/11/2024,Tue,FALSE,21,Night,19,0,15,106.1,1.56,19.07,0,0.789
6/11/2024,Tue,FALSE,22,Night,19,1,18,70.4,1.56,15.89,0.053,0.947
6/11/2024,Tue,FALSE,23,Night,8,0,8,37.8,1.54,12.71,0,1
6/12/2024,Wed,FALSE,0,Night,10,3,6,35.9,2.42,9.54,0.3,0.6
6/12/2024,Wed,FALSE,1,Night,8,1,6,43.5,0.49,6.36,0.125,0.75
6/12/2024,Wed,FALSE,2,Night,1,0,1,3.5,0.12,4.77,0,1
6/12/2024,Wed,FALSE,3,Night,8,1,6,30,0.18,3.82,0.125,0.75
6/12/2024,Wed,FALSE,4,Night,4,0,4,9.5,0.37,4.77,0,1
6/12/2024,Wed,FALSE,5,Night,7,1,6,33.5,0.3,9.54,0.143,0.857
6/12/2024,Wed,FALSE,6,Morning,27,3,21,133.6,3.23,22.26,0.111,0.778
6/12/2024,Wed,FALSE,7,Morning,34,4,27,174.7,3.95,34.98,0.118,0.794
6/12/2024,Wed,FALSE,8,Morning,44,2,37,197.2,0.83,47.7,0.045,0.841
6/12/2024,Wed,FALSE,9,Morning,63,4,50,298.1,4.98,57.25,0.063,0.794
6/12/2024,Wed,FALSE,10,Morning,67,5,55,370.2,2.46,66.79,0.075,0.821
6/12/2024,Wed,FALSE,11,Morning,59,5,47,252.8,0.86,63.61,0.085,0.797
6/12/2024,Wed,FALSE,12,Morning,54,7,38,251.1,0.44,50.89,0.13,0.704
6/12/2024,Wed,FALSE,13,Morning,44,4,37,167.3,1.4,54.07,0.091,0.841
6/12/2024,Wed,FALSE,14,Evening,57,3,44,263.2,7.82,63.61,0.053,0.772
6/12/2024,Wed,FALSE,15,Evening,62,6,49,270.5,13.67,60.43,0.097,0.79
6/12/2024,Wed,FALSE,16,Evening,58,2,47,339.7,2.7,54.07,0.034,0.81
6/12/2024,Wed,FALSE,17,Evening,41,6,32,188.3,6.57,44.52,0.146,0.78
6/12/2024,Wed,FALSE,18,Evening,31,4,20,158.1,1.88,34.98,0.129,0.645
6/12/2024,Wed,FALSE,19,Evening,33,0,23,164.1,5.37,28.62,0,0.697
6/12/2024,Wed,FALSE,20,Night,22,4,15,112.8,1.8,22.26,0.182,0.682
6/12/2024,Wed,FALSE,21,Night,11,1,9,28.2,0.12,19.08,0.091,0.818
6/12/2024,Wed,FALSE,22,Night,17,2,12,105.3,1.5,15.9,0.118,0.706
6/12/2024,Wed,FALSE,23,Night,13,0,10,66.8,1.06,12.72,0,0.769
6/13/2024,Thu,FALSE,0,Night,10,0,9,58.3,1.36,9.55,0,0.9
6/13/2024,Thu,FALSE,1,Night,8,0,7,43.7,0.24,6.37,0,0.875
6/13/2024,Thu,FALSE,2,Night,4,0,4,20.4,0.24,4.77,0,1
6/13/2024,Thu,FALSE,3,Night,4,0,4,21.6,0.05,3.82,0,1
6/13/2024,Thu,FALSE,4,Night,4,0,3,5.9,0.19,4.77,0,0.75
6/13/2024,Thu,FALSE,5,Night,10,0,9,29.7,1.29,9.55,0,0.9
6/13/2024,Thu,FALSE,6,Morning,17,2,12,85.3,0.63,22.28,0.118,0.706
6/13/2024,Thu,FALSE,7,Morning,41,4,30,148.6,6.18,35.01,0.098,0.732
6/13/2024,Thu,FALSE,8,Morning,53,4,42,249.1,5.4,47.74,0.075,0.792
6/13/2024,Thu,FALSE,9,Morning,54,4,45,239.7,4.03,57.29,0.074,0.833
6/13/2024,Thu,FALSE,10,Morning,75,4,57,397.6,3.03,66.84,0.053,0.76
6/13/2024,Thu,FALSE,11,Morning,57,7,42,226.2,2.14,63.65,0.123,0.737
6/13/2024,Thu,FALSE,12,Morning,38,2,34,216.4,1.07,50.92,0.053,0.895
6/13/2024,Thu,FALSE,13,Morning,58,4,49,298.7,1.22,54.11,0.069,0.845
6/13/2024,Thu,FALSE,14,Evening,69,3,52,288.1,0.33,63.65,0.043,0.754
6/13/2024,Thu,FALSE,15,Evening,55,1,49,266.2,2.27,60.47,0.018,0.891
6/13/2024,Thu,FALSE,16,Evening,50,4,39,241.2,1.18,54.11,0.08,0.78
6/13/2024,Thu,FALSE,17,Evening,39,1,31,159.6,2.48,44.56,0.026,0.795
6/13/2024,Thu,FALSE,18,Evening,37,1,33,253.3,2.94,35.01,0.027,0.892
6/13/2024,Thu,FALSE,19,Evening,20,0,18,94.1,0.5,28.64,0,0.9
6/13/2024,Thu,FALSE,20,Night,16,1,14,79.2,2.15,22.28,0.062,0.875
6/13/2024,Thu,FALSE,21,Night,19,2,13,71.9,1.1,19.1,0.105,0.684
6/13/2024,Thu,FALSE,22,Night,13,0,13,48.9,1.35,15.91,0,1
6/13/2024,Thu,FALSE,23,Night,14,1,11,57.8,0.31,12.73,0.071,0.786
6/14/2024,Fri,FALSE,0,Night,12,0,12,63.9,0.4,9.55,0,1
6/14/2024,Fri,FALSE,1,Night,8,1,5,30.9,0.14,6.37,0.125,0.625
6/14/2024,Fri,FALSE,2,Night,9,2,7,22,0.05,4.78,0.222,0.778
6/14/2024,Fri,FALSE,3,Night,2,1,1,10.8,0.31,3.82,0.5,0.5
6/14/2024,Fri,FALSE,4,Night,3,0,2,18.1,0.32,4.78,0,0.667
6/14/2024,Fri,FALSE,5,Night,8,1,5,30,0.47,9.55,0.125,0.625
6/14/2024,Fri,FALSE,6,Morning,25,2,20,99.6,1.01,22.29,0.08,0.8
6/14/2024,Fri,FALSE,7,Morning,43,4,35,198.1,2.9,35.04,0.093,0.814
6/14/2024,Fri,FALSE,8,Morning,43,5,35,215.9,3.68,47.77,0.116,0.814
6/14/2024,Fri,FALSE,9,Morning,58,4,45,301.8,0.44,57.33,0.069,0.776
6/14/2024,Fri,FALSE,10,Morning,67,8,45,256.1,1.24,66.89,0.119,0.672
6/14/2024,Fri,FALSE,11,Morning,67,3,58,267.9,5.05,63.7,0.045,0.866
6/14/2024,Fri,FALSE,12,Morning,58,2,52,268,5.02,50.96,0.034,0.897
6/14/2024,Fri,FALSE,13,Morning,44,2,39,252.9,0.81,54.14,0.045,0.886
6/14/2024,Fri,FALSE,14,Evening,59,7,46,226.2,0.18,63.7,0.119,0.78
6/14/2024,Fri,FALSE,15,Evening,50,4,41,219.9,0.96,60.51,0.08,0.82
6/14/2024,Fri,FALSE,16,Evening,54,4,41,237.9,0.27,54.14,0.074,0.759
6/14/2024,Fri,FALSE,17,Evening,38,0,36,216,7.81,44.59,0,0.947
6/14/2024,Fri,FALSE,18,Evening,31,0,28,116.4,2.36,35.04,0,0.903
6/14/2024,Fri,FALSE,19,Evening,25,3,20,96.1,2.33,28.66,0.12,0.8
6/14/2024,Fri,FALSE,20,Night,27,1,23,117.2,0.02,22.29,0.037,0.852
6/14/2024,Fri,FALSE,21,Night,15,1,13,59.6,0.58,19.11,0.067,0.867
6/14/2024,Fri,FALSE,22,Night,15,0,12,50.7,1.63,15.92,0,0.8
6/14/2024,Fri,FALSE,23,Night,11,1,10,46.1,1.74,12.74,0.091,0.909
6/15/2024,Sat,TRUE,0,Night,3,1,2,4.4,1.14,5.26,0.333,0.667
6/15/2024,Sat,TRUE,1,Night,4,1,3,16,0.6,3.51,0.25,0.75
6/15/2024,Sat,TRUE,2,Night,2,1,1,7,0.04,2.63,0.5,0.5
6/15/2024,Sat,TRUE,3,Night,1,0,1,6.8,0.64,2.1,0,1
6/15/2024,Sat,TRUE,4,Night,3,0,3,3.4,0.23,2.63,0,1
6/15/2024,Sat,TRUE,5,Night,5,1,3,9.3,0.01,5.26,0.2,0.6
6/15/2024,Sat,TRUE,6,Morning,10,1,9,65.5,5.02,12.27,0.1,0.9
6/15/2024,Sat,TRUE,7,Morning,19,4,13,78.5,0.89,19.28,0.211,0.684
6/15/2024,Sat,TRUE,8,Morning,25,0,22,109.1,6.63,26.3,0,0.88
6/15/2024,Sat,TRUE,9,Morning,47,4,38,188.1,0.94,31.55,0.085,0.809
6/15/2024,Sat,TRUE,10,Morning,37,1,32,127.5,13.09,36.81,0.027,0.865
6/15/2024,Sat,TRUE,11,Morning,36,5,29,176.1,0.44,35.06,0.139,0.806
6/15/2024,Sat,TRUE,12,Morning,33,5,25,123,4.45,28.05,0.152,0.758
6/15/2024,Sat,TRUE,13,Morning,24,1,20,134,4.28,29.8,0.042,0.833
6/15/2024,Sat,TRUE,14,Evening,33,4,27,158.9,0.63,35.06,0.121,0.818
6/15/2024,Sat,TRUE,15,Evening,25,1,18,119.5,1.97,33.31,0.04,0.72
6/15/2024,Sat,TRUE,16,Evening,32,5,24,190.5,0.21,29.8,0.156,0.75
6/15/2024,Sat,TRUE,17,Evening,17,2,10,73,2.93,24.54,0.118,0.588
6/15/2024,Sat,TRUE,18,Evening,16,0,15,56.6,6.32,19.28,0,0.938
6/15/2024,Sat,TRUE,19,Evening,15,2,11,88.5,1.4,15.78,0.133,0.733
6/15/2024,Sat,TRUE,20,Night,16,2,12,80.5,0.07,12.27,0.125,0.75
6/15/2024,Sat,TRUE,21,Night,9,1,7,45.5,1.4,10.52,0.111,0.778
6/15/2024,Sat,TRUE,22,Night,9,1,7,40.5,1.49,8.77,0.111,0.778
6/15/2024,Sat,TRUE,23,Night,5,0,5,24.9,1.04,7.01,0,1
6/16/2024,Sun,TRUE,0,Night,11,1,9,37.6,1.97,5.26,0.091,0.818
6/16/2024,Sun,TRUE,1,Night,5,0,4,33.2,0.08,3.51,0,0.8
6/16/2024,Sun,TRUE,2,Night,7,1,5,44.5,0.54,2.63,0.143,0.714
6/16/2024,Sun,TRUE,3,Night,3,0,3,4.2,0.19,2.11,0,1
6/16/2024,Sun,TRUE,4,Night,1,0,1,0.9,0.29,2.63,0,1
6/16/2024,Sun,TRUE,5,Night,7,1,6,44,0.06,5.26,0.143,0.857
6/16/2024,Sun,TRUE,6,Morning,22,3,13,61.7,3.88,12.28,0.136,0.591
6/16/2024,Sun,TRUE,7,Morning,18,0,16,77.5,2.92,19.3,0,0.889
6/16/2024,Sun,TRUE,8,Morning,28,1,26,166.7,0.94,26.31,0.036,0.929
6/16/2024,Sun,TRUE,9,Morning,34,2,30,107.7,7.02,31.58,0.059,0.882
6/16/2024,Sun,TRUE,10,Morning,36,1,30,172.6,0.08,36.84,0.028,0.833
6/16/2024,Sun,TRUE,11,Morning,37,4,28,179.1,0.2,35.09,0.108,0.757
6/16/2024,Sun,TRUE,12,Morning,37,8,29,169.9,17.37,28.07,0.216,0.784
6/16/2024,Sun,TRUE,13,Morning,25,2,23,135.8,5.05,29.82,0.08,0.92
6/16/2024,Sun,TRUE,14,Evening,38,3,32,133.8,12.54,35.09,0.079,0.842
6/16/2024,Sun,TRUE,15,Evening,40,2,33,192.6,7.41,33.33,0.05,0.825
6/16/2024,Sun,TRUE,16,Evening,32,3,26,149.6,7.87,29.82,0.094,0.812
6/16/2024,Sun,TRUE,17,Evening,26,2,23,138.1,0.61,24.56,0.077,0.885
6/16/2024,Sun,TRUE,18,Evening,17,1,14,77.3,1.25,19.3,0.059,0.824
6/16/2024,Sun,TRUE,19,Evening,14,1,13,56.7,0.75,15.79,0.071,0.929
6/16/2024,Sun,TRUE,20,Night,16,1,14,58,0.13,12.28,0.062,0.875
6/16/2024,Sun,TRUE,21,Night,10,1,7,43.8,0.59,10.53,0.1,0.7
6/16/2024,Sun,TRUE,22,Night,12,1,10,49.6,0.71,8.77,0.083,0.833
6/16/2024,Sun,TRUE,23,Night,8,0,8,40.9,1.58,7.02,0,1
6/17/2024,Mon,FALSE,0,Night,9,0,8,36.7,0.6,9.58,0,0.889
6/17/2024,Mon,FALSE,1,Night,9,0,7,32.6,0.3,6.38,0,0.778
6/17/2024,Mon,FALSE,2,Night,5,1,4,37,0.15,4.79,0.2,0.8
6/17/2024,Mon,FALSE,3,Night,5,1,2,15.2,0.23,3.83,0.2,0.4
6/17/2024,Mon,FALSE,4,Night,5,0,4,35.1,0.36,4.79,0,0.8
6/17/2024,Mon,FALSE,5,Night,5,0,5,7,0.76,9.58,0,1
6/17/2024,Mon,FALSE,6,Morning,25,0,21,142.9,3.05,22.34,0,0.84
6/17/2024,Mon,FALSE,7,Morning,33,4,25,153.9,4.71,35.11,0.121,0.758
6/17/2024,Mon,FALSE,8,Morning,53,5,44,206.6,1.73,47.88,0.094,0.83
6/17/2024,Mon,FALSE,9,Morning,55,8,41,233.8,1.04,57.46,0.145,0.745
6/17/2024,Mon,FALSE,10,Morning,74,8,57,343.7,2.38,67.03,0.108,0.77
6/17/2024,Mon,FALSE,11,Morning,71,10,51,305.6,5.7,63.84,0.141,0.718
6/17/2024,Mon,FALSE,12,Morning,40,6,30,140.8,0.54,51.07,0.15,0.75
6/17/2024,Mon,FALSE,13,Morning,61,3,53,245.9,2.99,54.26,0.049,0.869
6/17/2024,Mon,FALSE,14,Evening,75,4,63,318.8,1.12,63.84,0.053,0.84
6/17/2024,Mon,FALSE,15,Evening,58,2,51,234.6,2.48,60.65,0.034,0.879
6/17/2024,Mon,FALSE,16,Evening,60,6,48,248.8,0.95,54.26,0.1,0.8
6/17/2024,Mon,FALSE,17,Evening,44,3,34,229,2.68,44.69,0.068,0.773
6/17/2024,Mon,FALSE,18,Evening,36,4,28,119,8.4,35.11,0.111,0.778
6/17/2024,Mon,FALSE,19,Evening,37,0,31,159.1,0.01,28.73,0,0.838
6/17/2024,Mon,FALSE,20,Night,24,2,19,102.2,0.1,22.34,0.083,0.792
6/17/2024,Mon,FALSE,21,Night,20,1,16,91.4,1,19.15,0.05,0.8
6/17/2024,Mon,FALSE,22,Night,13,1,6,39.5,2.32,15.96,0.077,0.462
6/17/2024,Mon,FALSE,23,Night,12,0,10,81,0.29,12.77,0,0.833
6/18/2024,Tue,FALSE,0,Night,13,2,11,106.7,0.33,9.58,0.154,0.846
6/18/2024,Tue,FALSE,1,Night,8,0,6,53,0.22,6.39,0,0.75
6/18/2024,Tue,FALSE,2,Night,4,0,4,32.9,0.03,4.79,0,1
6/18/2024,Tue,FALSE,3,Night,4,1,3,10.1,0.41,3.83,0.25,0.75
6/18/2024,Tue,FALSE,4,Night,5,0,4,28.4,0.21,4.79,0,0.8
6/18/2024,Tue,FALSE,5,Night,14,3,8,84.5,0.55,9.58,0.214,0.571
6/18/2024,Tue,FALSE,6,Morning,27,2,19,119.8,0.01,22.36,0.074,0.704
6/18/2024,Tue,FALSE,7,Morning,38,1,31,149.3,0.21,35.14,0.026,0.816
6/18/2024,Tue,FALSE,8,Morning,50,3,41,175.2,0.09,47.91,0.06,0.82
6/18/2024,Tue,FALSE,9,Morning,56,2,43,257.1,4.4,57.5,0.036,0.768
6/18/2024,Tue,FALSE,10,Morning,68,4,58,303.1,0.49,67.08,0.059,0.853
6/18/2024,Tue,FALSE,11,Morning,50,5,40,233.7,3,63.89,0.1,0.8
6/18/2024,Tue,FALSE,12,Morning,52,4,43,247.1,1.06,51.11,0.077,0.827
6/18/2024,Tue,FALSE,13,Morning,57,5,47,295.9,0.33,54.3,0.088,0.825
6/18/2024,Tue,FALSE,14,Evening,68,5,61,350.2,4.31,63.89,0.074,0.897
6/18/2024,Tue,FALSE,15,Evening,55,2,49,244.4,1.64,60.69,0.036,0.891
6/18/2024,Tue,FALSE,16,Evening,54,4,46,227.4,6.78,54.3,0.074,0.852
6/18/2024,Tue,FALSE,17,Evening,43,7,30,239.3,0.74,44.72,0.163,0.698
6/18/2024,Tue,FALSE,18,Evening,35,2,31,129.6,3.66,35.14,0.057,0.886
6/18/2024,Tue,FALSE,19,Evening,37,3,32,141.2,2.99,28.75,0.081,0.865
6/18/2024,Tue,FALSE,20,Night,25,2,20,126.9,0.7,22.36,0.08,0.8
6/18/2024,Tue,FALSE,21,Night,20,1,14,129.7,0.62,19.17,0.05,0.7
6/18/2024,Tue,FALSE,22,Night,12,0,10,50.4,1.93,15.97,0,0.833
6/18/2024,Tue,FALSE,23,Night,14,0,14,65.3,2.99,12.78,0,1
6/19/2024,Wed,FALSE,0,Night,12,0,12,73.9,1.87,9.59,0,1
6/19/2024,Wed,FALSE,1,Night,6,0,6,21.3,0.78,6.39,0,1
6/19/2024,Wed,FALSE,2,Night,7,0,6,27.6,0.48,4.79,0,0.857
6/19/2024,Wed,FALSE,3,Night,2,0,1,15.7,0.27,3.84,0,0.5
6/19/2024,Wed,FALSE,4,Night,8,1,7,43.6,0.69,4.79,0.125,0.875
6/19/2024,Wed,FALSE,5,Night,9,1,7,61,0.02,9.59,0.111,0.778
6/19/2024,Wed,FALSE,6,Morning,26,1,21,110.1,0.23,22.38,0.038,0.808
6/19/2024,Wed,FALSE,7,Morning,38,2,33,200.9,0.02,35.16,0.053,0.868
6/19/2024,Wed,FALSE,8,Morning,51,3,39,221.7,2.33,47.95,0.059,0.765
6/19/2024,Wed,FALSE,9,Morning,58,7,45,230.1,5.05,57.54,0.121,0.776
6/19/2024,Wed,FALSE,10,Morning,58,4,46,327.9,8.55,67.13,0.069,0.793
6/19/2024,Wed,FALSE,11,Morning,62,6,49,260,1.09,63.93,0.097,0.79
6/19/2024,Wed,FALSE,12,Morning,53,7,41,245.9,0.16,51.15,0.132,0.774
6/19/2024,Wed,FALSE,13,Morning,53,6,42,237.3,0.09,54.34,0.113,0.792
6/19/2024,Wed,FALSE,14,Evening,66,4,52,362.3,1.35,63.93,0.061,0.788
6/19/2024,Wed,FALSE,15,Evening,61,3,51,266,6.21,60.74,0.049,0.836
6/19/2024,Wed,FALSE,16,Evening,62,6,51,307.1,3.81,54.34,0.097,0.823
6/19/2024,Wed,FALSE,17,Evening,50,4,42,210.1,1.84,44.75,0.08,0.84
6/19/2024,Wed,FALSE,18,Evening,32,4,24,146.9,3.89,35.16,0.125,0.75
6/19/2024,Wed,FALSE,19,Evening,28,4,21,116.1,1.98,28.77,0.143,0.75
6/19/2024,Wed,FALSE,20,Night,13,2,8,55.5,6.04,22.38,0.154,0.615
6/19/2024,Wed,FALSE,21,Night,11,2,8,54.1,1.02,19.18,0.182,0.727
6/19/2024,Wed,FALSE,22,Night,10,2,8,53.4,0.84,15.98,0.2,0.8
6/19/2024,Wed,FALSE,23,Night,20,0,19,116.7,3.55,12.79,0,0.95
6/20/2024,Thu,FALSE,0,Night,6,0,5,24.9,0.18,9.6,0,0.833
6/20/2024,Thu,FALSE,1,Night,10,1,7,59.2,0.39,6.4,0.1,0.7
6/20/2024,Thu,FALSE,2,Night,9,0,8,35.4,0.03,4.8,0,0.889
6/20/2024,Thu,FALSE,3,Night,6,2,4,20.7,0.13,3.84,0.333,0.667
6/20/2024,Thu,FALSE,4,Night,7,0,4,26.6,0.25,4.8,0,0.571
6/20/2024,Thu,FALSE,5,Night,15,1,11,47.4,0.7,9.6,0.067,0.733
6/20/2024,Thu,FALSE,6,Morning,17,0,15,61.7,0.03,22.39,0,0.882
6/20/2024,Thu,FALSE,7,Morning,41,3,33,201.3,9.65,35.19,0.073,0.805
6/20/2024,Thu,FALSE,8,Morning,47,1,42,227.3,3.64,47.98,0.021,0.894
6/20/2024,Thu,FALSE,9,Morning,55,8,42,292.1,4.43,57.58,0.145,0.764
6/20/2024,Thu,FALSE,10,Morning,77,4,59,344,1.68,67.18,0.052,0.766
6/20/2024,Thu,FALSE,11,Morning,69,5,55,341.6,0.74,63.98,0.072,0.797
6/20/2024,Thu,FALSE,12,Morning,43,4,32,189.9,5.16,51.18,0.093,0.744
6/20/2024,Thu,FALSE,13,Morning,53,7,38,295,4.47,54.38,0.132,0.717
6/20/2024,Thu,FALSE,14,Evening,54,6,44,192.3,2.6,63.98,0.111,0.815
6/20/2024,Thu,FALSE,15,Evening,56,6,41,224.2,4.7,60.78,0.107,0.732
6/20/2024,Thu,FALSE,16,Evening,57,2,49,234.1,1.48,54.38,0.035,0.86
6/20/2024,Thu,FALSE,17,Evening,43,2,36,177.8,7.74,44.79,0.047,0.837
6/20/2024,Thu,FALSE,18,Evening,42,3,27,261.8,3.68,35.19,0.071,0.643
6/20/2024,Thu,FALSE,19,Evening,32,3,28,113.5,0.1,28.79,0.094,0.875
6/20/2024,Thu,FALSE,20,Night,15,2,11,70.2,1.47,22.39,0.133,0.733
6/20/2024,Thu,FALSE,21,Night,21,2,16,134.9,3.32,19.19,0.095,0.762
6/20/2024,Thu,FALSE,22,Night,16,0,13,98.7,1.06,16,0,0.812
6/20/2024,Thu,FALSE,23,Night,7,1,5,63.6,3.51,12.8,0.143,0.714
6/21/2024,Fri,FALSE,0,Night,10,1,8,46.9,0.28,9.6,0.1,0.8
6/21/2024,Fri,FALSE,1,Night,10,0,8,31.4,0.03,6.4,0,0.8
6/21/2024,Fri,FALSE,2,Night,5,1,4,26.6,0.28,4.8,0.2,0.8
6/21/2024,Fri,FALSE,3,Night,8,2,6,19.7,0.02,3.84,0.25,0.75
6/21/2024,Fri,FALSE,4,Night,6,1,4,31.3,0.67,4.8,0.167,0.667
6/21/2024,Fri,FALSE,5,Night,13,2,11,50.4,1.1,9.6,0.154,0.846
6/21/2024,Fri,FALSE,6,Morning,26,3,22,109.1,0.35,22.41,0.115,0.846
6/21/2024,Fri,FALSE,7,Morning,31,0,27,107.1,1.74,35.21,0,0.871
6/21/2024,Fri,FALSE,8,Morning,51,7,39,192.1,0.77,48.02,0.137,0.765
6/21/2024,Fri,FALSE,9,Morning,41,3,34,219.6,0.22,57.62,0.073,0.829
6/21/2024,Fri,FALSE,10,Morning,66,5,52,304.5,11.77,67.23,0.076,0.788
6/21/2024,Fri,FALSE,11,Morning,49,2,43,199.7,4.92,64.03,0.041,0.878
6/21/2024,Fri,FALSE,12,Morning,41,2,35,204.1,0.5,51.22,0.049,0.854
6/21/2024,Fri,FALSE,13,Morning,39,3,33,129.8,6.41,54.42,0.077,0.846
6/21/2024,Fri,FALSE,14,Evening,69,4,51,308,6.02,64.03,0.058,0.739
6/21/2024,Fri,FALSE,15,Evening,70,3,59,302.6,1.63,60.83,0.043,0.843
6/21/2024,Fri,FALSE,16,Evening,37,2,29,220.4,5.22,54.42,0.054,0.784
6/21/2024,Fri,FALSE,17,Evening,45,2,37,233.5,1.4,44.82,0.044,0.822
6/21/2024,Fri,FALSE,18,Evening,39,5,27,230.2,2.59,35.21,0.128,0.692
6/21/2024,Fri,FALSE,19,Evening,30,2,26,137.8,1.84,28.81,0.067,0.867
6/21/2024,Fri,FALSE,20,Night,25,1,22,133.1,1.36,22.41,0.04,0.88
6/21/2024,Fri,FALSE,21,Night,17,2,14,54.9,2.08,19.21,0.118,0.824
6/21/2024,Fri,FALSE,22,Night,11,1,6,111.3,1.82,16.01,0.091,0.545
6/21/2024,Fri,FALSE,23,Night,11,0,11,60.6,0.09,12.81,0,1
6/22/2024,Sat,TRUE,0,Night,4,0,4,25.8,0.67,5.29,0,1
6/22/2024,Sat,TRUE,1,Night,7,0,7,26.4,0.34,3.52,0,1
6/22/2024,Sat,TRUE,2,Night,1,0,1,0.7,0.24,2.64,0,1
6/22/2024,Sat,TRUE,3,Night,0,0,0,0,0,2.11,0,0
6/22/2024,Sat,TRUE,4,Night,4,0,4,40.2,0.22,2.64,0,1
6/22/2024,Sat,TRUE,5,Night,4,0,4,5.4,0.19,5.29,0,1
6/22/2024,Sat,TRUE,6,Morning,17,1,14,67.8,2.42,12.33,0.059,0.824
6/22/2024,Sat,TRUE,7,Morning,23,0,20,76,1.67,19.38,0,0.87
6/22/2024,Sat,TRUE,8,Morning,25,2,19,123.9,12.19,26.43,0.08,0.76
6/22/2024,Sat,TRUE,9,Morning,41,1,35,204.9,8.05,31.72,0.024,0.854
6/22/2024,Sat,TRUE,10,Morning,46,4,36,230.4,0.14,37,0.087,0.783
6/22/2024,Sat,TRUE,11,Morning,39,8,26,136.6,1.64,35.24,0.205,0.667
6/22/2024,Sat,TRUE,12,Morning,36,4,30,130.9,6.37,28.19,0.111,0.833
6/22/2024,Sat,TRUE,13,Morning,36,3,29,195.6,5.07,29.95,0.083,0.806
6/22/2024,Sat,TRUE,14,Evening,35,2,26,131.7,11.01,35.24,0.057,0.743
6/22/2024,Sat,TRUE,15,Evening,39,3,32,204.8,3.94,33.48,0.077,0.821
6/22/2024,Sat,TRUE,16,Evening,33,3,26,130.2,0.97,29.95,0.091,0.788
6/22/2024,Sat,TRUE,17,Evening,18,2,14,113.6,0.46,24.67,0.111,0.778
6/22/2024,Sat,TRUE,18,Evening,28,2,25,115.5,1.8,19.38,0.071,0.893
6/22/2024,Sat,TRUE,19,Evening,11,0,10,64.9,0.39,15.86,0,0.909
6/22/2024,Sat,TRUE,20,Night,13,0,11,62.2,3.26,12.33,0,0.846
6/22/2024,Sat,TRUE,21,Night,14,2,8,44.3,0.35,10.57,0.143,0.571
6/22/2024,Sat,TRUE,22,Night,8,0,6,60.7,1.17,8.81,0,0.75
6/22/2024,Sat,TRUE,23,Night,9,0,9,62.9,1.44,7.05,0,1
6/23/2024,Sun,TRUE,0,Night,6,1,5,34.3,0.21,5.29,0.167,0.833
6/23/2024,Sun,TRUE,1,Night,2,1,1,4.4,0.55,3.53,0.5,0.5
6/23/2024,Sun,TRUE,2,Night,5,1,3,5.3,0.03,2.64,0.2,0.6
6/23/2024,Sun,TRUE,3,Night,0,0,0,0,0,2.12,0,0
6/23/2024,Sun,TRUE,4,Night,1,0,1,4.3,0.82,2.64,0,1
6/23/2024,Sun,TRUE,5,Night,3,0,2,10.9,0.99,5.29,0,0.667
6/23/2024,Sun,TRUE,6,Morning,11,0,10,53.7,0.01,12.34,0,0.909
6/23/2024,Sun,TRUE,7,Morning,19,2,16,112.3,0.02,19.4,0.105,0.842
6/23/2024,Sun,TRUE,8,Morning,28,2,22,127.7,1.82,26.45,0.071,0.786
6/23/2024,Sun,TRUE,9,Morning,30,2,27,207.3,0.2,31.74,0.067,0.9
6/23/2024,Sun,TRUE,10,Morning,34,3,22,160.8,2.93,37.03,0.088,0.647
6/23/2024,Sun,TRUE,11,Morning,38,3,29,182.8,0.94,35.27,0.079,0.763
6/23/2024,Sun,TRUE,12,Morning,23,3,15,81.2,1.94,28.21,0.13,0.652
6/23/2024,Sun,TRUE,13,Morning,32,3,23,183.1,5.73,29.98,0.094,0.719
6/23/2024,Sun,TRUE,14,Evening,50,5,36,209.8,0.97,35.27,0.1,0.72
6/23/2024,Sun,TRUE,15,Evening,35,2,30,180.7,9.74,33.5,0.057,0.857
6/23/2024,Sun,TRUE,16,Evening,30,2,26,157,0.35,29.98,0.067,0.867
6/23/2024,Sun,TRUE,17,Evening,22,5,14,144.8,1.06,24.69,0.227,0.636
6/23/2024,Sun,TRUE,18,Evening,22,1,19,89.5,3.56,19.4,0.045,0.864
6/23/2024,Sun,TRUE,19,Evening,16,1,12,70.9,7.88,15.87,0.062,0.75
6/23/2024,Sun,TRUE,20,Night,16,1,13,65.5,0.52,12.34,0.062,0.812
6/23/2024,Sun,TRUE,21,Night,11,1,8,43.6,0.93,10.58,0.091,0.727
6/23/2024,Sun,TRUE,22,Night,13,0,13,90.3,2,8.82,0,1
6/23/2024,Sun,TRUE,23,Night,6,0,6,27.2,2.58,7.05,0,1
6/24/2024,Mon,FALSE,0,Night,11,0,10,40.6,0.86,9.62,0,0.909
6/24/2024,Mon,FALSE,1,Night,8,0,6,30.7,0.67,6.42,0,0.75
6/24/2024,Mon,FALSE,2,Night,3,0,3,12.1,0.2,4.81,0,1
6/24/2024,Mon,FALSE,3,Night,4,0,4,23.8,0.18,3.85,0,1
6/24/2024,Mon,FALSE,4,Night,6,0,6,9.1,0.49,4.81,0,1
6/24/2024,Mon,FALSE,5,Night,8,0,7,51.3,0.01,9.62,0,0.875
6/24/2024,Mon,FALSE,6,Morning,26,0,23,118.1,0.26,22.46,0,0.885
6/24/2024,Mon,FALSE,7,Morning,44,3,36,159.8,2.1,35.29,0.068,0.818
6/24/2024,Mon,FALSE,8,Morning,57,8,46,261.7,4.22,48.12,0.14,0.807
6/24/2024,Mon,FALSE,9,Morning,56,2,46,230.3,1.65,57.75,0.036,0.821
6/24/2024,Mon,FALSE,10,Morning,65,4,55,318.6,3.45,67.38,0.062,0.846
6/24/2024,Mon,FALSE,11,Morning,56,4,45,225.2,5.98,64.17,0.071,0.804
6/24/2024,Mon,FALSE,12,Morning,50,4,40,243.1,5.99,51.33,0.08,0.8
6/24/2024,Mon,FALSE,13,Morning,56,6,45,205.8,20,54.54,0.107,0.804
6/24/2024,Mon,FALSE,14,Evening,61,4,50,288.5,13.37,64.17,0.066,0.82
6/24/2024,Mon,FALSE,15,Evening,68,6,53,361.2,7.56,60.96,0.088,0.779
6/24/2024,Mon,FALSE,16,Evening,56,6,44,250,15.26,54.54,0.107,0.786
6/24/2024,Mon,FALSE,17,Evening,41,4,32,195.6,1.33,44.92,0.098,0.78
6/24/2024,Mon,FALSE,18,Evening,35,5,26,147.8,1.32,35.29,0.143,0.743
6/24/2024,Mon,FALSE,19,Evening,26,2,21,114,4,28.87,0.077,0.808
6/24/2024,Mon,FALSE,20,Night,17,1,15,61.1,1.8,22.46,0.059,0.882
6/24/2024,Mon,FALSE,21,Night,21,4,11,117.3,0.05,19.25,0.19,0.524
6/24/2024,Mon,FALSE,22,Night,17,3,14,61.7,0.38,16.04,0.176,0.824
6/24/2024,Mon,FALSE,23,Night,13,3,9,55.1,2.65,12.83,0.231,0.692
6/25/2024,Tue,FALSE,0,Night,12,2,9,42.2,0.2,9.63,0.167,0.75
6/25/2024,Tue,FALSE,1,Night,9,1,6,24.4,0.08,6.42,0.111,0.667
6/25/2024,Tue,FALSE,2,Night,8,1,6,44.4,0.02,4.82,0.125,0.75
6/25/2024,Tue,FALSE,3,Night,0,0,0,0,0,3.85,0,0
6/25/2024,Tue,FALSE,4,Night,5,0,4,38.7,0.33,4.82,0,0.8
6/25/2024,Tue,FALSE,5,Night,15,0,12,38.5,0.08,9.63,0,0.8
6/25/2024,Tue,FALSE,6,Morning,31,1,27,133,4.67,22.47,0.032,0.871
6/25/2024,Tue,FALSE,7,Morning,32,3,24,165.3,1.85,35.32,0.094,0.75
6/25/2024,Tue,FALSE,8,Morning,49,1,43,214.5,13.06,48.16,0.02,0.878
6/25/2024,Tue,FALSE,9,Morning,57,4,41,340.6,3.36,57.79,0.07,0.719
6/25/2024,Tue,FALSE,10,Morning,65,8,49,237.9,4,67.42,0.123,0.754
6/25/2024,Tue,FALSE,11,Morning,68,5,54,378.7,0.67,64.21,0.074,0.794
6/25/2024,Tue,FALSE,12,Morning,55,5,47,204.9,7.04,51.37,0.091,0.855
6/25/2024,Tue,FALSE,13,Morning,36,7,24,193.6,0.12,54.58,0.194,0.667
6/25/2024,Tue,FALSE,14,Evening,72,6,55,320.3,4.39,64.21,0.083,0.764
6/25/2024,Tue,FALSE,15,Evening,71,6,53,392.7,3.49,61,0.085,0.746
6/25/2024,Tue,FALSE,16,Evening,53,6,43,270.3,1.43,54.58,0.113,0.811
6/25/2024,Tue,FALSE,17,Evening,30,1,25,130.7,6.69,44.95,0.033,0.833
6/25/2024,Tue,FALSE,18,Evening,40,3,32,175.9,0.08,35.32,0.075,0.8
6/25/2024,Tue,FALSE,19,Evening,32,2,28,112.9,0.52,28.9,0.062,0.875
6/25/2024,Tue,FALSE,20,Night,19,2,16,80.5,1.09,22.47,0.105,0.842
6/25/2024,Tue,FALSE,21,Night,17,1,12,102.7,1.25,19.26,0.059,0.706
6/25/2024,Tue,FALSE,22,Night,19,0,17,56.7,0.02,16.05,0,0.895
6/25/2024,Tue,FALSE,23,Night,13,1,10,39.8,1.54,12.84,0.077,0.769
6/26/2024,Wed,FALSE,0,Night,7,1,5,41.4,0.92,9.64,0.143,0.714
6/26/2024,Wed,FALSE,1,Night,4,0,4,17.5,0.21,6.43,0,1
6/26/2024,Wed,FALSE,2,Night,3,0,3,18,0.19,4.82,0,1
6/26/2024,Wed,FALSE,3,Night,5,0,5,28.8,0.01,3.86,0,1
6/26/2024,Wed,FALSE,4,Night,7,0,7,57.6,0.29,4.82,0,1
6/26/2024,Wed,FALSE,5,Night,10,1,7,59.8,0.06,9.64,0.1,0.7
6/26/2024,Wed,FALSE,6,Morning,29,2,24,124.1,0.02,22.49,0.069,0.828
6/26/2024,Wed,FALSE,7,Morning,38,3,32,222,13.36,35.34,0.079,0.842
6/26/2024,Wed,FALSE,8,Morning,49,7,34,179.8,4.97,48.2,0.143,0.694
6/26/2024,Wed,FALSE,9,Morning,45,5,37,235.2,4.81,57.83,0.111,0.822
6/26/2024,Wed,FALSE,10,Morning,71,5,58,367.2,4.56,67.47,0.07,0.817
6/26/2024,Wed,FALSE,11,Morning,54,4,45,303.5,4.63,64.26,0.074,0.833
6/26/2024,Wed,FALSE,12,Morning,44,5,34,174.2,6.71,51.41,0.114,0.773
6/26/2024,Wed,FALSE,13,Morning,56,5,48,256.4,0.13,54.62,0.089,0.857
6/26/2024,Wed,FALSE,14,Evening,69,4,59,364.8,3.78,64.26,0.058,0.855
6/26/2024,Wed,FALSE,15,Evening,51,2,43,236.5,0.09,61.05,0.039,0.843
6/26/2024,Wed,FALSE,16,Evening,44,5,32,210,1.83,54.62,0.114,0.727
6/26/2024,Wed,FALSE,17,Evening,54,5,41,279.2,0.87,44.98,0.093,0.759
6/26/2024,Wed,FALSE,18,Evening,40,2,34,165.8,0.43,35.34,0.05,0.85
6/26/2024,Wed,FALSE,19,Evening,32,4,24,129.6,0.79,28.92,0.125,0.75
6/26/2024,Wed,FALSE,20,Night,31,1,25,123.6,2.3,22.49,0.032,0.806
6/26/2024,Wed,FALSE,21,Night,15,1,9,62.6,1.28,19.28,0.067,0.6
6/26/2024,Wed,FALSE,22,Night,17,2,12,85.7,0.14,16.06,0.118,0.706
6/26/2024,Wed,FALSE,23,Night,16,2,12,93.8,0.52,12.85,0.125,0.75
6/27/2024,Thu,FALSE,0,Night,8,3,5,49.9,0.17,9.65,0.375,0.625
6/27/2024,Thu,FALSE,1,Night,14,1,11,50.6,0.1,6.43,0.071,0.786
6/27/2024,Thu,FALSE,2,Night,6,0,5,17.4,0.26,4.82,0,0.833
6/27/2024,Thu,FALSE,3,Night,4,0,4,3.5,0.76,3.86,0,1
6/27/2024,Thu,FALSE,4,Night,3,1,2,21.6,0.2,4.82,0.333,0.667
6/27/2024,Thu,FALSE,5,Night,15,1,13,74.2,0.22,9.65,0.067,0.867
6/27/2024,Thu,FALSE,6,Morning,20,4,16,78.5,2.06,22.51,0.2,0.8
6/27/2024,Thu,FALSE,7,Morning,21,1,17,98.2,7.4,35.37,0.048,0.81
6/27/2024,Thu,FALSE,8,Morning,43,7,32,238.1,0.57,48.23,0.163,0.744
6/27/2024,Thu,FALSE,9,Morning,63,5,53,273.4,1,57.88,0.079,0.841
6/27/2024,Thu,FALSE,10,Morning,61,7,44,293.2,0.92,67.52,0.115,0.721
6/27/2024,Thu,FALSE,11,Morning,65,10,50,254,0.51,64.31,0.154,0.769
6/27/2024,Thu,FALSE,12,Morning,68,7,52,313.5,2.64,51.45,0.103,0.765
6/27/2024,Thu,FALSE,13,Morning,55,4,48,216.2,7.06,54.66,0.073,0.873
6/27/2024,Thu,FALSE,14,Evening,56,7,44,260.8,3.97,64.31,0.125,0.786
6/27/2024,Thu,FALSE,15,Evening,57,2,48,233.7,1.45,61.09,0.035,0.842
6/27/2024,Thu,FALSE,16,Evening,50,0,44,187.3,9.77,54.66,0,0.88
6/27/2024,Thu,FALSE,17,Evening,46,5,32,255.4,3.75,45.01,0.109,0.696
6/27/2024,Thu,FALSE,18,Evening,35,3,30,131.6,2.59,35.37,0.086,0.857
6/27/2024,Thu,FALSE,19,Evening,27,2,21,180.6,1.46,28.94,0.074,0.778
6/27/2024,Thu,FALSE,20,Night,26,4,18,140.5,1.57,22.51,0.154,0.692
6/27/2024,Thu,FALSE,21,Night,14,2,10,79.6,3.32,19.29,0.143,0.714
6/27/2024,Thu,FALSE,22,Night,21,2,16,63.6,0.23,16.08,0.095,0.762
6/27/2024,Thu,FALSE,23,Night,11,1,10,98.7,0.09,12.86,0.091,0.909
6/28/2024,Fri,FALSE,0,Night,10,1,9,22.4,0.09,9.65,0.1,0.9
6/28/2024,Fri,FALSE,1,Night,6,0,6,16.2,0.87,6.44,0,1
6/28/2024,Fri,FALSE,2,Night,3,0,3,14.3,0.94,4.83,0,1
6/28/2024,Fri,FALSE,3,Night,5,1,3,10.7,0.09,3.86,0.2,0.6
6/28/2024,Fri,FALSE,4,Night,6,1,5,25.7,0.06,4.83,0.167,0.833
6/28/2024,Fri,FALSE,5,Night,7,0,6,17,0.02,9.65,0,0.857
6/28/2024,Fri,FALSE,6,Morning,22,2,20,110.8,1.12,22.52,0.091,0.909
6/28/2024,Fri,FALSE,7,Morning,39,4,31,218.3,0.1,35.39,0.103,0.795
6/28/2024,Fri,FALSE,8,Morning,51,3,44,256,0.97,48.27,0.059,0.863
6/28/2024,Fri,FALSE,9,Morning,67,2,56,274.4,11.95,57.92,0.03,0.836
6/28/2024,Fri,FALSE,10,Morning,72,5,60,395.5,12,67.57,0.069,0.833
6/28/2024,Fri,FALSE,11,Morning,61,4,51,304.3,0.1,64.35,0.066,0.836
6/28/2024,Fri,FALSE,12,Morning,48,4,39,218.4,8.67,51.48,0.083,0.812
6/28/2024,Fri,FALSE,13,Morning,52,7,41,228.8,1.39,54.7,0.135,0.788
6/28/2024,Fri,FALSE,14,Evening,63,4,54,349.5,4.44,64.35,0.063,0.857
6/28/2024,Fri,FALSE,15,Evening,82,5,66,443.3,0.52,61.14,0.061,0.805
6/28/2024,Fri,FALSE,16,Evening,54,3,48,220.4,1.31,54.7,0.056,0.889
6/28/2024,Fri,FALSE,17,Evening,53,5,39,225,0.66,45.05,0.094,0.736
6/28/2024,Fri,FALSE,18,Evening,34,2,28,160.3,1.42,35.39,0.059,0.824
6/28/2024,Fri,FALSE,19,Evening,25,1,20,98.2,0.8,28.96,0.04,0.8
6/28/2024,Fri,FALSE,20,Night,17,0,16,117.7,0.18,22.52,0,0.941
6/28/2024,Fri,FALSE,21,Night,15,1,12,54.2,3.22,19.31,0.067,0.8
6/28/2024,Fri,FALSE,22,Night,15,1,13,53.9,0.18,16.09,0.067,0.867
6/28/2024,Fri,FALSE,23,Night,18,4,11,107.7,1.13,12.87,0.222,0.611
