customer_id,age,income_lpa,city_tier,spend_score,frequency_pm,avg_order_val,recency_days,total_orders,total_spend,clv,cat_electronics,cat_fashion,cat_grocery,cat_beauty,cat_sports,cat_home,app_sessions_pw,email_open_rate,push_click_rate,web_sessions_pw,pages_per_session,cart_abandon_rate,wishlist_items,reviews_written,returns_rate,referrals_made,pref_mobile,pref_desktop,pref_app,loyalty_years,nps_score,satisfaction,support_tickets,discount_usage,engagement_score,churn_risk
C00001,44,37.64,3,39.8,3.8,261,8,32,8352,26800,0.271,0.254,0.818,0.053,0.413,0.288,2.2,0.462,0.347,3.3,1.6,0.459,1,2,0.221,0,0.373,0.627,0.312,12.0,7,5,4,0.37,37.0,0.374
C00002,36,18.12,3,27.1,2.8,200,173,33,6600,17661,0.654,0.148,0.419,0.31,0.28,0.528,0.0,0.639,0.327,0.0,1.6,0.421,3,5,0.348,0,0.833,0.16700000000000004,0.455,1.8,9,5,0,0.577,30.0,0.527
C00003,46,15.64,1,42.1,2.5,268,21,28,7504,15411,0.335,0.829,0.811,0.259,0.195,0.617,1.4,0.376,0.225,2.6,2.2,0.301,2,5,0.079,0,0.71,0.29000000000000004,0.398,5.0,9,3,0,0.625,32.7,0.447
C00004,56,24.49,3,15.3,5.0,200,5,56,11200,25708,0.267,0.724,0.663,0.108,0.124,0.219,0.8,0.508,0.143,0.7,18.8,0.879,2,1,0.127,0,0.555,0.44499999999999995,0.571,1.3,6,3,0,0.412,24.0,0.326
C00005,35,22.34,2,27.6,4.4,200,31,60,12000,34326,0.357,0.677,0.694,0.057,0.054,0.428,0.3,0.579,0.503,0.6,1.0,0.693,6,1,0.182,0,0.83,0.17000000000000004,0.752,0.7,0,4,0,0.529,29.4,0.348
C00006,35,19.12,1,33.0,3.4,456,93,28,12768,41900,0.243,0.518,0.891,0.303,0.402,0.337,1.4,0.395,0.556,2.7,1.4,0.34,7,2,0.224,1,0.37,0.63,0.751,1.7,9,4,0,0.281,29.7,0.497
C00007,57,35.98,1,41.6,4.3,1178,98,54,63612,100643,0.015,0.828,0.811,0.361,0.152,0.152,3.1,0.328,0.25,2.9,1.4,0.824,2,3,0.283,0,0.119,0.881,0.524,3.7,6,4,1,0.299,36.7,0.5
C00008,47,41.49,1,25.1,3.5,200,1,29,5800,9530,0.238,0.453,0.324,0.671,0.63,0.105,5.4,0.313,0.269,7.7,14.7,0.508,3,1,0.15,4,0.911,0.08899999999999997,0.498,6.0,8,5,1,0.279,37.2,0.418
C00009,32,25.75,2,16.3,6.6,200,98,54,10800,23221,0.195,0.793,0.384,0.178,0.112,0.094,2.6,0.083,0.125,1.5,2.1,0.307,5,1,0.106,2,0.687,0.31299999999999994,0.067,0.5,8,5,2,0.414,17.6,0.515
C00010,45,55.29,2,46.6,1.3,200,14,14,2800,5504,0.697,0.582,0.659,0.165,0.597,0.417,6.7,0.416,0.211,5.0,3.3,0.572,2,2,0.117,3,0.461,0.5389999999999999,0.474,0.3,10,5,0,0.25,53.2,0.457
C00011,32,13.09,1,33.8,2.8,798,2,23,18354,37256,0.504,0.617,0.579,0.209,0.292,0.367,1.7,0.1,0.206,2.3,1.0,0.533,1,1,0.216,2,0.445,0.5549999999999999,0.252,0.4,0,5,1,0.084,22.1,0.501
C00012,32,22.05,2,26.6,3.0,200,85,38,7600,14763,0.231,0.448,0.272,0.129,0.144,0.213,5.0,0.553,0.228,7.4,1.0,0.586,4,3,0.332,0,0.618,0.382,0.277,0.9,8,3,0,0.664,43.7,0.451
C00013,41,16.54,1,27.5,4.3,200,90,48,9600,18160,0.326,0.626,0.673,0.501,0.272,0.189,2.2,0.344,0.058,2.9,1.7,0.814,5,1,0.026,0,0.632,0.368,0.098,2.3,8,5,2,0.378,28.6,0.486
C00014,18,8.79,2,23.1,0.7,320,41,6,1920,3382,0.131,0.254,0.791,0.13,0.225,0.202,1.7,0.574,0.318,2.6,4.1,0.253,5,3,0.447,1,0.18,0.8200000000000001,0.675,3.3,8,5,0,0.606,32.1,0.455
C00015,18,23.44,2,33.5,0.5,876,38,4,3504,11801,0.2,0.618,0.422,0.451,0.137,0.126,1.1,0.179,0.204,1.9,4.7,0.405,4,2,0.2,0,0.755,0.245,0.416,1.1,9,4,0,0.055,22.4,0.575
C00016,31,22.94,3,21.2,3.2,335,75,37,12395,22167,0.249,0.578,0.459,0.089,0.065,0.65,2.1,0.36,0.184,1.6,5.6,0.279,1,2,0.334,1,0.712,0.28800000000000003,0.096,6.3,2,5,0,0.581,26.2,0.493
C00017,26,56.4,3,48.0,4.8,200,69,62,12400,23669,0.677,0.705,0.719,0.204,0.02,0.427,3.0,0.23,0.043,4.5,7.9,0.743,3,0,0.155,0,0.722,0.278,0.566,1.5,5,4,2,0.382,36.0,0.485
C00018,42,34.71,2,20.7,6.4,210,99,68,14280,28453,0.111,0.616,0.402,0.369,0.393,0.091,0.0,0.292,0.085,0.0,1.0,0.491,3,3,0.219,1,0.712,0.28800000000000003,0.383,1.7,8,5,1,0.53,17.0,0.458
C00019,27,13.97,2,24.0,0.5,710,36,6,4260,14339,0.422,0.479,0.466,0.1,0.347,0.29,2.7,0.389,0.566,1.8,1.0,0.552,4,1,0.23,0,0.373,0.627,0.162,5.4,6,4,1,0.579,30.2,0.51
C00020,21,68.02,2,44.6,7.0,200,154,90,18000,54206,0.379,0.575,0.548,0.259,0.146,0.305,0.0,0.734,0.068,0.0,6.2,0.707,1,2,0.097,0,0.501,0.499,0.136,0.2,6,4,3,0.338,39.9,0.371
C00021,56,48.02,3,37.9,8.7,200,250,101,20200,62204,0.156,0.43,0.722,0.202,0.151,0.818,3.4,0.281,0.419,3.8,2.3,0.33,1,0,0.027,1,0.516,0.484,0.391,2.3,7,3,2,0.287,34.8,0.568
C00022,35,33.79,1,28.5,2.6,200,6,24,4800,8206,0.498,0.343,0.778,0.114,0.435,0.504,2.9,0.493,0.474,5.2,11.8,0.364,2,1,0.252,1,0.605,0.395,0.611,2.1,10,5,0,0.391,35.8,0.393
C00023,39,21.66,1,42.7,0.5,200,85,6,1200,3807,0.381,0.407,0.569,0.331,0.376,0.139,4.3,0.17,0.279,3.5,11.5,0.59,5,4,0.235,0,0.347,0.653,0.518,1.3,5,3,1,0.801,36.4,0.629
C00024,21,14.47,1,23.4,1.8,200,31,21,4200,9729,0.398,0.278,0.486,0.154,0.049,0.412,0.0,0.668,0.414,0.0,1.0,0.491,1,1,0.196,3,0.662,0.33799999999999997,0.137,1.4,9,5,0,0.716,29.4,0.388
C00025,31,19.99,2,35.8,2.8,557,22,35,19495,39490,0.334,0.454,0.526,0.43,0.349,0.097,0.0,0.307,0.333,0.0,4.7,0.417,3,2,0.185,0,0.601,0.399,0.311,2.9,7,3,2,0.331,23.5,0.461
C00026,39,44.65,2,39.8,4.9,290,43,57,16530,43829,0.36,0.567,0.547,0.232,0.34,0.203,4.1,0.309,0.159,8.1,1.0,0.601,8,2,0.432,1,0.188,0.812,0.304,2.1,8,5,2,0.432,38.7,0.43
C00027,24,69.17,3,56.2,3.6,333,3,50,16650,52354,0.182,0.193,0.106,0.217,0.253,0.326,0.2,0.448,0.124,0.2,2.1,0.43,4,1,0.153,1,0.643,0.357,0.438,2.7,4,2,0,0.766,36.6,0.377
C00028,43,57.33,1,36.7,7.4,200,32,68,13600,41579,0.424,0.555,0.236,0.22,0.057,0.046,0.0,0.337,0.292,0.0,7.4,0.676,3,2,0.318,1,0.854,0.14600000000000002,0.398,1.5,4,3,0,0.207,24.8,0.346
C00029,31,18.75,2,38.0,0.5,264,92,7,1848,6061,0.456,0.321,0.743,0.287,0.032,0.215,1.8,0.399,0.148,1.6,2.5,0.376,2,0,0.225,0,0.353,0.647,0.353,1.3,4,5,1,0.461,33.1,0.568
C00030,34,13.25,3,13.1,0.5,200,11,6,1200,4028,0.19,0.561,0.801,0.161,0.225,0.358,1.2,0.543,0.209,0.7,1.0,0.83,2,4,0.404,1,0.159,0.841,0.137,1.8,9,4,1,0.524,25.5,0.436
C00031,31,26.51,3,18.7,5.3,200,25,64,12800,25296,0.409,0.457,0.579,0.265,0.221,0.492,1.8,0.143,0.424,1.4,1.1,0.802,2,1,0.209,2,0.669,0.33099999999999996,0.335,1.4,9,4,0,0.501,17.7,0.45
C00032,60,9.28,2,44.6,0.5,200,126,4,800,1878,0.204,0.501,0.433,0.237,0.082,0.065,2.3,0.193,0.126,1.5,1.0,0.841,3,1,0.221,1,0.67,0.32999999999999996,0.441,4.7,10,2,0,0.157,31.2,0.667
C00033,38,29.3,2,32.0,2.8,200,25,29,5800,8870,0.283,0.127,0.539,0.191,0.538,0.398,2.7,0.168,0.345,3.4,2.1,0.854,6,1,0.269,0,0.73,0.27,0.527,5.1,8,5,0,0.31,26.7,0.506
C00034,25,22.62,1,38.6,9.1,200,20,115,23000,74949,0.159,0.377,0.651,0.412,0.413,0.443,1.3,0.57,0.453,2.6,4.8,0.524,1,1,0.098,0,0.675,0.32499999999999996,0.069,0.2,8,4,0,0.458,36.8,0.22
C00035,48,18.99,3,23.3,2.7,200,26,33,6600,11940,0.15,0.476,0.802,0.088,0.057,0.465,1.5,0.517,0.156,2.5,4.3,0.382,2,1,0.318,3,0.659,0.34099999999999997,0.715,0.2,8,4,0,0.376,29.8,0.405
C00036,23,10.21,1,29.6,0.5,200,33,4,800,2578,0.22,0.564,0.368,0.243,0.045,0.168,1.1,0.3,0.291,1.5,5.1,0.663,5,0,0.04,2,0.633,0.367,0.376,0.9,2,5,1,0.311,24.5,0.533
C00037,41,32.54,3,37.4,3.2,1584,45,36,57024,123102,0.276,0.455,0.624,0.413,0.198,0.315,1.7,0.741,0.382,2.1,1.9,0.632,1,4,0.404,0,0.441,0.5589999999999999,0.118,0.2,1,4,2,0.518,42.8,0.346
C00038,18,18.3,2,34.9,2.6,456,73,22,10032,22434,0.138,0.535,0.582,0.386,0.318,0.169,0.0,0.637,0.032,0.0,1.2,0.654,3,3,0.072,0,0.9,0.09999999999999998,0.151,1.9,7,5,2,0.614,33.1,0.423
C00039,22,12.89,2,34.7,2.8,209,27,39,8151,12864,0.343,0.117,0.458,0.144,0.334,0.207,2.8,0.578,0.198,3.0,1.0,0.63,4,2,0.199,0,0.712,0.28800000000000003,0.213,0.1,7,3,2,0.268,40.5,0.385
C00040,40,5.05,1,30.8,3.5,200,77,47,9400,20245,0.126,0.378,0.411,0.071,0.344,0.218,3.2,0.653,0.106,2.5,11.4,0.83,3,1,0.29,2,0.558,0.44199999999999995,0.343,3.8,5,4,1,0.352,42.5,0.4
C00041,47,24.16,2,24.5,0.9,200,34,7,1400,4587,0.306,0.729,0.389,0.662,0.235,0.203,2.8,0.409,0.144,3.9,1.0,0.61,2,1,0.354,1,0.71,0.29000000000000004,0.301,2.6,8,5,0,0.295,31.3,0.492
C00042,40,65.02,2,50.6,8.0,200,19,105,21000,32573,0.364,0.48,0.794,0.487,0.43,0.303,3.4,0.502,0.468,4.4,1.0,0.455,3,5,0.378,5,0.345,0.655,0.384,0.6,10,4,1,0.209,46.5,0.267
C00043,37,61.17,1,42.4,4.9,200,48,66,13200,30527,0.216,0.331,0.684,0.252,0.553,0.68,0.2,0.284,0.269,0.4,1.0,0.328,4,3,0.025,0,0.716,0.28400000000000003,0.127,1.0,9,2,0,0.284,26.1,0.443
C00044,34,19.08,2,35.8,4.2,200,57,43,8600,13440,0.473,0.464,0.664,0.459,0.241,0.38,0.0,0.281,0.266,0.0,1.5,0.703,3,4,0.201,2,0.529,0.471,0.166,0.9,8,2,1,0.606,22.8,0.471
C00045,20,17.62,3,21.4,1.4,200,37,17,3400,7622,0.281,0.384,0.586,0.179,0.357,0.441,3.0,0.284,0.047,5.0,6.8,0.754,2,4,0.256,0,0.976,0.02400000000000002,0.556,6.4,6,3,2,0.418,27.0,0.52
C00046,29,31.75,2,27.6,5.8,200,3,62,12400,22881,0.28,0.536,0.611,0.267,0.034,0.469,1.7,0.588,0.039,1.1,1.6,0.705,0,3,0.071,0,0.403,0.597,0.327,5.5,5,4,2,0.364,34.3,0.279
C00047,32,14.17,2,43.9,2.1,200,8,25,5000,10022,0.384,0.596,0.357,0.375,0.694,0.183,1.6,0.222,0.379,2.6,4.4,0.471,4,3,0.384,1,0.725,0.275,0.149,2.1,9,5,2,0.428,29.5,0.489
C00048,51,28.96,1,39.7,3.7,200,15,37,7400,24088,0.338,0.49,0.783,0.308,0.33,0.374,2.0,0.129,0.133,3.9,13.5,0.483,0,2,0.073,1,0.518,0.482,0.294,1.1,7,4,0,0.353,26.3,0.484
C00049,42,37.39,2,42.9,1.6,745,15,16,11920,28275,0.284,0.491,0.62,0.16,0.071,0.209,2.3,0.322,0.148,3.4,8.9,0.298,2,6,0.244,0,0.658,0.34199999999999997,0.208,1.5,8,3,2,0.364,34.4,0.479
C00050,18,48.17,1,39.0,1.9,200,50,20,4000,8190,0.085,0.337,0.703,0.659,0.233,0.474,3.3,0.234,0.312,5.3,1.0,0.649,3,2,0.224,4,0.817,0.18300000000000005,0.36,2.1,10,4,1,0.371,33.5,0.536
C00051,42,23.22,2,24.8,4.3,200,1,38,7600,20358,0.317,0.353,0.793,0.155,0.163,0.5,1.3,0.468,0.172,2.6,1.8,0.614,4,3,0.367,1,0.867,0.133,0.157,1.7,7,2,4,0.158,28.2,0.351
C00052,33,21.93,3,35.0,2.0,763,63,26,19838,35395,0.056,0.51,0.477,0.552,0.468,0.306,0.0,0.49,0.131,0.0,5.6,0.129,5,3,0.34,1,0.949,0.051000000000000045,0.13,0.2,9,3,1,0.16,28.7,0.471
C00053,30,15.14,2,29.4,0.9,200,14,9,1800,3634,0.161,0.231,0.571,0.392,0.364,0.494,2.7,0.474,0.161,4.7,15.2,0.748,2,4,0.071,1,0.622,0.378,0.451,1.6,9,4,1,0.329,34.9,0.45
C00054,45,15.57,1,30.5,1.3,445,17,14,6230,16151,0.111,0.399,0.443,0.302,0.025,0.543,2.5,0.187,0.556,2.7,5.0,0.509,1,2,0.191,1,0.534,0.46599999999999997,0.591,6.3,4,5,1,0.144,26.1,0.529
C00055,50,21.66,2,26.3,4.3,1029,34,57,58653,115842,0.333,0.594,0.604,0.3,0.415,0.238,0.0,0.163,0.157,0.0,1.2,0.657,0,2,0.488,0,0.596,0.404,0.726,1.3,2,4,1,0.13,15.4,0.479
C00056,49,30.03,2,28.0,1.9,200,11,21,4200,12005,0.204,0.78,0.538,0.383,0.291,0.656,0.0,0.533,0.313,0.0,1.0,0.458,5,3,0.102,0,0.611,0.389,0.251,3.0,9,5,2,0.203,27.2,0.404
C00057,28,40.55,2,36.9,3.4,200,97,38,7600,18871,0.303,0.636,0.435,0.241,0.177,0.197,3.6,0.146,0.375,3.2,2.7,0.675,1,1,0.306,0,0.952,0.04800000000000004,0.278,12.0,10,5,1,0.369,31.0,0.576
C00058,34,15.77,3,47.1,2.7,200,4,37,7400,22525,0.121,0.639,0.429,0.212,0.362,0.509,3.6,0.131,0.181,7.2,1.0,0.755,3,0,0.235,0,0.118,0.882,0.359,2.0,7,5,2,0.475,34.6,0.496
C00059,42,55.76,3,43.4,0.5,200,26,7,1400,4755,0.172,0.149,0.448,0.29,0.327,0.532,0.0,0.59,0.751,0.0,1.0,0.681,4,2,0.348,2,0.386,0.614,0.294,1.7,7,4,2,0.514,35.1,0.439
C00060,50,21.13,2,29.2,0.5,200,85,5,1000,1732,0.125,0.564,0.686,0.516,0.161,0.313,2.3,0.373,0.279,1.6,4.0,0.386,2,4,0.32,1,0.356,0.644,0.621,0.8,9,5,1,0.458,30.5,0.569
C00061,32,24.25,2,40.8,3.6,444,43,39,17316,37564,0.58,0.53,0.368,0.149,0.285,0.289,1.0,0.262,0.451,1.0,2.9,0.81,0,1,0.13,0,0.222,0.778,0.403,0.7,5,2,0,0.501,27.5,0.477
C00062,36,16.27,1,28.8,1.2,273,16,17,4641,9928,0.152,0.326,0.771,0.317,0.396,0.199,1.5,0.544,0.315,2.7,1.0,0.728,3,5,0.411,0,0.512,0.488,0.298,2.0,0,5,4,0.649,32.8,0.424
C00063,25,6.47,1,38.7,4.4,311,25,45,13995,25224,0.164,0.433,0.36,0.178,0.131,0.224,1.4,0.398,0.283,1.4,1.0,0.726,1,1,0.36,1,0.47,0.53,0.239,2.8,9,4,2,0.627,32.0,0.396
C00064,24,39.89,2,24.9,5.5,200,55,56,11200,34951,0.491,0.505,0.271,0.19,0.121,0.616,0.3,0.098,0.377,0.4,1.0,0.594,3,1,0.041,0,0.913,0.08699999999999997,0.548,1.4,8,4,1,0.396,13.9,0.491
C00065,48,36.79,2,37.4,4.9,200,163,45,9000,27178,0.319,0.311,0.536,0.683,0.155,0.124,3.0,0.453,0.207,5.7,1.0,0.697,2,2,0.04,2,0.395,0.605,0.434,0.0,9,5,3,0.662,38.4,0.518
C00066,54,21.02,2,35.5,6.5,638,101,56,35728,88207,0.339,0.671,0.69,0.478,0.146,0.546,0.0,0.339,0.347,0.0,8.7,0.796,4,1,0.064,1,0.592,0.40800000000000003,0.867,2.1,8,5,0,0.187,24.4,0.444
C00067,37,25.45,2,32.3,2.9,200,19,36,7200,18544,0.174,0.561,0.315,0.068,0.273,0.648,3.0,0.29,0.406,2.1,6.3,0.491,3,1,0.126,0,0.644,0.356,0.717,2.1,8,3,0,0.225,31.5,0.46
C00068,50,32.58,1,43.2,4.6,200,284,58,11600,18781,0.337,0.418,0.79,0.345,0.254,0.714,3.6,0.575,0.145,2.3,2.1,0.593,7,2,0.162,1,0.603,0.397,0.519,0.2,10,4,2,0.61,46.4,0.622
C00069,42,10.39,2,29.1,1.2,200,1,17,3400,8877,0.199,0.637,0.456,0.071,0.11,0.1,0.0,0.108,0.356,0.0,5.4,0.807,3,5,0.3,1,0.523,0.477,0.416,0.3,8,4,1,0.748,14.9,0.538
C00070,30,18.34,1,32.0,7.6,734,1,96,70464,217218,0.332,0.154,0.3,0.376,0.047,0.133,0.0,0.536,0.293,0.0,2.1,0.264,3,3,0.276,0,0.637,0.363,0.475,0.9,4,4,1,0.272,28.9,0.247
C00071,42,37.97,1,43.3,7.5,491,78,71,34861,92300,0.402,0.3,0.72,0.052,0.254,0.227,2.0,0.238,0.261,2.4,6.3,0.351,8,5,0.494,1,0.813,0.18700000000000006,0.5,2.3,6,3,1,0.344,31.1,0.423
C00072,56,12.31,3,32.9,2.5,200,10,21,4200,8529,0.237,0.509,0.315,0.042,0.213,0.469,4.3,0.148,0.182,7.7,1.0,0.515,2,1,0.193,0,0.589,0.41100000000000003,0.445,0.5,6,1,3,0.455,31.8,0.503
C00073,38,28.83,1,35.6,3.9,200,3,54,10800,30619,0.533,0.631,0.619,0.314,0.412,0.404,0.4,0.426,0.114,0.7,1.0,0.504,4,2,0.39,0,0.776,0.22399999999999998,0.572,1.1,5,3,3,0.393,28.3,0.376
C00074,57,11.63,2,24.1,5.2,291,12,52,15132,33638,0.368,0.574,0.387,0.128,0.027,0.128,0.4,0.186,0.408,0.5,1.0,0.652,6,1,0.108,1,0.364,0.636,0.045,0.4,10,1,1,0.609,16.5,0.425
C00075,18,31.71,1,36.1,3.0,200,25,30,6000,15538,0.248,0.548,0.826,0.508,0.181,0.151,2.3,0.181,0.24,4.1,1.1,0.542,6,0,0.309,1,0.475,0.525,0.474,1.0,8,2,1,0.23,27.5,0.497
C00076,48,24.06,3,36.1,1.6,200,59,21,4200,10396,0.667,0.22,0.649,0.176,0.023,0.695,2.8,0.492,0.201,1.8,1.0,0.568,6,2,0.334,0,0.35,0.65,0.274,3.3,7,3,3,0.512,38.4,0.476
C00077,39,10.09,2,36.5,4.2,509,44,48,24432,55274,0.076,0.544,0.365,0.319,0.025,0.024,2.3,0.236,0.118,3.3,6.4,0.665,2,1,0.242,0,0.381,0.619,0.384,1.2,10,5,0,0.433,29.3,0.471
C00078,34,46.55,1,26.4,4.0,200,12,37,7400,21739,0.16,0.71,0.54,0.293,0.319,0.78,2.0,0.309,0.18,1.3,1.1,0.444,5,4,0.193,2,0.718,0.28200000000000003,0.546,4.3,1,3,1,0.535,26.4,0.419
C00079,39,16.38,2,27.3,3.0,200,31,40,8000,26142,0.357,0.733,0.753,0.113,0.249,0.469,0.7,0.13,0.511,0.9,2.9,0.398,6,0,0.076,2,0.312,0.688,0.491,6.6,7,3,0,0.482,17.1,0.519
C00080,18,15.71,2,31.2,1.0,392,117,14,5488,8289,0.303,0.306,0.426,0.41,0.096,0.472,2.0,0.494,0.097,2.4,5.6,0.626,5,3,0.177,0,0.742,0.258,0.203,0.9,5,4,2,0.141,33.9,0.555
C00081,35,27.39,3,42.9,0.5,200,76,4,800,2694,0.026,0.378,0.528,0.193,0.139,0.331,0.0,0.325,0.337,0.0,4.5,0.695,3,2,0.164,0,0.321,0.679,0.181,2.4,7,4,0,0.689,26.9,0.573
C00082,42,46.14,1,34.8,4.3,791,18,57,45087,113756,0.245,0.417,0.893,0.296,0.161,0.021,5.7,0.529,0.241,9.9,1.0,0.265,3,1,0.309,3,0.528,0.472,0.233,0.8,4,4,3,0.747,48.6,0.352
C00083,56,14.03,3,27.6,4.4,200,181,46,9200,26693,0.379,0.732,0.437,0.236,0.037,0.516,0.9,0.387,0.483,0.8,1.0,0.591,5,3,0.186,1,0.322,0.6779999999999999,0.099,2.1,4,4,0,0.451,25.6,0.57
C00084,32,25.38,3,24.5,2.6,332,55,29,9628,30918,0.267,0.109,0.473,0.489,0.133,0.151,1.9,0.389,0.389,2.5,9.7,0.487,3,1,0.404,0,0.542,0.45799999999999996,0.387,0.3,6,4,3,0.647,27.7,0.477
C00085,28,31.06,3,25.1,6.1,722,3,82,59204,144115,0.494,0.167,0.456,0.561,0.088,0.242,5.8,0.292,0.269,7.1,3.9,0.701,1,3,0.17,0,0.315,0.685,0.173,2.3,4,1,1,0.359,37.9,0.361
C00086,32,35.92,2,30.3,2.0,200,2,28,5600,17752,0.182,0.259,0.8,0.093,0.402,0.605,0.2,0.294,0.258,0.2,4.9,0.584,3,1,0.123,0,0.803,0.19699999999999995,0.147,0.5,10,4,1,0.462,21.6,0.463
C00087,49,27.03,2,33.5,1.0,200,8,10,2000,3710,0.554,0.458,0.412,0.145,0.3,0.12,6.2,0.234,0.186,3.4,2.0,0.308,1,0,0.243,2,0.895,0.10499999999999998,0.315,1.3,4,4,1,0.552,40.9,0.513
C00088,42,20.05,2,26.4,2.7,574,59,25,14350,26093,0.221,0.381,0.292,0.11,0.266,0.2,2.9,0.41,0.13,4.5,1.1,0.227,2,3,0.038,1,0.516,0.484,0.459,0.7,7,5,0,0.511,32.4,0.473
C00089,32,15.56,3,32.7,2.5,581,9,21,12201,34345,0.402,0.325,0.571,0.058,0.111,0.575,2.2,0.284,0.087,1.1,3.0,0.672,2,0,0.155,0,0.456,0.544,0.643,4.0,9,2,1,0.368,28.9,0.461
C00090,44,25.72,2,40.2,4.6,200,32,52,10400,33699,0.183,0.27,0.552,0.143,0.166,0.485,2.8,0.252,0.133,4.8,1.0,0.889,2,2,0.111,1,0.611,0.389,0.237,0.5,9,5,0,0.508,32.9,0.443
C00091,39,13.6,2,39.6,1.0,200,4,8,1600,5256,0.69,0.529,0.492,0.074,0.116,0.084,0.0,0.379,0.387,0.0,6.4,0.852,3,1,0.143,0,0.453,0.5469999999999999,0.026,8.3,10,5,0,0.221,27.2,0.465
C00092,50,4.92,2,18.8,4.9,479,114,51,24429,68095,0.193,0.409,0.394,0.344,0.035,0.323,0.0,0.639,0.292,0.0,4.3,0.437,2,3,0.214,1,0.384,0.616,0.731,0.3,8,4,0,0.561,26.7,0.409
C00093,30,31.19,2,44.9,7.2,596,19,61,36356,92743,0.48,0.399,0.712,0.024,0.113,0.09,0.0,0.241,0.183,0.0,5.7,0.794,2,4,0.18,0,0.518,0.482,0.456,1.3,6,4,0,0.073,25.2,0.365
C00094,34,40.33,3,52.9,3.5,200,107,37,7400,16005,0.265,0.691,0.446,0.123,0.438,0.238,4.0,0.269,0.087,5.4,3.4,0.739,3,4,0.099,2,0.721,0.279,0.475,3.7,8,4,0,0.666,42.4,0.548
C00095,33,6.69,1,26.0,4.8,200,130,40,8000,27680,0.644,0.422,0.415,0.26,0.234,0.47,0.0,0.302,0.374,0.0,3.5,0.536,0,1,0.076,0,0.532,0.46799999999999997,0.089,0.3,8,3,1,0.381,19.5,0.53
C00096,20,14.08,3,36.5,0.5,200,1,7,1400,2995,0.143,0.448,0.386,0.295,0.099,0.293,0.0,0.594,0.077,0.0,3.7,0.764,1,4,0.207,2,0.322,0.6779999999999999,0.197,0.9,8,5,1,0.407,32.4,0.41
C00097,42,34.49,2,33.3,5.5,320,28,51,16320,48770,0.384,0.504,0.57,0.241,0.293,0.431,1.5,0.19,0.35,0.8,6.1,0.374,5,0,0.286,1,0.491,0.509,0.641,1.5,7,3,4,0.897,24.0,0.434
C00098,41,76.07,3,54.2,7.1,200,1,71,14200,36408,0.63,0.485,0.595,0.158,0.523,0.123,3.7,0.123,0.071,5.8,1.0,0.483,6,0,0.159,0,0.326,0.6739999999999999,0.306,3.6,10,3,1,0.332,37.6,0.384
C00099,38,24.81,2,35.9,4.7,343,108,62,21266,57780,0.286,0.326,0.388,0.217,0.395,0.521,1.6,0.712,0.044,2.9,4.6,0.53,3,1,0.097,0,0.677,0.32299999999999995,0.43,3.9,8,4,0,0.776,41.0,0.385
C00100,35,16.44,2,37.2,2.6,200,33,32,6400,14637,0.31,0.769,0.493,0.194,0.122,0.077,2.5,0.712,0.141,1.6,3.2,0.662,1,0,0.029,0,0.378,0.622,0.863,4.8,8,5,0,0.385,44.5,0.356
C00101,21,22.18,3,29.9,0.5,200,4,5,1000,3430,0.232,0.215,0.729,0.383,0.155,0.372,3.8,0.507,0.172,3.2,2.7,0.402,2,1,0.274,1,0.505,0.495,0.092,0.9,7,3,2,0.346,39.7,0.44
C00102,33,52.26,1,26.0,2.8,200,5,24,4800,12688,0.036,0.586,0.575,0.163,0.296,0.215,3.2,0.596,0.347,1.7,3.1,0.517,2,4,0.163,0,0.051,0.949,0.294,0.0,5,5,1,0.56,38.8,0.355
C00103,34,17.2,3,25.7,1.4,200,22,17,3400,11477,0.083,0.601,0.882,0.243,0.389,0.129,1.0,0.447,0.306,1.8,1.3,0.617,8,2,0.089,1,0.511,0.489,0.677,3.2,5,4,1,0.298,27.0,0.454
C00104,28,15.81,2,32.4,0.7,200,127,7,1400,2121,0.426,0.418,0.307,0.255,0.149,0.451,0.2,0.45,0.114,0.2,1.0,0.732,1,2,0.106,1,0.369,0.631,0.235,0.5,8,3,0,0.159,27.1,0.586
C00105,36,18.81,2,39.5,3.0,200,53,38,7600,20105,0.213,0.453,0.728,0.097,0.2,0.389,2.9,0.427,0.139,5.5,5.7,0.841,4,7,0.117,5,0.591,0.40900000000000003,0.526,1.2,0,4,0,0.372,38.2,0.454
C00106,43,14.52,1,23.1,1.7,200,91,18,3600,10564,0.157,0.183,0.523,0.227,0.384,0.429,1.8,0.41,0.276,2.2,9.9,0.529,2,0,0.059,1,0.457,0.5429999999999999,0.529,4.1,10,3,1,0.665,27.5,0.534
C00107,61,26.24,2,42.5,1.4,200,21,14,2800,8372,0.833,0.649,0.661,0.366,0.339,0.443,0.0,0.65,0.376,0.0,2.6,0.528,1,1,0.172,0,0.29,0.71,0.308,2.4,7,3,2,0.499,36.5,0.392
C00108,40,59.95,1,40.9,2.3,458,2,25,11450,37899,0.107,0.467,0.437,0.176,0.329,0.087,4.8,0.486,0.157,9.3,7.3,0.457,4,1,0.246,0,0.738,0.262,0.757,5.2,9,3,3,0.597,46.8,0.398
C00109,41,29.3,1,31.9,1.7,632,165,21,13272,20025,0.203,0.495,0.274,0.186,0.154,0.317,2.1,0.523,0.234,2.1,3.2,0.76,5,2,0.123,1,0.776,0.22399999999999998,0.349,2.6,7,4,0,0.134,35.4,0.581
C00110,37,21.35,1,26.3,5.1,597,1,68,40596,60921,0.023,0.692,0.65,0.039,0.161,0.387,2.7,0.175,0.419,3.9,10.7,0.558,2,2,0.153,0,0.401,0.599,0.367,1.2,3,1,0,0.53,24.7,0.419
C00111,18,20.89,1,32.7,1.5,200,133,12,2400,5867,0.105,0.278,0.39,0.127,0.19,0.187,0.6,0.396,0.048,0.9,2.8,0.76,3,1,0.089,0,0.246,0.754,0.354,0.1,3,5,0,0.131,26.9,0.589
C00112,38,10.38,3,22.7,1.4,200,21,16,3200,4987,0.4,0.386,0.407,0.425,0.162,0.314,3.5,0.282,0.089,1.9,1.0,0.455,6,2,0.388,0,0.721,0.279,0.491,0.0,0,1,1,0.213,29.1,0.503
C00113,39,39.87,3,29.8,2.7,254,1,22,5588,19273,0.249,0.544,0.646,0.115,0.296,0.489,0.0,0.609,0.247,0.0,8.2,0.741,4,3,0.225,1,0.689,0.31100000000000005,0.524,0.7,6,5,2,0.491,30.2,0.35
C00114,68,23.5,2,46.8,3.6,321,53,39,12519,24339,0.38,0.334,0.508,0.248,0.029,0.137,4.8,0.381,0.433,8.6,6.4,0.572,3,3,0.056,3,0.667,0.33299999999999996,0.117,2.6,7,4,1,0.418,46.0,0.452
C00115,36,22.21,2,31.6,3.8,203,177,51,10353,25316,0.524,0.408,0.656,0.167,0.354,0.477,0.0,0.356,0.243,0.0,2.0,0.526,3,2,0.045,0,0.315,0.685,0.43,3.1,0,4,2,0.257,23.3,0.591
C00116,42,142.05,1,47.8,1.6,200,152,16,3200,5191,0.2,0.58,0.376,0.088,0.275,0.253,1.1,0.43,0.154,2.0,7.4,0.355,4,2,0.265,2,0.798,0.20199999999999996,0.207,1.1,7,4,0,0.497,35.6,0.597
C00117,38,28.91,2,21.3,5.2,200,8,71,14200,36126,0.098,0.372,0.536,0.034,0.123,0.707,2.1,0.467,0.411,4.1,1.0,0.585,2,5,0.048,1,0.57,0.43000000000000005,0.549,4.7,4,4,0,0.463,29.5,0.336
C00118,24,16.22,3,35.8,5.5,200,9,65,13000,29379,0.277,0.621,0.366,0.273,0.656,0.661,0.3,0.276,0.341,0.4,6.4,0.445,5,0,0.165,0,0.723,0.277,0.381,7.2,8,4,3,0.569,23.6,0.387
C00119,52,19.4,3,44.6,0.7,247,38,10,2470,3926,0.32,0.563,0.466,0.191,0.099,0.446,0.7,0.408,0.453,0.6,4.7,0.483,5,0,0.438,2,0.729,0.271,0.697,0.9,8,3,1,0.295,32.4,0.501
C00120,47,46.14,2,34.9,1.9,391,46,24,9384,20366,0.341,0.575,0.572,0.155,0.283,0.431,0.9,0.286,0.218,1.2,1.9,0.684,5,6,0.181,3,0.921,0.07899999999999996,0.214,1.1,8,4,0,0.638,25.5,0.516
C00121,47,26.11,3,40.1,2.1,200,61,18,3600,8218,0.717,0.414,0.407,0.178,0.258,0.311,0.0,0.66,0.331,0.0,6.3,0.407,4,5,0.174,3,0.318,0.6819999999999999,0.274,1.3,8,4,1,0.302,35.8,0.415
C00122,27,11.12,1,28.1,0.9,200,9,8,1600,5568,0.684,0.352,0.644,0.011,0.216,0.425,1.9,0.243,0.076,1.7,1.0,0.607,10,3,0.202,1,0.967,0.03300000000000003,0.092,0.8,4,4,1,0.208,24.8,0.514
C00123,55,40.67,3,41.6,4.1,200,144,42,8400,16092,0.281,0.65,0.264,0.243,0.317,0.179,1.7,0.254,0.053,2.8,1.0,0.722,3,2,0.12,0,0.869,0.131,0.411,2.6,8,5,1,0.432,29.9,0.577
C00124,21,16.99,1,31.7,0.5,345,46,5,1725,4467,0.206,0.114,0.412,0.123,0.156,0.249,3.1,0.44,0.044,4.5,3.1,0.57,4,3,0.314,0,0.655,0.345,0.248,6.0,10,3,2,0.527,36.1,0.506
C00125,45,68.74,2,29.5,2.5,200,84,27,5400,18763,0.149,0.316,0.305,0.501,0.302,0.285,2.5,0.341,0.061,4.2,8.5,0.551,3,3,0.117,0,0.264,0.736,0.419,1.4,10,3,1,0.416,30.3,0.526
C00126,64,44.43,2,47.5,6.9,200,35,75,15000,46261,0.477,0.236,0.721,0.252,0.127,0.176,1.1,0.37,0.228,1.0,1.0,0.399,3,1,0.238,1,0.751,0.249,0.418,0.5,6,5,3,0.454,33.7,0.352
C00127,26,19.18,2,23.2,0.9,200,24,12,2400,8368,0.156,0.454,0.588,0.143,0.379,0.359,2.9,0.554,0.304,5.4,3.3,0.411,7,6,0.36,2,0.771,0.22899999999999998,0.768,0.5,9,5,0,0.521,35.5,0.437
C00128,31,49.63,1,46.9,6.5,200,170,69,13800,47425,0.418,0.332,0.424,0.117,0.221,0.41,0.0,0.72,0.275,0.0,5.6,0.636,2,3,0.15,1,0.532,0.46799999999999997,0.569,3.2,7,5,1,0.39,40.4,0.405
C00129,39,25.47,3,30.1,3.7,246,39,47,11562,28663,0.34,0.521,0.738,0.372,0.193,0.316,0.0,0.264,0.158,0.0,5.4,0.668,3,4,0.147,2,0.659,0.34099999999999997,0.074,3.3,4,3,1,0.279,20.0,0.469
C00130,32,39.21,1,34.2,0.5,200,91,7,1400,4050,0.187,0.353,0.71,0.62,0.271,0.499,0.0,0.126,0.364,0.0,4.0,0.813,2,4,0.212,0,0.728,0.272,0.651,1.6,9,5,1,0.256,17.5,0.649
C00131,19,32.03,2,36.1,4.6,200,138,61,12200,20995,0.301,0.473,0.545,0.426,0.088,0.247,1.0,0.327,0.257,1.3,11.3,0.454,2,1,0.223,0,0.559,0.44099999999999995,0.585,3.6,6,4,0,0.172,27.5,0.536
C00132,39,15.4,1,33.5,2.4,674,51,22,14828,35325,0.25,0.283,0.692,0.2,0.133,0.053,2.1,0.458,0.169,1.4,2.6,0.469,3,3,0.08,0,0.863,0.137,0.119,1.8,9,4,1,0.464,34.1,0.457
C00133,25,17.22,1,35.5,1.8,200,36,20,4000,12472,0.188,0.446,0.598,0.196,0.118,0.471,0.0,0.469,0.629,0.0,8.5,0.568,4,1,0.125,0,0.524,0.476,0.465,0.9,7,3,1,0.344,28.3,0.453
C00134,44,43.23,2,37.1,4.2,200,1,42,8400,21090,0.156,0.138,0.671,0.258,0.077,0.483,1.8,0.098,0.222,3.2,3.9,0.601,2,2,0.333,2,0.748,0.252,0.216,0.4,5,3,4,0.549,23.7,0.465
C00135,27,20.41,2,26.6,3.8,445,2,40,17800,51716,0.381,0.594,0.616,0.129,0.54,0.663,0.7,0.41,0.157,1.3,5.3,0.551,3,1,0.582,0,0.563,0.43700000000000006,0.423,1.8,9,2,0,0.573,25.2,0.383
C00136,57,19.65,1,32.4,4.2,200,10,43,8600,25727,0.203,0.509,0.668,0.304,0.244,0.295,1.7,0.676,0.308,2.8,2.5,0.543,4,2,0.099,0,0.584,0.41600000000000004,0.474,4.5,2,4,1,0.298,38.8,0.301
C00137,29,14.51,1,28.7,4.9,200,9,63,12600,25287,0.188,0.706,0.876,0.055,0.573,0.42,0.0,0.195,0.321,0.0,1.0,0.719,2,4,0.099,1,0.612,0.388,0.51,6.5,7,4,3,0.168,17.3,0.427
C00138,34,30.97,2,41.4,4.1,200,13,44,8800,28612,0.192,0.418,0.709,0.573,0.104,0.33,6.8,0.796,0.138,9.3,1.0,0.52,2,4,0.263,0,0.529,0.471,0.519,0.2,8,3,3,0.514,62.9,0.271
C00139,48,76.28,3,55.3,2.3,270,16,26,7020,16986,0.28,0.696,0.558,0.19,0.255,0.09,2.6,0.321,0.23,2.2,4.6,0.676,5,1,0.31,0,0.666,0.33399999999999996,0.712,6.3,10,5,2,0.251,40.3,0.463
C00140,23,13.64,3,36.3,1.6,200,20,22,4400,8450,0.491,0.632,0.724,0.333,0.151,0.381,0.0,0.35,0.077,0.0,1.9,0.75,3,2,0.196,2,0.368,0.632,0.744,0.5,4,4,1,0.258,25.0,0.476
C00141,41,24.86,1,37.7,8.9,200,25,74,14800,47816,0.186,0.59,0.94,0.11,0.09,0.278,1.8,0.326,0.171,1.8,3.4,0.854,4,1,0.415,0,0.661,0.33899999999999997,0.456,2.3,3,5,1,0.339,30.8,0.303
C00142,54,53.34,2,32.6,5.6,200,5,61,12200,28495,0.27,0.572,0.23,0.425,0.184,0.375,5.1,0.476,0.263,4.2,5.5,0.654,4,1,0.275,0,0.728,0.272,0.443,1.4,6,5,2,0.426,44.1,0.32
C00143,19,23.48,1,34.0,7.7,200,2,97,19400,58212,0.514,0.157,0.546,0.126,0.197,0.546,0.0,0.626,0.088,0.0,6.2,0.357,3,1,0.219,2,0.831,0.16900000000000004,0.502,3.0,6,4,1,0.123,32.4,0.219
C00144,40,31.46,1,40.8,6.0,477,50,53,25281,65631,0.232,0.419,0.392,0.062,0.692,0.385,0.0,0.622,0.231,0.0,2.9,0.531,1,5,0.23,0,0.419,0.581,0.26,1.9,9,1,2,0.356,35.0,0.316
C00145,41,13.68,2,36.2,3.0,355,35,35,12425,28127,0.151,0.513,0.825,0.333,0.206,0.492,1.0,0.268,0.448,1.5,1.5,0.605,4,1,0.237,0,0.636,0.364,0.305,1.2,5,4,2,0.737,25.8,0.482
C00146,47,31.05,2,30.1,3.8,200,26,36,7200,22462,0.243,0.157,0.415,0.685,0.478,0.385,1.6,0.15,0.315,1.2,6.0,0.727,2,4,0.186,0,0.55,0.44999999999999996,0.625,0.2,8,1,3,0.303,21.8,0.487
C00147,23,22.13,1,15.6,2.8,200,45,37,7400,19750,0.366,0.406,0.568,0.261,0.352,0.434,2.9,0.165,0.195,3.9,2.1,0.742,2,2,0.059,1,0.513,0.487,0.398,0.1,8,4,0,0.262,20.8,0.529
C00148,22,42.19,1,47.5,0.5,200,79,5,1000,2281,0.181,0.507,0.762,0.046,0.03,0.602,4.8,0.317,0.22,5.2,11.0,0.775,1,2,0.117,1,0.57,0.43000000000000005,0.29,0.7,9,5,3,0.659,44.3,0.579
C00149,44,47.14,1,21.0,3.9,717,25,39,27963,48074,0.261,0.281,0.291,0.204,0.344,0.448,3.5,0.161,0.073,4.7,7.0,0.351,1,2,0.242,2,0.335,0.665,0.113,3.4,8,5,1,0.092,24.8,0.48
C00150,42,101.93,3,44.6,8.5,311,46,99,30789,101323,0.433,0.562,0.71,0.325,0.336,0.159,0.3,0.48,0.199,0.3,5.5,0.623,0,2,0.213,1,0.342,0.6579999999999999,0.188,2.4,10,3,3,0.263,33.2,0.29
C00151,41,33.74,3,43.6,2.2,200,138,20,4000,6284,0.347,0.388,0.828,0.148,0.611,0.237,0.0,0.51,0.263,0.0,1.1,0.323,3,2,0.099,1,0.808,0.19199999999999995,0.331,1.4,9,5,2,0.621,32.7,0.542
C00152,42,29.35,1,31.3,4.0,364,82,39,14196,45802,0.039,0.561,0.551,0.447,0.498,0.485,0.0,0.528,0.443,0.0,1.8,0.715,4,3,0.159,1,0.557,0.44299999999999995,0.829,1.9,5,5,1,0.63,28.4,0.43
C00153,30,27.3,1,40.1,4.8,200,25,50,10000,22199,0.445,0.466,0.399,0.614,0.198,0.745,3.1,0.781,0.235,5.2,7.6,0.355,3,2,0.199,0,0.79,0.20999999999999996,0.378,2.2,10,5,3,0.312,49.7,0.271
C00154,41,20.2,3,30.4,1.0,200,47,10,2000,5557,0.151,0.317,0.361,0.23,0.149,0.43,2.6,0.406,0.148,1.6,1.0,0.827,4,2,0.13,1,0.534,0.46599999999999997,0.818,0.2,5,5,1,0.467,32.9,0.504
C00155,42,29.55,3,34.9,2.3,222,9,26,5772,19304,0.162,0.391,0.705,0.183,0.202,0.137,4.1,0.676,0.308,4.4,6.1,0.88,2,3,0.232,0,0.391,0.609,0.513,1.0,5,3,2,0.313,47.8,0.349
C00156,29,20.85,2,31.6,0.8,200,37,9,1800,3246,0.294,0.534,0.538,0.219,0.313,0.549,2.5,0.355,0.742,2.9,2.1,0.363,2,2,0.161,1,0.366,0.634,0.58,5.3,9,5,0,0.511,31.5,0.514
C00157,60,26.91,1,48.0,1.4,200,179,16,3200,8428,0.366,0.298,0.181,0.285,0.093,0.152,0.3,0.547,0.063,0.2,6.4,0.382,3,2,0.201,2,0.66,0.33999999999999997,0.252,3.3,8,5,0,0.497,36.6,0.596
C00158,44,50.64,1,25.6,1.5,200,33,18,3600,10904,0.667,0.534,0.631,0.17,0.459,0.462,1.6,0.439,0.258,1.7,3.2,0.465,2,3,0.114,1,0.325,0.675,0.604,0.2,4,5,1,0.416,28.7,0.466
C00159,24,14.1,2,22.9,0.8,200,118,8,1600,4824,0.123,0.307,0.608,0.252,0.568,0.459,0.0,0.358,0.481,0.0,3.0,0.483,4,3,0.169,3,0.557,0.44299999999999995,0.483,0.8,3,5,1,0.255,19.9,0.602
C00160,46,45.92,2,32.7,6.7,341,24,59,20119,51329,0.33,0.552,0.472,0.009,0.06,0.219,3.2,0.399,0.214,2.7,4.8,0.72,1,2,0.133,2,0.621,0.379,0.425,0.6,4,4,0,0.848,35.6,0.336
C00161,26,50.62,1,28.4,2.2,942,304,28,26376,72520,0.404,0.569,0.714,0.15,0.118,0.278,0.8,0.289,0.081,1.2,6.6,0.524,1,3,0.065,2,0.589,0.41100000000000003,0.688,1.2,10,4,2,0.396,22.7,0.791
C00162,47,22.99,2,32.5,3.2,200,39,42,8400,25326,0.232,0.225,0.171,0.27,0.034,0.114,3.9,0.581,0.326,2.1,4.7,0.232,4,1,0.124,1,0.502,0.498,0.152,10.1,8,4,0,0.475,43.3,0.387
C00163,52,7.64,1,32.7,1.3,200,2,12,2400,7637,0.554,0.439,0.711,0.136,0.122,0.359,2.4,0.47,0.114,1.9,2.4,0.281,1,2,0.263,0,0.746,0.254,0.327,2.2,9,3,0,0.369,35.1,0.428
C00164,28,17.56,3,18.9,5.1,200,40,53,10600,32050,0.651,0.503,0.757,0.226,0.289,0.139,5.2,0.317,0.472,7.5,1.5,0.257,6,6,0.158,3,0.514,0.486,0.609,0.4,4,4,1,0.478,34.2,0.419
C00165,50,50.07,1,35.6,6.6,200,14,73,14600,32237,0.337,0.543,0.795,0.272,0.157,0.23,2.8,0.188,0.046,4.0,7.5,0.56,3,0,0.235,1,0.654,0.346,0.593,3.8,7,5,1,0.399,29.1,0.391
C00166,43,24.23,1,30.8,4.7,200,1,53,10600,37031,0.089,0.441,0.769,0.089,0.232,0.193,2.3,0.113,0.341,2.1,2.9,0.646,2,1,0.125,3,0.475,0.525,0.494,2.2,8,1,2,0.503,23.3,0.448
C00167,48,14.16,2,24.0,3.2,200,77,38,7600,18004,0.086,0.15,0.566,0.141,0.015,0.331,0.9,0.133,0.089,1.4,6.1,0.531,1,1,0.066,2,0.504,0.496,0.126,4.9,8,4,4,0.229,16.6,0.563
C00168,61,18.59,2,29.2,2.3,200,15,19,3800,5886,0.31,0.566,0.616,0.536,0.109,0.311,0.6,0.306,0.113,0.7,20.0,0.547,2,1,0.228,1,0.386,0.614,0.485,1.7,7,5,2,0.478,22.8,0.466
C00169,35,38.95,3,39.5,1.2,200,72,15,3000,6676,0.35,0.494,0.449,0.124,0.046,0.47,1.3,0.097,0.499,1.7,4.1,0.377,2,0,0.388,2,0.533,0.46699999999999997,0.486,5.5,3,5,0,0.155,23.0,0.619
C00170,29,33.14,2,37.5,7.2,200,15,60,12000,21067,0.509,0.56,0.492,0.111,0.042,0.324,3.7,0.242,0.209,3.7,1.3,0.478,1,4,0.218,1,0.57,0.43000000000000005,0.551,4.8,9,5,2,0.767,34.5,0.361
C00171,27,21.51,1,41.5,1.3,200,10,14,2800,4880,0.29,0.483,0.563,0.412,0.298,0.061,0.0,0.44,0.033,0.0,8.0,0.484,2,1,0.185,0,0.693,0.30700000000000005,0.305,0.2,8,4,0,0.093,29.8,0.446
C00172,28,20.05,2,34.4,4.1,200,164,53,10600,21869,0.244,0.644,0.655,0.327,0.231,0.536,1.5,0.365,0.254,2.4,1.3,0.79,3,1,0.285,3,0.521,0.479,0.236,4.3,7,3,1,0.352,29.7,0.566
C00173,37,19.78,1,33.9,4.9,200,20,52,10400,16710,0.314,0.429,0.212,0.378,0.354,0.471,0.0,0.179,0.249,0.0,1.2,0.768,5,2,0.319,0,0.645,0.355,0.27,0.3,10,5,0,0.133,18.9,0.444
C00174,42,14.77,3,31.9,1.5,200,41,13,2600,7480,0.277,0.141,0.57,0.399,0.284,0.503,2.0,0.283,0.386,1.7,1.0,0.389,0,1,0.517,0,0.676,0.32399999999999995,0.437,0.3,9,4,0,0.459,27.8,0.522
C00175,41,59.65,2,35.1,6.5,245,42,90,22050,36338,0.2,0.542,0.7,0.358,0.33,0.399,1.3,0.552,0.118,2.2,1.0,0.257,2,3,0.316,2,0.454,0.546,0.127,0.4,7,5,1,0.245,34.9,0.315
C00176,48,20.55,2,43.8,4.4,639,37,59,37701,71880,0.621,0.462,0.813,0.501,0.102,0.827,2.4,0.192,0.315,2.6,7.9,0.418,1,4,0.178,1,0.543,0.45699999999999996,0.768,6.3,2,3,0,0.386,31.2,0.471
C00177,38,47.92,1,32.9,7.4,200,111,93,18600,31356,0.313,0.654,0.679,0.337,0.336,0.501,0.5,0.74,0.51,0.3,1.0,0.262,5,1,0.065,1,0.803,0.19699999999999995,0.242,1.7,9,1,2,0.239,37.0,0.312
C00178,55,56.64,2,37.7,3.3,200,50,35,7000,11384,0.091,0.28,0.407,0.391,0.133,0.306,1.6,0.243,0.495,0.9,1.0,0.552,4,2,0.404,0,0.613,0.387,0.382,1.0,7,4,1,0.362,27.6,0.498
C00179,35,42.48,3,31.0,1.1,200,23,10,2000,4071,0.272,0.525,0.645,0.386,0.394,0.274,3.1,0.274,0.53,3.5,1.7,0.669,5,1,0.256,1,0.638,0.362,0.758,0.1,7,3,1,0.072,30.8,0.515
C00180,71,19.35,3,33.2,1.8,200,89,25,5000,13219,0.452,0.415,0.676,0.033,0.409,0.213,1.6,0.313,0.266,1.8,5.0,0.52,4,5,0.212,0,0.383,0.617,0.358,0.3,8,5,1,0.182,27.9,0.558
C00181,46,30.63,1,22.4,3.6,534,9,40,21360,73251,0.344,0.355,0.605,0.222,0.117,0.377,4.7,0.319,0.252,7.3,1.7,0.635,3,1,0.428,1,0.521,0.479,0.272,0.5,8,4,1,0.403,34.0,0.423
C00182,28,24.21,1,32.2,3.1,200,35,41,8200,26659,0.175,0.918,0.599,0.193,0.339,0.11,0.5,0.523,0.243,0.7,1.5,0.69,2,1,0.337,3,0.63,0.37,0.432,0.5,8,4,2,0.328,30.2,0.403
C00183,25,14.92,3,27.9,1.8,200,135,18,3600,11707,0.621,0.318,0.682,0.076,0.327,0.069,0.2,0.32,0.207,0.3,2.7,0.71,4,1,0.429,3,0.829,0.17100000000000004,0.634,0.2,6,2,2,0.154,21.4,0.606
C00184,44,29.32,3,32.2,0.5,200,44,5,1000,1852,0.401,0.502,0.659,0.336,0.055,0.378,4.1,0.631,0.391,4.0,1.0,0.378,7,1,0.304,0,0.443,0.5569999999999999,0.638,0.2,5,3,0,0.373,45.3,0.446
C00185,35,12.83,1,44.1,3.5,234,76,49,11466,23274,0.128,0.204,0.935,0.218,0.075,0.387,0.5,0.61,0.347,0.7,2.7,0.3,4,3,0.214,0,0.76,0.24,0.18,0.9,0,5,0,0.047,37.6,0.411
C00186,47,47.14,2,38.3,7.8,200,48,87,17400,28758,0.094,0.442,0.825,0.224,0.066,0.11,1.1,0.485,0.097,2.0,18.4,0.245,4,2,0.064,0,0.446,0.554,0.752,2.0,0,3,2,0.385,33.5,0.309
C00187,44,19.0,1,12.1,3.7,200,82,33,6600,20176,0.178,0.379,0.648,0.244,0.237,0.68,2.1,0.549,0.18,1.3,6.4,0.445,3,2,0.097,1,0.816,0.18400000000000005,0.611,2.1,10,4,0,0.547,28.2,0.431
C00188,37,27.4,3,49.1,4.3,200,130,40,8000,13117,0.035,0.138,0.56,0.264,0.095,0.175,1.2,0.307,0.321,1.9,1.0,0.617,3,1,0.289,1,0.562,0.43799999999999994,0.407,0.8,10,5,1,0.392,32.8,0.541
C00189,28,28.67,1,33.5,4.3,288,14,47,13536,35375,0.574,0.52,0.281,0.212,0.045,0.485,1.0,0.322,0.192,1.6,4.3,0.795,2,2,0.163,1,0.769,0.23099999999999998,0.27,0.2,7,4,0,0.478,26.4,0.409
C00190,20,21.28,1,30.8,3.6,200,8,30,6000,11975,0.254,0.387,0.624,0.134,0.242,0.189,0.0,0.443,0.119,0.0,2.5,0.568,5,2,0.103,1,0.793,0.20699999999999996,0.591,2.3,5,5,2,0.143,25.6,0.384
C00191,33,33.88,3,26.5,5.2,200,30,56,11200,22253,0.101,0.306,0.533,0.081,0.325,0.341,4.4,0.443,0.071,4.0,7.0,0.742,2,1,0.079,1,0.758,0.242,0.062,2.7,7,4,0,0.696,38.4,0.368
C00192,48,18.89,1,40.9,3.5,200,54,37,7400,25763,0.271,0.215,0.746,0.321,0.084,0.408,1.1,0.389,0.616,1.2,1.0,0.653,9,3,0.359,2,0.303,0.6970000000000001,0.607,3.0,3,4,1,0.303,31.7,0.453
C00193,41,39.62,2,36.5,3.0,497,12,38,18886,56914,0.089,0.334,0.428,0.166,0.264,0.281,0.7,0.525,0.165,0.6,1.1,0.486,7,9,0.265,0,0.344,0.656,0.585,6.6,8,4,0,0.228,32.7,0.379
C00194,23,11.7,2,26.6,0.9,200,1,9,1800,5713,0.453,0.509,0.666,0.079,0.249,0.182,0.6,0.594,0.205,0.6,6.3,0.627,7,2,0.206,1,0.897,0.10299999999999998,0.711,0.1,5,4,0,0.431,30.4,0.4
C00195,40,26.3,1,24.6,2.6,873,19,36,31428,83095,0.378,0.676,0.811,0.019,0.334,0.155,2.2,0.225,0.12,4.3,7.6,0.508,5,1,0.157,0,0.432,0.5680000000000001,0.396,0.6,6,3,1,0.415,23.8,0.487
C00196,43,71.27,2,48.5,5.5,225,156,50,11250,36473,0.391,0.256,0.677,0.196,0.464,0.121,5.3,0.418,0.513,6.2,3.0,0.605,5,1,0.061,0,0.522,0.478,0.392,2.1,9,5,4,0.234,49.4,0.506
C00197,27,14.15,2,25.2,1.9,200,53,22,4400,12280,0.29,0.471,0.692,0.451,0.035,0.139,0.9,0.258,0.29,1.6,1.0,0.328,5,3,0.075,0,0.561,0.43899999999999995,0.28,0.0,8,4,2,0.395,20.8,0.532
C00198,40,16.9,1,20.8,3.3,200,23,28,5600,18997,0.346,0.394,0.732,0.189,0.187,0.284,0.0,0.215,0.031,0.0,9.0,0.524,1,1,0.239,0,0.23,0.77,0.035,0.1,4,5,2,0.805,14.8,0.477
C00199,39,32.55,2,26.8,4.2,200,10,52,10400,21452,0.226,0.424,0.893,0.321,0.136,0.606,5.5,0.416,0.051,6.4,1.9,0.289,3,2,0.245,0,0.729,0.271,0.447,1.3,3,4,1,0.374,41.3,0.379
C00200,24,27.08,3,37.0,4.7,200,20,66,13200,35516,0.412,0.357,0.565,0.056,0.004,0.259,1.8,0.525,0.387,3.6,1.0,0.464,3,1,0.364,2,0.836,0.16400000000000003,0.439,2.1,8,5,1,0.368,36.5,0.345
C00201,42,29.75,3,37.7,5.8,200,8,75,15000,43204,0.404,0.301,0.371,0.157,0.625,0.781,1.4,0.672,0.193,2.5,6.8,0.786,2,0,0.276,0,0.551,0.44899999999999995,0.693,2.9,4,5,2,0.213,39.9,0.26
C00202,45,32.11,1,44.2,3.4,270,5,39,10530,24070,0.297,0.522,0.314,0.209,0.079,0.15,1.8,0.475,0.292,2.2,2.2,0.702,2,1,0.244,1,0.314,0.6859999999999999,0.274,0.7,5,4,1,0.585,37.9,0.377
C00203,51,34.78,1,32.2,0.8,200,107,9,1800,5867,0.522,0.134,0.32,0.159,0.165,0.042,0.0,0.387,0.488,0.0,1.0,0.595,3,0,0.207,0,0.196,0.804,0.215,2.4,8,5,1,0.387,24.5,0.581
C00204,51,45.17,1,28.5,3.1,200,272,40,8000,27677,0.452,0.41,0.464,0.222,0.094,0.711,1.8,0.389,0.381,1.1,6.5,0.868,4,2,0.311,0,0.674,0.32599999999999996,0.582,1.2,10,4,2,0.537,29.0,0.703
C00205,21,30.73,2,42.8,3.3,200,8,45,9000,22388,0.119,0.195,0.693,0.353,0.115,0.452,3.1,0.166,0.311,3.7,2.4,0.373,3,2,0.027,2,0.692,0.30800000000000005,0.744,2.0,8,1,2,0.406,32.3,0.475
C00206,27,21.48,2,30.4,0.5,1026,3,7,7182,16384,0.123,0.492,0.555,0.229,0.419,0.468,3.9,0.194,0.33,4.1,3.7,0.533,1,0,0.207,0,0.236,0.764,0.436,2.8,7,5,0,0.349,30.8,0.532
C00207,44,35.51,2,24.2,6.2,270,18,64,17280,42230,0.093,0.536,0.592,0.089,0.132,0.116,1.0,0.323,0.398,1.6,6.9,0.472,5,1,0.212,0,0.425,0.575,0.251,0.7,9,5,1,0.156,22.7,0.365
C00208,44,69.75,1,42.2,5.1,200,28,71,14200,45518,0.16,0.559,0.536,0.107,0.418,0.267,2.8,0.628,0.109,1.5,3.0,0.43,2,1,0.206,2,0.834,0.16600000000000004,0.566,1.1,6,5,0,0.269,45.0,0.313
C00209,44,22.81,1,40.9,3.7,200,10,33,6600,18420,0.344,0.305,0.897,0.114,0.236,0.412,3.9,0.314,0.225,6.8,1.0,0.408,2,2,0.219,1,0.809,0.19099999999999995,0.48,2.0,1,2,2,0.493,38.6,0.423
C00210,75,14.35,2,43.3,5.3,314,16,50,15700,24956,0.692,0.182,0.656,0.41,0.062,0.537,1.4,0.196,0.392,1.6,13.3,0.538,4,3,0.021,0,0.674,0.32599999999999996,0.422,0.7,8,5,0,0.49,27.8,0.424
C00211,45,45.1,2,41.1,2.5,200,10,21,4200,10854,0.288,0.064,0.778,0.265,0.448,0.346,3.3,0.158,0.188,4.0,1.4,0.435,2,10,0.102,4,0.653,0.347,0.056,7.0,4,3,0,0.494,32.1,0.5
C00212,52,22.96,1,29.4,4.1,200,67,39,7800,11970,0.314,0.169,0.619,0.174,0.687,0.09,2.3,0.417,0.051,1.8,20.0,0.692,3,3,0.012,1,0.607,0.393,0.133,3.2,2,2,1,0.525,31.9,0.444
C00213,49,7.43,2,25.4,2.1,200,56,26,5200,15897,0.381,0.767,0.649,0.119,0.317,0.082,0.0,0.145,0.327,0.0,1.0,0.875,1,0,0.059,2,0.179,0.821,0.383,2.5,3,1,1,0.232,14.5,0.564
C00214,46,39.1,1,44.2,3.2,200,45,42,8400,18116,0.351,0.635,0.631,0.23,0.494,0.649,0.0,0.262,0.378,0.0,2.6,0.857,1,0,0.086,3,0.319,0.681,0.77,3.3,3,4,0,0.38,25.5,0.489
C00215,34,18.28,3,28.7,1.2,200,22,15,3000,7332,0.171,0.537,0.333,0.171,0.059,0.332,3.5,0.638,0.311,6.2,4.9,0.812,1,1,0.085,2,0.752,0.248,0.671,0.7,8,4,0,0.462,42.2,0.402
C00216,47,23.34,3,37.7,6.3,200,108,74,14800,45841,0.208,0.119,0.574,0.197,0.108,0.26,0.0,0.52,0.287,0.0,9.5,0.209,3,1,0.158,1,0.567,0.43300000000000005,0.254,0.0,8,3,3,0.473,30.7,0.402
C00217,29,29.45,1,34.1,2.4,371,157,27,10017,15956,0.367,0.408,0.538,0.306,0.145,0.394,0.3,0.146,0.158,0.2,6.1,0.433,3,2,0.232,0,0.5,0.5,0.15,2.6,6,2,0,0.349,19.0,0.667
C00218,35,27.24,1,19.8,4.5,200,9,55,11000,19988,0.215,0.382,0.559,0.356,0.017,0.66,0.0,0.144,0.531,0.0,1.2,0.31,3,1,0.071,0,0.724,0.276,0.219,8.4,5,4,0,0.413,12.2,0.452
C00219,32,36.24,2,47.6,0.5,288,11,5,1440,3306,0.224,0.279,0.476,0.28,0.061,0.585,3.8,0.457,0.208,7.5,1.1,0.664,2,2,0.134,0,0.761,0.239,0.367,2.7,0,3,1,0.447,45.3,0.462
C00220,39,19.31,1,34.8,5.1,345,34,67,23115,45302,0.215,0.463,0.367,0.359,0.517,0.617,4.1,0.549,0.093,6.0,1.8,0.598,5,0,0.105,0,0.929,0.07099999999999995,0.45,0.5,4,4,2,0.659,43.9,0.343
C00221,66,32.53,2,34.4,5.4,200,4,65,13000,28285,0.397,0.667,0.416,0.054,0.365,0.422,0.2,0.2,0.238,0.3,1.0,0.546,2,2,0.442,0,0.439,0.5609999999999999,0.029,4.9,8,4,1,0.357,20.4,0.407
C00222,18,21.27,3,33.2,3.0,200,26,37,7400,25873,0.138,0.715,0.31,0.275,0.34,0.312,7.0,0.534,0.193,8.1,4.4,0.654,6,1,0.546,1,0.86,0.14,0.516,2.2,8,4,2,0.68,52.4,0.392
C00223,46,36.83,2,36.2,3.0,200,39,34,6800,21426,0.204,0.775,0.499,0.401,0.412,0.515,4.5,0.204,0.26,4.2,11.3,0.569,5,0,0.101,2,0.195,0.8049999999999999,0.633,2.4,9,5,0,0.386,35.4,0.505
C00224,19,34.41,3,23.3,4.2,200,33,56,11200,36599,0.643,0.304,0.13,0.179,0.162,0.178,2.1,0.649,0.068,2.4,4.1,0.719,5,1,0.099,2,0.433,0.567,0.451,1.8,1,4,1,0.483,35.7,0.335
C00225,32,14.67,2,32.9,7.2,200,18,68,13600,45888,0.404,0.319,0.493,0.033,0.039,0.366,4.3,0.22,0.315,3.1,3.0,0.205,2,1,0.24,1,0.954,0.04600000000000004,0.372,3.3,9,3,1,0.662,33.9,0.371
C00226,51,44.58,1,38.0,0.5,223,35,5,1115,2433,0.141,0.505,0.706,0.177,0.026,0.255,0.6,0.383,0.281,0.5,2.8,0.752,1,1,0.148,1,0.57,0.43000000000000005,0.368,8.0,8,4,0,0.434,28.7,0.511
C00227,39,18.27,2,38.6,4.3,884,144,54,47736,99967,0.32,0.491,0.614,0.335,0.192,0.371,0.8,0.141,0.446,1.0,3.6,0.415,3,0,0.113,4,0.235,0.765,0.407,1.2,6,5,1,0.021,22.3,0.606
C00228,25,38.26,2,17.1,1.7,200,10,19,3800,7479,0.151,0.073,0.618,0.412,0.161,0.032,2.7,0.319,0.196,1.9,5.0,0.579,4,2,0.16,1,0.617,0.383,0.15,2.2,7,3,1,0.423,25.3,0.472
C00229,29,30.02,2,36.4,3.2,200,48,43,8600,27178,0.67,0.413,0.521,0.131,0.2,0.228,0.2,0.069,0.29,0.3,6.3,0.569,5,1,0.215,0,0.564,0.43600000000000005,0.144,4.8,9,4,3,0.584,17.3,0.551
C00230,46,67.42,1,24.4,4.2,423,2,42,17766,50795,0.123,0.492,0.685,0.154,0.034,0.132,0.0,0.264,0.349,0.0,4.8,0.655,2,1,0.102,4,0.565,0.43500000000000005,0.144,5.3,7,5,3,0.209,17.7,0.416
C00231,29,21.7,1,47.9,2.0,845,3,20,16900,33333,0.136,0.62,0.813,0.351,0.16,0.704,0.0,0.323,0.201,0.0,4.9,0.282,0,3,0.268,1,0.858,0.14200000000000002,0.475,4.3,9,4,1,0.457,28.8,0.456
C00232,41,20.24,3,28.0,2.8,200,36,37,7400,16680,0.377,0.201,0.257,0.146,0.2,0.17,1.0,0.542,0.409,1.3,12.1,0.456,0,2,0.182,2,0.889,0.11099999999999999,0.341,2.1,7,4,0,0.156,30.8,0.406
C00233,39,24.27,1,45.0,0.7,200,5,8,1600,4021,0.18,0.481,0.522,0.298,0.114,0.49,2.4,0.195,0.199,4.5,9.2,0.235,2,4,0.21,0,0.84,0.16000000000000003,0.422,6.9,8,4,0,0.459,31.8,0.529
C00234,30,20.76,3,40.0,4.9,200,1,54,10800,27608,0.512,0.298,0.629,0.14,0.036,0.158,0.7,0.453,0.215,1.0,6.9,0.258,4,2,0.19,1,0.451,0.5489999999999999,0.624,0.5,9,5,2,0.432,31.9,0.341
C00235,64,38.09,3,23.9,0.5,200,8,5,1000,3277,0.332,0.33,0.488,0.111,0.154,0.481,0.0,0.357,0.088,0.0,1.0,0.493,3,2,0.203,3,0.544,0.45599999999999996,0.425,0.6,7,4,2,0.487,20.3,0.489
C00236,46,10.08,3,21.2,3.5,323,37,34,10982,24832,0.498,0.648,0.344,0.131,0.133,0.461,2.1,0.34,0.051,2.2,4.4,0.575,3,3,0.057,0,0.494,0.506,0.134,0.6,8,4,1,0.306,25.6,0.45
C00237,18,13.74,2,37.7,1.9,200,55,23,4600,15258,0.122,0.505,0.532,0.079,0.15,0.388,3.8,0.348,0.355,3.8,2.4,0.577,2,0,0.276,1,0.907,0.09299999999999997,0.389,1.3,7,5,1,0.254,38.0,0.508
C00238,40,13.64,2,28.3,0.5,200,10,4,800,1906,0.115,0.6,0.668,0.327,0.121,0.11,0.0,0.349,0.075,0.0,3.8,0.655,3,1,0.084,0,0.501,0.499,0.073,2.8,5,5,1,0.348,21.8,0.494
C00239,30,41.37,3,43.7,4.1,200,50,54,10800,32322,0.3,0.679,0.902,0.026,0.129,0.209,5.2,0.167,0.136,3.7,4.6,0.258,4,2,0.174,0,0.659,0.34099999999999997,0.501,1.4,10,4,1,0.732,39.6,0.5
C00240,48,62.86,1,40.7,1.4,200,9,18,3600,12098,0.406,0.349,0.762,0.134,0.34,0.127,4.0,0.431,0.061,4.9,5.0,0.739,1,2,0.359,0,0.591,0.40900000000000003,0.29,7.5,0,3,0,0.194,42.4,0.445
C00241,28,23.16,2,19.3,3.0,200,43,27,5400,17902,0.061,0.751,0.638,0.271,0.648,0.042,0.0,0.246,0.392,0.0,8.1,0.597,4,2,0.169,0,0.491,0.509,0.539,0.7,4,4,0,0.66,15.1,0.497
C00242,37,22.36,2,17.2,0.5,200,24,6,1200,1937,0.399,0.44,0.597,0.328,0.3,0.441,0.2,0.513,0.336,0.1,9.6,0.675,1,2,0.178,0,0.725,0.275,0.719,4.2,9,4,0,0.327,22.9,0.46
C00243,44,25.5,2,36.6,3.9,200,48,45,9000,17203,0.352,0.083,0.724,0.384,0.279,0.656,0.9,0.332,0.271,0.7,3.7,0.576,4,2,0.253,1,0.371,0.629,0.684,3.8,9,3,4,0.744,27.6,0.454
C00244,48,46.48,2,25.0,2.0,200,239,18,3600,8834,0.376,0.583,0.554,0.107,0.178,0.87,1.6,0.351,0.401,2.0,9.0,0.666,2,1,0.156,1,0.696,0.30400000000000005,0.737,1.0,4,1,1,0.344,25.8,0.706
C00245,24,14.73,1,37.0,1.7,316,125,16,5056,11948,0.179,0.396,0.253,0.435,0.508,0.596,0.0,0.334,0.272,0.0,5.8,0.436,7,2,0.068,0,0.269,0.731,0.546,1.6,8,5,0,0.553,24.8,0.594
C00246,34,27.97,2,41.4,3.7,200,1,39,7800,21698,0.521,0.333,0.751,0.343,0.096,0.398,0.1,0.328,0.101,0.1,1.0,0.686,5,3,0.54,0,0.855,0.14500000000000002,0.213,3.6,10,5,2,0.294,26.7,0.409
C00247,32,41.94,3,50.5,2.1,200,97,26,5200,17625,0.083,0.493,0.775,0.351,0.114,0.166,0.7,0.107,0.254,1.0,1.0,0.649,4,3,0.07,2,0.597,0.403,0.562,4.8,9,2,1,0.838,25.7,0.621
C00248,30,32.32,1,27.3,3.2,1125,3,38,42750,73736,0.322,0.272,0.625,0.62,0.371,0.376,5.4,0.644,0.284,8.3,1.0,0.367,3,0,0.132,2,0.868,0.132,0.677,2.9,0,5,1,0.43,48.0,0.329
C00249,59,27.23,3,38.7,0.5,242,138,6,1452,3490,0.396,0.609,0.611,0.242,0.417,0.597,2.0,0.342,0.375,1.7,3.5,0.455,7,0,0.074,0,0.87,0.13,0.476,6.4,1,4,0,0.414,32.3,0.636
C00250,43,42.55,2,51.0,5.0,200,15,63,12600,23749,0.13,0.337,0.735,0.282,0.503,0.343,0.3,0.244,0.228,0.4,2.9,0.867,4,0,0.345,0,0.871,0.129,0.387,2.4,7,3,1,0.309,28.7,0.416
C00251,23,5.55,3,17.0,5.8,708,22,73,51684,169948,0.058,0.617,0.826,0.31,0.238,0.143,0.2,0.607,0.073,0.3,4.8,0.616,1,3,0.142,0,0.542,0.45799999999999996,0.278,1.3,7,4,2,0.399,25.7,0.295
C00252,49,35.62,2,41.5,9.0,926,4,105,97230,333417,0.582,0.303,0.407,0.142,0.09,0.538,2.6,0.721,0.275,4.0,7.4,0.886,3,0,0.154,0,0.393,0.607,0.107,2.4,3,5,0,0.643,46.8,0.159
C00253,63,17.12,3,36.5,2.9,200,5,37,7400,18185,0.426,0.447,0.489,0.628,0.145,0.226,0.6,0.659,0.53,0.4,1.0,0.587,2,3,0.185,1,0.661,0.33899999999999997,0.512,2.4,5,3,1,0.237,36.3,0.334
C00254,50,8.96,1,28.8,3.9,200,58,39,7800,13323,0.4,0.517,0.896,0.195,0.045,0.102,0.0,0.197,0.564,0.0,7.8,0.871,1,2,0.252,1,0.466,0.534,0.399,2.0,10,2,2,0.406,17.4,0.505
C00255,20,32.5,3,26.7,0.5,200,130,7,1400,4299,0.25,0.602,0.75,0.3,0.403,0.15,0.5,0.172,0.071,0.8,1.0,0.88,4,3,0.101,2,0.433,0.567,0.189,0.9,7,5,1,0.549,17.5,0.678
C00256,32,52.22,1,39.0,7.1,200,42,83,16600,48045,0.31,0.152,0.448,0.134,0.182,0.112,3.0,0.251,0.208,2.3,8.6,0.856,3,0,0.371,0,0.882,0.118,0.282,2.8,5,4,1,0.812,33.0,0.39
C00257,53,22.75,3,26.3,4.5,200,57,58,11600,25628,0.281,0.278,0.487,0.037,0.281,0.22,0.0,0.383,0.432,0.0,7.6,0.755,7,1,0.076,1,0.443,0.5569999999999999,0.387,4.0,4,5,0,0.191,22.0,0.433
C00258,30,41.43,3,43.6,2.7,200,65,30,6000,19649,0.436,0.146,0.583,0.315,0.374,0.382,0.0,0.557,0.548,0.0,4.8,0.554,4,2,0.172,0,0.525,0.475,0.374,8.0,8,4,1,0.132,34.2,0.435
C00259,43,59.55,1,36.6,6.9,200,14,64,12800,44181,0.276,0.403,0.507,0.284,0.283,0.353,0.3,0.263,0.18,0.3,1.4,0.43,2,1,0.211,2,0.759,0.241,0.645,1.7,7,3,0,0.262,23.5,0.361
C00260,47,50.56,1,41.8,3.5,287,2,39,11193,29278,0.133,0.843,0.318,0.064,0.076,0.214,0.0,0.245,0.123,0.0,1.0,0.312,2,1,0.153,0,0.725,0.275,0.34,3.5,6,4,1,0.306,24.1,0.44
C00261,27,60.46,3,39.0,3.5,200,1,36,7200,18946,0.126,0.721,0.588,0.183,0.132,0.275,0.6,0.111,0.413,0.8,6.0,0.244,1,2,0.158,1,0.923,0.07699999999999996,0.523,4.0,7,4,2,0.527,20.9,0.479
C00262,37,36.9,1,34.1,4.4,200,19,54,10800,22626,0.512,0.394,0.547,0.066,0.022,0.073,3.5,0.261,0.172,5.7,1.0,0.324,3,1,0.288,1,0.387,0.613,0.583,2.8,5,3,1,0.594,33.0,0.431
C00263,18,25.57,3,38.5,0.9,200,12,10,2000,5338,0.082,0.241,0.584,0.151,0.032,0.135,3.6,0.589,0.051,4.5,2.3,0.667,5,2,0.34,0,0.576,0.42400000000000004,0.272,1.2,9,5,1,0.594,44.9,0.414
C00264,26,10.16,1,37.3,4.4,200,3,57,11400,27124,0.391,0.795,0.667,0.219,0.177,0.363,1.7,0.369,0.032,3.1,3.0,0.632,1,1,0.036,0,0.344,0.656,0.404,3.1,9,4,2,0.641,31.6,0.381
C00265,35,21.43,1,44.0,0.7,200,9,8,1600,3367,0.185,0.786,0.852,0.078,0.233,0.322,1.9,0.299,0.359,1.3,4.6,0.465,2,2,0.323,1,0.307,0.6930000000000001,0.64,9.5,1,5,1,0.248,32.8,0.502
C00266,23,15.43,3,38.5,0.5,528,6,6,3168,5178,0.039,0.367,0.79,0.09,0.487,0.248,0.0,0.528,0.288,0.0,2.7,0.53,3,1,0.341,0,0.856,0.14400000000000002,0.275,2.3,5,5,1,0.206,31.2,0.435
C00267,58,80.97,2,37.7,3.4,200,111,32,6400,12835,0.398,0.223,0.733,0.31,0.271,0.157,0.0,0.184,0.114,0.0,4.7,0.296,2,2,0.144,1,0.791,0.20899999999999996,0.082,3.3,2,5,0,0.31,20.6,0.58
C00268,21,22.27,3,28.9,4.4,200,7,61,12200,23128,0.359,0.41,0.643,0.199,0.302,0.07,1.7,0.27,0.222,2.9,6.7,0.265,2,3,0.257,1,0.804,0.19599999999999995,0.458,0.7,3,4,1,0.608,25.3,0.415
C00269,33,26.25,1,23.6,1.8,480,35,23,11040,28528,0.257,0.199,0.76,0.501,0.04,0.17,2.1,0.255,0.144,2.0,5.0,0.851,5,3,0.103,1,0.341,0.659,0.122,2.7,10,4,0,0.332,24.0,0.516
C00270,40,33.23,2,49.5,0.6,200,40,8,1600,4325,0.188,0.333,0.299,0.364,0.39,0.307,0.3,0.636,0.349,0.4,1.4,0.492,0,2,0.091,1,0.762,0.238,0.29,0.1,7,2,0,0.456,39.9,0.438
C00271,55,25.13,2,38.2,1.8,234,35,18,4212,11445,0.568,0.114,0.769,0.164,0.169,0.007,0.0,0.261,0.3,0.0,9.0,0.43,1,3,0.106,0,0.616,0.384,0.515,4.4,5,5,3,0.574,23.1,0.514
C00272,21,62.32,2,62.3,4.4,200,5,49,9800,22308,0.285,0.209,0.839,0.662,0.222,0.205,0.0,0.252,0.466,0.0,3.2,0.434,0,2,0.089,1,0.729,0.271,0.397,0.6,10,2,2,0.468,32.5,0.418
C00273,52,17.42,2,38.5,0.5,200,17,4,800,1874,0.224,0.316,0.649,0.493,0.403,0.224,1.7,0.364,0.241,1.8,2.5,0.305,0,2,0.061,1,0.64,0.36,0.103,0.2,7,3,0,0.167,31.9,0.497
C00274,38,27.3,2,35.9,0.8,200,2,9,1800,5703,0.112,0.61,0.814,0.254,0.227,0.363,1.7,0.082,0.037,2.9,3.4,0.637,2,3,0.122,2,0.187,0.813,0.518,0.5,9,5,3,0.475,22.4,0.557
C00275,26,16.31,2,35.7,6.9,336,23,61,20496,50266,0.119,0.457,0.819,0.107,0.164,0.567,3.7,0.517,0.541,5.6,2.6,0.535,2,2,0.09,2,0.338,0.6619999999999999,0.534,1.6,10,5,1,0.711,42.0,0.295
C00276,44,11.87,1,25.9,0.8,200,9,9,1800,6256,0.402,0.354,0.429,0.334,0.326,0.443,0.0,0.388,0.322,0.0,5.6,0.59,4,1,0.095,0,0.78,0.21999999999999997,0.521,0.1,10,4,2,0.316,22.0,0.473
C00277,40,17.52,3,42.2,2.1,200,37,25,5000,11896,0.221,0.31,0.351,0.356,0.314,0.309,0.8,0.661,0.157,1.6,2.2,0.491,5,2,0.213,1,0.827,0.17300000000000004,0.64,0.1,10,5,0,0.503,39.3,0.389
C00278,31,24.04,1,42.5,2.2,200,53,23,4600,12876,0.011,0.755,0.671,0.177,0.072,0.182,1.5,0.169,0.093,0.8,6.0,0.544,1,2,0.201,0,0.835,0.16500000000000004,0.515,1.8,9,3,1,0.458,27.0,0.551
C00279,39,19.37,2,35.8,1.9,270,34,21,5670,9076,0.17,0.292,0.448,0.261,0.195,0.374,0.3,0.526,0.404,0.3,5.7,0.378,3,2,0.09,2,0.799,0.20099999999999996,0.359,2.1,9,5,3,0.347,31.1,0.431
C00280,33,16.76,1,32.8,3.9,749,26,52,38948,109315,0.451,0.084,0.803,0.195,0.219,0.161,3.0,0.217,0.314,2.9,1.3,0.835,1,2,0.158,1,0.752,0.248,0.509,1.0,5,4,0,0.478,29.5,0.464
C00281,39,11.32,2,38.5,4.3,200,22,37,7400,23701,0.373,0.598,0.557,0.423,0.373,0.195,3.7,0.527,0.253,7.0,1.0,0.951,0,1,0.137,0,0.852,0.14800000000000002,0.655,0.0,5,5,0,0.382,43.4,0.357
C00282,46,23.44,2,42.1,2.3,743,83,29,21547,72935,0.191,0.364,0.691,0.376,0.159,0.217,0.0,0.294,0.059,0.0,7.6,0.646,4,1,0.066,0,0.356,0.644,0.718,1.5,7,4,3,0.228,25.7,0.544
C00283,57,10.72,1,42.9,0.5,200,11,5,1000,3495,0.653,0.342,0.814,0.208,0.136,0.218,0.3,0.117,0.148,0.4,1.0,0.483,5,1,0.214,1,0.217,0.783,0.435,6.3,10,2,0,0.43,21.7,0.564
C00284,23,37.26,1,30.6,6.0,670,60,49,32830,67773,0.107,0.306,0.577,0.373,0.187,0.352,4.4,0.3,0.098,6.9,1.0,0.614,6,2,0.155,1,0.35,0.65,0.61,1.7,5,5,0,0.553,35.7,0.423
C00285,64,25.67,1,41.9,2.8,413,64,26,10738,28464,0.091,0.451,0.433,0.174,0.069,0.452,2.2,0.195,0.491,1.7,2.1,0.222,4,2,0.287,1,0.61,0.39,0.402,1.5,5,5,1,0.37,29.9,0.54
C00286,18,11.0,2,32.3,5.9,200,24,74,14800,35541,0.082,0.575,0.671,0.142,0.018,0.221,1.5,0.43,0.175,1.1,1.2,0.797,3,0,0.064,1,0.387,0.613,0.459,2.0,8,3,1,0.202,30.8,0.347
C00287,36,20.7,3,38.6,0.5,200,16,5,1000,2628,0.154,0.629,0.324,0.217,0.232,0.494,2.1,0.258,0.1,1.2,1.0,0.607,1,2,0.063,2,0.795,0.20499999999999996,0.722,0.4,5,4,0,0.554,30.1,0.527
C00288,45,16.22,1,40.4,3.0,200,29,40,8000,14519,0.376,0.494,0.578,0.514,0.146,0.761,2.6,0.264,0.341,1.9,1.0,0.937,3,1,0.032,1,0.797,0.20299999999999996,0.615,4.1,8,5,1,0.424,32.7,0.476
C00289,41,29.24,2,28.2,7.0,317,4,78,24726,79427,0.185,0.647,0.65,0.092,0.217,0.518,2.4,0.36,0.146,4.1,5.5,0.359,4,1,0.08,0,0.213,0.787,0.456,0.1,8,5,1,0.322,30.0,0.318
C00290,31,51.28,1,48.2,3.3,200,2,27,5400,17923,0.24,0.279,0.594,0.256,0.284,0.564,2.5,0.105,0.239,4.8,6.1,0.423,4,3,0.292,0,0.559,0.44099999999999995,0.371,0.1,7,5,1,0.427,30.7,0.487
C00291,36,8.75,2,20.0,1.9,200,5,23,4600,11037,0.057,0.072,0.687,0.169,0.269,0.188,1.2,0.535,0.51,2.2,1.0,0.742,1,1,0.13,0,0.377,0.623,0.309,0.1,7,2,1,0.924,28.0,0.397
C00292,32,26.13,3,43.9,3.6,688,9,31,21328,43954,0.511,0.747,0.505,0.357,0.411,0.264,4.2,0.184,0.327,4.4,3.2,0.637,3,1,0.157,1,0.164,0.836,0.402,3.9,7,5,1,0.6,36.9,0.463
C00293,31,22.46,1,38.1,1.8,200,32,23,4600,8196,0.458,0.364,0.694,0.024,0.19,0.403,0.9,0.349,0.315,1.4,1.0,0.734,1,4,0.103,1,0.931,0.06899999999999995,0.377,1.1,4,5,3,0.526,28.7,0.485
C00294,48,35.49,2,41.8,2.8,419,85,25,10475,30037,0.227,0.607,0.7,0.121,0.431,0.746,1.7,0.293,0.11,3.0,2.8,0.276,2,3,0.108,0,0.702,0.29800000000000004,0.335,2.6,3,3,2,0.446,31.1,0.534
C00295,42,27.58,1,42.1,2.4,200,12,24,4800,10197,0.226,0.181,0.811,0.236,0.335,0.266,4.7,0.271,0.04,8.1,1.7,0.721,0,0,0.071,1,0.968,0.03200000000000003,0.505,0.2,4,5,2,0.267,40.5,0.471
C00296,30,16.22,1,20.9,1.4,836,123,18,15048,49945,0.268,0.453,0.584,0.031,0.142,0.457,2.0,0.249,0.526,1.2,1.0,0.593,5,2,0.104,1,0.907,0.09299999999999997,0.257,3.6,9,5,0,0.136,22.4,0.625
C00297,49,20.58,1,32.8,5.3,200,139,73,14600,41494,0.308,0.268,0.552,0.624,0.304,0.408,1.3,0.416,0.045,1.1,11.8,0.365,5,1,0.036,0,0.345,0.655,0.074,1.0,9,5,3,0.461,29.9,0.493
C00298,42,15.83,1,29.7,3.6,200,144,37,7400,20656,0.288,0.429,0.815,0.446,0.101,0.089,2.6,0.591,0.182,5.0,12.6,0.825,3,2,0.175,1,0.471,0.529,0.724,0.6,7,4,1,0.405,38.2,0.489
C00299,48,44.34,2,45.6,4.3,769,82,56,43064,112776,0.307,0.484,0.574,0.147,0.29,0.124,2.3,0.65,0.465,3.7,3.3,0.632,5,4,0.105,1,0.654,0.346,0.452,3.1,0,3,2,0.393,45.3,0.386
C00300,46,24.82,2,32.9,4.6,200,20,42,8400,13369,0.237,0.569,0.59,0.109,0.149,0.591,0.0,0.225,0.139,0.0,1.0,0.668,1,2,0.519,0,0.35,0.65,0.588,0.2,0,2,0,0.385,19.9,0.437
C00301,28,69.8,2,47.9,4.3,811,3,55,44605,150044,0.12,0.387,0.451,0.049,0.301,0.511,2.9,0.419,0.228,3.7,3.5,0.782,4,0,0.118,2,0.807,0.19299999999999995,0.669,1.7,10,3,1,0.515,41.3,0.368
C00302,31,23.73,1,30.1,1.4,449,38,17,7633,21036,0.31,0.275,0.856,0.214,0.417,0.291,0.0,0.183,0.088,0.0,10.6,0.395,7,1,0.203,3,0.5,0.5,0.533,1.2,5,5,1,0.406,17.5,0.551
C00303,47,16.62,1,25.1,1.5,200,37,14,2800,9767,0.202,0.359,0.679,0.322,0.339,0.157,5.0,0.173,0.393,7.4,1.9,0.447,2,0,0.293,1,0.612,0.388,0.39,3.4,4,3,1,0.517,31.7,0.551
C00304,45,10.67,2,31.6,2.4,200,85,24,4800,12359,0.278,0.731,0.748,0.137,0.261,0.142,1.7,0.35,0.183,2.1,1.0,0.393,2,3,0.039,0,0.595,0.405,0.426,2.5,3,4,0,0.463,28.7,0.527
C00305,38,9.1,3,40.7,0.5,200,248,4,800,2336,0.081,0.475,0.868,0.044,0.301,0.077,0.0,0.226,0.144,0.0,4.7,0.377,4,2,0.439,2,0.704,0.29600000000000004,0.33,5.6,9,4,2,0.579,23.1,0.791
C00306,39,10.26,1,42.8,1.4,200,32,14,2800,4515,0.211,0.165,0.554,0.234,0.249,0.399,0.4,0.234,0.031,0.4,4.3,0.564,2,2,0.076,0,0.496,0.504,0.841,3.2,9,5,1,0.09,25.5,0.529
C00307,53,28.42,3,35.7,2.1,588,19,19,11172,30874,0.154,0.343,0.825,0.136,0.522,0.095,3.1,0.198,0.139,2.3,1.0,0.881,5,1,0.125,0,0.837,0.16300000000000003,0.569,1.3,10,3,0,0.535,30.4,0.508
C00308,31,32.45,2,37.1,7.5,799,9,89,71111,215416,0.375,0.454,0.822,0.197,0.308,0.147,0.0,0.395,0.316,0.0,7.7,0.43,4,3,0.144,0,0.373,0.627,0.811,0.5,9,4,1,0.201,26.7,0.301
C00309,45,10.28,2,21.0,0.5,200,1,7,1400,4280,0.291,0.642,0.524,0.193,0.359,0.3,6.6,0.445,0.129,8.4,4.3,0.985,2,1,0.127,4,0.875,0.125,0.315,1.5,0,5,1,0.358,43.5,0.455
C00310,36,40.14,2,25.1,3.2,407,32,26,10582,32172,0.167,0.74,0.73,0.201,0.237,0.58,0.0,0.697,0.535,0.0,1.0,0.592,3,7,0.211,2,0.618,0.382,0.451,0.5,9,2,1,0.534,30.9,0.345
C00311,35,18.81,1,22.8,6.2,386,36,70,27020,52758,0.182,0.567,0.861,0.433,0.121,0.402,3.2,0.165,0.373,2.2,1.0,0.691,5,1,0.32,0,0.465,0.5349999999999999,0.104,0.3,10,5,0,0.578,24.6,0.432
C00312,51,26.6,1,24.1,3.3,541,78,38,20558,70941,0.336,0.293,0.558,0.451,0.213,0.594,0.6,0.345,0.284,1.1,14.3,0.374,2,1,0.087,1,0.683,0.31699999999999995,0.599,0.1,8,2,2,0.258,22.0,0.498
C00313,48,59.54,2,27.5,5.9,258,32,80,20640,72041,0.323,0.273,0.722,0.499,0.032,0.427,0.6,0.266,0.297,1.0,5.6,0.372,5,1,0.408,0,0.891,0.10899999999999999,0.459,2.0,4,4,3,0.609,21.0,0.405
C00314,48,40.18,1,37.6,3.8,200,112,42,8400,13870,0.262,0.467,0.458,0.221,0.127,0.631,2.9,0.241,0.34,2.0,1.8,0.702,3,2,0.247,3,0.631,0.369,0.546,2.1,5,3,3,0.278,31.8,0.554
C00315,54,21.16,3,31.7,1.5,200,45,17,3400,11468,0.352,0.42,0.859,0.051,0.01,0.101,0.5,0.634,0.169,0.3,2.3,0.442,2,2,0.071,1,0.804,0.19599999999999995,0.235,2.7,9,4,0,0.56,33.3,0.421
C00316,38,15.03,2,38.9,0.5,200,83,5,1000,2079,0.473,0.303,0.594,0.268,0.067,0.242,4.5,0.497,0.278,6.6,3.1,0.55,3,1,0.257,3,0.45,0.55,0.666,5.4,10,1,0,0.298,45.3,0.529
C00317,46,7.51,1,34.1,2.7,200,7,26,5200,14969,0.153,0.216,0.552,0.413,0.06,0.284,0.0,0.419,0.206,0.0,5.1,0.736,2,1,0.044,0,0.387,0.613,0.674,6.1,10,5,1,0.538,26.2,0.413
C00318,34,16.52,2,27.6,1.1,492,87,9,4428,9636,0.074,0.512,0.566,0.304,0.243,0.183,2.5,0.226,0.155,2.4,1.0,0.642,1,2,0.042,1,0.897,0.10299999999999998,0.309,1.0,7,3,0,0.578,26.1,0.6
C00319,42,21.84,1,43.2,1.3,200,51,14,2800,9619,0.368,0.31,0.454,0.271,0.209,0.589,0.9,0.804,0.149,1.6,1.0,0.466,2,2,0.38,1,0.576,0.42400000000000004,0.85,2.5,8,3,0,0.738,44.4,0.382
C00320,36,14.25,2,28.5,1.6,576,8,13,7488,12752,0.178,0.508,0.696,0.419,0.078,0.249,1.9,0.578,0.181,1.9,1.0,0.569,3,2,0.158,1,0.377,0.623,0.254,1.6,8,4,1,0.181,35.0,0.395
C00321,39,22.82,2,26.9,6.4,200,9,72,14400,35935,0.357,0.478,0.582,0.398,0.252,0.534,2.5,0.146,0.066,3.6,17.0,0.629,4,0,0.16,0,0.656,0.344,0.276,3.5,7,1,1,0.176,23.4,0.403
C00322,45,25.59,3,43.2,7.8,200,117,77,15400,36284,0.388,0.65,0.337,0.4,0.199,0.273,0.0,0.623,0.218,0.0,8.3,0.373,2,2,0.293,0,0.857,0.14300000000000002,0.792,3.2,10,5,3,0.548,36.0,0.343
C00323,28,21.68,3,31.4,3.3,200,1,37,7400,15925,0.309,0.771,0.591,0.237,0.27,0.156,1.9,0.458,0.041,1.7,3.2,0.55,0,4,0.338,1,0.802,0.19799999999999995,0.642,0.5,9,4,0,0.693,32.6,0.38
C00324,63,17.16,2,32.5,1.8,200,28,16,3200,8931,0.171,0.192,0.516,0.403,0.405,0.259,3.5,0.564,0.172,3.5,2.3,0.395,2,2,0.196,1,0.307,0.6930000000000001,0.261,0.5,4,4,1,0.847,41.5,0.416
C00325,26,26.92,2,36.2,0.7,200,17,10,2000,3524,0.03,0.267,0.657,0.114,0.198,0.63,2.5,0.684,0.498,4.8,1.1,0.623,2,0,0.114,2,0.619,0.381,0.476,0.3,4,5,0,0.146,43.2,0.396
C00326,23,31.28,3,26.5,4.2,200,49,56,11200,32853,0.104,0.722,0.875,0.375,0.217,0.425,0.9,0.464,0.392,0.9,3.6,0.736,2,2,0.275,3,0.676,0.32399999999999995,0.613,0.3,8,4,3,0.147,27.5,0.408
C00327,52,13.47,1,39.8,6.1,200,82,56,11200,38765,0.128,0.59,0.662,0.233,0.059,0.14,0.0,0.545,0.312,0.0,4.7,0.794,4,1,0.267,1,0.505,0.495,0.355,0.7,8,2,1,0.129,32.3,0.371
C00328,47,53.3,1,43.0,3.6,200,20,36,7200,22386,0.335,0.247,0.423,0.188,0.121,0.464,3.1,0.335,0.278,5.6,4.7,0.537,0,4,0.164,0,0.659,0.34099999999999997,0.297,1.1,0,5,0,0.366,37.5,0.43
C00329,45,23.24,1,35.8,0.5,200,25,6,1200,3864,0.524,0.739,0.421,0.159,0.232,0.503,5.2,0.571,0.217,3.2,1.0,0.773,6,2,0.232,2,0.663,0.33699999999999997,0.476,2.4,7,5,0,0.238,48.6,0.443
C00330,46,24.79,1,33.6,4.3,337,181,37,12469,27672,0.132,0.178,0.807,0.068,0.188,0.254,2.8,0.464,0.227,4.2,4.8,0.668,5,2,0.105,1,0.847,0.15300000000000002,0.339,3.4,10,5,0,0.444,36.6,0.55
C00331,38,36.22,2,35.0,5.4,200,69,55,11000,23648,0.295,0.178,0.613,0.133,0.392,0.272,4.0,0.433,0.082,6.5,8.1,0.573,3,2,0.24,0,0.434,0.5660000000000001,0.406,0.4,7,3,3,0.455,40.2,0.408
C00332,27,27.89,2,43.5,0.5,808,102,5,4040,10238,0.213,0.351,0.17,0.346,0.136,0.405,3.4,0.42,0.497,3.9,1.0,0.444,3,2,0.129,1,0.578,0.42200000000000004,0.57,0.7,8,4,0,0.607,41.2,0.573
C00333,39,41.44,2,52.0,4.0,200,26,54,10800,17188,0.146,0.632,0.874,0.427,0.308,0.28,1.0,0.291,0.195,1.4,5.6,0.428,1,1,0.239,2,0.663,0.33699999999999997,0.058,2.2,9,4,2,0.483,32.8,0.439
C00334,30,28.73,1,46.6,4.1,445,12,54,24030,81479,0.396,0.38,0.491,0.136,0.361,0.459,1.8,0.215,0.308,1.3,6.9,0.645,4,2,0.285,0,0.644,0.356,0.115,3.5,1,4,1,0.643,31.0,0.444
C00335,50,17.52,2,38.9,2.6,200,24,30,6000,10725,0.46,0.493,0.603,0.076,0.281,0.269,3.1,0.192,0.025,3.0,1.3,0.706,2,4,0.16,1,0.706,0.29400000000000004,0.655,4.3,6,5,1,0.628,31.5,0.503
C00336,36,29.93,1,43.0,1.6,352,57,18,6336,20947,0.303,0.123,0.644,0.305,0.59,0.415,0.0,0.616,0.03,0.0,5.0,0.431,2,4,0.188,1,0.693,0.30700000000000005,0.567,1.2,10,4,1,0.704,35.7,0.437
C00337,28,13.08,2,29.0,4.6,200,5,62,12400,20673,0.373,0.801,0.659,0.239,0.053,0.317,2.6,0.326,0.194,3.7,1.0,0.86,1,1,0.23,1,0.57,0.43000000000000005,0.354,1.5,8,4,1,0.156,30.0,0.391
C00338,34,26.04,2,32.7,2.2,540,14,30,16200,50953,0.297,0.354,0.311,0.069,0.098,0.692,4.0,0.482,0.264,2.8,4.2,0.484,2,3,0.05,0,0.857,0.14300000000000002,0.221,2.8,10,1,0,0.827,40.7,0.415
C00339,43,24.09,1,25.4,0.5,200,2,7,1400,2525,0.253,0.541,0.535,0.168,0.061,0.526,1.4,0.664,0.006,2.8,2.9,0.535,7,4,0.171,0,0.691,0.30900000000000005,0.138,0.8,10,4,3,0.406,34.7,0.39
C00340,31,21.88,1,28.2,0.5,200,25,4,800,1261,0.493,0.401,0.518,0.465,0.245,0.144,3.1,0.394,0.218,5.9,7.6,0.342,3,1,0.339,1,0.687,0.31299999999999994,0.162,0.2,6,4,1,0.3,33.3,0.496
C00341,28,22.86,1,28.0,5.4,200,79,48,9600,28214,0.114,0.446,0.7,0.138,0.108,0.416,0.3,0.24,0.35,0.3,2.4,0.721,1,1,0.228,0,0.401,0.599,0.748,1.5,6,5,0,0.466,19.4,0.477
C00342,41,8.71,3,35.4,3.6,200,1,43,8600,17721,0.121,0.294,0.887,0.339,0.16,0.024,1.3,0.581,0.126,2.4,2.2,0.343,0,1,0.232,1,0.577,0.42300000000000004,0.513,10.6,7,4,0,0.354,35.9,0.335
C00343,41,18.14,3,38.7,2.9,247,51,33,8151,23874,0.029,0.165,0.484,0.149,0.052,0.357,0.8,0.278,0.304,0.7,10.9,0.652,1,3,0.139,0,0.73,0.27,0.263,1.2,8,3,0,0.284,26.5,0.499
C00344,32,25.82,2,25.6,2.2,200,121,18,3600,9397,0.332,0.292,0.785,0.33,0.665,0.367,2.4,0.445,0.18,3.2,10.9,0.845,3,3,0.293,0,0.787,0.21299999999999997,0.184,0.9,10,5,1,0.442,31.5,0.543
C00345,32,26.79,1,33.1,2.0,200,12,17,3400,5840,0.371,0.55,0.534,0.442,0.653,0.13,1.3,0.206,0.352,2.2,1.0,0.393,4,1,0.287,1,0.865,0.135,0.514,4.3,8,4,1,0.278,23.7,0.501
C00346,41,13.94,2,29.1,0.5,200,53,7,1400,4710,0.273,0.269,0.423,0.273,0.086,0.534,0.0,0.157,0.303,0.0,2.7,0.798,4,2,0.096,0,0.693,0.30700000000000005,0.269,6.3,9,5,1,0.415,16.4,0.598
C00347,21,49.21,2,44.4,3.1,200,166,41,8200,19718,0.321,0.587,0.909,0.059,0.24,0.488,0.5,0.61,0.145,0.7,1.0,0.581,2,2,0.105,2,0.758,0.242,0.337,3.8,8,3,1,0.405,37.7,0.52
C00348,21,15.24,3,23.4,0.5,676,147,5,3380,10035,0.15,0.599,0.956,0.371,0.179,0.452,5.2,0.457,0.178,6.1,1.3,0.354,0,3,0.481,1,0.158,0.842,0.299,1.9,5,3,1,0.36,40.2,0.611
C00349,29,41.81,1,40.2,2.2,393,12,29,11397,28516,0.2,0.133,0.266,0.25,0.109,0.478,3.0,0.26,0.242,4.9,4.4,0.605,3,1,0.141,1,0.313,0.687,0.213,5.5,7,4,3,0.364,33.8,0.479
C00350,35,31.03,1,44.1,2.6,200,5,30,6000,16252,0.222,0.341,0.331,0.507,0.205,0.403,0.0,0.587,0.299,0.0,1.0,0.667,4,2,0.492,0,0.804,0.19599999999999995,0.299,2.2,7,4,1,0.642,35.2,0.363
C00351,42,17.19,2,31.3,3.9,200,7,50,10000,21055,0.121,0.539,0.705,0.085,0.016,0.435,3.8,0.141,0.331,5.1,1.0,0.298,0,1,0.246,0,0.338,0.6619999999999999,0.688,0.9,10,2,0,0.346,29.3,0.466
C00352,56,65.13,2,59.4,4.5,200,54,48,9600,18247,0.125,0.324,0.679,0.194,0.027,0.073,0.0,0.264,0.051,0.0,5.2,0.593,1,0,0.134,1,0.474,0.526,0.282,6.9,8,4,1,0.462,31.7,0.466
C00353,48,12.72,1,31.4,4.1,204,58,36,7344,18985,0.297,0.687,0.483,0.653,0.185,0.562,3.0,0.243,0.192,4.6,4.1,0.221,2,4,0.061,0,0.56,0.43999999999999995,0.126,2.7,2,2,1,0.277,29.7,0.486
C00354,36,40.67,1,32.5,6.3,200,50,67,13400,31898,0.14,0.364,0.387,0.13,0.012,0.416,4.4,0.187,0.476,5.7,9.3,0.292,2,0,0.173,0,0.708,0.29200000000000004,0.787,0.4,8,4,1,0.092,33.1,0.439
C00355,38,42.53,2,40.7,5.8,200,18,62,12400,28275,0.354,0.103,0.578,0.076,0.176,0.109,2.1,0.592,0.192,2.5,3.1,0.77,0,2,0.159,2,0.275,0.725,0.321,1.0,8,4,3,0.115,41.0,0.295
C00356,26,16.97,3,34.8,3.6,200,8,41,8200,23330,0.494,0.56,0.594,0.294,0.07,0.348,0.0,0.467,0.059,0.0,11.6,0.411,4,2,0.066,0,0.327,0.673,0.315,2.7,7,5,1,0.402,27.9,0.377
C00357,38,52.77,3,39.3,4.1,647,39,35,22645,65241,0.217,0.278,0.585,0.3,0.195,0.248,0.6,0.409,0.358,0.4,3.8,0.496,2,4,0.507,1,0.318,0.6819999999999999,0.351,4.5,6,2,1,0.525,30.0,0.416
C00358,35,21.38,2,40.6,0.9,200,30,13,2600,4139,0.27,0.451,0.513,0.145,0.163,0.18,2.7,0.295,0.094,5.2,2.0,0.299,3,5,0.154,2,0.449,0.5509999999999999,0.294,11.2,5,5,1,0.651,34.0,0.521
C00359,42,28.75,2,31.8,4.6,200,59,44,8800,19162,0.08,0.604,0.561,0.387,0.443,0.776,0.0,0.237,0.225,0.0,3.8,0.72,6,0,0.114,1,0.076,0.924,0.649,0.6,5,1,0,0.488,19.8,0.477
C00360,28,28.31,1,30.1,6.5,453,26,60,27180,63154,0.112,0.705,0.573,0.248,0.202,0.379,0.4,0.419,0.549,0.4,5.5,0.339,1,2,0.097,0,0.786,0.21399999999999997,0.377,4.1,3,4,0,0.4,25.9,0.338
C00361,44,22.79,2,48.8,3.6,215,19,40,8600,14567,0.088,0.495,0.38,0.29,0.31,0.244,2.5,0.485,0.402,3.5,1.7,0.64,2,5,0.146,0,0.322,0.6779999999999999,0.253,0.3,7,5,1,0.229,42.3,0.384
C00362,56,38.32,2,46.8,7.4,200,16,83,16600,32732,0.293,0.457,0.729,0.32,0.048,0.127,0.5,0.057,0.376,0.9,1.9,0.692,1,5,0.158,0,0.861,0.139,0.354,2.9,9,5,2,0.645,22.1,0.412
C00363,37,37.96,2,40.7,0.5,200,11,5,1000,1603,0.379,0.502,0.542,0.316,0.241,0.331,4.6,0.264,0.243,8.0,4.0,0.33,1,0,0.039,1,0.363,0.637,0.424,0.3,8,1,1,0.506,39.4,0.52
C00364,43,9.38,2,29.8,0.5,200,14,6,1200,4191,0.145,0.486,0.671,0.407,0.202,0.238,0.0,0.534,0.13,0.0,2.4,0.728,5,2,0.151,0,0.722,0.278,0.294,2.1,0,4,2,0.557,27.9,0.442
C00365,46,50.27,1,40.5,5.7,200,4,63,12600,37461,0.446,0.769,0.762,0.357,0.169,0.29,0.0,0.322,0.304,0.0,3.0,0.325,7,1,0.195,1,0.322,0.6779999999999999,0.262,1.8,9,4,0,0.239,25.9,0.363
C00366,33,9.83,1,36.8,2.9,200,19,34,6800,11389,0.496,0.244,0.239,0.055,0.219,0.302,0.0,0.494,0.123,0.0,16.1,0.68,0,0,0.195,0,0.619,0.381,0.398,5.6,7,5,0,0.118,29.5,0.399
C00367,41,43.29,1,32.4,6.4,200,2,79,15800,24340,0.239,0.452,0.482,0.17,0.423,0.214,2.5,0.187,0.173,2.7,1.0,0.669,2,2,0.179,1,0.787,0.21299999999999997,0.63,1.9,9,4,4,0.412,26.8,0.383
C00368,38,45.59,1,45.4,3.8,200,9,31,6200,18219,0.29,0.633,0.572,0.309,0.267,0.332,3.6,0.224,0.216,6.7,4.2,0.669,2,1,0.105,1,0.818,0.18200000000000005,0.742,3.2,9,4,0,0.281,36.7,0.446
C00369,39,13.46,1,41.2,0.8,200,62,9,1800,4281,0.25,0.521,0.674,0.171,0.231,0.047,0.5,0.33,0.054,0.6,10.2,0.555,1,2,0.136,0,0.678,0.32199999999999995,0.712,5.0,7,1,1,0.504,28.0,0.549
C00370,29,19.57,3,40.3,2.4,579,18,32,18528,56948,0.277,0.223,0.801,0.195,0.16,0.209,0.8,0.054,0.601,1.4,1.1,0.6,4,9,0.467,0,0.558,0.44199999999999995,0.353,0.4,9,4,0,0.673,20.4,0.543
C00371,38,13.35,2,26.3,0.5,200,50,4,800,2678,0.039,0.364,0.686,0.365,0.298,0.175,1.2,0.599,0.14,0.6,1.0,0.649,2,1,0.684,0,0.864,0.136,0.193,0.3,8,4,3,0.648,32.4,0.462
C00372,44,21.8,2,47.7,0.6,200,57,6,1200,3238,0.236,0.256,0.869,0.187,0.401,0.141,4.9,0.561,0.516,6.2,1.8,0.321,2,3,0.137,1,0.803,0.19699999999999995,0.731,0.3,9,4,1,0.123,52.1,0.479
C00373,55,20.71,3,26.9,4.8,203,39,65,13195,24730,0.019,0.479,0.709,0.214,0.265,0.347,2.2,0.354,0.196,4.1,1.0,0.705,6,3,0.121,0,0.279,0.721,0.41,1.0,9,5,0,0.637,28.6,0.415
C00374,50,37.67,3,49.1,5.3,200,143,54,10800,33095,0.431,0.437,0.302,0.223,0.169,0.502,0.8,0.29,0.351,0.7,3.3,0.706,3,3,0.138,4,0.633,0.367,0.363,1.2,4,4,0,0.916,31.0,0.535
C00375,64,50.43,2,45.0,4.7,236,1,51,12036,41062,0.422,0.105,0.498,0.309,0.279,0.35,6.1,0.494,0.202,11.6,4.1,0.495,4,3,0.094,2,0.746,0.254,0.503,0.1,5,5,3,0.252,52.9,0.333
C00376,29,52.86,3,35.3,0.7,200,60,10,2000,5321,0.218,0.616,0.721,0.603,0.16,0.259,2.1,0.485,0.145,1.1,6.9,0.652,3,1,0.125,0,0.582,0.41800000000000004,0.294,0.7,7,4,0,0.322,35.6,0.502
C00377,48,18.01,1,34.7,2.0,200,144,18,3600,10310,0.53,0.192,0.424,0.24,0.344,0.201,0.0,0.858,0.428,0.0,1.0,0.521,1,2,0.221,1,0.605,0.395,0.364,0.0,7,3,1,0.504,39.6,0.45
C00378,40,21.87,1,31.7,0.5,290,89,4,1160,2523,0.601,0.23,0.549,0.201,0.17,0.636,0.0,0.273,0.271,0.0,2.3,0.535,3,2,0.08,1,0.408,0.5920000000000001,0.42,0.5,6,4,0,0.341,20.9,0.603
C00379,64,9.72,2,44.4,4.7,747,8,62,46314,104811,0.205,0.623,0.467,0.12,0.088,0.186,2.3,0.304,0.063,1.5,6.1,0.372,4,2,0.146,0,0.433,0.567,0.362,1.2,7,3,0,0.146,34.5,0.398
C00380,28,15.75,2,30.8,1.5,365,18,20,7300,21676,0.393,0.517,0.311,0.303,0.611,0.156,0.0,0.259,0.333,0.0,5.8,0.66,2,1,0.163,1,0.332,0.6679999999999999,0.211,3.5,8,2,0,0.265,20.1,0.504
C00381,28,41.71,2,36.9,1.5,468,9,16,7488,25126,0.509,0.616,0.686,0.142,0.452,0.624,2.8,0.455,0.496,2.6,1.0,0.323,6,0,0.45,0,0.28,0.72,0.346,12.0,10,3,1,0.361,37.6,0.435
C00382,31,59.65,1,32.6,4.4,200,41,49,9800,27028,0.175,0.485,0.656,0.168,0.393,0.477,0.6,0.277,0.23,0.7,1.0,0.699,5,2,0.082,2,0.367,0.633,0.342,0.6,6,2,2,0.293,23.3,0.45
C00383,18,12.44,1,38.0,1.2,200,56,16,3200,9855,0.081,0.689,0.769,0.4,0.215,0.596,3.6,0.554,0.307,3.9,6.1,0.424,6,4,0.386,0,0.491,0.509,0.466,3.0,2,2,2,0.122,43.7,0.465
C00384,32,17.71,2,31.9,5.7,748,17,71,53108,97892,0.293,0.515,0.804,0.196,0.184,0.31,1.7,0.305,0.118,3.2,1.0,0.478,1,1,0.275,2,0.192,0.808,0.289,1.1,6,5,0,0.445,27.5,0.382
C00385,29,24.18,1,37.7,1.5,1031,35,14,14434,27770,0.306,0.464,0.429,0.67,0.422,0.152,0.0,0.589,0.081,0.0,3.4,0.88,4,2,0.394,1,0.928,0.07199999999999995,0.596,4.7,9,5,1,0.179,32.8,0.424
C00386,40,28.62,2,30.6,0.5,776,53,4,3104,7959,0.303,0.384,0.279,0.487,0.07,0.304,3.4,0.475,0.119,5.5,1.0,0.471,1,1,0.392,1,0.935,0.06499999999999995,0.373,1.0,7,3,1,0.574,37.7,0.503
C00387,42,15.72,2,20.1,0.5,200,25,5,1000,1853,0.184,0.738,0.543,0.152,0.291,0.147,4.0,0.443,0.211,6.0,1.4,0.569,1,2,0.346,1,0.603,0.397,0.824,0.9,5,2,1,0.507,34.5,0.482
C00388,61,30.98,2,42.7,3.2,200,87,42,8400,23268,0.206,0.419,0.58,0.424,0.134,0.027,0.0,0.288,0.28,0.0,1.0,0.359,6,2,0.186,3,0.851,0.14900000000000002,0.604,1.9,7,1,0,0.248,25.7,0.528
C00389,49,18.9,3,24.1,1.6,200,66,21,4200,8750,0.05,0.51,0.832,0.186,0.142,0.322,0.0,0.354,0.11,0.0,5.3,0.805,3,0,0.257,1,0.66,0.33999999999999997,0.364,12.0,9,5,1,0.483,20.3,0.525
C00390,31,24.34,3,45.6,0.5,200,3,7,1400,4316,0.273,0.528,0.543,0.089,0.122,0.262,2.5,0.166,0.136,1.8,4.5,0.251,8,2,0.098,0,0.813,0.18700000000000006,0.711,1.1,3,4,2,0.399,31.5,0.541
C00391,27,33.13,2,44.5,5.7,200,44,76,15200,47367,0.538,0.456,0.458,0.21,0.505,0.075,3.0,0.369,0.325,3.5,1.0,0.671,5,4,0.046,0,0.218,0.782,0.821,0.6,9,4,0,0.502,38.8,0.393
C00392,44,24.62,2,30.2,4.3,807,12,49,39543,95994,0.364,0.302,0.704,0.402,0.339,0.068,6.2,0.295,0.365,7.4,1.0,0.702,3,2,0.06,2,0.47,0.53,0.32,3.0,4,2,1,0.415,41.4,0.415
C00393,22,19.3,2,39.1,2.7,200,37,29,5800,10797,0.071,0.366,0.337,0.15,0.098,0.641,3.2,0.488,0.173,4.9,2.5,0.812,8,0,0.033,1,0.515,0.485,0.031,5.6,10,5,1,0.502,40.8,0.426
C00394,60,23.1,1,39.7,5.7,200,141,72,14400,40227,0.155,0.502,0.472,0.193,0.039,0.122,6.3,0.616,0.381,11.0,1.0,0.698,5,1,0.464,1,0.893,0.10699999999999998,0.364,4.4,7,4,1,0.587,55.1,0.425
C00395,52,23.37,1,32.8,4.3,691,95,53,36623,127652,0.18,0.518,0.474,0.228,0.027,0.487,1.5,0.414,0.319,1.5,1.0,0.626,2,4,0.281,0,0.573,0.42700000000000005,0.608,5.3,7,4,0,0.058,30.5,0.471
C00396,32,20.02,1,39.4,1.2,200,23,13,2600,7137,0.437,0.602,0.38,0.324,0.31,0.438,2.2,0.654,0.076,1.2,1.2,0.484,1,3,0.089,1,0.61,0.39,0.424,0.1,8,4,0,0.612,42.6,0.398
C00397,18,21.28,2,38.7,0.8,1021,16,7,7147,11232,0.626,0.242,0.65,0.077,0.683,0.452,0.3,0.643,0.082,0.2,1.0,0.319,3,3,0.099,2,0.427,0.573,0.485,0.2,4,5,0,0.685,35.8,0.404
C00398,54,59.1,2,39.7,6.0,1005,12,81,81405,124923,0.109,0.532,0.522,0.416,0.25,0.481,1.1,0.347,0.316,2.0,4.6,0.3,3,0,0.293,2,0.316,0.6839999999999999,0.717,3.9,6,5,4,0.746,29.9,0.357
C00399,37,33.4,3,34.7,4.1,200,34,44,8800,18838,0.347,0.692,0.372,0.139,0.061,0.082,2.0,0.242,0.406,2.5,7.9,0.528,2,3,0.592,0,0.439,0.5609999999999999,0.077,1.3,8,4,0,0.259,27.7,0.46
C00400,53,20.85,1,27.3,3.2,200,5,33,6600,12484,0.385,0.548,0.517,0.47,0.288,0.124,0.3,0.56,0.324,0.3,1.1,0.531,1,2,0.044,1,0.492,0.508,0.135,1.5,2,2,1,0.813,28.7,0.356
C00401,19,35.99,1,36.4,1.7,354,36,20,7080,22133,0.047,0.131,0.59,0.336,0.164,0.275,0.0,0.116,0.4,0.0,1.0,0.364,2,2,0.158,2,0.271,0.729,0.514,1.3,6,4,3,0.305,18.0,0.561
C00402,31,20.42,3,35.4,4.0,200,1,48,9600,30620,0.149,0.528,0.444,0.465,0.148,0.523,0.1,0.387,0.431,0.1,2.0,0.684,3,2,0.3,2,0.481,0.519,0.339,0.5,7,4,1,0.08,26.1,0.383
C00403,38,46.77,1,41.3,2.4,200,18,22,4400,8876,0.5,0.272,0.531,0.155,0.285,0.14,4.1,0.264,0.046,2.9,1.0,0.378,3,0,0.077,0,0.727,0.273,0.47,7.0,8,4,2,0.605,38.0,0.48
C00404,39,30.06,2,18.7,3.0,645,11,39,25155,54116,0.03,0.387,0.468,0.178,0.043,0.22,1.7,0.497,0.521,1.9,11.7,0.641,3,5,0.281,2,0.594,0.406,0.756,3.3,6,5,0,0.594,28.0,0.387
C00405,33,23.13,2,34.6,5.8,612,160,56,34272,67601,0.103,0.232,0.841,0.314,0.507,0.196,1.6,0.645,0.524,2.0,1.1,0.571,6,1,0.201,1,0.09,0.91,0.398,1.0,8,5,0,0.44,38.5,0.434
C00406,45,31.38,2,40.2,1.9,200,58,17,3400,11277,0.614,0.378,0.56,0.394,0.262,0.17,0.1,0.369,0.203,0.1,1.0,0.274,4,0,0.199,0,0.421,0.579,0.52,2.2,6,4,2,0.24,27.5,0.505
C00407,25,10.34,1,25.1,0.5,200,19,5,1000,2505,0.315,0.766,0.651,0.222,0.258,0.434,1.9,0.096,0.338,1.5,3.3,0.475,2,1,0.312,0,0.652,0.348,0.152,1.9,7,4,2,0.25,19.2,0.579
C00408,36,13.2,1,40.6,0.5,200,4,6,1200,3375,0.149,0.394,0.557,0.459,0.119,0.462,4.6,0.348,0.098,2.4,3.1,0.678,3,5,0.068,0,0.262,0.738,0.082,1.6,7,3,0,0.343,41.8,0.487
C00409,39,12.72,1,36.0,4.5,200,33,62,12400,28904,0.192,0.406,0.667,0.112,0.04,0.523,4.1,0.497,0.534,5.7,4.0,0.771,5,1,0.154,1,0.879,0.121,0.203,8.2,1,5,1,0.163,42.8,0.373
C00410,44,26.54,2,39.6,3.6,200,11,46,9200,25411,0.368,0.202,0.582,0.2,0.222,0.139,2.3,0.331,0.229,1.8,13.6,0.386,2,4,0.309,1,0.516,0.484,0.178,1.5,10,2,0,0.7,33.4,0.421
C00411,47,63.62,2,38.0,4.3,200,35,59,11800,26806,0.487,0.342,0.676,0.298,0.133,0.265,0.6,0.418,0.066,1.1,1.6,0.296,3,2,0.333,0,0.646,0.354,0.271,2.4,9,4,1,0.587,29.7,0.404
C00412,25,83.7,1,52.4,4.3,524,81,38,19912,43395,0.477,0.638,0.279,0.182,0.37,0.446,6.2,0.178,0.191,8.7,1.8,0.751,3,2,0.34,2,0.799,0.20099999999999996,0.499,0.8,8,5,1,0.678,46.7,0.526
C00413,20,34.85,2,41.3,4.4,372,43,37,13764,38112,0.09,0.226,0.711,0.04,0.053,0.37,3.8,0.641,0.189,5.1,1.6,0.493,4,2,0.43,0,0.435,0.565,0.087,1.1,6,4,2,0.526,48.3,0.343
C00414,53,32.31,3,45.5,1.6,694,45,18,12492,33505,0.256,0.401,0.71,0.147,0.477,0.159,0.0,0.605,0.105,0.0,4.0,0.655,2,3,0.439,0,0.38,0.62,0.633,2.1,9,4,0,0.28,36.3,0.427
C00415,42,9.11,1,21.1,3.0,200,35,29,5800,12105,0.161,0.198,0.579,0.16,0.019,0.798,0.0,0.401,0.399,0.0,3.7,0.585,2,1,0.336,1,0.749,0.251,0.402,6.5,9,4,1,0.427,20.5,0.442
C00416,29,18.2,2,36.7,1.3,200,118,17,3400,6116,0.144,0.279,0.309,0.227,0.25,0.287,0.0,0.637,0.305,0.0,3.0,0.602,2,1,0.202,0,0.734,0.266,0.609,9.0,4,4,3,0.453,33.8,0.505
C00417,57,15.91,2,41.4,0.8,382,121,10,3820,8546,0.251,0.402,0.393,0.209,0.074,0.248,0.3,0.452,0.203,0.6,1.8,0.464,7,0,0.303,0,0.444,0.556,0.562,4.1,8,4,1,0.29,31.1,0.577
C00418,39,17.44,1,32.3,1.4,227,32,19,4313,10051,0.358,0.434,0.823,0.218,0.041,0.108,3.2,0.431,0.195,3.1,2.2,0.787,4,4,0.194,2,0.534,0.46599999999999997,0.208,4.3,6,1,0,0.413,36.4,0.47
C00419,52,22.37,1,40.7,2.1,770,16,20,15400,42463,0.124,0.672,0.254,0.135,0.228,0.209,3.2,0.49,0.525,5.3,6.3,0.395,3,0,0.484,0,0.273,0.727,0.568,0.3,9,3,0,0.521,41.5,0.417
C00420,39,18.92,2,25.3,2.7,213,28,29,6177,20564,0.134,0.147,0.803,0.308,0.173,0.316,2.1,0.533,0.055,1.4,3.8,0.368,5,2,0.078,0,0.717,0.28300000000000003,0.473,5.9,7,5,0,0.354,33.0,0.402
C00421,63,8.26,3,36.6,2.8,925,9,31,28675,45088,0.229,0.629,0.699,0.102,0.719,0.159,0.9,0.233,0.141,1.5,5.0,0.506,5,4,0.727,1,0.682,0.31799999999999995,0.093,7.4,6,3,2,0.27,24.6,0.469
C00422,59,37.02,3,19.2,0.5,276,46,5,1380,2743,0.514,0.226,0.338,0.33,0.164,0.088,6.5,0.329,0.276,6.0,1.3,0.486,4,1,0.028,0,0.964,0.03600000000000003,0.569,0.7,10,4,1,0.636,39.0,0.539
C00423,35,13.6,2,43.4,0.9,533,31,10,5330,10060,0.304,0.662,0.89,0.544,0.305,0.238,1.3,0.368,0.197,1.2,9.7,0.351,1,1,0.372,0,0.901,0.09899999999999998,0.696,1.8,10,4,2,0.306,32.7,0.501
C00424,50,27.98,2,28.3,2.3,200,5,25,5000,12523,0.116,0.479,0.548,0.425,0.114,0.202,1.4,0.406,0.228,1.8,1.0,0.473,4,1,0.126,2,0.939,0.061000000000000054,0.502,1.3,9,3,3,0.088,28.1,0.425
C00425,46,76.76,2,43.8,8.1,200,10,87,17400,41054,0.499,0.383,0.858,0.108,0.245,0.519,1.5,0.207,0.609,1.6,3.6,0.594,3,0,0.301,0,0.153,0.847,0.243,3.4,3,5,2,0.55,28.7,0.343
C00426,54,14.8,2,26.3,0.5,458,29,5,2290,6774,0.234,0.317,0.55,0.233,0.197,0.249,5.7,0.256,0.362,3.9,6.7,0.817,2,2,0.053,0,0.517,0.483,0.099,0.4,9,4,3,0.503,37.0,0.542
C00427,26,6.1,2,41.7,2.6,807,98,21,16947,33637,0.268,0.736,0.341,0.376,0.334,0.056,2.6,0.54,0.129,3.6,8.0,0.518,7,1,0.254,4,0.962,0.038000000000000034,0.494,3.3,3,5,2,0.415,41.5,0.479
C00428,46,20.96,1,13.2,5.8,368,38,65,23920,64321,0.297,0.519,0.446,0.229,0.072,0.288,0.0,0.34,0.379,0.0,1.5,0.493,8,2,0.22,0,0.713,0.28700000000000003,0.403,4.7,3,1,0,0.277,15.5,0.392
C00429,51,44.95,2,40.8,1.2,200,51,12,2400,7843,0.147,0.472,0.4,0.454,0.03,0.23,0.0,0.368,0.261,0.0,2.5,0.438,2,1,0.568,0,0.332,0.6679999999999999,0.502,0.3,4,3,0,0.725,27.4,0.515
C00430,18,72.03,2,41.4,5.7,699,19,46,32154,106795,0.115,0.494,0.701,0.219,0.167,0.562,0.0,0.531,0.079,0.0,1.0,0.348,1,5,0.09,1,0.86,0.14,0.703,0.7,9,4,3,0.265,32.5,0.317
C00431,24,12.48,2,29.1,0.9,200,38,9,1800,6152,0.029,0.073,0.486,0.337,0.082,0.554,1.1,0.632,0.352,2.0,6.2,0.459,7,0,0.241,0,0.734,0.266,0.28,0.3,7,4,0,0.46,34.2,0.429
C00432,18,32.24,3,47.1,2.3,200,27,22,4400,13405,0.022,0.752,0.367,0.185,0.23,0.335,0.0,0.131,0.302,0.0,1.0,0.268,4,1,0.103,1,0.543,0.45699999999999996,0.14,4.1,9,4,0,0.357,22.8,0.532
C00433,35,18.99,1,24.8,1.2,344,48,12,4128,13672,0.373,0.717,0.283,0.293,0.095,0.422,0.0,0.27,0.03,0.0,2.2,0.741,3,0,0.151,1,0.839,0.16100000000000003,0.55,0.1,9,5,0,0.54,18.0,0.541
C00434,47,23.14,1,39.9,1.5,200,2,13,2600,5120,0.211,0.336,0.908,0.188,0.261,0.609,3.6,0.357,0.252,3.6,18.8,0.695,4,2,0.131,0,0.602,0.398,0.556,5.6,9,5,1,0.64,38.5,0.457
C00435,56,105.05,1,58.8,11.6,319,31,128,40832,77383,0.004,0.257,0.759,0.166,0.256,0.502,4.9,0.511,0.272,3.8,10.0,0.709,3,0,0.246,2,0.497,0.503,0.433,1.9,10,4,2,0.303,55.0,0.186
C00436,39,10.73,3,36.1,4.1,200,16,50,10000,15130,0.622,0.114,0.426,0.415,0.057,0.571,4.2,0.248,0.133,5.7,1.6,0.738,5,6,0.161,1,0.407,0.593,0.553,0.6,8,5,3,0.316,35.7,0.439
C00437,58,28.21,2,36.6,5.3,290,18,62,17980,52388,0.377,0.784,0.525,0.026,0.334,0.352,0.0,0.189,0.37,0.0,1.0,0.458,2,3,0.195,1,0.095,0.905,0.435,0.4,9,4,2,0.604,20.3,0.428
C00438,21,31.73,1,38.3,4.3,200,146,55,11000,37124,0.203,0.217,0.42,0.044,0.016,0.297,0.0,0.016,0.074,0.0,1.2,0.639,1,1,0.046,0,0.812,0.18799999999999994,0.574,0.4,6,2,1,0.21,15.8,0.646
C00439,18,44.58,2,41.3,0.6,292,9,6,1752,3283,0.582,0.532,0.619,0.074,0.233,0.234,0.6,0.435,0.234,0.6,4.6,0.949,2,1,0.122,1,0.859,0.14100000000000001,0.411,0.8,10,4,1,0.608,31.5,0.464
C00440,37,25.89,2,30.9,3.8,501,17,42,21042,58368,0.364,0.189,0.194,0.485,0.454,0.136,4.8,0.448,0.257,4.7,5.2,0.556,3,1,0.187,1,0.562,0.43799999999999994,0.386,0.2,10,5,1,0.527,41.6,0.388
C00441,43,29.06,3,27.6,5.3,615,32,68,41820,125164,0.241,0.711,0.579,0.114,0.262,0.582,1.7,0.172,0.041,1.5,1.0,0.628,5,3,0.108,0,0.688,0.31200000000000006,0.45,4.0,7,4,1,0.668,21.8,0.449
C00442,38,19.78,2,28.0,1.1,1010,89,12,12120,40665,0.061,0.122,0.665,0.719,0.312,0.245,5.0,0.354,0.251,9.5,1.1,0.795,4,2,0.056,0,0.378,0.622,0.311,0.8,6,3,1,0.468,38.3,0.563
C00443,18,28.45,2,46.1,5.1,200,24,62,12400,34642,0.228,0.578,0.614,0.054,0.366,0.128,2.8,0.281,0.13,4.3,1.6,0.522,1,1,0.305,0,0.763,0.237,0.328,0.0,6,2,1,0.496,36.1,0.412
C00444,37,20.31,3,39.0,4.2,200,61,45,9000,30965,0.248,0.273,0.58,0.043,0.745,0.507,1.2,0.448,0.165,2.0,2.3,0.57,0,1,0.308,1,0.421,0.579,0.032,4.0,7,4,3,0.577,33.0,0.426
C00445,22,34.53,1,28.8,7.1,200,87,75,15000,32840,0.165,0.407,0.55,0.154,0.059,0.505,2.8,0.608,0.01,2.2,10.0,0.462,4,5,0.081,1,0.749,0.251,0.405,2.2,8,4,0,0.312,39.0,0.332
C00446,46,20.02,1,11.1,2.0,200,17,25,5000,10999,0.288,0.398,0.352,0.22,0.168,0.213,0.0,0.323,0.128,0.0,1.0,0.531,4,6,0.143,1,0.437,0.563,0.571,0.1,8,4,3,0.6,14.1,0.471
C00447,42,30.19,2,43.7,1.0,200,22,9,1800,4655,0.42,0.293,0.551,0.294,0.187,0.699,0.0,0.482,0.23,0.0,4.1,0.295,3,4,0.059,4,0.921,0.07899999999999996,0.453,0.6,8,3,2,0.514,31.9,0.454
C00448,27,24.14,3,24.6,2.2,529,20,22,11638,26383,0.227,0.538,0.789,0.147,0.055,0.307,2.0,0.596,0.298,2.0,7.9,0.488,1,1,0.079,2,0.613,0.387,0.413,1.0,2,1,0,0.601,34.3,0.387
C00449,32,45.57,2,26.7,6.7,200,81,63,12600,18936,0.064,0.376,0.757,0.505,0.298,0.406,1.9,0.595,0.284,1.4,5.1,0.688,1,5,0.233,0,0.868,0.132,0.275,7.0,10,5,1,0.574,34.8,0.34
C00450,25,23.85,1,21.8,0.5,402,2,5,2010,5957,0.128,0.384,0.262,0.397,0.357,0.089,5.3,0.414,0.213,8.2,1.0,0.554,5,4,0.156,3,0.757,0.243,0.557,1.4,5,4,2,0.209,38.6,0.465
C00451,37,9.25,1,34.4,0.5,200,17,5,1000,3003,0.644,0.343,0.728,0.176,0.211,0.122,0.0,0.424,0.308,0.0,2.6,0.472,4,6,0.101,0,0.667,0.33299999999999996,0.421,2.9,9,3,0,0.528,26.5,0.479
C00452,49,49.11,2,39.8,4.1,200,51,47,9400,28143,0.049,0.204,0.435,0.379,0.133,0.603,2.7,0.566,0.37,3.7,9.6,0.356,5,0,0.157,2,0.454,0.546,0.293,3.7,6,4,2,0.614,41.8,0.382
C00453,26,14.91,1,31.4,1.7,200,38,22,4400,9636,0.277,0.293,0.471,0.195,0.053,0.177,2.7,0.258,0.225,2.1,1.0,0.714,3,2,0.247,1,0.934,0.06599999999999995,0.212,1.9,7,5,2,0.18,29.2,0.521
C00454,44,17.12,2,44.6,2.7,200,26,34,6800,17303,0.222,0.461,0.576,0.141,0.165,0.136,2.0,0.18,0.147,1.8,17.5,0.565,4,2,0.25,2,0.666,0.33399999999999996,0.32,0.3,0,3,0,0.287,29.8,0.506
C00455,32,17.68,3,39.8,4.6,200,35,47,9400,20868,0.367,0.559,0.522,0.354,0.276,0.561,3.6,0.314,0.257,5.2,1.0,0.533,5,2,0.202,3,0.642,0.358,0.225,6.8,9,4,2,0.345,37.2,0.427
C00456,28,52.24,2,48.5,3.0,200,10,42,8400,12869,0.251,0.625,0.476,0.17,0.247,0.06,0.8,0.488,0.119,1.1,1.0,0.902,3,2,0.183,0,0.349,0.651,0.407,1.5,10,5,1,0.485,36.7,0.388
C00457,37,7.58,2,23.4,0.5,200,25,6,1200,3150,0.225,0.438,0.285,0.311,0.273,0.235,2.8,0.588,0.326,3.7,6.7,0.615,4,3,0.33,1,0.935,0.06499999999999995,0.246,0.5,4,4,2,0.508,36.2,0.438
C00458,26,137.79,2,54.0,11.6,200,31,121,24200,42290,0.46,0.689,0.775,0.206,0.354,0.18,4.9,0.227,0.263,8.1,7.0,0.786,0,5,0.212,2,0.82,0.18000000000000005,0.245,3.7,5,5,0,0.294,44.6,0.271
C00459,31,43.85,1,21.9,1.8,200,104,23,4600,7636,0.36,0.763,0.441,0.401,0.178,0.121,4.2,0.511,0.492,7.2,1.0,0.647,1,1,0.209,2,0.61,0.39,0.832,5.3,2,1,1,0.322,37.9,0.515
C00460,24,27.74,3,35.0,1.0,213,14,12,2556,7696,0.246,0.134,0.691,0.289,0.262,0.045,0.5,0.53,0.158,0.5,1.0,0.559,1,2,0.187,0,0.653,0.347,0.595,3.3,2,3,1,0.457,31.5,0.431
C00461,62,23.8,2,41.5,5.2,333,91,65,21645,32879,0.279,0.545,0.622,0.333,0.353,0.36,0.0,0.339,0.444,0.0,11.9,0.575,8,4,0.181,0,0.893,0.10699999999999998,0.306,1.5,8,4,3,0.214,26.8,0.466
C00462,38,28.7,2,35.2,2.4,200,47,22,4400,15039,0.546,0.506,0.731,0.213,0.381,0.388,0.3,0.15,0.315,0.2,1.3,0.615,2,2,0.142,0,0.752,0.248,0.202,10.3,4,4,1,0.215,19.6,0.545
C00463,30,32.68,2,32.9,3.2,503,1,35,17605,44550,0.267,0.314,0.423,0.443,0.367,0.56,0.0,0.263,0.23,0.0,1.0,0.606,3,2,0.159,1,0.534,0.46599999999999997,0.582,0.3,5,5,0,0.468,21.0,0.441
C00464,41,34.98,2,36.4,4.4,293,58,58,16994,58902,0.477,0.642,0.63,0.14,0.104,0.31,0.6,0.172,0.068,1.2,1.2,0.66,4,3,0.079,2,0.927,0.07299999999999995,0.158,0.4,7,3,1,0.45,21.7,0.5
C00465,37,33.3,2,43.7,5.5,200,2,61,12200,19715,0.485,0.711,0.237,0.358,0.048,0.361,1.0,0.274,0.048,0.7,5.3,0.735,3,6,0.261,0,0.353,0.647,0.287,0.8,7,5,1,0.368,29.0,0.38
C00466,35,25.77,1,49.8,2.4,200,268,29,5800,15469,0.13,0.474,0.636,0.062,0.535,0.374,0.0,0.181,0.091,0.0,9.9,0.838,6,4,0.159,0,0.748,0.252,0.308,0.4,6,5,0,0.201,25.4,0.778
C00467,45,22.01,3,31.5,5.9,200,93,68,13600,29902,0.127,0.312,0.321,0.302,0.202,0.482,1.5,0.368,0.649,1.2,1.0,0.547,1,3,0.176,0,0.58,0.42000000000000004,0.451,1.5,10,3,0,0.52,28.6,0.442
C00468,47,22.57,3,24.5,0.5,290,16,7,2030,6470,0.327,0.351,0.654,0.302,0.246,0.297,0.0,0.372,0.215,0.0,1.0,0.719,3,1,0.193,0,0.432,0.5680000000000001,0.129,2.3,3,4,3,0.303,21.0,0.493
C00469,32,22.04,2,36.0,4.4,702,13,43,30186,67087,0.501,0.536,0.498,0.527,0.251,0.515,1.3,0.626,0.322,0.9,2.3,0.547,3,3,0.009,3,0.695,0.30500000000000005,0.77,0.9,5,3,0,0.383,37.5,0.315
C00470,31,45.77,3,26.8,2.2,602,22,25,15050,30416,0.163,0.715,0.623,0.352,0.035,0.314,0.9,0.382,0.396,0.6,5.5,0.693,3,3,0.158,2,0.94,0.06000000000000005,0.142,0.1,7,5,2,0.385,25.1,0.454
C00471,35,34.0,1,45.9,6.1,200,20,53,10600,34080,0.354,0.201,0.714,0.097,0.302,0.128,1.4,0.259,0.033,0.9,4.3,0.612,3,4,0.37,1,0.421,0.579,0.167,2.1,6,4,1,0.501,30.7,0.389
C00472,18,4.87,2,33.1,2.5,200,21,30,6000,13496,0.361,0.246,0.607,0.233,0.067,0.502,1.9,0.364,0.147,1.9,1.6,0.167,3,0,0.046,1,0.425,0.575,0.645,2.1,9,1,1,0.141,30.4,0.45
C00473,20,35.19,2,27.6,2.1,341,17,26,8866,13597,0.027,0.368,0.659,0.157,0.362,0.478,0.9,0.284,0.412,1.2,1.0,0.624,3,2,0.149,0,0.238,0.762,0.448,5.1,5,4,2,0.743,22.5,0.48
C00474,54,27.31,2,25.4,4.4,538,44,36,19368,44170,0.384,0.621,0.581,0.128,0.503,0.231,0.0,0.197,0.277,0.0,1.2,0.765,3,3,0.103,3,0.418,0.5820000000000001,0.312,0.3,9,3,0,0.531,16.1,0.477
C00475,58,24.28,2,46.0,4.8,473,8,58,27434,77063,0.169,0.406,0.531,0.215,0.286,0.173,0.2,0.437,0.173,0.4,1.0,0.352,5,0,0.1,4,0.872,0.128,0.341,1.2,4,4,0,0.417,32.2,0.356
C00476,35,19.81,1,30.0,4.1,200,84,43,8600,17275,0.272,0.545,0.554,0.013,0.216,0.345,3.4,0.308,0.081,4.7,1.0,0.606,3,1,0.556,1,0.491,0.509,0.298,0.7,6,4,1,0.424,32.4,0.495
C00477,45,45.53,1,39.8,1.8,200,75,16,3200,7565,0.052,0.568,0.787,0.555,0.283,0.427,4.5,0.296,0.366,8.2,14.8,0.365,2,3,0.177,2,0.829,0.17100000000000004,0.127,0.3,9,2,1,0.317,39.6,0.548
C00478,42,41.31,2,47.1,2.7,200,29,28,5600,9035,0.173,0.484,0.329,0.29,0.104,0.662,0.8,0.05,0.341,0.6,1.2,0.448,1,4,0.176,1,0.668,0.33199999999999996,0.579,0.9,3,4,2,0.658,23.0,0.548
C00479,75,16.04,1,27.2,2.6,200,86,24,4800,12846,0.252,0.434,0.747,0.1,0.497,0.61,1.0,0.238,0.346,0.7,7.2,0.548,3,4,0.127,1,0.399,0.601,0.278,4.1,10,4,2,0.423,21.3,0.557
C00480,51,30.69,2,38.0,3.1,200,13,33,6600,19883,0.3,0.345,0.313,0.149,0.244,0.24,0.0,0.671,0.062,0.0,2.7,0.519,2,3,0.108,0,0.92,0.07999999999999996,0.036,0.7,6,5,1,0.41,35.3,0.334
C00481,36,14.38,1,32.6,4.1,200,1,42,8400,19544,0.198,0.075,0.659,0.223,0.395,0.404,0.9,0.215,0.475,1.2,14.3,0.473,2,2,0.11,3,0.737,0.263,0.381,6.1,6,3,1,0.565,22.5,0.432
C00482,27,11.49,1,23.0,0.5,200,43,6,1200,2809,0.238,0.385,0.511,0.126,0.471,0.783,0.0,0.395,0.088,0.0,1.0,0.626,2,4,0.243,3,0.215,0.785,0.702,2.9,5,5,1,0.247,21.0,0.516
C00483,19,17.38,2,34.4,3.4,318,28,43,13674,22925,0.358,0.706,0.246,0.146,0.216,0.126,0.4,0.718,0.057,0.3,1.0,0.902,3,0,0.163,2,0.5,0.5,0.225,0.3,10,5,2,0.116,36.6,0.329
C00484,40,39.42,2,25.1,3.0,200,38,35,7000,13327,0.293,0.185,0.304,0.249,0.199,0.353,3.9,0.445,0.067,2.1,1.0,0.622,0,3,0.085,2,0.549,0.45099999999999996,0.276,0.6,8,3,1,0.353,36.2,0.432
C00485,29,41.44,3,44.3,2.0,559,103,16,8944,16183,0.105,0.482,0.4,0.457,0.153,0.246,0.0,0.377,0.242,0.0,5.1,0.475,5,2,0.206,2,0.727,0.273,0.357,0.1,1,3,0,0.586,29.0,0.549
C00486,21,32.53,2,29.2,1.8,200,158,24,4800,11824,0.087,0.574,0.582,0.41,0.194,0.257,0.0,0.482,0.46,0.0,1.5,0.421,1,0,0.362,1,0.529,0.471,0.42,0.3,10,4,0,0.449,26.1,0.583
C00487,30,36.55,1,40.3,3.0,634,45,36,22824,58395,0.449,0.328,0.462,0.363,0.128,0.576,0.0,0.062,0.376,0.0,8.2,0.68,4,4,0.45,1,0.356,0.644,0.446,3.2,10,1,1,0.218,18.0,0.554
C00488,25,32.59,3,37.3,0.5,200,65,4,800,2718,0.376,0.358,0.541,0.098,0.459,0.589,0.0,0.246,0.038,0.0,4.0,0.6,6,3,0.067,0,0.941,0.05900000000000005,0.496,0.4,8,2,1,0.362,22.3,0.585
C00489,58,17.24,2,45.6,1.3,200,4,17,3400,5598,0.332,0.517,0.366,0.149,0.155,0.397,3.1,0.233,0.387,1.6,3.4,0.526,1,0,0.391,3,0.769,0.23099999999999998,0.434,0.9,6,5,0,0.418,35.4,0.501
C00490,49,31.11,1,41.3,1.5,200,8,14,2800,7559,0.263,0.447,0.68,0.321,0.057,0.23,2.2,0.588,0.28,2.7,2.7,0.649,1,2,0.239,1,0.797,0.20299999999999996,0.041,2.9,4,4,0,0.434,41.4,0.394
C00491,38,38.1,2,40.1,4.6,200,59,53,10600,27062,0.178,0.535,0.732,0.139,0.195,0.378,5.4,0.033,0.283,10.7,1.2,0.564,1,3,0.126,0,0.726,0.274,0.539,2.5,6,3,1,0.276,34.8,0.538
C00492,56,37.15,3,32.2,1.9,200,25,21,4200,10636,0.151,0.432,0.769,0.275,0.276,0.576,0.0,0.274,0.322,0.0,1.0,0.653,5,2,0.33,1,0.373,0.627,0.457,5.7,10,4,2,0.561,21.1,0.497
C00493,39,47.18,2,39.9,3.5,200,27,37,7400,24023,0.363,0.619,0.601,0.034,0.064,0.421,0.0,0.302,0.356,0.0,2.3,0.675,3,2,0.421,3,0.599,0.401,0.691,1.0,5,5,2,0.583,25.0,0.45
C00494,28,36.22,1,41.4,6.5,200,17,87,17400,33253,0.14,0.594,0.603,0.302,0.509,0.304,3.6,0.31,0.157,2.8,1.0,0.803,3,1,0.381,0,0.568,0.43200000000000005,0.427,1.1,4,5,1,0.424,37.7,0.36
C00495,56,29.76,1,29.1,5.2,200,42,55,11000,17397,0.297,0.657,0.684,0.564,0.238,0.317,0.9,0.586,0.087,0.9,9.4,0.842,1,1,0.244,1,0.683,0.31699999999999995,0.658,0.3,6,3,1,0.463,32.2,0.338
C00496,44,44.19,1,38.9,5.6,200,9,47,9400,26739,0.358,0.131,0.844,0.451,0.405,0.041,1.0,0.306,0.206,1.7,7.1,0.358,1,2,0.292,2,0.655,0.345,0.42,0.8,6,2,3,0.394,28.0,0.376
C00497,26,24.18,2,31.6,2.0,200,44,27,5400,11828,0.109,0.214,0.287,0.439,0.142,0.513,4.4,0.493,0.439,7.6,3.9,0.512,5,1,0.103,0,0.272,0.728,0.302,4.7,9,4,1,0.841,41.9,0.449
C00498,36,15.1,2,32.4,3.7,200,9,50,10000,15352,0.225,0.527,0.508,0.349,0.13,0.381,1.6,0.629,0.121,1.2,2.4,0.722,4,4,0.262,1,0.841,0.15900000000000003,0.296,0.4,7,1,0,0.522,37.1,0.327
C00499,27,22.43,1,25.5,2.4,200,3,29,5800,11616,0.362,0.569,0.646,0.276,0.21,0.183,3.3,0.383,0.679,4.3,2.4,0.136,5,4,0.226,0,0.617,0.383,0.247,1.2,5,3,2,0.876,32.6,0.427
C00500,21,16.29,3,35.9,2.3,808,18,25,20200,42797,0.244,0.603,0.957,0.526,0.319,0.166,0.1,0.425,0.203,0.1,2.5,0.499,5,2,0.061,2,0.374,0.626,0.619,4.6,4,4,3,0.207,27.4,0.434
C00501,49,16.92,3,37.6,3.5,200,12,30,6000,16402,0.048,0.546,0.479,0.147,0.25,0.288,0.0,0.425,0.322,0.0,5.5,0.337,7,1,0.063,1,0.665,0.33499999999999996,0.497,0.6,7,2,1,0.279,27.8,0.397
C00502,61,22.66,2,30.9,1.7,200,99,22,4400,8119,0.536,0.54,0.267,0.35,0.496,0.23,0.7,0.244,0.248,0.9,1.0,0.514,6,2,0.279,1,0.528,0.472,0.199,0.4,10,3,3,0.341,22.0,0.592
C00503,21,15.87,3,35.7,5.6,311,3,47,14617,34001,0.266,0.478,0.512,0.395,0.372,0.368,2.7,0.212,0.348,2.5,3.0,0.63,3,0,0.165,1,0.521,0.479,0.535,0.0,7,4,1,0.222,29.5,0.397
C00504,45,20.71,1,41.4,2.5,200,9,21,4200,10353,0.13,0.329,0.262,0.141,0.049,0.492,1.5,0.508,0.255,1.9,6.7,0.358,4,0,0.325,1,0.826,0.17400000000000004,0.511,6.3,1,5,0,0.635,36.7,0.394
C00505,30,8.66,2,18.3,3.6,200,36,40,8000,19348,0.539,0.232,0.639,0.227,0.252,0.36,2.1,0.442,0.416,3.2,2.9,0.631,2,1,0.174,3,0.522,0.478,0.752,5.1,6,4,3,0.386,27.5,0.415
C00506,32,27.59,2,33.3,6.0,200,30,54,10800,37237,0.089,0.589,0.774,0.224,0.184,0.117,0.0,0.341,0.094,0.0,1.0,0.611,2,3,0.15,2,0.748,0.252,0.56,0.5,6,5,0,0.317,23.6,0.378
C00507,31,24.55,3,31.2,5.0,772,2,40,30880,49130,0.356,0.384,0.724,0.42,0.145,0.06,0.0,0.209,0.089,0.0,1.1,0.642,4,4,0.143,1,0.893,0.10699999999999998,0.71,3.9,8,2,1,0.381,18.8,0.412
C00508,28,15.65,3,38.4,0.5,709,1,5,3545,12060,0.294,0.288,0.841,0.22,0.153,0.525,0.0,0.572,0.066,0.0,4.4,0.325,3,3,0.102,2,0.736,0.264,0.532,9.1,10,3,2,0.174,32.5,0.417
C00509,39,35.25,1,36.0,4.3,200,199,38,7600,20245,0.169,0.266,0.373,0.168,0.098,0.244,0.9,0.073,0.158,0.9,10.9,0.706,2,0,0.264,1,0.391,0.609,0.709,0.9,10,5,0,0.569,19.6,0.687
C00510,28,41.09,3,33.3,5.3,200,48,48,9600,29678,0.089,0.359,0.91,0.43,0.042,0.39,0.0,0.21,0.036,0.0,9.0,0.518,3,2,0.722,0,0.621,0.379,0.306,2.8,5,5,1,0.75,19.6,0.455
C00511,41,10.13,1,23.5,4.2,834,20,36,30024,70880,0.453,0.784,0.69,0.568,0.443,0.534,4.6,0.454,0.195,2.6,6.9,0.545,4,1,0.268,0,0.538,0.46199999999999997,0.397,0.6,9,5,0,0.165,38.2,0.379
C00512,37,16.13,3,19.4,0.5,200,29,5,1000,2408,0.216,0.443,0.52,0.499,0.275,0.373,1.3,0.46,0.259,1.7,12.0,0.715,4,2,0.052,1,0.578,0.42200000000000004,0.577,2.2,3,5,1,0.615,25.8,0.481
C00513,35,16.07,3,47.3,1.3,200,14,16,3200,10428,0.423,0.677,0.859,0.061,0.282,0.447,1.8,0.266,0.315,3.2,1.3,0.243,3,3,0.168,0,0.715,0.28500000000000003,0.49,1.0,8,2,2,0.402,32.8,0.502
C00514,27,14.63,1,44.6,4.6,200,19,59,11800,38844,0.033,0.477,0.54,0.386,0.337,0.354,0.0,0.067,0.375,0.0,1.0,0.724,2,0,0.156,0,0.349,0.651,0.289,2.4,6,5,2,0.444,19.8,0.484
C00515,31,38.71,2,35.5,2.0,200,47,21,4200,8305,0.452,0.457,0.638,0.065,0.171,0.061,0.0,0.226,0.129,0.0,1.8,0.433,3,2,0.084,0,0.665,0.33499999999999996,0.347,2.8,4,3,0,0.418,21.0,0.533
C00516,47,22.05,1,40.5,2.3,200,96,25,5000,9492,0.482,0.512,0.535,0.435,0.144,0.581,4.5,0.606,0.139,6.0,3.4,0.878,1,2,0.384,2,0.679,0.32099999999999995,0.109,3.2,5,4,1,0.38,49.2,0.465
C00517,44,21.21,2,40.6,6.0,529,9,49,25921,64607,0.343,0.37,0.31,0.49,0.444,0.33,5.0,0.324,0.457,8.3,1.5,0.659,4,0,0.144,0,0.845,0.15500000000000003,0.151,5.8,6,4,0,0.212,42.4,0.36
C00518,26,8.15,2,29.2,2.2,200,83,19,3800,12542,0.175,0.369,0.751,0.251,0.217,0.143,2.0,0.463,0.508,1.8,1.0,0.874,2,2,0.172,2,0.844,0.15600000000000003,0.261,0.3,9,4,1,0.119,32.2,0.496
C00519,39,34.8,2,42.0,1.9,200,6,18,3600,7721,0.219,0.567,0.538,0.094,0.373,0.173,0.0,0.121,0.136,0.0,2.8,0.475,3,2,0.121,4,0.803,0.19699999999999995,0.422,0.8,10,5,4,0.802,20.4,0.522
C00520,47,12.41,3,29.1,0.7,445,11,8,3560,9982,0.297,0.398,0.743,0.397,0.388,0.131,0.4,0.398,0.031,0.4,1.0,0.56,3,0,0.106,0,0.349,0.651,0.571,0.5,1,4,1,0.608,24.9,0.475
C00521,18,25.35,2,35.5,3.7,200,2,46,9200,26830,0.251,0.408,0.651,0.065,0.51,0.239,2.1,0.233,0.347,2.2,5.2,0.678,2,3,0.372,1,0.957,0.04300000000000004,0.782,1.4,9,3,0,0.465,28.1,0.438
C00522,45,28.58,2,39.5,0.5,200,7,6,1200,3669,0.186,0.484,0.847,0.078,0.065,0.177,1.1,0.097,0.115,0.7,1.0,0.459,4,1,0.116,3,0.756,0.244,0.498,1.4,8,4,1,0.478,22.3,0.566
C00523,30,51.85,3,40.1,3.6,614,112,37,22718,59699,0.477,0.671,0.685,0.468,0.163,0.338,0.0,0.217,0.27,0.0,12.7,0.672,2,2,0.141,0,0.351,0.649,0.467,1.0,3,4,2,0.763,22.6,0.566
C00524,45,11.94,3,28.5,3.1,268,28,27,7236,16678,0.137,0.193,0.38,0.089,0.173,0.206,4.9,0.505,0.231,3.6,8.4,0.73,1,1,0.317,0,0.698,0.30200000000000005,0.138,11.0,5,5,3,0.486,42.7,0.4
C00525,29,4.66,1,27.3,4.8,200,4,61,12200,41895,0.492,0.364,0.246,0.598,0.02,0.223,0.0,0.406,0.128,0.0,8.3,0.608,4,2,0.088,1,0.653,0.347,0.606,3.6,7,1,2,0.259,23.1,0.361
C00526,18,27.14,3,27.5,4.4,605,145,45,27225,74124,0.191,0.16,0.652,0.428,0.219,0.326,0.0,0.582,0.154,0.0,6.2,0.436,2,1,0.076,1,0.468,0.532,0.744,0.2,9,4,0,0.575,28.5,0.472
C00527,18,66.04,1,56.8,3.2,613,95,40,24520,72509,0.302,0.344,0.428,0.174,0.079,0.585,2.3,0.447,0.356,2.6,4.0,0.508,5,2,0.206,0,0.404,0.596,0.183,1.3,5,4,1,0.292,43.7,0.489
C00528,39,48.49,3,40.8,6.3,200,63,70,14000,30660,0.435,0.166,0.326,0.065,0.224,0.251,4.3,0.416,0.316,8.1,1.0,0.813,5,1,0.187,1,0.587,0.41300000000000003,0.276,4.9,8,5,0,0.315,43.0,0.384
C00529,41,27.53,1,38.3,2.5,200,122,31,6200,17607,0.131,0.497,0.472,0.095,0.112,0.067,2.6,0.206,0.207,3.8,4.3,0.415,2,3,0.102,0,0.495,0.505,0.538,0.5,6,5,2,0.352,30.1,0.608
C00530,27,18.72,1,40.4,0.5,200,11,7,1400,2822,0.156,0.539,0.634,0.432,0.337,0.238,0.0,0.429,0.14,0.0,5.5,0.736,5,1,0.031,2,0.366,0.634,0.789,1.6,9,5,1,0.376,29.0,0.471
C00531,46,38.24,2,48.6,3.2,200,81,43,8600,17116,0.22,0.412,0.8,0.686,0.124,0.571,0.0,0.417,0.389,0.0,1.0,0.391,4,0,0.178,2,0.473,0.527,0.199,3.7,6,4,3,0.302,32.0,0.482
C00532,18,14.36,2,35.7,5.5,200,53,62,12400,36325,0.287,0.151,0.764,0.16,0.685,0.514,0.0,0.433,0.319,0.0,3.8,0.82,1,2,0.457,2,0.306,0.694,0.316,0.2,9,4,1,0.218,27.3,0.388
C00533,37,31.88,2,35.8,3.6,474,92,40,18960,48211,0.601,0.347,0.737,0.513,0.204,0.515,1.1,0.301,0.282,1.9,2.6,0.827,3,1,0.025,1,0.748,0.252,0.125,4.3,6,4,2,0.389,27.0,0.519
C00534,23,32.4,1,42.7,3.3,200,72,32,6400,18346,0.049,0.272,0.448,0.308,0.346,0.422,0.7,0.303,0.325,1.1,2.6,0.201,4,4,0.211,1,0.555,0.44499999999999995,0.243,0.3,8,5,2,0.177,28.5,0.504
C00535,30,43.95,2,40.1,7.0,200,19,95,19000,38739,0.182,0.166,0.582,0.257,0.559,0.193,2.9,0.559,0.062,4.4,1.0,0.36,5,1,0.241,1,0.362,0.638,0.701,1.6,9,5,1,0.253,42.4,0.275
C00536,39,111.92,3,30.6,3.6,200,67,39,7800,21040,0.247,0.699,0.556,0.311,0.203,0.348,1.9,0.176,0.323,2.1,5.4,0.632,3,1,0.07,3,0.651,0.349,0.511,7.9,3,4,1,0.279,23.8,0.529
C00537,28,30.44,2,30.6,0.6,200,14,5,1000,2388,0.367,0.687,0.432,0.304,0.025,0.225,3.6,0.491,0.45,4.9,10.4,0.691,4,0,0.071,1,0.422,0.5780000000000001,0.278,1.8,4,4,1,0.373,38.8,0.453
C00538,33,18.54,1,32.3,0.5,200,18,5,1000,2694,0.24,0.206,0.439,0.106,0.073,0.665,2.7,0.751,0.18,2.1,6.2,0.517,6,3,0.142,1,0.916,0.08399999999999996,0.29,5.8,10,5,1,0.22,44.4,0.382
C00539,50,24.19,2,47.8,3.7,200,5,32,6400,13323,0.096,0.509,0.679,0.306,0.248,0.696,0.0,0.388,0.205,0.0,1.8,0.466,1,4,0.228,0,0.832,0.16800000000000004,0.453,6.3,5,5,1,0.398,30.8,0.395
C00540,31,9.27,1,29.0,2.7,200,123,30,6000,17585,0.244,0.37,0.51,0.347,0.237,0.806,2.0,0.522,0.062,2.5,16.6,0.57,2,3,0.28,2,0.817,0.18300000000000005,0.496,1.4,10,5,1,0.665,33.9,0.51
C00541,48,16.74,3,27.3,5.8,200,15,66,13200,41077,0.13,0.367,0.73,0.122,0.069,0.325,4.0,0.455,0.382,6.8,1.8,0.29,2,2,0.153,1,0.474,0.526,0.12,6.8,8,2,1,0.095,37.8,0.332
C00542,24,19.59,3,31.8,3.3,330,33,33,10890,21996,0.433,0.815,0.774,0.491,0.31,0.398,0.0,0.118,0.184,0.0,1.1,0.63,3,2,0.097,0,0.649,0.351,0.623,0.2,3,5,1,0.61,16.3,0.517
C00543,44,18.39,2,26.4,1.9,200,22,16,3200,6724,0.616,0.511,0.852,0.242,0.277,0.622,0.9,0.438,0.166,0.6,13.8,0.731,2,0,0.191,0,0.645,0.355,0.404,1.1,7,4,2,0.152,26.7,0.444
C00544,55,26.68,2,26.7,3.1,200,145,42,8400,23707,0.278,0.273,0.474,0.046,0.142,0.071,1.1,0.28,0.11,1.7,6.2,0.203,8,0,0.145,2,0.698,0.30200000000000005,0.005,5.4,8,4,1,0.318,22.7,0.596
C00545,18,15.61,3,33.7,2.9,591,18,37,21867,63221,0.084,0.42,0.479,0.097,0.65,0.38,0.6,0.302,0.151,1.2,5.7,0.749,2,3,0.184,1,0.796,0.20399999999999996,0.364,1.9,4,4,1,0.545,24.5,0.455
C00546,28,45.45,2,48.7,0.5,200,68,7,1400,4071,0.121,0.339,0.514,0.091,0.123,0.724,3.5,0.514,0.222,6.6,1.0,0.67,3,3,0.052,0,0.384,0.616,0.354,3.1,9,5,3,0.364,46.4,0.508
C00547,45,24.54,3,27.0,8.4,272,87,86,23392,67027,0.193,0.503,0.638,0.16,0.245,0.301,3.3,0.165,0.335,5.8,1.0,0.878,2,1,0.152,0,0.563,0.43700000000000006,0.627,0.1,3,5,1,0.639,26.6,0.432
C00548,36,24.41,2,35.0,4.0,200,26,50,10000,22856,0.509,0.392,0.342,0.412,0.079,0.181,2.3,0.32,0.057,1.3,1.0,0.733,6,3,0.055,2,0.731,0.269,0.448,2.7,3,5,2,0.689,31.2,0.431
C00549,42,20.48,3,22.3,3.2,200,21,35,7000,16028,0.122,0.559,0.841,0.344,0.096,0.208,2.1,0.479,0.231,1.8,6.0,0.536,5,0,0.114,1,0.394,0.606,0.298,4.7,8,2,1,0.549,30.2,0.398
C00550,31,26.72,2,40.9,4.3,200,62,40,8000,16077,0.1,0.443,0.445,0.055,0.107,0.188,0.4,0.354,0.406,0.3,1.3,0.403,7,2,0.099,2,0.83,0.17000000000000004,0.771,2.8,9,5,0,0.668,28.3,0.452
C00551,39,38.62,2,39.4,5.0,397,110,44,17468,31681,0.046,0.082,0.352,0.089,0.273,0.632,2.4,0.298,0.229,4.5,1.0,0.657,2,2,0.243,1,0.526,0.474,0.154,7.6,8,4,2,0.243,32.6,0.504
C00552,36,15.23,3,31.6,2.3,200,63,23,4600,13272,0.299,0.237,0.263,0.673,0.131,0.135,0.0,0.267,0.303,0.0,1.0,0.612,2,2,0.057,2,0.341,0.659,0.31,3.0,1,5,1,0.262,20.6,0.53
C00553,52,17.08,2,39.2,1.4,200,12,12,2400,4047,0.082,0.308,0.703,0.032,0.145,0.253,6.3,0.224,0.263,8.2,4.1,0.412,1,4,0.257,0,0.663,0.33699999999999997,0.297,0.9,7,5,4,0.36,43.2,0.51
C00554,41,20.76,2,40.6,4.0,200,99,56,11200,37807,0.098,0.396,0.377,0.278,0.299,0.457,4.1,0.406,0.303,8.1,2.3,0.68,2,2,0.373,2,0.719,0.281,0.443,0.7,9,4,2,0.137,41.9,0.485
C00555,42,11.7,1,39.1,3.2,200,22,27,5400,17028,0.481,0.221,0.45,0.032,0.065,0.095,3.1,0.682,0.269,2.5,11.3,0.689,7,2,0.157,2,0.67,0.32999999999999996,0.382,2.5,6,5,0,0.175,46.3,0.338
C00556,33,15.63,2,33.5,1.0,200,39,11,2200,7073,0.305,0.227,0.728,0.093,0.14,0.268,2.1,0.38,0.281,3.1,1.8,0.806,1,1,0.202,1,0.57,0.43000000000000005,0.381,0.3,9,4,3,0.624,31.7,0.503
C00557,32,18.88,2,36.8,5.6,200,80,60,12000,39760,0.332,0.523,0.515,0.516,0.34,0.632,2.2,0.422,0.277,3.1,7.2,0.487,4,3,0.234,0,0.188,0.812,0.477,1.2,7,5,0,0.223,34.6,0.419
C00558,33,39.68,1,33.8,4.2,200,9,41,8200,19001,0.144,0.549,0.563,0.238,0.571,0.128,0.0,0.157,0.108,0.0,3.2,0.205,3,1,0.148,1,0.633,0.367,0.33,1.4,10,5,1,0.222,18.2,0.456
C00559,43,28.34,1,22.5,4.6,669,69,53,35457,113228,0.515,0.349,0.661,0.037,0.348,0.181,0.0,0.023,0.274,0.0,4.9,0.702,2,5,0.137,0,0.766,0.23399999999999999,0.635,2.3,7,2,1,0.632,9.7,0.552
C00560,33,27.29,2,40.3,5.9,200,41,53,10600,19251,0.441,0.332,0.866,0.117,0.18,0.316,0.0,0.197,0.047,0.0,1.0,0.845,2,4,0.106,0,0.502,0.498,0.516,0.7,9,3,2,0.677,22.0,0.436
C00561,41,39.17,3,41.4,3.6,200,101,46,9200,14198,0.268,0.334,0.563,0.077,0.316,0.343,1.9,0.496,0.297,2.9,5.5,0.764,2,0,0.362,0,0.439,0.5609999999999999,0.23,6.6,6,3,1,0.302,37.7,0.47
C00562,63,22.75,2,31.1,3.5,842,8,35,29470,90466,0.121,0.68,0.524,0.444,0.294,0.244,0.9,0.236,0.265,1.0,1.0,0.592,1,1,0.19,0,0.427,0.573,0.218,7.1,9,4,1,0.384,22.5,0.449
C00563,48,30.41,1,46.2,4.8,200,25,55,11000,18146,0.532,0.213,0.337,0.161,0.329,0.453,3.2,0.237,0.118,1.7,4.7,0.332,3,1,0.089,1,0.126,0.874,0.305,2.3,6,4,1,0.43,36.1,0.434
C00564,34,23.18,2,33.3,1.5,200,80,18,3600,12517,0.097,0.797,0.575,0.239,0.204,0.518,0.0,0.225,0.031,0.0,2.5,0.831,4,1,0.38,0,0.682,0.31799999999999995,0.331,2.8,6,4,0,0.527,20.1,0.582
C00565,52,28.39,1,30.4,3.2,200,1,43,8600,24506,0.278,0.262,0.241,0.238,0.078,0.573,3.6,0.509,0.214,4.5,1.0,0.803,2,2,0.224,0,0.636,0.364,0.474,0.9,5,5,5,0.099,39.3,0.367
C00566,33,17.81,2,25.2,3.0,200,5,39,7800,23454,0.065,0.411,0.677,0.462,0.235,0.303,0.0,0.436,0.21,0.0,2.6,0.699,2,2,0.246,1,0.89,0.10999999999999999,0.063,0.7,8,4,1,0.613,23.2,0.398
C00567,18,6.42,1,28.5,0.5,200,210,6,1200,2390,0.596,0.371,0.467,0.388,0.675,0.374,0.3,0.507,0.118,0.2,7.7,0.291,4,3,0.221,1,0.734,0.266,0.572,0.8,7,4,1,0.315,27.6,0.665
C00568,26,22.79,1,35.9,7.5,200,15,77,15400,43855,0.236,0.302,0.532,0.509,0.318,0.457,3.2,0.767,0.226,2.2,1.0,0.748,2,1,0.201,1,0.313,0.687,0.35,1.3,7,4,1,0.472,47.9,0.196
C00569,18,53.65,1,31.6,1.3,1392,167,14,19488,30917,0.092,0.164,0.583,0.103,0.209,0.293,3.1,0.374,0.328,5.7,1.0,0.802,3,2,0.18,1,0.546,0.45399999999999996,0.647,6.6,2,4,1,0.386,34.1,0.638
C00570,34,40.83,2,40.5,1.0,200,9,13,2600,8257,0.065,0.294,0.785,0.066,0.404,0.403,0.0,0.582,0.107,0.0,3.1,0.339,5,0,0.27,1,0.721,0.279,0.733,0.9,8,4,1,0.549,33.7,0.41
C00571,38,41.72,1,36.6,6.3,200,20,84,16800,30899,0.451,0.391,0.772,0.197,0.033,0.295,4.0,0.485,0.205,5.0,3.9,0.313,3,2,0.326,1,0.727,0.273,0.229,0.9,9,2,1,0.453,42.4,0.316
C00572,58,48.42,2,46.6,5.4,754,63,47,35438,102583,0.165,0.649,0.196,0.553,0.154,0.337,2.1,0.519,0.198,2.7,2.2,0.397,2,1,0.139,3,0.674,0.32599999999999996,0.43,1.0,6,4,2,0.448,41.1,0.376
C00573,42,25.76,2,38.2,1.0,309,48,10,3090,6022,0.026,0.414,0.305,0.431,0.312,0.263,0.0,0.356,0.243,0.0,1.2,0.465,1,1,0.109,1,0.381,0.619,0.133,0.7,8,4,1,0.442,26.0,0.52
C00574,35,27.34,2,38.8,4.3,200,39,54,10800,17679,0.218,0.422,0.695,0.332,0.394,0.51,0.0,0.854,0.478,0.0,1.0,0.248,2,2,0.204,0,0.584,0.41600000000000004,0.695,3.3,10,3,0,0.405,41.1,0.277
C00575,48,17.47,2,24.6,5.6,200,34,59,11800,29063,0.748,0.341,0.461,0.257,0.112,0.324,0.5,0.539,0.168,0.4,1.0,0.697,5,2,0.337,3,0.81,0.18999999999999995,0.568,1.3,6,1,1,0.378,27.7,0.333
C00576,18,20.62,3,36.0,2.8,340,83,28,9520,17503,0.185,0.575,0.641,0.12,0.058,0.257,0.0,0.49,0.307,0.0,1.0,0.489,1,2,0.311,2,0.913,0.08699999999999997,0.12,1.6,9,5,1,0.775,29.1,0.473
C00577,41,34.42,1,29.7,8.6,200,12,90,18000,53260,0.714,0.388,0.478,0.31,0.304,0.853,4.4,0.301,0.15,8.3,9.3,0.662,3,4,0.23,0,0.672,0.32799999999999996,0.13,3.1,9,3,2,0.503,35.4,0.304
C00578,47,47.57,2,41.8,0.5,200,26,6,1200,2370,0.581,0.56,0.636,0.022,0.161,0.182,1.2,0.376,0.287,1.1,1.0,0.605,8,0,0.146,2,0.477,0.523,0.28,2.6,7,3,1,0.48,32.0,0.503
C00579,20,22.72,1,44.8,4.3,897,8,60,53820,117594,0.339,0.268,0.698,0.43,0.322,0.297,2.4,0.656,0.31,4.3,1.4,0.625,2,4,0.136,2,0.807,0.19299999999999995,0.726,1.3,4,3,1,0.511,45.5,0.303
C00580,52,19.15,1,40.6,5.1,200,41,56,11200,29511,0.147,0.416,0.939,0.332,0.213,0.137,1.8,0.457,0.128,3.0,17.0,0.722,6,3,0.139,2,0.813,0.18700000000000006,0.446,0.1,1,5,0,0.687,35.9,0.378
C00581,42,24.54,2,33.1,4.8,751,13,44,33044,68399,0.362,0.641,0.374,0.183,0.278,0.496,2.9,0.456,0.074,3.1,10.5,0.748,4,2,0.214,0,0.496,0.504,0.072,5.6,9,3,0,0.538,36.5,0.355
C00582,33,34.15,2,33.9,3.0,644,18,27,17388,39227,0.215,0.391,0.348,0.306,0.232,0.261,5.0,0.397,0.113,4.4,1.0,0.648,3,1,0.152,1,0.964,0.03600000000000003,0.841,0.3,8,3,2,0.597,42.0,0.424
C00583,46,11.09,3,35.5,1.9,200,29,16,3200,10020,0.319,0.134,0.535,0.152,0.292,0.297,2.6,0.468,0.129,4.3,3.2,0.659,6,2,0.279,0,0.713,0.28700000000000003,0.076,4.6,5,5,1,0.467,36.8,0.443
C00584,65,6.94,2,26.6,3.2,518,1,36,18648,34656,0.129,0.427,0.632,0.144,0.041,0.46,4.6,0.381,0.272,6.4,4.0,0.353,2,4,0.101,0,0.565,0.43500000000000005,0.401,3.5,0,4,1,0.225,37.2,0.405
C00585,40,18.12,3,17.7,4.4,200,4,50,10000,16644,0.16,0.353,0.577,0.39,0.108,0.069,2.8,0.596,0.094,2.5,1.0,0.327,6,2,0.197,2,0.484,0.516,0.448,4.5,7,5,2,0.412,34.2,0.314
C00586,41,12.54,1,37.4,3.7,200,52,34,6800,14666,0.374,0.384,0.309,0.365,0.244,0.119,1.5,0.455,0.059,2.8,5.2,0.758,3,2,0.129,0,0.731,0.269,0.417,5.6,7,5,3,0.436,33.6,0.426
C00587,32,18.55,1,37.4,4.8,200,25,58,11600,27246,0.306,0.452,0.731,0.078,0.079,0.621,2.0,0.335,0.247,3.2,17.6,0.832,1,3,0.12,1,0.642,0.358,0.194,0.1,10,4,0,0.423,31.6,0.405
C00588,28,22.62,1,40.6,0.9,202,90,11,2222,5745,0.035,0.654,0.64,0.177,0.477,0.606,0.0,0.618,0.322,0.0,2.2,0.622,1,3,0.276,1,0.787,0.21299999999999997,0.419,1.4,4,4,0,0.575,34.8,0.49
C00589,48,19.12,1,21.6,2.3,200,53,22,4400,9877,0.416,0.303,0.86,0.227,0.247,0.415,0.5,0.356,0.131,0.6,2.4,0.808,5,2,0.146,0,0.612,0.388,0.173,0.1,5,5,2,0.391,21.0,0.493
C00590,28,54.54,2,21.5,2.3,200,1,23,4600,14167,0.242,0.415,0.433,0.351,0.428,0.432,1.8,0.49,0.185,1.2,4.3,0.375,1,2,0.129,1,0.631,0.369,0.344,1.0,10,5,1,0.746,29.2,0.396
C00591,39,29.36,2,37.7,2.4,576,43,33,19008,30007,0.128,0.47,0.5,0.158,0.06,0.167,2.5,0.36,0.357,4.7,5.3,0.612,3,6,0.216,1,0.476,0.524,0.563,0.4,3,5,1,0.462,34.1,0.478
C00592,32,28.94,1,38.0,5.2,200,4,53,10600,25053,0.488,0.557,0.595,0.352,0.535,0.245,1.5,0.253,0.283,2.1,6.2,0.636,2,0,0.126,1,0.801,0.19899999999999995,0.005,2.2,9,2,1,0.181,27.7,0.396
C00593,44,34.54,3,30.5,3.6,200,68,45,9000,20381,0.222,0.297,0.462,0.552,0.11,0.284,2.4,0.386,0.203,3.4,1.0,0.65,3,2,0.574,1,0.961,0.039000000000000035,0.029,2.4,9,3,2,0.556,31.7,0.467
C00594,42,13.11,3,31.2,7.7,353,215,83,29299,81895,0.237,0.34,0.703,0.087,0.024,0.314,0.0,0.259,0.161,0.0,6.5,0.823,4,2,0.166,0,0.499,0.501,0.749,2.1,5,4,1,0.128,20.2,0.562
C00595,50,43.45,1,52.0,4.1,200,34,52,10400,35699,0.403,0.197,0.631,0.344,0.087,0.289,0.0,0.53,0.132,0.0,8.0,0.597,2,0,0.253,2,0.897,0.10299999999999998,0.106,0.6,7,5,2,0.399,36.7,0.374
C00596,32,23.53,1,29.8,3.1,200,52,39,7800,19662,0.21,0.46,0.258,0.091,0.571,0.407,0.0,0.244,0.709,0.0,1.0,0.602,3,1,0.24,1,0.797,0.20299999999999996,0.455,0.7,10,5,0,0.559,19.2,0.505
C00597,35,35.47,1,36.4,3.6,219,12,43,9417,32712,0.042,0.508,0.483,0.346,0.198,0.66,4.9,0.404,0.122,7.0,1.0,0.82,3,3,0.228,0,0.668,0.33199999999999996,0.414,0.9,8,5,4,0.515,42.8,0.4
C00598,26,13.61,1,31.8,1.3,200,26,17,3400,7155,0.121,0.227,0.451,0.127,0.23,0.11,0.0,0.464,0.305,0.0,3.2,0.52,7,3,0.461,1,0.707,0.29300000000000004,0.778,0.4,9,5,1,0.485,26.6,0.456
C00599,33,10.44,1,25.9,2.3,200,87,31,6200,9683,0.45,0.505,0.592,0.363,0.177,0.298,0.0,0.656,0.106,0.0,2.7,0.387,1,4,0.117,1,0.954,0.04600000000000004,0.263,1.4,9,3,1,0.346,30.0,0.44
C00600,43,38.47,2,34.8,5.8,452,8,67,30284,55460,0.097,0.544,0.164,0.151,0.238,0.364,2.0,0.239,0.29,1.2,15.7,0.335,4,2,0.232,3,0.973,0.027000000000000024,0.685,3.0,8,5,2,0.213,27.7,0.39
C00601,47,30.18,1,33.0,3.4,200,14,32,6400,14658,0.34,0.439,0.55,0.129,0.408,0.793,0.0,0.097,0.73,0.0,1.4,0.747,2,1,0.161,0,0.98,0.020000000000000018,0.497,4.1,2,5,0,0.399,16.1,0.5
C00602,27,14.94,2,37.0,1.0,200,27,10,2000,4265,0.312,0.115,0.425,0.25,0.235,0.407,0.0,0.527,0.626,0.0,3.6,0.518,5,6,0.129,1,0.381,0.619,0.607,0.1,8,4,0,0.359,30.6,0.446
C00603,48,15.21,3,34.4,0.8,200,56,10,2000,3388,0.341,0.516,0.56,0.128,0.457,0.462,2.7,0.518,0.486,4.5,2.8,0.695,2,1,0.162,1,0.518,0.482,0.641,0.1,0,4,0,0.574,38.2,0.486
C00604,54,45.56,2,42.1,2.9,210,21,35,7350,17385,0.249,0.179,0.656,0.06,0.257,0.031,1.0,0.139,0.29,0.8,3.1,0.197,3,1,0.251,0,0.773,0.22699999999999998,0.098,2.4,6,4,1,0.338,24.3,0.508
C00605,43,12.75,3,26.1,2.7,978,118,24,23472,51081,0.12,0.413,0.534,0.082,0.143,0.456,4.6,0.43,0.174,3.6,4.3,0.486,0,0,0.252,0,0.34,0.6599999999999999,0.569,1.5,4,5,0,0.192,38.5,0.532
C00606,61,60.55,1,36.9,6.8,200,4,56,11200,19547,0.203,0.445,0.59,0.08,0.241,0.376,0.0,0.135,0.401,0.0,3.1,0.837,2,0,0.32,1,0.949,0.051000000000000045,0.165,1.1,7,5,1,0.39,18.8,0.391
C00607,29,14.95,2,31.5,0.5,200,21,6,1200,2511,0.206,0.426,0.645,0.439,0.061,0.106,0.6,0.526,0.464,0.4,1.0,0.38,4,1,0.105,2,0.587,0.41300000000000003,0.139,3.8,3,5,1,0.48,30.4,0.453
C00608,23,34.85,2,19.8,2.8,200,56,27,5400,17674,0.527,0.186,0.539,0.262,0.134,0.635,0.8,0.364,0.287,1.3,7.4,0.359,3,1,0.038,1,0.486,0.514,0.595,1.7,7,3,0,0.282,21.5,0.481
C00609,18,20.48,1,20.0,3.1,200,12,34,6800,14308,0.407,0.404,0.52,0.467,0.207,0.43,1.4,0.687,0.056,2.1,1.0,0.675,3,1,0.24,1,0.696,0.30400000000000005,0.578,2.2,1,4,0,0.527,33.2,0.328
C00610,56,34.18,1,38.2,0.5,200,48,6,1200,3513,0.121,0.5,0.681,0.13,0.2,0.71,0.0,0.36,0.272,0.0,1.1,0.304,4,2,0.165,0,0.869,0.131,0.697,1.0,6,4,0,0.612,26.1,0.532
C00611,46,18.19,2,35.5,1.1,213,8,13,2769,7543,0.391,0.275,0.589,0.152,0.238,0.372,0.2,0.137,0.281,0.2,4.2,0.362,1,2,0.102,1,0.863,0.137,0.403,0.9,7,2,1,0.392,19.0,0.54
C00612,37,22.43,2,27.4,1.5,427,3,13,5551,13069,0.068,0.542,0.538,0.52,0.407,0.281,3.0,0.46,0.162,4.4,2.6,0.636,1,2,0.276,2,0.358,0.642,0.355,7.4,5,3,2,0.486,34.7,0.427
C00613,41,25.09,2,30.7,1.4,271,6,13,3523,6969,0.301,0.189,0.69,0.091,0.123,0.161,1.0,0.083,0.602,1.9,3.4,0.856,3,4,0.536,3,0.605,0.395,0.522,3.0,10,3,2,0.312,18.1,0.546
C00614,24,14.14,2,33.5,2.9,200,120,27,5400,12085,0.283,0.455,0.256,0.222,0.323,0.43,0.0,0.306,0.598,0.0,2.8,0.502,2,6,0.048,0,0.876,0.124,0.53,1.0,6,5,2,0.667,22.6,0.566
C00615,67,36.87,2,26.6,3.2,503,36,31,15593,41855,0.14,0.675,0.624,0.386,0.231,0.156,5.9,0.462,0.316,3.6,2.2,0.508,4,2,0.495,1,0.655,0.345,0.731,12.0,8,5,4,0.535,44.0,0.419
C00616,40,18.5,1,28.3,1.6,471,72,18,8478,18664,0.066,0.39,0.481,0.432,0.477,0.523,1.5,0.132,0.577,0.8,2.6,0.661,3,4,0.168,2,0.848,0.15200000000000002,0.221,0.1,6,4,1,0.495,20.2,0.599
C00617,39,21.63,1,26.0,3.7,418,18,41,17138,33073,0.128,0.171,0.364,0.102,0.063,0.625,2.7,0.432,0.05,5.2,1.0,0.768,2,3,0.023,1,0.525,0.475,0.044,1.4,9,5,2,0.453,32.3,0.396
C00618,47,14.2,1,40.4,6.0,200,40,55,11000,19062,0.132,0.565,0.6,0.304,0.513,0.296,2.8,0.261,0.285,3.6,13.9,0.627,1,3,0.342,2,0.51,0.49,0.425,9.9,9,4,3,0.361,33.2,0.413
C00619,44,5.99,1,39.4,5.5,200,31,46,9200,29988,0.133,0.397,0.635,0.117,0.129,0.019,1.0,0.599,0.535,1.6,3.4,0.674,1,2,0.574,0,0.465,0.5349999999999999,0.336,5.8,9,5,1,0.394,37.0,0.314
C00620,41,22.09,3,31.8,0.5,520,131,5,2600,6190,0.379,0.718,0.232,0.643,0.082,0.39,0.0,0.509,0.638,0.0,1.4,0.607,3,2,0.161,2,0.515,0.485,0.33,1.5,4,4,0,0.422,28.0,0.578
C00621,29,92.48,2,51.1,6.9,976,62,96,93696,257703,0.037,0.233,0.693,0.132,0.43,0.02,3.2,0.231,0.212,3.7,5.0,0.713,5,2,0.042,0,0.894,0.10599999999999998,0.691,3.1,7,3,4,0.11,37.9,0.423
C00622,44,37.77,2,31.1,3.2,200,59,35,7000,17366,0.489,0.491,0.291,0.226,0.235,0.183,0.4,0.225,0.301,0.5,8.5,0.394,2,2,0.318,1,0.709,0.29100000000000004,0.425,1.2,5,2,3,0.344,20.5,0.516
C00623,61,24.27,1,32.9,3.3,543,2,44,23892,77533,0.119,0.53,0.75,0.126,0.381,0.148,2.2,0.447,0.447,1.7,1.4,0.79,5,1,0.077,3,0.516,0.484,0.32,1.6,9,4,0,0.365,33.8,0.384
C00624,54,21.23,2,31.9,2.1,200,36,27,5400,14007,0.323,0.178,0.245,0.426,0.092,0.061,1.1,0.569,0.416,2.0,1.6,0.725,3,1,0.567,1,0.569,0.43100000000000005,0.792,2.6,8,4,1,0.509,33.5,0.415
C00625,57,24.84,1,41.5,3.2,200,28,35,7000,17231,0.373,0.269,0.561,0.407,0.065,0.266,3.6,0.754,0.33,5.3,2.3,0.601,2,0,0.117,0,0.687,0.31299999999999994,0.511,1.2,10,5,0,0.406,51.1,0.323
C00626,32,33.15,1,38.0,3.6,200,118,44,8800,29473,0.477,0.249,0.566,0.362,0.142,0.433,0.0,0.348,0.12,0.0,1.0,0.664,1,1,0.49,1,0.845,0.15500000000000003,0.49,3.7,10,5,3,0.382,25.6,0.533
C00627,26,12.81,1,50.8,1.4,200,13,13,2600,7642,0.393,0.593,0.725,0.101,0.044,0.615,2.7,0.283,0.057,3.6,6.6,0.43,2,3,0.279,1,0.809,0.19099999999999995,0.19,1.1,10,4,2,0.311,37.7,0.494
C00628,36,45.28,3,30.9,2.0,200,14,24,4800,8271,0.18,0.401,0.636,0.369,0.131,0.205,3.1,0.302,0.138,3.1,3.5,0.854,3,2,0.223,0,0.875,0.125,0.721,0.6,8,1,1,0.477,31.6,0.474
C00629,39,36.36,2,44.9,2.6,200,24,25,5000,9277,0.144,0.542,0.455,0.075,0.384,0.181,1.2,0.25,0.359,0.9,1.0,0.528,6,1,0.108,2,0.835,0.16500000000000004,0.712,0.7,4,2,1,0.579,29.4,0.485
C00630,51,36.42,2,34.7,3.9,200,13,51,10200,31357,0.408,0.565,0.676,0.054,0.244,0.29,3.2,0.252,0.069,2.5,20.0,0.793,4,3,0.298,0,0.462,0.538,0.176,5.9,10,3,0,0.675,32.0,0.439
C00631,18,31.22,2,40.5,4.4,200,6,37,7400,23471,0.437,0.085,0.781,0.247,0.193,0.257,2.5,0.505,0.143,3.3,3.4,0.646,5,3,0.258,0,0.6,0.4,0.127,3.5,10,4,0,0.166,39.6,0.343
C00632,56,24.8,3,33.5,4.7,200,88,59,11800,30567,0.277,0.715,0.443,0.31,0.14,0.35,2.8,0.391,0.273,3.8,8.8,0.578,4,2,0.093,0,0.79,0.20999999999999996,0.783,5.7,7,5,2,0.546,34.4,0.46
C00633,36,35.52,1,29.9,2.4,200,37,21,4200,10957,0.121,0.24,0.606,0.517,0.111,0.015,2.9,0.352,0.152,4.9,2.8,0.703,4,0,0.082,3,0.924,0.07599999999999996,0.363,6.7,8,5,3,0.17,32.1,0.474
C00634,33,33.97,1,42.2,3.9,200,89,52,10400,28744,0.223,0.551,0.567,0.035,0.207,0.114,1.8,0.303,0.088,1.6,3.5,0.589,1,1,0.52,1,0.492,0.508,0.54,0.0,3,5,2,0.435,31.9,0.507
C00635,26,20.19,1,31.2,4.7,200,80,46,9200,21880,0.363,0.635,0.439,0.076,0.104,0.234,0.2,0.592,0.525,0.4,2.4,0.389,2,4,0.188,0,0.815,0.18500000000000005,0.599,0.5,7,4,1,0.544,30.9,0.391
C00636,18,17.89,3,28.5,5.0,200,15,60,12000,34325,0.106,0.141,0.571,0.155,0.254,0.379,0.1,0.119,0.234,0.1,2.2,0.791,3,2,0.187,0,0.477,0.523,0.394,1.2,9,5,0,0.447,15.3,0.454
C00637,48,25.95,3,33.1,2.9,200,36,32,6400,10989,0.33,0.644,0.924,0.157,0.347,0.206,1.1,0.325,0.088,0.9,1.0,0.638,7,1,0.188,1,0.556,0.44399999999999995,0.502,0.6,10,4,1,0.849,26.6,0.468
C00638,39,57.51,1,48.4,3.9,546,4,40,21840,74749,0.17,0.367,0.684,0.473,0.03,0.366,3.8,0.395,0.592,4.3,13.1,0.624,4,1,0.061,0,0.403,0.597,0.452,0.1,7,4,1,0.096,43.7,0.387
C00639,23,12.41,3,44.1,2.9,200,111,34,6800,20402,0.157,0.499,0.726,0.252,0.385,0.319,2.5,0.565,0.273,4.7,1.0,0.537,3,2,0.185,1,0.363,0.637,0.199,6.6,6,3,0,0.495,42.8,0.478
C00640,22,10.94,3,26.3,0.5,305,23,7,2135,5898,0.24,0.502,0.425,0.28,0.131,0.584,3.2,0.197,0.231,3.9,3.0,0.31,0,4,0.073,0,0.444,0.556,0.44,5.5,9,5,1,0.699,27.0,0.553
C00641,34,26.86,1,46.2,2.7,709,23,22,15598,33265,0.476,0.178,0.371,0.444,0.027,0.232,3.7,0.31,0.201,6.7,1.0,0.197,1,3,0.26,0,0.396,0.604,0.305,0.5,9,5,1,0.482,40.0,0.464
C00642,58,25.23,2,21.5,4.5,200,16,61,12200,22227,0.379,0.603,0.579,0.387,0.218,0.17,1.1,0.263,0.324,0.8,20.0,0.243,4,1,0.237,0,0.916,0.08399999999999996,0.517,1.7,8,5,0,0.432,20.1,0.424
C00643,35,26.99,2,36.6,4.4,200,28,51,10200,23651,0.327,0.658,0.806,0.265,0.312,0.268,5.5,0.385,0.146,10.3,3.2,0.582,2,3,0.22,1,0.886,0.11399999999999999,0.591,9.5,7,5,0,0.275,44.3,0.403
C00644,20,28.06,3,37.7,2.6,440,13,33,14520,40992,0.764,0.427,0.556,0.318,0.08,0.384,1.4,0.354,0.222,1.6,6.7,0.486,0,3,0.176,1,0.368,0.632,0.477,2.2,10,5,1,0.347,30.3,0.442
C00645,35,21.7,1,22.1,3.3,258,21,34,8772,24276,0.47,0.104,0.496,0.334,0.016,0.723,0.4,0.5,0.084,0.8,3.3,0.673,7,4,0.251,0,0.445,0.5549999999999999,0.496,1.9,8,1,2,0.503,25.2,0.389
C00646,35,55.67,3,41.4,2.6,200,72,28,5600,12686,0.242,0.342,0.404,0.008,0.058,0.462,2.8,0.386,0.259,5.0,6.5,0.45,4,0,0.09,0,0.346,0.654,0.499,1.4,0,5,1,0.669,37.4,0.497
C00647,18,10.17,1,32.2,3.8,697,81,50,34850,95021,0.22,0.548,0.395,0.297,0.063,0.127,2.2,0.37,0.214,3.3,3.1,0.39,2,3,0.196,1,0.83,0.17000000000000004,0.478,0.3,10,4,0,0.741,31.2,0.481
C00648,37,15.55,2,26.4,2.5,200,16,26,5200,16263,0.413,0.662,0.697,0.325,0.095,0.714,0.0,0.37,0.078,0.0,2.4,0.114,1,1,0.145,0,0.631,0.369,0.408,0.3,9,5,1,0.341,21.7,0.443
C00649,35,23.18,2,43.1,2.4,200,28,27,5400,8384,0.329,0.384,0.65,0.422,0.54,0.176,1.1,0.332,0.604,0.9,2.4,0.292,0,2,0.092,4,0.902,0.09799999999999998,0.159,5.2,7,5,1,0.339,30.8,0.47
C00650,46,9.94,2,27.7,1.7,200,93,14,2800,6723,0.093,0.217,0.607,0.388,0.356,0.318,0.3,0.68,0.168,0.4,1.0,0.547,3,1,0.276,0,0.578,0.42200000000000004,0.32,0.7,0,5,0,0.514,32.5,0.455
C00651,60,22.27,3,25.2,2.8,200,2,25,5000,15086,0.144,0.554,0.482,0.143,0.241,0.534,1.7,0.547,0.219,2.3,1.9,0.644,1,3,0.313,3,0.666,0.33399999999999996,0.321,0.8,1,2,2,0.708,32.1,0.367
C00652,52,61.18,3,41.5,3.6,200,99,43,8600,22294,0.092,0.567,0.661,0.139,0.135,0.65,3.8,0.351,0.506,3.8,12.1,0.508,2,0,0.087,1,0.438,0.562,0.226,0.4,10,4,0,0.527,39.7,0.512
C00653,35,24.82,3,38.1,4.3,702,11,53,37206,104287,0.122,0.698,0.782,0.057,0.209,0.207,1.0,0.364,0.679,1.3,4.5,0.815,6,2,0.13,0,0.654,0.346,0.37,1.2,9,4,2,0.24,29.5,0.394
C00654,25,27.85,1,33.6,2.3,227,51,26,5902,14952,0.168,0.576,0.476,0.088,0.372,0.077,2.7,0.124,0.265,5.1,10.1,0.603,1,0,0.189,1,0.659,0.34099999999999997,0.141,2.5,3,4,1,0.684,26.1,0.56
C00655,69,12.27,2,39.4,5.7,200,39,51,10200,35534,0.24,0.383,0.528,0.325,0.444,0.317,0.0,0.392,0.035,0.0,1.0,0.52,5,2,0.328,2,0.609,0.391,0.518,1.9,9,5,2,0.377,27.5,0.38
C00656,39,17.48,1,36.8,5.6,200,36,60,12000,19311,0.177,0.249,0.606,0.189,0.186,0.162,3.1,0.268,0.265,3.5,2.7,0.071,2,4,0.256,1,0.598,0.402,0.195,0.1,5,3,1,0.546,33.0,0.417
C00657,38,19.96,2,18.7,1.0,200,88,10,2000,4964,0.18,0.175,0.513,0.359,0.13,0.543,0.5,0.272,0.374,0.5,1.0,0.781,3,3,0.135,1,0.372,0.628,0.654,1.6,7,3,1,0.408,17.3,0.589
C00658,38,20.6,2,36.4,3.0,378,5,33,12474,20992,0.34,0.537,0.53,0.084,0.229,0.639,0.5,0.129,0.45,1.0,4.5,0.433,3,1,0.394,0,0.408,0.5920000000000001,0.698,1.4,8,5,1,0.52,20.1,0.491
C00659,40,49.65,2,30.7,2.7,312,19,36,11232,20437,0.242,0.389,0.678,0.051,0.26,0.269,2.8,0.19,0.231,5.5,6.1,0.58,4,2,0.177,0,0.919,0.08099999999999996,0.167,0.8,10,5,1,0.353,27.2,0.495
C00660,36,33.34,2,35.9,2.7,200,35,34,6800,15409,0.5,0.621,0.45,0.464,0.081,0.438,2.6,0.429,0.279,3.6,5.5,0.638,0,5,0.041,1,0.349,0.651,0.26,2.6,2,5,0,0.398,35.8,0.441
C00661,31,13.31,3,29.3,6.5,200,75,55,11000,19922,0.387,0.541,0.608,0.176,0.174,0.292,1.0,0.13,0.125,1.3,1.0,0.664,1,1,0.041,1,0.367,0.633,0.174,7.0,4,2,0,0.214,18.9,0.478
C00662,31,28.09,1,45.9,2.5,244,11,33,8052,27597,0.348,0.323,0.772,0.182,0.207,0.022,0.0,0.508,0.639,0.0,1.1,0.736,2,1,0.35,0,0.579,0.42100000000000004,0.05,3.0,9,5,0,0.344,33.6,0.396
C00663,38,32.27,2,33.2,4.0,200,73,43,8600,29185,0.418,0.727,0.352,0.019,0.336,0.201,0.7,0.36,0.608,0.4,4.3,0.563,1,0,0.06,0,0.477,0.523,0.239,0.5,10,2,1,0.53,26.4,0.47
C00664,31,45.93,2,42.8,4.9,200,23,61,12200,26501,0.114,0.587,0.44,0.266,0.482,0.115,2.1,0.374,0.176,2.8,5.7,0.536,2,0,0.142,1,0.697,0.30300000000000005,0.402,2.6,9,4,1,0.507,35.3,0.388
C00665,29,58.52,1,38.8,2.3,200,9,20,4000,11118,0.371,0.516,0.377,0.196,0.432,0.223,3.2,0.564,0.058,1.7,1.3,0.414,2,0,0.125,2,0.632,0.368,0.551,0.4,9,5,0,0.357,43.0,0.382
C00666,39,14.04,1,45.6,0.9,243,64,11,2673,6863,0.155,0.515,0.6,0.085,0.35,0.055,0.0,0.475,0.171,0.0,2.1,0.409,0,0,0.036,0,0.652,0.348,0.421,2.0,8,1,2,0.172,32.5,0.505
C00667,35,15.71,3,47.8,0.5,333,4,5,1665,5213,0.498,0.74,0.687,0.297,0.057,0.405,0.0,0.222,0.595,0.0,1.7,0.44,2,5,0.142,1,0.996,0.0040000000000000036,0.459,8.1,6,4,0,0.293,25.8,0.525
C00668,56,12.28,3,31.1,0.7,376,33,7,2632,7251,0.279,0.488,0.457,0.393,0.274,0.574,1.8,0.133,0.266,2.3,1.0,0.707,0,2,0.181,0,0.871,0.129,0.546,8.9,4,4,2,0.63,22.4,0.578
C00669,18,21.57,3,25.9,0.5,200,3,4,800,1200,0.173,0.372,0.506,0.14,0.615,0.533,1.3,0.137,0.256,1.5,3.4,0.662,3,2,0.179,0,0.861,0.139,0.694,5.4,5,4,1,0.507,18.8,0.549
C00670,51,31.71,3,28.4,4.4,200,20,39,7800,23606,0.542,0.383,0.45,0.358,0.089,0.292,1.9,0.473,0.14,3.5,4.4,0.436,4,2,0.15,2,0.136,0.864,0.721,1.1,7,3,1,0.431,31.8,0.368
C00671,53,42.23,1,39.1,7.8,718,41,67,48106,144015,0.359,0.589,0.363,0.346,0.18,0.276,0.0,0.357,0.477,0.0,1.3,0.709,3,3,0.149,1,0.424,0.5760000000000001,0.505,3.1,10,3,1,0.662,26.4,0.34
C00672,18,23.53,2,34.5,3.2,710,37,30,21300,53664,0.217,0.502,0.677,0.03,0.432,0.484,0.9,0.3,0.705,0.5,4.7,0.591,4,3,0.329,2,0.384,0.616,0.168,0.5,8,5,4,0.147,25.8,0.469
C00673,34,20.58,2,27.4,0.5,200,23,4,800,2645,0.564,0.52,0.436,0.076,0.107,0.105,3.1,0.468,0.356,5.0,1.1,0.612,2,1,0.037,0,0.985,0.015000000000000013,0.475,6.7,10,3,1,0.097,35.2,0.472
C00674,34,26.67,2,30.0,1.8,200,25,22,4400,14594,0.584,0.207,0.649,0.112,0.428,0.38,0.3,0.308,0.1,0.3,5.0,0.517,5,2,0.212,1,0.404,0.596,0.424,1.5,5,5,2,0.298,22.2,0.489
C00675,21,15.5,2,38.7,1.7,558,12,14,7812,19904,0.23,0.153,0.846,0.135,0.174,0.429,2.3,0.224,0.213,1.6,2.4,0.427,3,2,0.086,0,0.729,0.271,0.857,2.1,7,3,1,0.236,29.8,0.503
C00676,29,77.42,2,42.5,3.1,200,27,36,7200,19555,0.041,0.328,0.58,0.214,0.276,0.191,0.1,0.306,0.032,0.1,8.2,0.4,7,2,0.459,3,0.693,0.30700000000000005,0.513,1.2,9,5,1,0.207,26.5,0.459
C00677,25,10.13,2,31.9,4.1,200,138,36,7200,25150,0.221,0.279,0.652,0.401,0.217,0.128,0.0,0.199,0.315,0.0,3.1,0.313,2,3,0.025,1,0.794,0.20599999999999996,0.191,1.3,2,4,1,0.456,18.7,0.587
C00678,59,27.16,2,24.5,4.7,672,86,64,43008,90215,0.374,0.62,0.9,0.215,0.286,0.489,2.4,0.376,0.24,2.5,1.0,0.797,2,1,0.027,1,0.417,0.583,0.655,1.2,6,4,1,0.25,29.0,0.462
C00679,49,74.66,1,41.2,2.7,499,7,37,18463,39681,0.205,0.278,0.614,0.278,0.101,0.185,2.4,0.384,0.297,2.2,6.9,0.535,5,0,0.116,1,0.14,0.86,0.437,1.6,8,5,2,0.334,35.9,0.424
C00680,53,24.62,2,29.6,4.4,200,1,41,8200,15297,0.104,0.367,0.307,0.353,0.098,0.244,0.8,0.472,0.309,1.4,6.0,0.821,3,2,0.077,1,0.759,0.241,0.459,4.9,9,1,1,0.684,28.6,0.348
C00681,47,22.1,2,51.5,5.9,200,122,69,13800,45426,0.282,0.595,0.36,0.24,0.207,0.04,3.1,0.344,0.037,5.6,1.0,0.585,3,0,0.065,0,0.438,0.562,0.173,4.7,7,5,1,0.299,41.1,0.48
C00682,24,20.15,2,41.1,6.6,200,34,54,10800,32281,0.172,0.416,0.754,0.135,0.169,0.1,0.8,0.411,0.286,0.8,1.0,0.925,2,4,0.038,2,0.679,0.32099999999999995,0.381,1.0,10,5,2,0.278,31.4,0.346
C00683,32,22.22,1,31.7,8.6,200,35,117,23400,40044,0.424,0.258,0.644,0.109,0.186,0.47,0.2,0.185,0.21,0.2,1.0,0.562,1,2,0.543,0,0.764,0.236,0.239,0.3,8,5,2,0.563,18.9,0.364
C00684,44,52.2,2,47.0,2.3,200,68,26,5200,18010,0.058,0.099,0.821,0.163,0.132,0.474,0.6,0.245,0.188,0.9,7.5,0.372,1,1,0.038,1,0.359,0.641,0.592,1.5,8,5,1,0.477,28.1,0.543
C00685,23,7.27,1,26.9,7.9,200,17,65,13000,38505,0.532,0.467,0.19,0.401,0.278,0.263,0.0,0.085,0.189,0.0,1.5,0.71,4,1,0.26,1,0.843,0.15700000000000003,0.345,0.0,6,4,1,0.572,13.3,0.392
C00686,47,57.02,2,39.6,3.6,200,30,36,7200,23048,0.455,0.564,0.334,0.148,0.018,0.42,3.1,0.389,0.292,3.8,2.8,0.904,6,2,0.048,0,0.835,0.16500000000000004,0.318,3.4,6,5,2,0.169,37.7,0.425
C00687,35,11.21,3,25.7,1.3,200,156,11,2200,3512,0.069,0.597,0.631,0.045,0.373,0.335,0.6,0.135,0.509,0.4,3.7,0.47,2,2,0.056,1,0.481,0.519,0.182,0.0,1,4,3,0.312,16.3,0.697
C00688,34,21.19,2,36.9,3.5,614,50,36,22104,55479,0.124,0.7,0.375,0.289,0.396,0.336,3.7,0.359,0.39,3.5,5.4,0.365,2,0,0.478,0,0.481,0.519,0.336,0.6,2,4,2,0.309,37.7,0.458
C00689,47,19.37,1,33.6,1.6,200,8,19,3800,11009,0.235,0.575,0.568,0.045,0.227,0.471,0.0,0.489,0.356,0.0,7.1,0.7,6,1,0.051,1,0.565,0.43500000000000005,0.241,0.4,10,1,0,0.594,28.1,0.421
C00690,43,33.91,2,42.5,4.2,200,6,45,9000,23273,0.534,0.669,0.415,0.169,0.21,0.16,3.5,0.563,0.103,5.4,2.9,0.278,4,1,0.373,1,0.529,0.471,0.415,5.2,8,5,1,0.607,45.4,0.331
C00691,34,10.19,2,47.1,0.5,200,10,5,1000,2833,0.148,0.261,0.846,0.122,0.424,0.461,1.9,0.182,0.466,1.8,2.1,0.627,7,1,0.024,2,0.429,0.571,0.545,12.0,4,3,0,0.722,30.6,0.544
C00692,52,31.63,3,37.7,2.8,200,65,24,4800,15052,0.203,0.77,0.512,0.241,0.503,0.531,1.5,0.42,0.243,2.8,1.0,0.545,2,3,0.038,0,0.349,0.651,0.664,0.4,6,4,3,0.457,32.6,0.474
C00693,25,74.69,2,36.6,7.6,200,16,72,14400,32381,0.422,0.555,0.77,0.1,0.392,0.135,0.0,0.382,0.223,0.0,3.7,0.199,0,1,0.379,2,0.2,0.8,0.174,2.1,8,5,4,0.46,26.1,0.31
C00694,45,11.59,2,34.5,2.3,200,1,20,4000,12789,0.284,0.559,0.404,0.21,0.235,0.195,0.0,0.302,0.436,0.0,3.2,0.625,5,4,0.062,3,0.873,0.127,0.334,4.4,9,3,2,0.348,22.9,0.452
C00695,45,27.23,2,40.9,3.4,200,130,44,8800,16067,0.253,0.476,0.37,0.242,0.18,0.107,3.0,0.331,0.087,3.3,1.4,0.564,3,3,0.06,1,0.57,0.43000000000000005,0.131,1.1,2,3,1,0.161,36.2,0.557
C00696,34,17.05,1,36.1,3.6,200,8,32,6400,13067,0.123,0.294,0.682,0.028,0.526,0.527,1.8,0.526,0.34,1.7,2.4,0.779,3,3,0.303,4,0.37,0.63,0.888,0.7,7,5,1,0.724,36.2,0.359
C00697,42,31.01,1,31.1,5.6,200,1,65,13000,20627,0.396,0.268,0.629,0.07,0.043,0.572,2.1,0.588,0.51,2.2,5.4,0.561,2,0,0.148,1,0.41,0.5900000000000001,0.495,0.9,2,4,0,0.324,37.0,0.282
C00698,23,24.79,2,37.9,0.5,877,12,5,4385,9774,0.524,0.335,0.836,0.37,0.164,0.585,1.3,0.815,0.109,1.2,3.9,0.441,2,3,0.2,1,0.596,0.404,0.158,1.0,7,3,1,0.288,43.9,0.356
C00699,49,17.24,2,38.4,3.9,516,12,36,18576,41978,0.409,0.493,0.561,0.251,0.143,0.352,3.0,0.507,0.115,3.2,2.6,0.539,4,1,0.079,1,0.601,0.399,0.133,0.7,9,5,4,0.497,40.5,0.362
C00700,36,32.08,2,43.2,2.7,409,25,32,13088,40711,0.262,0.512,0.558,0.319,0.192,0.367,0.5,0.378,0.227,0.4,1.3,0.535,6,4,0.212,2,0.708,0.29200000000000004,0.295,0.2,9,3,2,0.503,30.3,0.445
C00701,32,66.18,1,28.8,5.0,200,114,54,10800,30308,0.317,0.675,0.858,0.198,0.109,0.47,1.7,0.496,0.111,1.6,4.4,0.469,3,2,0.408,0,0.516,0.484,0.318,6.3,6,4,3,0.62,32.0,0.449
C00702,51,22.09,1,26.8,5.0,760,95,52,39520,93799,0.19,0.497,0.624,0.643,0.578,0.444,1.1,0.355,0.199,1.8,4.0,0.437,4,3,0.175,2,0.734,0.266,0.469,5.8,6,5,1,0.601,25.0,0.47
C00703,30,36.45,2,26.3,1.1,200,27,13,2600,7291,0.376,0.678,0.938,0.123,0.348,0.545,1.3,0.748,0.376,1.3,2.5,0.759,8,1,0.145,1,0.59,0.41000000000000003,0.348,4.8,10,4,0,0.138,37.2,0.377
C00704,21,12.05,1,28.5,0.5,200,24,5,1000,1606,0.361,0.331,0.784,0.666,0.539,0.389,3.9,0.408,0.272,3.2,1.1,0.615,3,4,0.189,3,0.935,0.06499999999999995,0.752,3.6,3,1,1,0.113,36.5,0.491
C00705,19,14.5,2,22.3,0.5,200,36,5,1000,1861,0.332,0.44,0.27,0.076,0.116,0.397,0.0,0.097,0.039,0.0,1.0,0.655,4,2,0.113,1,0.643,0.357,0.214,3.4,8,4,3,0.503,11.8,0.598
C00706,45,31.81,1,39.6,2.2,356,13,25,8900,24510,0.204,0.797,0.585,0.349,0.162,0.089,0.0,0.448,0.417,0.0,1.7,0.143,0,1,0.299,1,0.227,0.773,0.277,3.1,9,4,2,0.46,29.3,0.424
C00707,23,55.49,2,30.8,6.9,327,2,83,27141,75526,0.25,0.206,0.393,0.335,0.059,0.654,0.0,0.252,0.242,0.0,9.6,0.403,5,2,0.451,2,0.216,0.784,0.304,4.8,9,4,3,0.81,19.9,0.351
C00708,59,29.83,3,23.1,3.0,200,126,24,4800,14632,0.174,0.303,0.36,0.272,0.103,0.738,3.0,0.272,0.234,2.6,5.6,0.571,3,1,0.142,1,0.849,0.15100000000000002,0.268,0.1,8,4,1,0.454,27.3,0.58
C00709,18,20.65,1,41.9,0.5,200,9,5,1000,2306,0.309,0.722,0.847,0.289,0.349,0.452,1.2,0.144,0.093,1.4,8.9,0.341,3,1,0.18,1,0.579,0.42100000000000004,0.266,3.7,7,4,1,0.244,25.0,0.554
C00710,58,24.52,2,31.8,2.0,324,10,17,5508,16222,0.224,0.522,0.638,0.072,0.101,0.26,0.0,0.624,0.527,0.0,7.4,0.921,1,1,0.002,1,0.46,0.54,0.703,5.1,3,1,1,0.358,31.4,0.373
C00711,41,12.33,1,31.5,0.5,359,29,5,1795,5148,0.2,0.662,0.643,0.296,0.012,0.297,1.4,0.494,0.466,1.9,2.5,0.206,4,1,0.25,1,0.43,0.5700000000000001,0.563,2.6,8,4,0,0.246,32.0,0.471
C00712,37,34.21,2,26.7,1.1,200,30,12,2400,8224,0.782,0.336,0.445,0.105,0.065,0.177,1.0,0.251,0.207,1.3,3.0,0.473,4,3,0.104,1,0.617,0.383,0.385,4.7,8,4,0,0.227,21.5,0.53
C00713,31,39.86,2,29.7,4.4,200,1,58,11600,22391,0.037,0.205,0.57,0.146,0.288,0.411,2.9,0.391,0.248,3.2,1.0,0.843,6,1,0.006,0,0.41,0.5900000000000001,0.728,0.9,8,2,1,0.503,33.2,0.372
C00714,43,19.13,2,33.6,0.5,200,7,7,1400,3645,0.34,0.36,0.614,0.212,0.264,0.705,3.0,0.519,0.31,4.0,5.1,0.282,2,3,0.226,0,0.588,0.41200000000000003,0.314,1.1,10,4,1,0.378,38.9,0.439
C00715,38,18.94,2,39.8,5.0,315,21,42,13230,35768,0.076,0.721,0.789,0.287,0.241,0.279,6.4,0.349,0.408,12.7,2.2,0.199,2,4,0.2,2,0.731,0.269,0.679,2.4,7,5,0,0.729,47.5,0.391
C00716,51,28.4,3,46.9,3.0,907,52,32,29024,101506,0.256,0.746,0.584,0.115,0.22,0.222,0.0,0.361,0.283,0.0,1.0,0.74,1,1,0.096,2,0.733,0.267,0.383,0.4,10,3,2,0.699,29.6,0.472
C00717,39,19.29,1,30.3,2.9,200,12,33,6600,12556,0.412,0.349,0.612,0.034,0.085,0.432,0.0,0.408,0.314,0.0,1.0,0.634,2,1,0.085,2,0.632,0.368,0.223,0.5,5,4,2,0.395,24.4,0.417
C00718,40,23.66,1,28.9,2.4,200,25,21,4200,10695,0.132,0.671,0.784,0.311,0.034,0.126,2.7,0.325,0.504,2.0,4.8,0.463,0,0,0.384,0,0.746,0.254,0.274,12.0,6,4,1,0.366,30.2,0.469
C00719,34,77.85,3,44.3,6.7,200,37,84,16800,36832,0.056,0.595,0.461,0.484,0.481,0.133,4.5,0.402,0.042,3.0,2.6,0.319,3,2,0.208,2,0.542,0.45799999999999996,0.863,3.9,4,4,0,0.502,44.6,0.35
C00720,37,21.42,2,29.9,4.4,681,99,55,37455,95577,0.345,0.47,0.671,0.449,0.312,0.212,0.0,0.512,0.057,0.0,1.0,0.89,2,3,0.37,0,0.761,0.239,0.311,0.3,2,4,1,0.44,27.3,0.443
C00721,42,20.14,3,32.7,3.5,200,18,47,9400,18464,0.151,0.351,0.163,0.291,0.161,0.516,0.0,0.313,0.122,0.0,7.0,0.494,0,1,0.424,2,0.216,0.784,0.058,0.3,7,5,1,0.566,22.5,0.437
C00722,18,17.18,2,40.7,3.8,200,6,31,6200,9890,0.113,0.44,0.83,0.389,0.066,0.366,2.0,0.288,0.399,2.3,3.9,0.507,4,2,0.433,3,0.696,0.30400000000000005,0.485,1.2,8,3,2,0.707,31.5,0.424
C00723,22,36.94,3,33.8,3.1,285,30,29,8265,21862,0.213,0.114,0.776,0.352,0.142,0.157,5.2,0.398,0.105,8.3,1.0,0.562,2,5,0.206,0,0.337,0.663,0.588,12.0,7,5,0,0.05,42.6,0.435
C00724,47,22.21,2,36.6,4.0,200,62,52,10400,22586,0.602,0.352,0.442,0.342,0.441,0.58,0.0,0.47,0.328,0.0,1.5,0.716,2,3,0.043,2,0.559,0.44099999999999995,0.411,9.2,8,4,1,0.288,28.7,0.425
C00725,40,17.16,2,27.2,2.0,200,5,24,4800,8947,0.196,0.427,0.755,0.412,0.176,0.635,1.5,0.575,0.056,0.8,5.1,0.469,3,4,0.182,1,0.347,0.653,0.534,1.6,7,5,1,0.41,33.1,0.382
C00726,36,50.74,3,37.8,4.0,200,25,53,10600,22767,0.167,0.206,0.65,0.118,0.002,0.42,0.0,0.654,0.395,0.0,1.0,0.529,1,2,0.172,0,0.761,0.239,0.44,1.5,1,4,0,0.704,34.7,0.33
C00727,38,53.56,2,40.7,3.6,875,1,30,26250,41962,0.21,0.354,0.618,0.246,0.466,0.533,1.7,0.576,0.124,1.0,5.3,0.648,1,3,0.119,3,0.584,0.41600000000000004,0.236,2.2,5,4,2,0.506,39.2,0.337
C00728,42,17.63,1,37.7,1.8,200,2,21,4200,14284,0.099,0.298,0.759,0.674,0.391,0.152,1.1,0.5,0.097,2.1,2.8,0.576,6,3,0.18,2,0.779,0.22099999999999997,0.592,2.7,6,4,3,0.35,33.7,0.406
C00729,32,8.79,1,42.0,1.0,200,30,11,2200,5857,0.214,0.295,0.416,0.229,0.364,0.29,4.1,0.386,0.276,6.9,6.1,0.708,2,0,0.148,1,0.626,0.374,0.402,0.8,8,4,1,0.144,41.9,0.492
C00730,29,42.7,1,44.8,4.6,200,16,38,7600,23784,0.53,0.7,0.473,0.258,0.127,0.735,0.4,0.464,0.363,0.8,7.7,0.511,0,4,0.524,2,0.563,0.43700000000000006,0.271,0.5,10,4,0,0.186,33.2,0.361
C00731,40,16.83,1,38.0,5.3,200,84,59,11800,27686,0.117,0.694,0.308,0.174,0.761,0.27,2.7,0.51,0.185,4.9,5.8,0.746,6,0,0.346,1,0.835,0.16500000000000004,0.33,4.2,5,4,0,0.687,39.4,0.404
C00732,26,37.9,1,35.3,5.9,200,41,69,13800,45631,0.125,0.404,0.605,0.471,0.514,0.209,0.2,0.348,0.171,0.2,1.0,0.517,2,5,0.46,0,0.652,0.348,0.368,1.1,5,5,0,0.712,25.2,0.391
C00733,43,8.3,2,40.9,0.5,200,27,5,1000,2467,0.384,0.392,0.481,0.151,0.367,0.061,1.3,0.353,0.337,2.4,2.5,0.274,4,4,0.175,3,0.27,0.73,0.42,0.1,9,5,2,0.084,31.2,0.511
C00734,18,40.08,2,46.6,6.2,200,24,60,12000,31775,0.42,0.546,0.336,0.271,0.297,0.378,6.0,0.573,0.272,9.1,1.5,0.669,1,1,0.273,1,0.226,0.774,0.363,4.9,10,4,1,0.581,55.6,0.297
C00735,50,12.6,2,32.6,1.9,436,31,22,9592,23823,0.489,0.4,0.842,0.033,0.227,0.284,4.8,0.452,0.121,6.2,2.8,0.89,3,0,0.068,1,0.586,0.41400000000000003,0.588,3.3,7,5,0,0.556,42.4,0.45
C00736,44,36.67,2,36.2,4.7,200,2,51,10200,30259,0.049,0.36,0.515,0.085,0.397,0.292,5.7,0.441,0.019,6.0,13.5,0.483,5,0,0.129,2,0.723,0.277,0.282,3.2,6,5,2,0.685,46.5,0.35
C00737,41,24.73,1,28.3,1.2,200,100,16,3200,8427,0.192,0.455,0.897,0.72,0.057,0.193,2.3,0.475,0.133,3.5,1.0,0.777,2,4,0.301,2,0.489,0.511,0.658,2.6,7,3,2,0.479,33.2,0.537
C00738,50,14.52,1,40.9,2.9,200,287,29,5800,11851,0.407,0.116,0.892,0.361,0.13,0.385,0.9,0.184,0.502,1.2,8.0,0.596,4,3,0.195,1,0.851,0.14900000000000002,0.457,1.3,5,5,2,0.565,24.8,0.786
C00739,58,19.61,1,32.0,3.4,200,9,33,6600,11821,0.088,0.378,0.768,0.173,0.103,0.406,2.0,0.319,0.286,2.8,18.8,0.398,1,2,0.171,2,0.756,0.244,0.448,5.5,7,2,2,0.748,29.0,0.428
C00740,50,35.78,2,33.8,0.5,1019,6,7,7133,19346,0.479,0.492,0.625,0.122,0.34,0.103,2.6,0.236,0.023,2.9,18.4,0.429,2,1,0.155,0,0.517,0.483,0.302,1.1,8,4,1,0.533,29.2,0.523
C00741,18,26.0,1,38.6,4.3,435,7,58,25230,62529,0.419,0.229,0.355,0.289,0.228,0.527,2.3,0.517,0.35,3.7,6.4,0.126,5,3,0.17,1,0.517,0.483,0.273,0.8,4,4,0,0.642,38.5,0.343
C00742,23,33.83,1,11.4,6.0,200,49,49,9800,16581,0.085,0.343,0.262,0.403,0.245,0.855,0.3,0.557,0.119,0.2,2.5,0.356,4,1,0.412,0,0.881,0.119,0.264,1.9,5,4,0,0.171,22.3,0.334
C00743,31,72.75,2,46.2,4.6,200,49,58,11600,26578,0.185,0.49,0.156,0.045,0.561,0.742,1.0,0.459,0.469,1.6,1.0,0.879,1,2,0.19,1,0.125,0.875,0.381,1.6,5,4,1,0.562,35.5,0.399
C00744,38,10.38,3,32.7,5.1,200,85,44,8800,22260,0.198,0.638,0.303,0.187,0.116,0.123,0.0,0.289,0.044,0.0,3.7,0.732,1,1,0.181,0,0.405,0.595,0.504,0.1,8,5,0,0.453,21.8,0.477
C00745,44,59.71,1,39.1,4.0,780,63,33,25740,81178,0.333,0.434,0.555,0.13,0.097,0.364,4.3,0.37,0.247,5.5,3.8,0.768,1,2,0.296,0,0.796,0.20399999999999996,0.292,0.8,9,5,0,0.408,40.9,0.456
C00746,29,25.98,2,36.7,4.7,200,27,45,9000,14870,0.215,0.389,0.769,0.411,0.104,0.396,3.9,0.521,0.033,3.5,1.5,0.53,2,2,0.123,1,0.731,0.269,0.45,1.2,6,4,2,0.565,43.2,0.354
C00747,40,14.96,2,26.8,0.5,200,43,5,1000,2197,0.144,0.276,0.729,0.083,0.244,0.22,7.7,0.378,0.163,9.8,3.8,0.753,5,3,0.411,2,0.538,0.46199999999999997,0.802,3.9,9,3,1,0.451,47.4,0.521
C00748,29,11.8,3,38.3,7.3,200,52,94,18800,59132,0.552,0.421,0.703,0.166,0.051,0.28,2.1,0.101,0.455,1.4,1.0,0.51,3,3,0.36,0,0.747,0.253,0.624,1.3,10,2,1,0.481,25.3,0.441
C00749,31,22.11,3,42.3,5.9,417,32,72,30024,83973,0.182,0.49,0.699,0.104,0.186,0.436,0.0,0.55,0.348,0.0,4.0,0.584,3,0,0.315,1,0.915,0.08499999999999996,0.575,7.0,8,5,2,0.271,33.4,0.32
C00750,21,40.73,1,31.6,3.1,200,29,43,8600,17887,0.253,0.412,0.435,0.192,0.226,0.535,0.9,0.292,0.344,1.0,9.1,0.77,0,0,0.41,1,0.561,0.43899999999999995,0.371,3.4,10,5,2,0.33,24.4,0.465
C00751,27,22.87,1,29.3,0.5,200,47,6,1200,3829,0.354,0.131,0.519,0.037,0.014,0.121,1.1,0.569,0.494,1.7,2.6,0.652,2,6,0.18,1,0.497,0.503,0.322,4.3,8,4,2,0.267,32.4,0.468
C00752,22,56.32,3,38.8,4.8,200,37,50,10000,24866,0.187,0.404,0.55,0.261,0.441,0.13,5.1,0.239,0.586,4.0,5.8,0.509,1,0,0.4,1,0.806,0.19399999999999995,0.117,5.5,5,5,5,0.365,39.5,0.447
C00753,26,11.04,2,26.3,0.5,200,46,6,1200,2996,0.36,0.235,0.349,0.181,0.415,0.615,2.7,0.418,0.344,2.0,4.0,0.541,1,0,0.227,2,0.33,0.6699999999999999,0.125,0.5,6,4,1,0.246,32.0,0.512
C00754,51,24.37,2,34.3,3.9,200,43,55,11000,37985,0.203,0.083,0.828,0.132,0.275,0.163,0.0,0.261,0.075,0.0,1.0,0.529,1,3,0.38,0,0.833,0.16700000000000004,0.255,4.1,8,5,1,0.588,21.5,0.47
C00755,27,12.32,2,46.3,3.3,719,57,40,28760,97618,0.608,0.274,0.457,0.131,0.044,0.135,1.1,0.299,0.114,1.7,1.0,0.484,3,1,0.233,2,0.549,0.45099999999999996,0.056,0.5,5,4,0,0.278,31.1,0.489
C00756,70,29.96,2,37.8,1.3,200,46,16,3200,7095,0.165,0.541,0.829,0.153,0.134,0.211,0.0,0.245,0.151,0.0,6.0,0.715,3,2,0.109,2,0.79,0.20999999999999996,0.202,2.0,0,4,1,0.297,22.5,0.544
C00757,44,39.96,3,29.6,5.8,200,33,79,15800,28142,0.208,0.253,0.422,0.147,0.542,0.312,3.0,0.269,0.307,1.6,1.0,0.683,1,1,0.245,0,0.909,0.09099999999999997,0.179,0.9,6,5,2,0.292,29.8,0.408
C00758,40,19.46,3,23.6,4.4,200,52,38,7600,16350,0.449,0.482,0.355,0.214,0.385,0.43,0.0,0.178,0.013,0.0,12.5,0.803,6,2,0.28,2,0.843,0.15700000000000003,0.316,1.7,2,5,1,0.834,14.8,0.492
C00759,28,5.86,2,18.7,4.2,200,27,51,10200,15922,0.482,0.393,0.454,0.201,0.422,0.302,0.0,0.629,0.124,0.0,9.0,0.307,4,1,0.071,0,0.385,0.615,0.688,0.6,10,4,3,0.261,26.4,0.334
C00760,46,27.37,1,39.3,3.1,374,12,41,15334,23638,0.254,0.425,0.496,0.043,0.131,0.307,0.0,0.481,0.363,0.0,1.8,0.792,2,5,0.045,1,0.728,0.272,0.495,8.1,9,3,3,0.539,30.2,0.39
C00761,31,31.19,3,36.1,0.5,200,1,7,1400,3207,0.614,0.336,0.25,0.08,0.094,0.154,3.1,0.4,0.296,5.8,1.5,0.756,2,1,0.299,0,0.642,0.358,0.656,2.7,0,5,1,0.485,36.7,0.468
C00762,39,30.64,1,47.6,5.2,212,37,48,10176,34416,0.068,0.645,0.764,0.069,0.242,0.046,4.0,0.316,0.289,6.0,3.8,0.663,7,1,0.503,1,0.847,0.15300000000000002,0.506,0.7,1,5,2,0.415,41.7,0.414
C00763,69,48.41,1,38.9,3.4,200,40,37,7400,23996,0.248,0.699,0.739,0.101,0.288,0.355,0.6,0.439,0.274,1.2,3.8,0.557,4,1,0.322,2,0.334,0.6659999999999999,0.057,0.7,0,4,1,0.618,30.7,0.426
C00764,37,13.61,3,35.6,0.5,200,161,6,1200,3027,0.201,0.42,0.731,0.34,0.271,0.424,0.9,0.225,0.269,1.0,1.0,0.824,0,1,0.367,2,0.621,0.379,0.215,0.4,9,5,2,0.446,24.0,0.696
C00765,52,35.66,1,31.9,6.1,394,20,58,22852,60111,0.275,0.47,0.423,0.151,0.134,0.087,0.8,0.299,0.216,1.1,1.0,0.652,3,3,0.111,1,0.897,0.10299999999999998,0.328,3.8,9,4,2,0.378,24.4,0.377
C00766,30,47.27,1,26.0,8.1,200,23,94,18800,28423,0.15,0.216,0.771,0.262,0.064,0.314,1.5,0.119,0.265,2.1,4.0,0.234,1,2,0.183,1,0.527,0.473,0.381,1.6,9,3,0,0.196,18.9,0.384
C00767,38,9.22,1,25.2,2.3,392,10,22,8624,16653,0.283,0.433,0.41,0.207,0.25,0.865,0.0,0.531,0.288,0.0,6.5,0.149,5,3,0.115,2,0.471,0.529,0.236,5.6,4,4,3,0.4,26.0,0.393
C00768,59,29.25,3,46.3,7.5,200,3,75,15000,23243,0.097,0.397,0.615,0.019,0.236,0.065,0.0,0.216,0.223,0.0,1.0,0.731,2,1,0.089,0,0.628,0.372,0.29,0.0,10,4,1,0.236,25.0,0.348
C00769,30,18.59,2,30.0,2.9,526,67,31,16306,49066,0.24,0.262,0.348,0.085,0.374,0.118,4.1,0.544,0.443,2.9,4.8,0.358,4,2,0.361,1,0.372,0.628,0.327,1.7,9,3,0,0.31,41.8,0.436
C00770,60,23.46,2,38.0,2.2,200,13,25,5000,8956,0.239,0.723,0.7,0.165,0.34,0.32,0.0,0.525,0.25,0.0,8.2,0.653,4,5,0.154,0,0.707,0.29300000000000004,0.801,1.7,8,5,0,0.333,31.0,0.401
C00771,46,29.7,1,32.0,1.9,200,42,20,4000,12952,0.297,0.441,0.6,0.075,0.057,0.586,2.6,0.199,0.164,3.0,1.0,0.873,5,2,0.449,0,0.445,0.5549999999999999,0.221,10.1,9,5,0,0.143,27.3,0.538
C00772,31,18.77,3,21.6,6.0,200,52,66,13200,36784,0.245,0.486,0.307,0.089,0.139,0.124,1.9,0.235,0.296,2.5,2.3,0.577,1,3,0.065,1,0.674,0.32599999999999996,0.186,3.2,7,3,0,0.419,22.0,0.434
C00773,46,16.92,3,31.7,1.1,200,29,11,2200,4309,0.19,0.397,0.556,0.257,0.182,0.297,4.6,0.308,0.47,7.8,7.6,0.469,4,5,0.033,0,0.586,0.41400000000000003,0.335,1.9,8,5,0,0.501,37.1,0.511
C00774,50,25.0,1,39.3,4.5,200,94,40,8000,14524,0.131,0.531,0.871,0.378,0.366,0.502,1.0,0.323,0.519,1.7,1.9,0.67,2,1,0.277,1,0.524,0.476,0.387,2.2,6,3,2,0.358,28.7,0.492
C00775,45,13.49,2,23.2,1.4,270,26,12,3240,8927,0.339,0.364,0.304,0.225,0.175,0.669,0.5,0.501,0.221,1.0,1.3,0.415,5,0,0.031,0,0.671,0.32899999999999996,0.238,3.0,9,4,1,0.426,26.0,0.443
C00776,19,13.5,1,34.8,1.6,200,15,15,3000,9905,0.186,0.534,0.457,0.327,0.08,0.355,0.0,0.294,0.255,0.0,5.5,0.597,3,3,0.09,1,0.285,0.7150000000000001,0.568,6.3,6,5,1,0.578,22.7,0.488
C00777,29,35.65,3,27.2,5.5,722,102,63,45486,133580,0.381,0.277,0.853,0.156,0.325,0.592,2.4,0.516,0.194,2.4,2.0,0.808,3,5,0.063,3,0.699,0.30100000000000005,0.683,0.2,10,4,2,0.282,34.3,0.417
C00778,35,13.04,2,37.0,1.8,200,89,23,4600,10107,0.193,0.63,0.476,0.303,0.149,0.471,0.0,0.172,0.08,0.0,4.9,0.457,3,3,0.173,1,0.34,0.6599999999999999,0.085,0.2,10,1,0,0.33,20.0,0.6
C00779,37,35.39,3,37.3,2.6,200,8,23,4600,12304,0.115,0.413,0.613,0.17,0.374,0.366,0.0,0.265,0.33,0.0,1.0,0.631,1,2,0.258,0,0.647,0.353,0.299,0.6,6,5,2,0.098,22.9,0.463
C00780,45,31.64,1,41.7,5.5,200,1,48,9600,20367,0.074,0.549,0.602,0.515,0.346,0.101,0.2,0.272,0.09,0.2,3.2,0.413,1,2,0.233,1,0.618,0.382,0.566,1.5,9,3,1,0.325,25.5,0.38
C00781,40,9.5,3,41.1,5.6,208,4,70,14560,50935,0.154,0.459,0.52,0.104,0.216,0.297,0.0,0.391,0.084,0.0,1.9,0.951,5,7,0.397,0,0.584,0.41600000000000004,0.342,1.1,3,5,0,0.373,28.2,0.345
C00782,22,16.9,3,31.3,4.0,791,15,39,30849,92475,0.587,0.314,0.526,0.249,0.115,0.59,0.0,0.311,0.128,0.0,20.0,0.588,1,5,0.041,2,0.523,0.477,0.145,0.1,6,3,1,0.516,21.8,0.421
C00783,43,47.31,2,33.4,2.6,200,161,36,7200,19647,0.083,0.669,0.7,0.352,0.325,0.206,2.1,0.485,0.27,3.0,3.6,0.138,1,1,0.195,1,0.203,0.7969999999999999,0.568,2.3,6,3,2,0.378,34.8,0.565
C00784,45,14.3,3,9.5,1.6,200,37,20,4000,9386,0.117,0.419,0.428,0.128,0.076,0.335,0.9,0.1,0.159,1.2,4.6,0.485,2,1,0.095,0,0.84,0.16000000000000003,0.249,4.6,8,5,0,0.217,9.8,0.57
C00785,45,19.0,2,16.5,2.9,200,21,29,5800,15871,0.244,0.457,0.44,0.249,0.463,0.638,2.5,0.669,0.205,3.0,1.0,0.104,5,3,0.425,2,0.284,0.716,0.485,0.1,10,4,2,0.353,34.9,0.349
C00786,51,31.63,1,30.5,3.9,200,99,38,7600,16593,0.164,0.527,0.739,0.364,0.285,0.223,1.9,0.51,0.288,1.2,19.3,0.554,3,0,0.088,2,0.582,0.41800000000000004,0.379,1.9,6,5,1,0.577,33.8,0.456
C00787,48,37.75,2,50.0,1.5,200,27,17,3400,5296,0.238,0.568,0.505,0.259,0.546,0.355,0.0,0.282,0.404,0.0,1.0,0.531,4,1,0.097,0,0.615,0.385,0.431,10.0,7,4,0,0.684,28.5,0.507
C00788,44,21.36,2,30.6,4.3,799,17,36,28764,65875,0.345,0.649,0.754,0.106,0.183,0.47,0.0,0.362,0.398,0.0,1.0,0.293,3,4,0.062,0,0.856,0.14400000000000002,0.615,0.1,7,4,3,0.728,23.1,0.401
C00789,37,17.66,2,34.6,2.9,200,128,25,5000,16805,0.533,0.273,0.51,0.144,0.159,0.603,0.0,0.757,0.386,0.0,1.0,0.51,1,3,0.083,1,0.78,0.21999999999999997,0.447,0.9,7,5,0,0.594,36.6,0.439
C00790,18,53.64,1,28.1,0.7,530,85,6,3180,8753,0.184,0.227,0.612,0.26,0.26,0.089,3.6,0.149,0.266,5.7,8.2,0.14,6,1,0.241,1,0.77,0.22999999999999998,0.371,1.5,8,5,0,0.315,27.6,0.631
C00791,43,63.84,2,37.9,2.7,301,84,34,10234,17069,0.628,0.63,0.895,0.277,0.464,0.423,3.8,0.611,0.398,7.6,5.2,0.812,0,1,0.169,0,0.345,0.655,0.243,0.5,8,4,1,0.465,46.0,0.44
C00792,40,42.03,1,34.1,2.7,200,32,30,6000,19620,0.494,0.219,0.298,0.292,0.282,0.42,3.8,0.397,0.488,5.3,14.5,0.188,6,4,0.085,0,0.721,0.279,0.299,2.0,7,4,1,0.291,38.1,0.447
C00793,41,25.71,2,32.6,2.9,200,70,23,4600,9374,0.153,0.171,0.737,0.56,0.251,0.646,3.2,0.396,0.092,5.1,1.0,0.658,2,1,0.144,3,0.471,0.529,0.141,4.8,9,4,0,0.524,35.5,0.484
C00794,23,15.73,2,30.6,6.4,200,9,77,15400,30608,0.505,0.198,0.763,0.433,0.121,0.084,3.5,0.359,0.319,4.1,4.7,0.4,3,3,0.05,0,0.835,0.16500000000000004,0.265,1.1,8,3,1,0.226,34.5,0.339
C00795,25,15.54,2,39.5,3.1,200,38,33,6600,13822,0.137,0.773,0.763,0.039,0.211,0.385,2.1,0.183,0.455,3.2,3.0,0.948,2,1,0.168,0,0.808,0.19199999999999995,0.139,0.0,6,4,0,0.19,28.2,0.508
C00796,51,32.7,1,57.2,1.6,653,186,18,11754,31200,0.084,0.218,0.642,0.144,0.29,0.342,5.3,0.578,0.348,7.8,4.1,0.611,2,4,0.085,2,0.972,0.028000000000000025,0.453,2.4,7,5,0,0.537,57.7,0.59
C00797,38,30.88,2,33.5,3.7,200,15,34,6800,17608,0.117,0.246,0.81,0.274,0.375,0.287,2.2,0.481,0.138,3.8,2.9,0.682,3,2,0.3,2,0.132,0.868,0.357,5.3,10,3,3,0.507,35.1,0.378
C00798,46,53.03,1,34.1,3.4,606,71,38,23028,57175,0.213,0.229,0.212,0.236,0.313,0.184,6.1,0.307,0.277,9.6,4.5,0.531,3,1,0.22,3,0.711,0.28900000000000003,0.498,3.9,8,4,1,0.525,43.0,0.499
C00799,38,35.08,1,39.6,4.1,200,30,57,11400,33460,0.036,0.462,0.331,0.056,0.284,0.19,0.4,0.275,0.31,0.6,9.5,0.508,0,2,0.192,2,0.421,0.579,0.143,2.6,8,1,1,0.722,25.4,0.446
C00800,38,10.73,3,52.3,3.6,200,2,30,6000,12798,0.117,0.437,0.241,0.142,0.358,0.332,0.0,0.374,0.098,0.0,3.5,0.849,0,1,0.037,1,0.844,0.15600000000000003,0.46,3.7,5,4,0,0.435,32.1,0.398
C00801,49,43.75,3,26.1,6.2,200,65,60,12000,36770,0.054,0.3,0.424,0.378,0.034,0.568,1.5,0.561,0.02,1.8,9.1,0.812,1,1,0.308,0,0.532,0.46799999999999997,0.238,1.0,8,2,3,0.364,32.2,0.345
C00802,32,14.17,2,32.7,2.5,200,8,24,4800,8883,0.637,0.117,0.425,0.044,0.308,0.371,1.2,0.211,0.239,1.4,6.1,0.68,2,1,0.309,0,0.874,0.126,0.721,1.7,3,4,2,0.23,23.4,0.482
C00803,39,19.86,3,37.4,6.1,200,45,58,11600,35557,0.193,0.635,0.259,0.033,0.199,0.302,0.8,0.253,0.411,0.9,8.0,0.42,4,2,0.13,0,0.6,0.4,0.092,1.2,7,4,3,0.563,25.2,0.418
C00804,32,28.15,3,41.7,4.9,200,4,50,10000,28276,0.366,0.623,0.432,0.337,0.169,0.535,2.6,0.575,0.205,2.3,4.3,0.578,4,0,0.093,1,0.784,0.21599999999999997,0.498,0.1,10,5,1,0.368,42.5,0.307
C00805,33,73.52,3,35.3,3.5,200,132,45,9000,25798,0.174,0.527,0.644,0.037,0.358,0.451,2.3,0.197,0.557,1.3,2.9,0.444,3,6,0.087,1,0.723,0.277,0.827,0.7,7,4,1,0.598,27.6,0.597
C00806,34,135.7,1,57.0,11.8,200,16,159,31800,78327,0.245,0.243,0.576,0.448,0.441,0.425,2.5,0.41,0.036,3.8,1.0,0.503,4,5,0.279,0,0.774,0.22599999999999998,0.449,1.7,9,4,1,0.061,43.3,0.195
C00807,41,34.25,3,45.2,4.0,627,12,37,23199,65746,0.072,0.21,0.776,0.246,0.191,0.128,0.9,0.255,0.374,1.7,7.2,0.591,1,1,0.232,1,0.437,0.563,0.69,2.6,1,3,5,0.295,28.7,0.435
C00808,32,22.18,2,58.2,1.2,367,6,14,5138,8527,0.147,0.506,0.882,0.164,0.235,0.314,3.9,0.504,0.215,7.4,1.1,0.516,2,4,0.488,2,0.312,0.688,0.466,0.0,4,5,2,0.055,51.3,0.425
C00809,53,32.92,1,40.7,6.6,200,131,78,15600,49968,0.291,0.286,0.582,0.155,0.064,0.401,2.3,0.13,0.082,3.2,1.0,0.497,3,2,0.185,1,0.919,0.08099999999999996,0.307,6.5,9,5,2,0.331,27.8,0.537
C00810,27,39.97,1,30.8,7.8,839,56,87,72993,117599,0.07,0.281,0.639,0.316,0.12,0.478,0.0,0.625,0.656,0.0,2.9,0.784,1,1,0.286,1,0.837,0.16300000000000003,0.71,2.3,9,5,2,0.501,31.1,0.276
C00811,36,20.57,2,36.9,2.8,200,61,30,6000,10785,0.16,0.279,0.807,0.199,0.25,0.352,4.4,0.141,0.272,8.0,4.0,0.675,5,1,0.366,1,0.741,0.259,0.41,4.5,8,4,0,0.413,33.5,0.553
C00812,33,65.85,1,34.2,3.6,671,31,33,22143,58758,0.275,0.51,0.339,0.223,0.05,0.334,3.2,0.236,0.228,5.2,4.3,0.524,1,2,0.528,0,0.547,0.45299999999999996,0.474,0.5,10,5,0,0.289,31.3,0.472
C00813,55,27.84,1,26.4,2.8,200,29,31,6200,18469,0.097,0.277,0.747,0.371,0.206,0.591,2.8,0.177,0.313,2.5,4.4,0.446,4,1,0.24,1,0.752,0.248,0.385,2.5,8,5,0,0.326,25.1,0.507
C00814,40,32.26,1,27.9,4.7,200,5,49,9800,16195,0.511,0.282,0.498,0.493,0.306,0.332,3.5,0.354,0.1,6.0,4.2,0.744,2,0,0.014,1,0.499,0.501,0.514,0.2,9,3,1,0.29,33.3,0.38
C00815,50,35.38,3,45.8,6.0,929,37,77,71533,239030,0.222,0.449,0.596,0.155,0.307,0.146,3.7,0.755,0.196,4.5,6.6,0.832,2,4,0.3,1,0.162,0.838,0.718,1.5,6,2,1,0.757,53.2,0.262
C00816,20,30.93,3,27.0,4.4,500,13,55,27500,94798,0.351,0.432,0.426,0.115,0.132,0.171,0.0,0.391,0.364,0.0,5.9,0.75,2,1,0.27,0,0.682,0.31799999999999995,0.526,3.0,8,3,1,0.554,22.5,0.385
C00817,41,38.92,1,49.3,3.8,200,170,33,6600,17899,0.216,0.348,0.357,0.596,0.451,0.321,0.0,0.377,0.439,0.0,6.7,0.694,0,2,0.075,0,0.374,0.626,0.71,2.7,9,5,0,0.8,31.0,0.577
C00818,49,17.47,3,38.4,5.7,366,72,49,17934,44162,0.31,0.274,0.604,0.054,0.154,0.257,6.1,0.475,0.181,10.4,2.5,0.63,2,0,0.129,1,0.276,0.724,0.635,0.7,9,3,1,0.477,49.7,0.391
C00819,39,18.05,3,23.5,2.1,200,24,28,5600,16704,0.166,0.551,0.557,0.129,0.032,0.039,0.0,0.419,0.355,0.0,1.0,0.873,1,1,0.159,0,0.935,0.06499999999999995,0.21,0.3,9,5,0,0.62,22.0,0.447
C00820,51,13.4,3,38.1,4.6,417,7,52,21684,46766,0.101,0.563,0.478,0.059,0.174,0.335,2.0,0.242,0.267,1.0,4.1,0.381,3,4,0.109,0,0.621,0.379,0.248,1.1,7,4,0,0.493,29.1,0.418
C00821,32,31.24,1,52.4,2.7,200,69,35,7000,17406,0.097,0.452,0.4,0.258,0.447,0.273,4.9,0.239,0.081,6.6,1.0,0.699,1,1,0.095,0,0.943,0.05700000000000005,0.388,2.4,6,5,2,0.426,44.3,0.535
C00822,55,37.65,2,45.5,4.4,200,6,37,7400,24659,0.336,0.215,0.571,0.261,0.178,0.108,0.9,0.388,0.629,1.4,7.9,0.326,3,2,0.445,2,0.313,0.687,0.294,0.2,6,5,1,0.322,32.8,0.378
C00823,66,31.56,3,32.6,3.0,494,9,33,16302,55611,0.219,0.329,0.538,0.154,0.083,0.355,0.9,0.241,0.099,0.7,5.1,0.641,2,1,0.078,1,0.69,0.31000000000000005,0.6,4.5,9,5,1,0.363,23.2,0.461
C00824,34,61.62,2,38.8,4.4,200,11,49,9800,32871,0.155,0.554,0.513,0.514,0.245,0.476,4.1,0.642,0.019,5.3,5.8,0.575,3,3,0.147,1,0.629,0.371,0.326,1.8,9,4,2,0.373,48.3,0.308
C00825,33,24.46,1,35.7,2.2,200,37,29,5800,11744,0.083,0.178,0.215,0.21,0.094,0.231,1.9,0.222,0.057,1.8,1.3,0.422,4,5,0.061,1,0.429,0.571,0.424,4.9,5,1,1,0.612,27.2,0.518
C00826,55,35.44,2,30.4,6.1,200,70,52,10400,20435,0.216,0.272,0.158,0.339,0.413,0.367,2.7,0.14,0.113,4.2,4.0,0.389,1,1,0.074,1,0.849,0.15100000000000002,0.169,2.6,7,3,1,0.157,25.3,0.48
C00827,57,13.46,2,27.5,1.1,926,17,10,9260,19403,0.23,0.528,0.618,0.266,0.518,0.248,1.1,0.156,0.348,1.4,3.0,0.615,5,1,0.191,0,0.714,0.28600000000000003,0.538,9.1,10,5,1,0.158,19.3,0.544
C00828,32,19.83,2,46.6,1.3,598,4,14,8372,19947,0.331,0.51,0.463,0.128,0.496,0.627,0.3,0.214,0.308,0.4,1.3,0.84,3,3,0.107,2,0.779,0.22099999999999997,0.44,1.7,0,2,1,0.603,26.0,0.507
C00829,33,35.96,1,25.5,7.7,200,28,102,20400,43418,0.33,0.407,0.242,0.334,0.003,0.512,1.1,0.29,0.253,0.7,6.7,0.552,2,0,0.088,1,0.658,0.34199999999999997,0.527,3.2,6,5,1,0.246,22.5,0.348
C00830,35,39.13,1,41.3,5.5,200,62,75,15000,33726,0.463,0.626,0.255,0.436,0.005,0.264,4.2,0.307,0.062,3.0,3.2,0.248,5,4,0.19,0,0.896,0.10399999999999998,0.059,1.7,8,5,2,0.62,39.6,0.436
C00831,22,20.87,3,32.0,0.5,518,11,7,3626,9940,0.051,0.258,0.619,0.12,0.334,0.202,0.8,0.207,0.114,1.1,1.0,0.596,6,2,0.306,1,0.707,0.29300000000000004,0.647,0.5,4,4,2,0.62,21.6,0.537
C00832,27,23.59,3,29.7,1.8,995,11,25,24875,75248,0.303,0.814,0.418,0.246,0.257,0.428,2.3,0.367,0.039,1.8,1.5,0.5,2,2,0.243,3,0.743,0.257,0.654,0.2,9,1,0,0.284,30.5,0.456
C00833,26,10.65,1,29.2,0.5,478,132,4,1912,5681,0.198,0.458,0.815,0.145,0.472,0.421,0.0,0.371,0.192,0.0,1.0,0.412,2,3,0.266,2,0.759,0.241,0.693,0.7,6,5,0,0.218,22.8,0.621
C00834,29,20.16,3,27.8,0.9,1089,139,7,7623,23851,0.215,0.719,0.599,0.099,0.01,0.179,5.5,0.119,0.073,8.4,1.5,0.243,4,2,0.223,0,0.751,0.249,0.275,2.2,10,3,1,0.674,32.8,0.694
C00835,38,40.03,1,56.2,0.5,200,209,4,800,1251,0.166,0.554,0.312,0.17,0.067,0.228,2.4,0.16,0.347,4.1,1.0,0.255,3,4,0.405,2,0.703,0.29700000000000004,0.471,4.5,2,5,0,0.514,35.2,0.768
C00836,41,33.66,2,30.2,3.1,200,74,31,6200,9892,0.077,0.245,0.837,0.399,0.2,0.415,2.4,0.628,0.294,1.7,1.9,0.866,3,5,0.101,2,0.675,0.32499999999999996,0.762,0.4,10,4,2,0.481,38.8,0.414
C00837,57,32.31,3,28.4,1.0,200,9,13,2600,8005,0.145,0.621,0.52,0.474,0.1,0.258,3.5,0.284,0.127,5.6,4.7,0.432,4,1,0.415,0,0.265,0.735,0.14,6.4,8,4,1,0.192,31.4,0.499
C00838,26,25.21,3,31.9,3.1,225,11,41,9225,23673,0.231,0.513,0.735,0.581,0.272,0.292,0.5,0.586,0.38,0.5,12.8,0.774,4,2,0.192,2,0.471,0.529,0.315,1.6,8,4,1,0.348,32.0,0.357
C00839,50,24.63,3,42.5,0.5,200,19,5,1000,2656,0.313,0.417,0.631,0.251,0.032,0.388,3.9,0.488,0.177,5.9,1.0,0.805,1,3,0.441,0,0.774,0.22599999999999998,0.196,1.8,0,3,1,0.287,44.5,0.462
C00840,35,17.06,1,29.7,2.8,200,17,33,6600,10594,0.338,0.534,0.353,0.408,0.188,0.496,0.0,0.283,0.051,0.0,1.4,0.673,7,2,0.443,0,0.269,0.731,0.329,0.1,10,5,1,0.529,20.4,0.463
C00841,37,36.03,3,32.0,2.6,410,141,35,14350,28853,0.103,0.248,0.766,0.172,0.433,0.322,0.5,0.357,0.247,0.6,1.0,0.64,1,2,0.204,0,0.801,0.19899999999999995,0.565,8.7,9,2,0,0.504,25.2,0.581
C00842,46,30.92,1,45.4,6.2,621,70,67,41607,115531,0.246,0.488,0.592,0.174,0.097,0.687,0.0,0.166,0.043,0.0,1.0,0.356,1,4,0.26,1,0.541,0.45899999999999996,0.636,0.2,7,5,2,0.442,23.1,0.469
C00843,25,32.16,2,47.4,6.1,200,58,53,10600,34115,0.3,0.496,0.575,0.437,0.129,0.441,0.0,0.416,0.378,0.0,2.2,0.736,4,3,0.451,0,0.709,0.29100000000000004,0.32,0.9,7,4,3,0.633,31.4,0.384
C00844,43,18.37,2,42.3,4.3,200,9,46,9200,30672,0.257,0.229,0.482,0.26,0.308,0.259,0.3,0.828,0.332,0.5,2.5,0.479,2,2,0.171,0,0.655,0.345,0.329,2.5,6,5,2,0.29,42.7,0.252
C00845,40,7.51,2,32.6,1.6,411,108,16,6576,16446,0.032,0.558,0.619,0.505,0.289,0.664,1.0,0.422,0.247,1.2,1.2,0.298,3,0,0.13,2,0.188,0.812,0.313,2.6,6,5,3,0.41,29.0,0.551
C00846,44,44.85,1,56.5,7.8,200,79,89,17800,46119,0.261,0.279,0.593,0.048,0.226,0.519,0.0,0.398,0.195,0.0,1.0,0.709,1,2,0.148,0,0.085,0.915,0.243,1.4,7,3,1,0.556,34.5,0.369
C00847,41,18.85,3,42.4,0.5,200,8,5,1000,3166,0.177,0.176,0.466,0.445,0.096,0.131,0.0,0.127,0.21,0.0,3.3,0.716,4,1,0.029,3,0.432,0.5680000000000001,0.536,5.1,2,4,1,0.263,20.8,0.558
C00848,67,15.26,1,31.9,0.5,512,92,4,2048,5274,0.182,0.446,0.852,0.211,0.1,0.592,1.4,0.248,0.087,1.0,2.1,0.637,3,1,0.039,1,0.63,0.37,0.124,1.0,2,1,2,0.441,24.8,0.614
C00849,30,35.92,1,44.2,3.3,200,14,46,9200,23310,0.444,0.086,0.646,0.329,0.017,0.096,1.6,0.093,0.141,2.4,2.2,0.585,2,1,0.147,0,0.34,0.6599999999999999,0.489,0.4,9,3,2,0.413,25.7,0.504
C00850,32,19.77,2,31.4,7.3,200,4,82,16400,54287,0.412,0.75,0.815,0.241,0.021,0.464,0.9,0.518,0.507,0.8,9.0,0.814,5,2,0.309,3,0.788,0.21199999999999997,0.096,0.1,7,3,1,0.407,31.1,0.263
C00851,31,43.95,2,42.5,3.4,200,48,37,7400,22791,0.182,0.322,0.713,0.276,0.092,0.137,0.0,0.314,0.315,0.0,3.3,0.352,2,4,0.476,2,0.422,0.5780000000000001,0.063,0.4,10,5,1,0.61,26.4,0.472
C00852,31,34.44,3,14.3,3.0,200,48,41,8200,27209,0.211,0.367,0.859,0.289,0.453,0.135,0.9,0.505,0.168,1.3,2.0,0.438,6,2,0.123,0,0.888,0.11199999999999999,0.409,7.8,3,5,1,0.26,23.8,0.425
C00853,30,35.73,2,27.8,0.5,397,4,4,1588,3075,0.106,0.424,0.234,0.354,0.331,0.475,0.4,0.358,0.238,0.3,1.2,0.471,4,0,0.229,0,0.704,0.29600000000000004,0.393,0.9,10,4,2,0.176,23.2,0.484
C00854,52,11.57,1,26.5,4.4,200,17,40,8000,20390,0.079,0.37,0.732,0.138,0.015,0.502,1.4,0.309,0.454,1.7,2.2,0.399,4,3,0.081,0,0.763,0.237,0.569,2.7,8,1,3,0.292,24.5,0.414
C00855,55,47.78,3,44.3,5.8,711,222,75,53325,169837,0.439,0.362,0.295,0.078,0.012,0.162,0.8,0.492,0.296,1.2,7.9,0.615,3,4,0.066,1,0.881,0.119,0.466,8.7,6,3,2,0.513,35.1,0.548
C00856,31,28.32,2,40.1,4.7,200,51,45,9000,15501,0.526,0.476,0.647,0.392,0.066,0.05,1.5,0.583,0.494,1.9,13.4,0.655,3,4,0.238,2,0.304,0.696,0.373,5.4,6,5,1,0.722,38.5,0.361
C00857,28,20.02,1,14.2,1.5,339,59,19,6441,19898,0.414,0.157,0.872,0.18,0.138,0.379,0.0,0.27,0.254,0.0,1.9,0.549,2,3,0.49,1,0.906,0.09399999999999997,0.454,1.8,10,1,2,0.545,13.8,0.546
C00858,44,26.55,2,31.2,1.6,377,11,15,5655,10552,0.635,0.559,0.72,0.072,0.132,0.252,0.0,0.476,0.302,0.0,1.0,0.363,2,1,0.138,1,0.917,0.08299999999999996,0.257,0.2,6,4,1,0.549,26.8,0.429
C00859,31,9.24,2,40.2,0.5,200,4,4,800,2493,0.294,0.214,0.298,0.092,0.286,0.221,2.3,0.261,0.389,4.2,9.8,0.346,1,3,0.515,4,0.834,0.16600000000000004,0.462,3.2,8,3,2,0.489,31.5,0.513
C00860,46,30.72,2,37.3,3.4,200,15,38,7600,20702,0.241,0.52,0.733,0.236,0.178,0.216,3.1,0.254,0.121,4.2,1.0,0.444,1,1,0.371,0,0.534,0.46599999999999997,0.416,0.4,10,4,2,0.133,32.8,0.454
C00861,40,13.93,2,36.9,0.5,200,13,5,1000,1886,0.325,0.738,0.526,0.2,0.184,0.57,0.5,0.471,0.291,0.5,1.4,0.846,3,2,0.117,0,0.71,0.29000000000000004,0.461,0.4,5,5,1,0.122,30.5,0.46
C00862,20,11.66,3,39.5,0.5,200,12,6,1200,2936,0.284,0.656,0.657,0.055,0.273,0.294,1.3,0.215,0.314,1.6,1.0,0.624,4,3,0.213,0,0.706,0.29400000000000004,0.113,5.3,5,5,1,0.527,26.5,0.536
C00863,57,10.62,3,35.8,1.6,280,10,19,5320,15235,0.279,0.274,0.448,0.289,0.226,0.137,0.3,0.218,0.355,0.3,3.3,0.19,4,2,0.274,0,0.699,0.30100000000000005,0.544,2.7,5,4,0,0.559,21.8,0.505
C00864,60,45.24,2,33.5,2.8,200,38,38,7600,21035,0.25,0.112,0.761,0.102,0.265,0.276,4.1,0.117,0.092,3.4,2.1,0.515,3,2,0.108,1,0.474,0.526,0.372,6.7,5,4,3,0.44,30.4,0.535
C00865,31,17.36,1,24.7,1.6,200,18,20,4000,9418,0.269,0.368,0.864,0.015,0.031,0.426,0.9,0.233,0.538,1.2,1.4,0.415,4,2,0.039,1,0.743,0.257,0.685,7.9,9,4,0,0.547,19.8,0.509
C00866,33,57.03,3,27.7,5.2,1013,77,47,47611,157056,0.369,0.2,0.727,0.094,0.197,0.428,1.1,0.442,0.43,0.6,5.8,0.6,3,3,0.103,1,0.787,0.21299999999999997,0.33,1.5,5,4,1,0.208,28.0,0.42
C00867,41,18.27,2,37.2,2.9,200,9,37,7400,18785,0.117,0.479,0.856,0.084,0.052,0.304,3.3,0.456,0.198,4.6,4.4,0.83,7,1,0.172,2,0.705,0.29500000000000004,0.33,2.8,1,4,1,0.258,39.4,0.399
C00868,42,9.59,2,36.9,1.8,368,28,21,7728,19411,0.398,0.213,0.84,0.133,0.446,0.337,0.0,0.3,0.17,0.0,20.0,0.188,5,0,0.134,0,0.493,0.507,0.147,2.7,9,5,0,0.524,23.8,0.495
C00869,46,13.28,2,34.8,2.9,200,1,35,7000,11372,0.353,0.232,0.374,0.125,0.079,0.154,1.6,0.394,0.192,3.2,1.5,0.612,3,1,0.074,0,0.259,0.741,0.584,0.3,10,4,1,0.656,31.0,0.409
C00870,62,48.41,3,42.9,2.0,200,30,26,5200,17390,0.051,0.226,0.636,0.139,0.158,0.109,0.0,0.278,0.214,0.0,7.5,0.888,4,1,0.159,0,0.378,0.622,0.217,2.4,8,4,0,0.45,25.5,0.499
C00871,36,22.52,2,31.0,3.1,200,3,35,7000,12980,0.306,0.28,0.689,0.384,0.383,0.192,2.8,0.599,0.049,1.8,1.4,0.448,2,3,0.059,1,0.507,0.493,0.592,0.3,7,4,1,0.542,39.6,0.345
C00872,28,18.15,1,45.8,3.0,200,171,32,6400,16363,0.416,0.142,0.915,0.361,0.141,0.471,3.0,0.735,0.383,2.2,1.0,0.44,4,2,0.195,0,0.655,0.345,0.513,4.8,1,4,1,0.353,50.3,0.491
C00873,21,26.79,2,32.2,0.5,290,70,6,1740,5406,0.14,0.163,0.826,0.211,0.031,0.333,0.0,0.571,0.222,0.0,1.0,0.78,2,0,0.167,2,0.771,0.22899999999999998,0.406,6.6,8,4,1,0.771,30.0,0.493
C00874,29,32.33,3,34.7,5.3,700,30,52,36400,70285,0.377,0.483,0.518,0.361,0.033,0.151,0.0,0.495,0.16,0.0,2.8,0.876,4,2,0.17,4,0.613,0.387,0.221,1.2,6,4,0,0.401,28.7,0.35
C00875,38,45.36,1,42.9,2.1,242,4,19,4598,11747,0.497,0.328,0.545,0.278,0.096,0.261,2.5,0.358,0.164,1.4,6.6,0.802,5,0,0.188,1,0.375,0.625,0.444,3.0,8,4,0,0.427,36.1,0.444
C00876,60,54.42,3,42.2,4.4,200,40,51,10200,20210,0.288,0.372,0.665,0.236,0.353,0.208,6.0,0.154,0.146,11.4,1.0,0.674,1,1,0.198,2,0.587,0.41300000000000003,0.637,3.0,10,5,1,0.236,41.3,0.486
C00877,32,20.13,2,40.6,5.1,200,64,48,9600,28986,0.371,0.463,0.776,0.26,0.533,0.154,3.2,0.305,0.31,1.9,7.1,0.546,2,1,0.261,1,0.555,0.44499999999999995,0.534,0.1,0,4,1,0.138,35.9,0.449
C00878,41,11.83,2,41.0,4.3,260,10,36,9360,24604,0.095,0.21,0.597,0.164,0.079,0.313,0.8,0.263,0.06,0.9,5.0,0.251,3,2,0.327,1,0.646,0.354,0.508,0.4,9,4,2,0.293,26.9,0.423
C00879,38,19.54,1,34.5,2.9,1081,38,23,24863,79859,0.413,0.709,0.697,0.359,0.171,0.423,0.0,0.477,0.423,0.0,1.0,0.481,2,2,0.154,0,0.379,0.621,0.432,5.4,8,3,0,0.549,28.1,0.425
C00880,52,28.31,1,42.9,2.4,200,76,28,5600,18419,0.278,0.347,0.571,0.123,0.381,0.153,0.0,0.383,0.062,0.0,1.0,0.677,3,2,0.311,1,0.711,0.28900000000000003,0.323,0.6,8,4,1,0.623,28.6,0.507
C00881,68,14.44,3,25.0,4.5,200,66,46,9200,25737,0.473,0.331,0.426,0.196,0.12,0.424,2.7,0.31,0.306,3.2,1.0,0.657,4,3,0.455,3,0.758,0.242,0.167,3.5,9,4,0,0.344,28.2,0.465
C00882,32,14.49,1,25.5,3.9,200,73,49,9800,28918,0.406,0.214,0.475,0.439,0.532,0.176,3.1,0.408,0.092,3.8,4.5,0.719,2,1,0.222,0,0.616,0.384,0.706,2.2,7,5,1,0.093,32.7,0.458
C00883,32,29.64,3,48.9,1.9,200,95,19,3800,9874,0.259,0.657,0.531,0.19,0.102,0.325,0.3,0.534,0.164,0.4,3.3,0.689,5,4,0.028,1,0.256,0.744,0.451,3.1,4,4,1,0.463,36.6,0.496
C00884,51,23.88,2,23.0,1.4,200,125,15,3000,6807,0.278,0.464,0.565,0.088,0.079,0.157,1.0,0.374,0.103,1.1,1.8,0.53,5,1,0.299,2,0.376,0.624,0.24,0.4,0,4,0,0.551,23.7,0.589
C00885,46,24.98,1,36.6,0.5,206,23,5,1030,2880,0.198,0.128,0.223,0.358,0.262,0.485,1.6,0.202,0.085,1.6,1.0,0.745,4,1,0.377,0,0.056,0.944,0.41,4.1,7,4,0,0.357,26.0,0.552
C00886,60,16.16,1,38.8,3.0,200,38,36,7200,23879,0.283,0.388,0.631,0.243,0.028,0.493,4.9,0.424,0.39,7.9,2.0,0.551,4,3,0.14,1,0.189,0.8109999999999999,0.714,1.1,9,5,2,0.306,44.4,0.438
C00887,45,21.61,2,31.6,2.7,200,70,27,5400,12600,0.523,0.297,0.745,0.168,0.149,0.478,1.6,0.468,0.194,2.2,4.6,0.324,2,1,0.284,2,0.591,0.40900000000000003,0.168,11.1,8,5,2,0.239,32.0,0.468
C00888,34,14.76,3,34.5,4.9,379,54,68,25772,54864,0.25,0.494,0.471,0.326,0.253,0.322,0.0,0.682,0.243,0.0,1.0,0.657,2,1,0.086,0,0.335,0.665,0.244,1.4,4,2,2,0.198,34.3,0.33
C00889,45,40.03,2,40.7,4.3,200,243,59,11800,26867,0.52,0.014,0.374,0.444,0.298,0.145,0.0,0.281,0.346,0.0,7.8,0.616,4,2,0.48,1,0.392,0.608,0.611,1.0,6,5,1,0.528,24.7,0.673
C00890,51,43.35,2,39.0,6.4,200,1,84,16800,39829,0.53,0.385,0.834,0.279,0.062,0.452,0.0,0.292,0.286,0.0,1.0,0.715,1,5,0.34,1,0.539,0.46099999999999997,0.569,0.4,8,4,0,0.426,24.4,0.351
C00891,48,8.89,1,24.4,1.0,735,20,14,10290,16949,0.136,0.334,0.578,0.313,0.076,0.742,3.7,0.476,0.107,4.7,3.7,0.424,2,3,0.06,4,0.104,0.896,0.475,0.2,10,4,0,0.356,36.2,0.454
C00892,44,14.71,2,34.7,4.9,200,15,52,10400,25968,0.231,0.462,0.615,0.458,0.273,0.075,2.3,0.664,0.299,3.3,1.0,0.831,5,2,0.053,2,0.829,0.17100000000000004,0.594,5.3,9,2,3,0.826,41.4,0.293
C00893,51,10.77,2,31.3,1.4,200,14,16,3200,7964,0.167,0.51,0.541,0.491,0.109,0.559,0.5,0.209,0.564,0.7,1.0,0.684,2,3,0.144,0,0.539,0.46099999999999997,0.797,0.3,8,5,1,0.236,20.4,0.517
C00894,52,17.16,3,19.9,4.2,200,11,52,10400,27840,0.442,0.21,0.353,0.137,0.288,0.348,0.0,0.096,0.171,0.0,1.8,0.453,3,0,0.416,1,0.922,0.07799999999999996,0.178,5.3,5,5,3,0.796,10.8,0.476
C00895,55,23.43,2,47.3,0.5,578,56,6,3468,7719,0.261,0.293,0.692,0.038,0.086,0.422,0.0,0.395,0.256,0.0,4.4,0.502,1,4,0.251,1,0.555,0.44499999999999995,0.473,2.0,10,5,1,0.534,30.8,0.53
C00896,46,11.05,2,46.5,2.9,200,4,39,7800,21264,0.279,0.444,0.395,0.199,0.373,0.225,1.9,0.397,0.145,1.4,1.0,0.549,6,0,0.134,1,0.648,0.352,0.407,2.7,10,5,1,0.535,36.8,0.412
C00897,36,14.78,1,39.1,0.5,206,61,6,1236,4025,0.431,0.86,0.776,0.16,0.189,0.269,2.0,0.564,0.389,3.4,2.6,0.433,1,3,0.45,1,0.767,0.23299999999999998,0.289,4.1,10,2,2,0.487,39.2,0.485
C00898,40,14.12,3,34.5,2.0,293,53,28,8204,27983,0.618,0.221,0.177,0.202,0.391,0.292,2.0,0.376,0.281,3.0,2.1,0.737,1,4,0.281,0,0.594,0.406,0.429,2.0,8,1,1,0.703,31.7,0.494
C00899,52,27.49,1,31.7,4.0,200,13,40,8000,21338,0.617,0.599,0.896,0.273,0.484,0.339,0.0,0.229,0.168,0.0,2.2,0.585,3,5,0.263,0,0.495,0.505,0.097,1.7,10,5,1,0.259,19.6,0.444
C00900,28,25.49,1,31.7,2.0,403,13,26,10478,16610,0.223,0.632,0.224,0.348,0.429,0.397,1.9,0.595,0.247,3.4,11.5,0.444,2,1,0.136,1,0.529,0.471,0.552,3.8,9,4,3,0.634,36.8,0.385
C00901,42,16.49,2,21.2,0.6,441,45,7,3087,10615,0.541,0.747,0.571,0.086,0.566,0.11,0.0,0.486,0.431,0.0,1.7,0.702,3,1,0.117,2,0.398,0.602,0.503,1.3,8,3,2,0.352,23.1,0.488
C00902,33,27.04,2,25.6,4.8,200,65,58,11600,33776,0.377,0.684,0.393,0.384,0.359,0.478,1.5,0.363,0.072,1.3,19.1,0.441,2,1,0.254,1,0.711,0.28900000000000003,0.491,0.2,10,2,2,0.257,26.1,0.44
C00903,38,18.16,2,31.7,2.5,629,94,25,15725,34154,0.389,0.778,0.797,0.337,0.069,0.184,0.0,0.292,0.12,0.0,3.1,0.411,2,4,0.266,3,0.611,0.389,0.612,2.5,5,3,3,0.833,21.4,0.552
C00904,53,21.13,2,41.4,1.9,571,86,24,13704,24589,0.639,0.436,0.788,0.239,0.043,0.569,3.6,0.207,0.345,3.4,7.4,0.125,2,5,0.404,1,0.738,0.262,0.623,0.1,8,3,2,0.683,34.6,0.584
C00905,40,61.58,3,32.6,4.5,200,151,60,12000,21442,0.111,0.481,0.297,0.089,0.193,0.501,2.9,0.481,0.258,3.0,1.7,0.9,4,2,0.097,2,0.797,0.20299999999999996,0.327,2.3,0,4,3,0.202,37.0,0.507
C00906,39,51.28,1,43.5,9.3,200,39,87,17400,31938,0.235,0.819,0.612,0.185,0.246,0.239,1.7,0.277,0.019,1.0,1.0,0.524,8,4,0.317,1,0.798,0.20199999999999996,0.298,1.8,7,3,0,0.326,31.3,0.323
C00907,22,12.0,3,35.3,4.8,200,108,56,11200,17821,0.528,0.418,0.581,0.262,0.293,0.086,4.0,0.265,0.441,7.9,1.0,0.54,0,3,0.279,1,0.466,0.534,0.348,0.9,9,4,1,0.043,35.3,0.517
C00908,47,38.72,2,27.8,5.9,200,74,61,12200,40313,0.222,0.654,0.225,0.061,0.273,0.639,1.0,0.177,0.025,1.0,3.4,0.62,4,4,0.324,1,0.249,0.751,0.544,1.1,5,4,0,0.359,19.7,0.478
C00909,46,38.33,2,24.7,4.4,291,101,61,17751,45825,0.343,0.192,0.499,0.338,0.186,0.508,0.0,0.395,0.246,0.0,10.6,0.229,6,0,0.052,1,0.655,0.345,0.182,1.5,9,5,3,0.554,21.7,0.48
C00910,64,13.05,2,40.7,2.9,200,1,32,6400,18559,0.188,0.118,0.826,0.423,0.194,0.327,3.4,0.529,0.112,6.8,1.0,0.686,0,1,0.098,0,0.414,0.5860000000000001,0.168,1.7,9,4,1,0.168,43.4,0.369
C00911,34,38.49,1,37.6,0.5,200,152,5,1000,3156,0.215,0.364,0.655,0.257,0.238,0.545,2.3,0.26,0.17,4.5,4.7,0.392,5,7,0.225,0,0.656,0.344,0.237,1.4,8,1,0,0.262,30.4,0.676
C00912,41,57.16,3,44.0,2.9,643,29,30,19290,59473,0.371,0.638,0.739,0.207,0.168,0.3,1.5,0.169,0.291,2.2,3.3,0.402,2,0,0.125,1,0.794,0.20599999999999996,0.129,1.2,10,4,1,0.406,27.6,0.507
C00913,41,13.23,2,38.1,1.6,200,72,19,3800,12408,0.421,0.241,0.513,0.3,0.284,0.279,0.0,0.17,0.638,0.0,4.2,0.77,2,0,0.212,2,0.661,0.33899999999999997,0.242,1.0,7,5,1,0.39,20.3,0.587
C00914,57,14.81,1,35.2,0.5,200,6,4,800,2748,0.194,0.299,0.672,0.346,0.121,0.586,2.3,0.608,0.271,2.2,1.0,0.648,6,2,0.142,2,0.636,0.364,0.42,2.6,5,4,1,0.432,39.9,0.411
C00915,37,42.94,2,40.2,1.4,435,23,16,6960,16552,0.419,0.457,0.487,0.615,0.348,0.158,3.5,0.549,0.056,6.3,1.0,0.713,5,1,0.159,1,0.488,0.512,0.652,1.3,8,1,1,0.516,44.1,0.425
C00916,41,28.48,3,28.9,0.5,767,14,7,5369,18258,0.245,0.595,0.714,0.189,0.014,0.347,0.0,0.467,0.156,0.0,1.0,0.235,3,7,0.106,0,0.232,0.768,0.435,1.0,10,4,0,0.128,25.6,0.463
C00917,45,33.23,2,26.4,3.3,200,16,43,8600,25341,0.401,0.337,0.668,0.172,0.116,0.576,2.8,0.353,0.169,1.8,1.1,0.784,4,3,0.152,1,0.614,0.386,0.435,5.8,8,5,0,0.492,30.4,0.428
C00918,40,29.59,3,36.7,4.8,222,6,40,8880,14575,0.273,0.695,0.701,0.202,0.389,0.184,2.1,0.458,0.469,2.0,1.0,0.932,1,1,0.022,1,0.898,0.10199999999999998,0.533,0.5,10,3,1,0.446,35.3,0.347
C00919,33,30.41,1,25.7,5.4,200,74,75,15000,42953,0.337,0.641,0.545,0.211,0.369,0.116,0.0,0.275,0.116,0.0,1.0,0.8,2,4,0.231,3,0.43,0.5700000000000001,0.455,0.4,10,4,0,0.493,18.5,0.461
C00920,40,11.83,1,33.6,3.3,251,1,40,10040,28849,0.262,0.396,0.712,0.078,0.039,0.355,1.2,0.426,0.285,1.9,1.2,0.621,1,3,0.199,1,0.686,0.31399999999999995,0.722,3.7,0,5,0,0.517,30.2,0.389
C00921,51,43.64,1,38.4,1.8,200,17,16,3200,10598,0.082,0.477,0.537,0.187,0.227,0.197,0.8,0.15,0.428,0.6,3.1,0.544,1,1,0.087,1,0.532,0.46799999999999997,0.237,0.3,2,4,1,0.335,22.5,0.528
C00922,26,46.68,2,58.4,0.5,325,9,4,1300,2920,0.222,0.288,0.6,0.197,0.321,0.272,4.4,0.578,0.208,4.3,11.9,0.484,5,1,0.022,1,0.506,0.494,0.552,0.8,8,5,1,0.648,55.2,0.424
C00923,40,21.62,1,28.3,0.5,200,40,5,1000,2670,0.286,0.227,0.808,0.373,0.301,0.398,0.1,0.237,0.272,0.1,10.2,0.371,7,0,0.406,4,0.229,0.771,0.722,1.1,9,4,2,0.494,18.8,0.56
C00924,30,23.95,1,36.0,0.5,200,13,7,1400,2134,0.252,0.796,0.512,0.067,0.512,0.562,4.5,0.605,0.45,8.0,1.3,0.374,3,1,0.421,1,0.778,0.22199999999999998,0.156,0.8,7,5,3,0.482,47.4,0.42
C00925,52,10.57,3,34.6,0.6,200,13,5,1000,2164,0.665,0.466,0.715,0.337,0.178,0.11,1.5,0.305,0.007,2.4,1.0,0.608,3,1,0.227,0,0.927,0.07299999999999995,0.462,3.3,10,4,1,0.49,27.9,0.507
C00926,20,32.55,3,39.2,3.0,208,30,28,5824,9461,0.418,0.905,0.541,0.534,0.075,0.166,0.0,0.449,0.124,0.0,20.0,0.454,2,1,0.313,1,0.64,0.36,0.273,0.6,7,3,3,0.655,29.2,0.422
C00927,31,33.6,2,51.3,1.3,513,48,16,8208,20879,0.339,0.365,0.455,0.216,0.055,0.327,0.0,0.309,0.303,0.0,2.6,0.398,5,2,0.33,0,0.644,0.356,0.108,2.9,7,5,4,0.294,29.8,0.527
C00928,43,23.71,1,41.6,3.6,200,6,41,8200,25706,0.283,0.44,0.729,0.122,0.028,0.111,1.1,0.173,0.422,0.8,15.3,0.803,2,1,0.354,1,0.607,0.393,0.106,0.9,6,1,0,0.637,25.5,0.463
C00929,57,45.53,1,22.6,3.4,520,9,43,22360,42772,0.063,0.544,0.562,0.43,0.155,0.583,4.6,0.372,0.224,5.0,3.1,0.816,3,2,0.183,1,0.665,0.33499999999999996,0.232,4.9,7,5,3,0.281,35.4,0.412
C00930,37,20.41,1,37.7,2.8,200,13,35,7000,17884,0.273,0.831,0.788,0.237,0.044,0.055,3.9,0.35,0.228,7.3,8.7,0.684,3,0,0.35,3,0.347,0.653,0.48,5.2,7,2,1,0.269,38.4,0.438
C00931,31,33.47,2,17.3,5.6,200,164,47,9400,17935,0.405,0.619,0.484,0.382,0.083,0.403,2.0,0.477,0.244,1.4,2.4,0.52,5,2,0.153,2,0.877,0.123,0.004,0.8,7,5,1,0.329,27.8,0.494
C00932,61,14.0,3,30.9,0.5,200,23,7,1400,2438,0.178,0.369,0.57,0.174,0.216,0.368,0.0,0.466,0.558,0.0,3.9,0.554,2,3,0.06,1,0.534,0.46599999999999997,0.295,2.3,6,3,2,0.221,26.3,0.473
C00933,21,24.22,2,34.7,3.8,200,41,36,7200,18158,0.177,0.285,0.599,0.413,0.209,0.194,0.6,0.501,0.451,0.3,3.1,0.685,7,2,0.288,0,0.649,0.351,0.264,4.2,7,4,0,0.316,30.9,0.398
C00934,18,22.29,1,33.6,2.9,449,12,33,14817,24571,0.117,0.413,0.343,0.264,0.045,0.546,1.9,0.652,0.304,1.8,1.0,0.314,1,0,0.131,1,0.395,0.605,0.601,0.2,8,4,1,0.2,39.3,0.344
C00935,43,27.77,2,36.4,2.4,200,30,28,5600,14978,0.134,0.264,0.691,0.351,0.076,0.445,3.7,0.34,0.02,6.6,5.8,0.678,2,5,0.152,0,0.736,0.264,0.518,2.1,0,3,1,0.732,37.0,0.47
C00936,32,20.02,1,20.4,4.6,200,3,41,8200,12814,0.802,0.577,0.588,0.219,0.222,0.32,2.5,0.198,0.453,2.9,1.0,0.71,3,1,0.215,1,0.609,0.391,0.304,9.4,8,2,0,0.663,22.3,0.427
C00937,26,22.82,2,34.3,4.7,200,2,65,13000,22275,0.417,0.743,0.664,0.337,0.072,0.134,3.4,0.532,0.064,5.3,1.8,0.686,4,1,0.297,0,0.945,0.05500000000000005,0.15,1.1,0,5,2,0.15,40.9,0.323
C00938,47,38.64,2,43.7,1.7,1207,28,19,22933,59626,0.345,0.848,0.735,0.006,0.3,0.712,3.1,0.508,0.184,2.0,8.2,0.404,0,2,0.316,0,0.474,0.526,0.422,3.3,8,5,1,0.617,42.9,0.435
C00939,41,19.29,2,31.9,2.4,200,23,20,4000,10731,0.342,0.446,0.779,0.097,0.407,0.099,3.3,0.566,0.258,5.0,2.8,0.637,4,2,0.214,1,0.834,0.16600000000000004,0.216,4.0,7,3,0,0.735,40.6,0.394
C00940,31,10.14,1,34.5,3.0,1022,7,41,41902,65282,0.609,0.32,0.329,0.365,0.246,0.144,0.0,0.399,0.206,0.0,1.0,0.633,5,3,0.258,0,0.204,0.796,0.299,3.4,7,4,0,0.279,25.8,0.412
C00941,23,64.22,1,37.6,4.0,1012,52,46,46552,123212,0.487,0.474,0.306,0.428,0.649,0.419,0.5,0.318,0.136,0.9,1.0,0.327,4,3,0.084,1,0.564,0.43600000000000005,0.217,7.5,9,5,1,0.812,26.2,0.46
C00942,48,52.45,3,47.0,5.3,200,223,65,13000,41301,0.053,0.384,0.478,0.135,0.252,0.102,0.0,0.517,0.136,0.0,1.0,0.554,2,3,0.189,0,0.766,0.23399999999999999,0.434,3.6,8,2,0,0.753,34.3,0.555
C00943,46,12.05,1,32.9,3.0,200,23,33,6600,19435,0.149,0.185,0.653,0.199,0.492,0.048,0.0,0.555,0.122,0.0,1.3,0.194,3,1,0.217,0,0.819,0.18100000000000005,0.228,6.8,10,5,1,0.424,29.8,0.382
C00944,37,35.85,1,36.0,7.1,200,44,92,18400,32428,0.36,0.46,0.577,0.27,0.15,0.151,1.7,0.723,0.166,2.3,1.0,0.903,3,2,0.308,1,0.589,0.41100000000000003,0.504,0.7,5,5,0,0.243,41.7,0.251
C00945,60,18.6,1,20.6,0.5,200,148,4,800,2148,0.309,0.273,0.3,0.117,0.51,0.163,0.0,0.423,0.29,0.0,5.0,0.504,3,2,0.092,1,0.255,0.745,0.525,2.2,7,4,1,0.739,20.9,0.623
C00946,25,28.36,1,33.9,2.9,200,80,28,5600,15929,0.287,0.406,0.779,0.318,0.026,0.052,0.0,0.291,0.293,0.0,4.3,0.675,2,4,0.366,2,0.653,0.347,0.3,1.2,5,5,2,0.457,22.3,0.527
C00947,20,28.84,2,40.0,1.3,200,28,14,2800,4408,0.107,0.435,0.537,0.34,0.097,0.526,1.4,0.108,0.093,1.1,1.0,0.59,2,1,0.044,0,0.818,0.18200000000000005,0.193,3.2,5,4,0,0.304,23.9,0.565
C00948,30,21.57,3,32.5,4.1,752,60,35,26320,84506,0.236,0.724,0.565,0.489,0.069,0.257,0.0,0.251,0.141,0.0,2.4,0.75,1,0,0.294,2,0.757,0.243,0.142,0.4,8,5,2,0.472,20.5,0.486
C00949,37,15.94,1,27.1,0.5,200,6,6,1200,3975,0.389,0.658,0.42,0.222,0.142,0.373,0.3,0.341,0.222,0.4,1.4,0.491,2,3,0.156,1,0.698,0.30200000000000005,0.297,0.5,8,5,0,0.51,22.1,0.492
C00950,41,16.78,2,29.0,3.4,200,32,35,7000,22406,0.197,0.301,0.296,0.387,0.02,0.252,2.6,0.269,0.031,3.9,1.6,0.442,4,2,0.167,1,0.52,0.48,0.492,0.3,7,5,1,0.372,28.2,0.468
C00951,35,14.82,2,24.4,1.3,200,15,13,2600,8188,0.093,0.531,0.389,0.216,0.219,0.363,0.0,0.484,0.806,0.0,3.4,0.723,1,2,0.075,1,0.76,0.24,0.159,0.8,4,1,1,0.718,24.3,0.438
C00952,42,15.53,2,44.2,1.2,200,8,10,2000,5980,0.434,0.64,0.421,0.236,0.289,0.18,2.9,0.481,0.495,3.2,9.2,0.699,6,1,0.386,0,0.721,0.279,0.309,0.5,8,5,1,0.692,41.7,0.434
C00953,23,23.64,3,36.8,0.5,200,25,6,1200,3320,0.089,0.27,0.665,0.186,0.143,0.484,0.0,0.54,0.49,0.0,9.1,0.753,3,0,0.188,1,0.543,0.45699999999999996,0.391,3.7,8,2,0,0.492,30.9,0.453
C00954,55,16.55,3,27.7,1.7,200,6,22,4400,12572,0.426,0.471,0.593,0.291,0.062,0.217,1.9,0.581,0.205,1.1,2.1,0.603,2,1,0.109,2,0.599,0.401,0.078,2.2,8,1,2,0.423,34.8,0.389
C00955,37,35.7,1,37.8,5.6,200,54,58,11600,36108,0.247,0.302,0.53,0.267,0.153,0.052,0.0,0.07,0.185,0.0,2.0,0.383,2,5,0.2,0,0.576,0.42400000000000004,0.715,1.2,7,3,0,0.538,17.2,0.496
C00956,51,55.59,3,49.3,4.2,200,27,48,9600,27120,0.247,0.433,0.662,0.108,0.433,0.532,3.0,0.22,0.024,6.0,2.9,0.648,2,1,0.124,2,0.452,0.548,0.18,0.6,3,4,3,0.531,36.2,0.457
C00957,42,17.83,2,35.1,4.0,254,34,37,9398,20257,0.387,0.516,0.736,0.13,0.178,0.276,0.7,0.447,0.299,0.6,2.6,0.464,3,6,0.276,1,0.745,0.255,0.73,4.1,7,4,0,0.306,29.8,0.401
C00958,43,27.99,3,29.8,6.4,200,7,75,15000,33779,0.198,0.636,0.741,0.025,0.8,0.179,2.5,0.469,0.34,1.8,1.0,0.806,2,3,0.204,1,0.207,0.793,0.226,5.3,6,4,0,0.541,34.2,0.304
C00959,45,32.29,2,45.5,3.8,200,7,31,6200,20424,0.533,0.774,0.652,0.233,0.325,0.485,0.6,0.289,0.395,0.9,3.5,0.257,4,1,0.096,0,0.846,0.15400000000000003,0.82,4.8,6,4,3,0.406,28.8,0.424
C00960,43,31.8,3,38.8,2.2,200,39,24,4800,7364,0.152,0.667,0.718,0.36,0.045,0.29,2.7,0.329,0.175,3.8,3.5,0.782,3,1,0.101,0,0.667,0.33299999999999996,0.266,6.5,8,4,0,0.587,34.3,0.488
C00961,46,25.58,3,49.6,4.0,566,189,47,26602,77083,0.383,0.66,0.74,0.052,0.016,0.357,3.2,0.602,0.275,5.2,2.4,0.496,4,1,0.074,1,0.628,0.372,0.219,4.1,8,4,0,0.175,48.4,0.525
C00962,54,36.91,1,30.3,2.4,344,5,32,11008,37532,0.181,0.429,0.691,0.203,0.42,0.465,2.0,0.777,0.287,3.0,2.1,0.793,2,2,0.223,3,0.584,0.41600000000000004,0.168,2.5,10,3,4,0.193,42.0,0.311
C00963,40,31.98,2,35.8,2.3,200,15,24,4800,13980,0.32,0.257,0.384,0.436,0.035,0.175,0.7,0.605,0.485,0.6,11.2,0.489,1,1,0.346,3,0.614,0.386,0.488,1.4,8,4,0,0.577,34.8,0.376
C00964,47,12.42,3,30.7,0.5,761,92,6,4566,15925,0.307,0.154,0.685,0.185,0.309,0.272,0.8,0.541,0.088,1.0,3.7,0.295,3,1,0.201,0,0.592,0.40800000000000003,0.618,0.9,6,5,2,0.689,31.1,0.526
C00965,37,39.57,3,29.8,5.4,216,3,63,13608,39124,0.354,0.645,0.565,0.033,0.57,0.079,0.0,0.316,0.083,0.0,6.8,0.595,3,1,0.085,0,0.677,0.32299999999999995,0.203,0.0,8,4,1,0.275,21.4,0.371
C00966,55,39.97,1,45.6,2.8,658,94,38,25004,39224,0.108,0.622,0.606,0.225,0.223,0.224,2.2,0.708,0.119,1.9,12.3,0.583,2,1,0.009,0,0.568,0.43200000000000005,0.141,4.5,8,5,1,0.38,46.7,0.419
C00967,30,16.12,2,28.1,3.0,306,33,31,9486,29919,0.472,0.509,0.49,0.157,0.408,0.317,2.6,0.503,0.152,5.1,6.6,0.636,4,3,0.308,0,0.735,0.265,0.655,1.4,7,4,1,0.42,34.9,0.409
C00968,60,25.05,1,59.1,0.9,200,24,9,1800,3725,0.419,0.027,0.654,0.102,0.04,0.352,4.6,0.38,0.356,7.3,11.5,0.642,4,2,0.151,2,0.29,0.71,0.548,5.1,8,3,2,0.131,50.2,0.489
C00969,38,35.72,1,35.1,4.3,658,17,57,37506,89719,0.339,0.356,0.548,0.271,0.195,0.487,4.3,0.156,0.436,7.2,5.7,0.513,2,1,0.211,1,0.543,0.45699999999999996,0.23,1.0,9,4,2,0.665,32.9,0.463
C00970,21,21.86,2,28.7,1.4,200,16,12,2400,5098,0.178,0.251,0.665,0.113,0.197,0.179,0.0,0.428,0.646,0.0,1.0,0.525,2,1,0.115,1,0.524,0.476,0.685,1.0,8,4,1,0.792,24.3,0.454
C00971,40,44.26,1,43.7,3.5,200,16,31,6200,12630,0.177,0.481,0.697,0.402,0.069,0.242,2.3,0.43,0.079,2.5,1.0,0.362,2,1,0.167,1,0.588,0.41200000000000003,0.353,0.1,5,4,0,0.735,38.0,0.4
C00972,30,90.03,3,31.7,7.4,200,97,63,12600,29771,0.468,0.117,0.561,0.217,0.474,0.493,2.5,0.201,0.212,3.3,1.0,0.71,1,2,0.288,1,0.423,0.577,0.238,1.7,6,2,1,0.827,27.0,0.458
C00973,48,15.92,1,36.3,4.2,200,58,55,11000,24833,0.125,0.429,0.341,0.321,0.201,0.534,3.8,0.264,0.095,2.8,1.6,0.496,2,4,0.179,0,0.595,0.405,0.402,1.7,10,5,0,0.561,35.0,0.478
C00974,30,11.48,3,20.1,2.4,200,50,19,3800,10513,0.206,0.36,0.562,0.282,0.06,0.216,0.0,0.522,0.363,0.0,1.8,0.428,4,2,0.086,0,0.663,0.33699999999999997,0.188,2.7,7,4,0,0.264,23.7,0.437
C00975,33,28.99,1,37.0,0.5,200,72,7,1400,4377,0.582,0.419,0.294,0.042,0.229,0.488,3.3,0.153,0.076,2.3,6.7,0.706,5,2,0.279,1,0.487,0.513,0.116,3.5,9,1,1,0.54,30.3,0.62
C00976,18,36.48,1,38.5,9.4,643,13,101,64943,136002,0.216,0.443,0.709,0.118,0.223,0.305,0.0,0.069,0.349,0.0,1.8,0.575,6,0,0.169,2,0.543,0.45699999999999996,0.728,1.1,4,4,2,0.362,17.5,0.355
C00977,33,21.61,1,25.4,6.4,200,43,51,10200,19660,0.348,0.373,0.833,0.163,0.151,0.39,1.2,0.542,0.245,1.6,5.2,0.711,1,3,0.228,2,0.988,0.01200000000000001,0.515,6.6,10,5,1,0.618,30.4,0.322
C00978,18,54.56,1,38.4,5.6,200,28,58,11600,32872,0.221,0.175,0.699,0.137,0.072,0.494,0.3,0.355,0.184,0.5,9.4,0.511,2,5,0.362,1,0.868,0.132,0.828,1.5,5,2,1,0.392,27.0,0.382
C00979,19,11.75,1,29.3,1.0,200,69,9,1800,5113,0.571,0.453,0.524,0.245,0.088,0.158,0.0,0.334,0.336,0.0,1.0,0.717,1,0,0.27,0,0.573,0.42700000000000005,0.549,2.1,10,4,3,0.236,21.7,0.55
C00980,47,35.91,1,33.1,3.2,200,17,38,7600,25097,0.597,0.287,0.712,0.174,0.292,0.288,0.0,0.601,0.298,0.0,1.0,0.594,2,1,0.447,1,0.524,0.476,0.242,2.3,1,4,0,0.562,31.3,0.357
C00981,47,17.58,2,36.3,1.6,200,46,19,3800,5821,0.474,0.506,0.556,0.135,0.257,0.407,0.8,0.348,0.227,1.4,8.8,0.704,1,3,0.474,2,0.515,0.485,0.791,5.2,8,4,1,0.377,27.6,0.505
C00982,43,63.16,1,31.2,7.1,204,96,78,15912,51015,0.313,0.463,0.56,0.27,0.022,0.022,5.1,0.56,0.104,4.2,1.1,0.46,6,0,0.036,0,0.775,0.22499999999999998,0.654,3.0,5,1,0,0.631,46.1,0.357
C00983,26,73.4,2,43.0,5.5,200,23,45,9000,22878,0.301,0.497,0.642,0.134,0.298,0.382,0.3,0.35,0.208,0.5,1.0,0.641,5,0,0.138,0,0.526,0.474,0.645,1.1,8,4,1,0.419,28.7,0.38
C00984,37,16.09,2,27.6,1.1,200,3,13,2600,7131,0.411,0.423,0.605,0.368,0.227,0.201,0.1,0.348,0.279,0.1,1.4,0.504,2,2,0.093,1,0.562,0.43799999999999994,0.44,3.1,10,2,0,0.572,21.8,0.471
C00985,38,18.13,3,40.9,1.8,316,33,23,7268,12230,0.435,0.533,0.364,0.417,0.114,0.386,0.0,0.246,0.168,0.0,1.0,0.551,2,1,0.433,0,0.761,0.239,0.363,5.6,6,4,2,0.789,23.7,0.517
C00986,24,39.36,3,51.7,5.8,748,19,71,53108,125613,0.273,0.265,0.749,0.185,0.067,0.588,4.1,0.391,0.339,7.2,6.3,0.082,1,1,0.199,2,0.633,0.367,0.343,4.3,7,4,0,0.688,45.9,0.356
C00987,56,19.83,2,26.1,6.0,200,50,78,15600,30492,0.434,0.409,0.875,0.265,0.17,0.313,0.5,0.301,0.378,0.8,4.0,0.68,4,1,0.058,1,0.766,0.23399999999999999,0.286,0.1,1,5,1,0.623,21.1,0.412
C00988,49,23.93,1,19.3,6.0,798,136,55,43890,88151,0.322,0.635,0.518,0.277,0.392,0.156,0.8,0.268,0.468,1.0,1.0,0.725,4,0,0.184,2,0.803,0.19699999999999995,0.099,0.2,8,4,1,0.095,18.4,0.516
C00989,35,24.88,1,31.0,4.5,200,30,60,12000,30098,0.092,0.695,0.891,0.218,0.199,0.362,0.8,0.479,0.243,0.4,3.5,0.862,7,2,0.199,0,0.347,0.653,0.601,2.8,8,5,3,0.254,29.4,0.375
C00990,38,8.54,3,29.2,1.8,200,28,18,3600,11250,0.186,0.515,0.94,0.23,0.236,0.153,0.0,0.169,0.048,0.0,1.0,0.681,5,2,0.262,0,0.289,0.7110000000000001,0.035,9.9,8,5,1,0.499,16.8,0.534
C00991,41,24.35,1,34.5,0.5,200,48,4,800,2390,0.357,0.206,0.69,0.094,0.067,0.335,0.0,0.177,0.198,0.0,1.0,0.563,6,1,0.527,0,0.92,0.07999999999999996,0.764,2.3,10,4,3,0.549,19.1,0.587
C00992,18,16.79,1,31.7,3.3,200,5,43,8600,23065,0.348,0.348,0.409,0.058,0.05,0.294,0.0,0.412,0.06,0.0,3.6,0.335,2,3,0.149,0,0.435,0.565,0.596,1.4,3,5,2,0.312,25.0,0.398
C00993,35,18.7,1,35.5,2.7,497,13,37,18389,47422,0.356,0.336,0.711,0.7,0.347,0.528,2.6,0.57,0.237,1.5,4.4,0.749,4,2,0.231,0,0.48,0.52,0.47,2.2,7,5,1,0.62,39.9,0.375
C00994,30,54.27,1,42.2,4.5,200,113,54,10800,25430,0.591,0.557,0.503,0.212,0.35,0.601,0.0,0.265,0.537,0.0,1.7,0.413,0,1,0.158,2,0.327,0.673,0.435,1.5,6,4,1,0.497,24.8,0.53
C00995,26,12.29,1,38.6,2.6,200,50,24,4800,16538,0.085,0.308,0.556,0.178,0.235,0.339,2.3,0.199,0.169,2.0,5.8,0.374,2,4,0.298,0,0.675,0.32499999999999996,0.044,0.6,5,5,0,0.424,29.0,0.529
C00996,35,38.37,3,26.1,0.9,502,1,9,4518,11839,0.344,0.106,0.508,0.191,0.106,0.069,2.5,0.337,0.407,4.1,7.3,0.831,2,1,0.068,3,0.749,0.251,0.337,0.8,6,4,0,0.721,28.8,0.477
C00997,60,21.04,1,29.4,4.0,200,10,43,8600,17268,0.494,0.698,0.422,0.223,0.095,0.33,0.0,0.558,0.273,0.0,9.9,0.541,1,3,0.155,1,0.619,0.381,0.501,0.9,10,5,1,0.317,28.5,0.342
C00998,46,21.03,2,31.1,4.1,200,52,55,11000,21562,0.347,0.306,0.304,0.082,0.093,0.268,0.8,0.119,0.193,1.6,3.9,0.913,2,0,0.08,2,0.536,0.46399999999999997,0.105,2.3,6,5,1,0.633,18.6,0.517
C00999,31,37.89,1,23.7,4.9,200,65,44,8800,23960,0.184,0.439,0.202,0.207,0.492,0.367,4.1,0.284,0.115,3.7,1.0,0.645,2,3,0.146,2,0.208,0.792,0.487,4.5,3,5,4,0.527,31.5,0.461
C01000,45,29.58,1,42.8,5.1,200,82,66,13200,33603,0.137,0.523,0.458,0.116,0.29,0.156,0.0,0.587,0.147,0.0,5.5,0.159,4,1,0.328,0,0.611,0.389,0.114,0.1,7,3,1,0.382,34.7,0.384
C01001,55,33.58,3,34.6,4.6,247,16,45,11115,16844,0.109,0.355,0.643,0.061,0.131,0.293,0.6,0.155,0.132,0.5,1.0,0.542,4,2,0.07,0,0.245,0.755,0.225,1.8,6,5,0,0.591,20.5,0.454
C01002,49,41.78,1,34.4,2.9,200,120,37,7400,23385,0.203,0.347,0.606,0.373,0.112,0.195,7.4,0.519,0.153,10.4,1.0,0.263,2,4,0.071,0,0.818,0.18200000000000005,0.07,1.9,6,4,0,0.19,53.7,0.502
C01003,39,20.45,3,36.1,2.7,1268,36,37,46916,136443,0.346,0.899,0.634,0.4,0.183,0.112,2.1,0.218,0.179,1.1,7.2,0.395,3,0,0.387,1,0.896,0.10399999999999998,0.368,8.1,7,1,1,0.465,27.9,0.505
C01004,30,17.52,2,31.8,2.9,200,54,31,6200,17507,0.259,0.334,0.532,0.265,0.337,0.492,0.8,0.494,0.254,0.5,9.7,0.682,2,0,0.032,2,0.745,0.255,0.332,4.3,9,5,0,0.255,30.2,0.437
C01005,46,13.51,1,23.8,2.8,200,41,29,5800,9498,0.696,0.675,0.334,0.196,0.177,0.537,0.3,0.474,0.109,0.2,1.0,0.614,2,5,0.101,0,0.132,0.868,0.43,1.2,9,5,3,0.196,24.7,0.432
C01006,43,15.58,3,25.5,4.6,200,6,59,11800,26245,0.1,0.294,0.667,0.077,0.29,0.122,2.1,0.273,0.186,3.1,1.5,0.435,2,2,0.064,1,0.889,0.11099999999999999,0.657,2.4,7,5,1,0.359,25.3,0.408
C01007,49,124.21,1,64.0,8.3,200,148,93,18600,62696,0.244,0.649,0.792,0.456,0.138,0.334,4.9,0.573,0.07,4.9,4.0,0.64,2,1,0.408,0,0.552,0.44799999999999995,0.118,2.7,9,4,2,0.245,58.9,0.379
C01008,46,48.65,3,42.2,8.1,315,6,98,30870,99561,0.135,0.257,0.529,0.045,0.452,0.107,0.0,0.153,0.441,0.0,11.2,0.544,5,1,0.247,0,0.148,0.852,0.112,2.8,4,1,3,0.55,21.5,0.355
C01009,51,11.67,1,22.0,6.9,604,13,81,48924,101326,0.075,0.223,0.361,0.157,0.293,0.733,0.0,0.245,0.501,0.0,3.4,0.701,1,4,0.254,2,0.679,0.32099999999999995,0.576,6.0,6,4,0,0.374,16.2,0.365
C01010,32,11.85,3,34.1,2.6,200,76,23,4600,8345,0.727,0.611,0.673,0.414,0.3,0.425,0.0,0.204,0.125,0.0,6.9,0.693,1,2,0.204,3,0.734,0.266,0.615,2.2,4,5,2,0.492,19.8,0.556
C01011,54,31.98,1,39.4,0.5,200,43,7,1400,3357,0.502,0.398,0.85,0.19,0.478,0.044,1.3,0.311,0.171,0.8,10.2,0.802,4,2,0.411,1,0.772,0.22799999999999998,0.461,0.6,10,5,4,0.366,29.4,0.541
C01012,40,33.15,2,32.5,5.8,228,82,53,12084,26726,0.297,0.8,0.27,0.105,0.214,0.547,1.8,0.372,0.487,2.1,2.9,0.29,1,3,0.206,0,0.614,0.386,0.147,2.6,9,4,0,0.406,30.1,0.431
C01013,63,33.18,3,27.2,2.2,299,33,30,8970,25694,0.432,0.443,0.898,0.367,0.044,0.259,0.0,0.251,0.241,0.0,5.4,0.724,2,0,0.327,0,0.299,0.7010000000000001,0.423,0.7,9,3,1,0.318,18.4,0.505
C01014,30,21.32,3,32.3,1.2,200,21,11,2200,7552,0.156,0.544,0.168,0.656,0.393,0.702,1.0,0.479,0.221,0.7,4.3,0.363,2,1,0.068,1,0.717,0.28300000000000003,0.138,0.3,9,4,1,0.558,30.6,0.449
C01015,59,22.9,3,47.5,2.1,275,115,26,7150,15916,0.143,0.303,0.836,0.246,0.377,0.605,1.3,0.203,0.094,1.4,4.5,0.655,4,6,0.378,0,0.349,0.651,0.431,2.3,0,5,0,0.493,29.4,0.612
C01016,40,29.38,3,35.3,2.3,200,2,22,4400,7148,0.033,0.225,0.347,0.376,0.318,0.059,0.0,0.59,0.334,0.0,2.9,0.741,2,2,0.179,2,0.954,0.04600000000000004,0.845,0.8,5,4,0,0.436,31.8,0.367
C01017,30,25.72,3,39.9,4.3,783,87,43,33669,110947,0.407,0.337,0.566,0.23,0.169,0.191,0.4,0.698,0.413,0.3,3.9,0.788,4,2,0.316,0,0.723,0.277,0.377,2.5,10,3,0,0.414,38.2,0.377
C01018,32,7.24,1,28.5,0.5,497,12,5,2485,3916,0.517,0.12,0.532,0.365,0.112,0.575,0.0,0.545,0.128,0.0,3.2,0.837,1,1,0.224,1,0.528,0.472,0.117,4.3,7,5,2,0.616,27.8,0.437
C01019,34,21.62,1,34.5,0.7,200,85,9,1800,6130,0.22,0.534,0.377,0.242,0.238,0.329,2.4,0.211,0.471,2.5,4.1,0.765,1,2,0.323,3,0.75,0.25,0.548,0.4,9,1,0,0.259,28.0,0.612
C01020,43,15.36,1,32.0,3.3,200,7,37,7400,20936,0.085,0.315,0.557,0.664,0.24,0.313,1.3,0.618,0.445,2.5,2.8,0.367,1,0,0.117,1,0.517,0.483,0.438,0.2,5,5,2,0.563,35.6,0.338
C01021,44,27.01,2,40.6,4.3,200,39,57,11400,38571,0.396,0.431,0.407,0.021,0.395,0.523,0.0,0.168,0.154,0.0,1.0,0.619,4,3,0.301,2,0.371,0.629,0.154,0.2,2,5,1,0.587,21.3,0.483
C01022,31,126.71,2,53.8,8.4,358,99,83,29714,56436,0.345,0.506,0.788,0.294,0.406,0.161,5.4,0.273,0.169,8.6,4.7,0.755,4,0,0.312,3,0.294,0.706,0.045,8.6,9,5,2,0.55,47.5,0.413
C01023,38,30.03,2,41.1,1.6,200,29,19,3800,6009,0.38,0.287,0.33,0.025,0.094,0.239,0.0,0.277,0.184,0.0,1.9,0.722,4,1,0.068,0,0.645,0.355,0.309,0.2,5,4,1,0.244,24.8,0.508
C01024,64,20.65,1,37.6,0.9,200,62,11,2200,5448,0.173,0.47,0.74,0.176,0.167,0.201,0.0,0.359,0.731,0.0,1.0,0.219,3,3,0.17,0,0.615,0.385,0.135,6.4,5,4,2,0.632,25.8,0.537
C01025,59,40.73,2,31.0,2.6,233,73,23,5359,12868,0.236,0.412,0.738,0.216,0.16,0.157,1.3,0.317,0.265,2.3,7.6,0.329,4,4,0.205,0,0.539,0.46099999999999997,0.673,9.2,7,4,1,0.565,26.2,0.519
C01026,43,31.99,1,41.1,3.8,200,60,40,8000,17304,0.494,0.34,0.573,0.246,0.259,0.317,1.1,0.225,0.4,1.2,1.0,0.464,4,1,0.089,2,0.461,0.5389999999999999,0.342,0.2,8,3,0,0.597,26.8,0.502
C01027,38,30.91,1,42.3,6.2,200,117,68,13600,46448,0.13,0.44,0.613,0.112,0.245,0.026,1.8,0.304,0.126,1.9,3.1,0.545,4,2,0.142,2,0.561,0.43899999999999995,0.667,1.9,8,5,1,0.544,32.0,0.479
C01028,39,34.25,2,33.0,0.5,200,27,5,1000,3145,0.404,0.32,0.738,0.379,0.065,0.326,0.0,0.13,0.214,0.0,5.1,0.718,4,3,0.187,4,0.109,0.891,0.414,3.0,10,4,4,0.585,17.1,0.578
C01029,45,76.03,3,49.1,4.6,309,9,46,14214,40128,0.281,0.725,0.851,0.102,0.289,0.366,4.3,0.124,0.44,3.7,4.2,0.811,4,1,0.046,2,0.44,0.56,0.257,0.1,9,4,1,0.796,37.5,0.456
C01030,26,13.17,2,29.2,0.5,200,2,6,1200,2191,0.316,0.166,0.665,0.14,0.116,0.459,4.7,0.333,0.215,7.4,1.0,0.554,0,3,0.155,1,0.618,0.382,0.981,1.8,8,5,1,0.25,37.2,0.49
C01031,35,31.83,2,49.3,0.5,200,13,5,1000,2969,0.43,0.415,0.456,0.131,0.121,0.327,1.6,0.538,0.624,1.0,1.0,0.478,1,4,0.1,0,0.671,0.32899999999999996,0.368,1.4,4,1,1,0.318,41.1,0.44
C01032,18,14.74,1,37.7,4.5,200,7,55,11000,32494,0.628,0.208,0.474,0.39,0.167,0.103,1.9,0.298,0.16,2.8,1.0,0.585,2,1,0.259,2,0.851,0.14900000000000002,0.338,1.8,4,4,1,0.198,30.3,0.404
C01033,43,33.3,2,36.4,4.4,200,37,60,12000,28202,0.265,0.791,0.437,0.099,0.121,0.292,0.0,0.342,0.047,0.0,1.0,0.812,1,2,0.326,0,0.638,0.362,0.403,2.0,4,4,3,0.285,24.8,0.426
C01034,46,14.8,1,16.0,3.5,200,9,40,8000,26797,0.088,0.693,0.522,0.681,0.104,0.22,0.4,0.222,0.383,0.5,1.3,0.857,2,3,0.224,0,0.608,0.392,0.734,3.1,10,1,0,0.613,14.4,0.454
C01035,32,19.5,2,49.0,4.6,200,2,54,10800,19807,0.032,0.672,0.655,0.163,0.334,0.444,0.0,0.673,0.1,0.0,3.0,0.628,6,1,0.211,0,0.89,0.10999999999999999,0.457,0.3,9,5,2,0.504,39.8,0.283
C01036,57,20.86,2,32.9,1.9,200,2,16,3200,6511,0.468,0.063,0.749,0.197,0.098,0.518,0.0,0.37,0.205,0.0,1.0,0.694,2,2,0.173,3,0.565,0.43500000000000005,0.278,12.0,3,3,1,0.562,24.3,0.443
C01037,23,41.96,1,31.7,2.8,200,80,37,7400,12036,0.195,0.56,0.43,0.285,0.333,0.607,0.5,0.306,0.653,0.8,14.1,0.703,5,4,0.1,3,0.548,0.45199999999999996,0.586,0.8,6,5,1,0.388,23.5,0.525
C01038,20,40.66,1,39.1,8.0,200,40,78,15600,48218,0.27,0.375,0.446,0.271,0.126,0.402,0.7,0.611,0.494,0.7,4.8,0.827,1,2,0.138,1,0.573,0.42700000000000005,0.554,9.8,6,5,2,0.463,36.3,0.257
C01039,41,12.36,3,31.2,2.0,200,20,23,4600,12620,0.057,0.603,0.638,0.488,0.013,0.612,0.0,0.239,0.218,0.0,3.5,0.455,3,2,0.156,1,0.531,0.469,0.288,2.9,6,3,2,0.286,19.6,0.499
C01040,51,25.29,3,48.5,4.5,200,101,62,12400,26411,0.139,0.441,0.372,0.388,0.212,0.148,0.5,0.274,0.189,0.6,4.6,0.516,2,1,0.247,0,0.824,0.17600000000000005,0.265,2.9,0,4,1,0.206,29.3,0.514
C01041,58,16.61,2,51.5,2.7,200,3,31,6200,11331,0.205,0.349,0.454,0.11,0.091,0.278,0.0,0.359,0.301,0.0,2.3,0.515,5,3,0.045,3,0.534,0.46599999999999997,0.52,6.4,7,5,1,0.304,31.4,0.427
C01042,32,12.28,1,31.4,0.5,580,177,6,3480,5499,0.457,0.537,0.443,0.255,0.259,0.109,2.8,0.461,0.202,3.6,2.5,0.62,1,0,0.07,1,0.447,0.5529999999999999,0.175,5.4,9,1,0,0.55,35.6,0.643
C01043,51,21.77,1,28.4,0.5,638,43,5,3190,5849,0.228,0.6,0.775,0.279,0.089,0.288,2.1,0.543,0.678,3.3,8.8,0.51,5,1,0.108,3,0.831,0.16900000000000004,0.396,0.6,3,4,0,0.723,34.6,0.472
C01044,38,20.7,2,29.3,1.7,200,9,14,2800,6738,0.579,0.436,0.569,0.037,0.301,0.456,2.1,0.261,0.285,1.9,5.1,0.571,1,1,0.099,1,0.539,0.46099999999999997,0.363,3.0,2,2,5,0.598,26.5,0.488
C01045,36,93.19,3,52.1,7.8,693,51,100,69300,138209,0.128,0.555,0.574,0.176,0.162,0.362,4.8,0.727,0.412,6.0,3.5,0.773,3,2,0.231,0,0.612,0.388,0.181,1.8,8,4,3,0.573,58.5,0.239
C01046,49,31.13,1,50.6,4.8,200,65,39,7800,15740,0.091,0.401,0.785,0.099,0.34,0.528,0.0,0.446,0.411,0.0,12.0,0.626,4,1,0.054,2,0.89,0.10999999999999999,0.426,1.7,9,5,0,0.194,33.6,0.415
C01047,46,11.5,3,27.4,4.3,211,25,52,10972,35672,0.252,0.542,0.426,0.271,0.333,0.4,1.8,0.349,0.295,2.1,4.3,0.32,3,3,0.325,0,0.473,0.527,0.634,0.0,5,4,1,0.211,27.4,0.413
C01048,19,17.98,1,42.1,0.7,200,89,6,1200,3036,0.241,0.823,0.51,0.047,0.069,0.288,3.5,0.548,0.155,3.6,2.0,0.745,6,2,0.106,0,0.347,0.653,0.314,1.9,10,4,2,0.415,44.8,0.515
C01049,56,43.02,3,52.4,7.0,468,7,92,43056,127381,0.161,0.45,0.62,0.092,0.053,0.592,0.1,0.216,0.051,0.1,1.0,0.492,2,0,0.372,0,0.078,0.922,0.6,0.3,9,5,0,0.242,27.8,0.365
C01050,55,77.37,2,45.0,3.2,215,15,29,6235,9798,0.317,0.67,0.41,0.244,0.011,0.338,0.0,0.456,0.196,0.0,2.0,0.703,5,4,0.116,1,0.362,0.638,0.579,0.8,7,4,2,0.576,31.7,0.398
C01051,30,10.25,3,23.6,2.8,200,4,31,6200,13828,0.225,0.539,0.325,0.122,0.348,0.264,0.0,0.13,0.156,0.0,10.4,0.779,3,3,0.115,1,0.583,0.41700000000000004,0.328,0.0,9,4,0,0.159,13.3,0.494
C01052,43,8.72,1,24.8,2.3,200,11,27,5400,13275,0.193,0.347,0.422,0.055,0.104,0.131,3.1,0.641,0.113,1.6,1.0,0.575,5,3,0.033,0,0.323,0.677,0.579,1.3,6,5,2,0.258,39.4,0.361
C01053,44,68.65,2,40.4,4.4,200,12,47,9400,17605,0.464,0.442,0.361,0.287,0.046,0.075,0.5,0.543,0.101,0.9,1.0,0.634,6,1,0.087,1,0.859,0.14100000000000001,0.427,6.5,6,5,1,0.42,34.1,0.338
C01054,41,30.4,1,32.9,5.9,200,112,59,11800,20537,0.428,0.304,0.592,0.327,0.295,0.216,0.7,0.693,0.027,0.7,6.6,0.762,2,1,0.223,2,0.175,0.825,0.026,4.0,6,4,1,0.468,36.3,0.365
C01055,31,15.22,1,34.2,1.2,289,4,13,3757,12175,0.383,0.322,0.747,0.206,0.204,0.789,0.0,0.257,0.087,0.0,1.8,0.865,1,4,0.171,0,0.988,0.01200000000000001,0.292,0.1,5,4,1,0.615,21.4,0.497
C01056,30,32.92,3,32.0,0.6,330,25,6,1980,6690,0.656,0.405,0.492,0.167,0.025,0.556,1.3,0.648,0.178,0.9,1.0,0.631,3,1,0.029,0,0.463,0.5369999999999999,0.115,3.1,10,5,1,0.4,36.5,0.418
C01057,38,5.76,3,23.2,2.3,200,34,24,4800,7957,0.189,0.21,0.727,0.236,0.081,0.399,0.0,0.181,0.125,0.0,6.8,0.642,3,2,0.371,0,0.699,0.30100000000000005,0.351,3.3,7,1,1,0.117,14.7,0.524
C01058,52,24.58,3,27.6,2.2,200,103,22,4400,9671,0.383,0.529,0.509,0.056,0.715,0.674,0.0,0.128,0.28,0.0,3.3,0.883,2,0,0.313,1,0.631,0.369,0.503,3.8,10,3,1,0.457,14.9,0.619
C01059,45,29.38,2,38.2,9.9,200,273,113,22600,77215,0.52,0.374,0.359,0.35,0.515,0.167,0.7,0.375,0.524,0.5,3.2,0.594,3,1,0.294,0,0.079,0.921,0.551,2.7,10,1,0,0.344,28.8,0.535
C01060,34,40.79,3,39.4,5.0,582,63,47,27354,45581,0.358,0.78,0.452,0.415,0.463,0.397,1.3,0.343,0.096,2.4,1.4,0.527,1,3,0.093,1,0.148,0.852,0.341,0.2,4,4,1,0.202,30.3,0.439
C01061,47,14.05,1,30.9,1.7,200,159,24,4800,13379,0.522,0.276,0.525,0.157,0.203,0.164,3.5,0.423,0.254,5.7,4.5,0.554,0,0,0.137,0,0.774,0.22599999999999998,0.56,2.6,1,5,2,0.548,36.6,0.604
C01062,18,25.72,1,28.2,0.9,200,70,10,2000,6889,0.198,0.65,0.357,0.349,0.257,0.166,1.6,0.572,0.344,2.1,7.9,0.737,2,1,0.15,1,0.688,0.31200000000000006,0.283,0.6,10,4,1,0.422,33.7,0.482
C01063,52,14.75,1,28.8,0.5,200,149,5,1000,3456,0.325,0.869,0.924,0.058,0.247,0.586,0.0,0.207,0.068,0.0,5.5,0.716,5,1,0.1,1,0.258,0.742,0.679,2.2,5,5,0,0.48,17.7,0.688
C01064,18,28.23,2,28.1,1.1,200,55,12,2400,5862,0.313,0.505,0.303,0.757,0.324,0.322,0.1,0.227,0.449,0.2,3.8,0.638,2,0,0.186,0,0.819,0.18100000000000005,0.147,2.8,7,4,1,0.299,18.4,0.564
C01065,34,14.99,2,19.2,2.8,200,4,37,7400,13509,0.104,0.341,0.48,0.195,0.14,0.544,2.7,0.131,0.268,1.6,1.7,0.794,3,3,0.121,0,0.5,0.5,0.53,0.3,4,5,2,0.426,20.5,0.494
C01066,25,19.6,1,16.2,5.6,526,23,46,24196,46073,0.281,0.428,0.743,0.144,0.402,0.382,0.5,0.167,0.285,0.3,7.7,0.75,2,3,0.151,0,0.686,0.31399999999999995,0.051,1.6,10,2,1,0.49,13.1,0.433
C01067,22,14.19,2,31.8,4.8,389,47,58,22562,73985,0.148,0.676,0.45,0.207,0.27,0.441,0.0,0.313,0.063,0.0,3.3,0.497,2,4,0.287,0,0.827,0.17300000000000004,0.259,0.7,3,4,1,0.297,22.1,0.436
C01068,52,35.1,3,34.4,3.9,200,19,44,8800,29246,0.469,0.542,0.675,0.498,0.012,0.355,1.9,0.211,0.174,1.7,8.8,0.816,4,2,0.334,0,0.73,0.27,0.642,4.1,9,4,1,0.368,26.4,0.458
C01069,32,39.34,2,36.9,2.9,200,14,26,5200,14122,0.15,0.199,0.318,0.442,0.247,0.305,0.2,0.388,0.253,0.2,1.2,0.77,4,2,0.285,1,0.6,0.4,0.241,6.7,10,5,0,0.661,27.1,0.425
C01070,42,21.56,1,46.9,3.4,200,39,44,8800,26685,0.592,0.242,0.376,0.231,0.393,0.689,2.4,0.278,0.103,3.1,4.2,0.766,2,3,0.551,2,0.329,0.671,0.589,1.8,10,1,0,0.708,35.0,0.473
C01071,37,25.05,1,45.9,2.0,200,122,20,4000,11919,0.496,0.714,0.627,0.14,0.191,0.207,2.2,0.391,0.077,2.6,10.9,0.562,4,3,0.376,2,0.518,0.482,0.096,2.0,7,4,1,0.44,37.3,0.566
C01072,44,11.06,1,26.5,5.9,200,2,58,11600,32754,0.072,0.123,0.566,0.09,0.057,0.563,0.0,0.388,0.234,0.0,1.9,0.719,2,3,0.173,3,0.354,0.646,0.424,0.2,8,4,3,0.69,22.2,0.336
C01073,39,20.8,1,36.9,2.5,200,66,32,6400,20189,0.141,0.333,0.541,0.395,0.165,0.283,5.0,0.637,0.353,8.0,12.1,0.373,3,6,0.163,0,0.658,0.34199999999999997,0.248,1.2,8,4,5,0.183,50.4,0.418
C01074,23,23.86,2,44.5,2.8,200,58,33,6600,18947,0.199,0.702,0.46,0.395,0.129,0.285,1.2,0.352,0.167,1.0,2.0,0.478,5,1,0.023,0,0.777,0.22299999999999998,0.394,0.4,8,2,5,0.654,32.3,0.487
C01075,50,103.69,2,47.1,1.7,200,150,23,4600,11813,0.371,0.496,0.463,0.282,0.197,0.163,0.0,0.319,0.246,0.0,2.3,0.263,3,1,0.331,3,0.689,0.31100000000000005,0.548,3.0,5,5,3,0.206,28.4,0.625
C01076,32,13.31,2,29.5,2.1,200,120,25,5000,9870,0.541,0.712,0.64,0.458,0.518,0.399,2.0,0.203,0.269,3.6,6.6,0.498,4,1,0.149,0,0.617,0.383,0.593,8.0,8,3,0,0.552,24.5,0.617
C01077,19,54.89,2,56.5,5.9,475,65,73,34675,103601,0.309,0.51,0.81,0.231,0.296,0.065,0.0,0.285,0.404,0.0,1.2,0.435,0,4,0.269,0,0.447,0.5529999999999999,0.261,4.1,6,4,1,0.286,31.2,0.436
C01078,33,42.45,3,36.0,1.6,200,33,21,4200,10277,0.56,0.348,0.649,0.098,0.169,0.289,3.9,0.606,0.361,6.1,4.9,0.445,8,2,0.341,0,0.917,0.08299999999999996,0.596,1.2,8,4,0,0.194,45.4,0.414
C01079,56,28.63,1,34.8,1.6,356,10,13,4628,9671,0.22,0.46,0.861,0.352,0.443,0.143,1.7,0.385,0.119,0.9,1.4,0.525,1,2,0.029,2,0.221,0.779,0.316,2.7,9,4,2,0.823,31.1,0.455
C01080,48,64.54,2,43.7,6.2,200,35,78,15600,48421,0.284,0.259,0.69,0.105,0.063,0.783,2.0,0.086,0.506,1.1,3.6,0.885,2,2,0.227,1,0.201,0.7989999999999999,0.366,12.0,0,2,3,0.176,26.7,0.455
C01081,34,30.1,3,43.3,0.5,200,65,6,1200,3472,0.234,0.49,0.65,0.166,0.116,0.613,1.4,0.384,0.45,1.1,6.0,0.512,1,2,0.119,0,0.467,0.5329999999999999,0.396,0.1,10,5,1,0.333,33.5,0.543
C01082,34,30.39,1,51.4,5.3,200,102,45,9000,30372,0.495,0.484,0.491,0.119,0.051,0.382,2.6,0.428,0.282,2.7,1.0,0.649,2,1,0.291,1,0.638,0.362,0.361,0.8,7,4,0,0.256,42.0,0.449
C01083,34,23.83,1,17.3,1.9,200,70,21,4200,7690,0.236,0.068,0.623,0.286,0.166,0.062,0.3,0.417,0.233,0.2,1.0,0.499,3,1,0.171,1,0.738,0.262,0.35,0.2,8,4,1,0.385,20.4,0.503
C01084,63,48.08,3,38.0,3.1,200,10,26,5200,14552,0.535,0.239,0.257,0.188,0.066,0.163,1.8,0.59,0.333,2.6,10.9,0.278,4,3,0.093,1,0.658,0.34199999999999997,0.416,2.5,6,4,0,0.292,38.8,0.355
C01085,43,44.84,1,31.0,1.5,200,41,19,3800,7556,0.342,0.128,0.271,0.081,0.676,0.121,2.0,0.161,0.299,1.8,6.8,0.754,3,0,0.357,1,0.813,0.18700000000000006,0.635,4.6,10,4,2,0.779,23.8,0.558
C01086,43,17.39,2,41.7,3.5,796,18,39,31044,102668,0.147,0.56,0.782,0.499,0.039,0.602,0.0,0.517,0.391,0.0,8.4,0.464,2,2,0.358,0,0.825,0.17500000000000004,0.475,1.1,8,4,0,0.242,32.2,0.376
C01087,50,11.87,1,27.3,7.4,202,1,102,20604,35006,0.345,0.659,0.365,0.333,0.044,0.518,2.3,0.556,0.075,3.1,2.3,0.737,4,4,0.185,0,0.334,0.6659999999999999,0.736,1.3,10,5,0,0.511,35.2,0.246
C01088,41,21.94,2,28.0,4.4,200,10,40,8000,22499,0.238,0.233,0.649,0.239,0.079,0.398,2.8,0.371,0.264,3.0,5.0,0.461,0,1,0.165,0,0.656,0.344,0.378,0.9,9,4,3,0.237,31.6,0.388
C01089,35,15.8,1,32.0,0.9,421,5,10,4210,12976,0.413,0.061,0.827,0.081,0.575,0.244,2.1,0.339,0.124,3.9,20.0,0.544,6,2,0.219,2,0.274,0.726,0.257,2.1,10,3,0,0.459,29.9,0.481
C01090,36,23.69,1,34.2,5.2,200,83,48,9600,21214,0.477,0.535,0.422,0.176,0.06,0.327,2.1,0.347,0.168,3.7,2.3,0.697,3,2,0.246,3,0.924,0.07599999999999996,0.331,0.3,6,5,0,0.523,31.0,0.455
C01091,37,48.45,2,40.7,3.3,200,13,39,7800,26585,0.453,0.411,0.711,0.312,0.131,0.218,5.0,0.551,0.141,8.7,7.5,0.454,5,3,0.268,1,0.487,0.513,0.326,0.5,8,4,1,0.402,49.3,0.365
C01092,38,19.08,1,37.6,5.5,539,15,68,36652,117340,0.34,0.65,0.551,0.245,0.068,0.454,1.1,0.248,0.438,1.8,1.0,0.532,1,4,0.186,0,0.415,0.585,0.319,0.2,7,5,1,0.627,26.1,0.402
C01093,47,23.96,2,40.9,4.6,200,145,57,11400,23817,0.217,0.313,0.71,0.042,0.078,0.221,1.3,0.515,0.542,1.8,3.1,0.592,2,2,0.108,0,0.459,0.5409999999999999,0.175,0.4,9,5,1,0.303,36.1,0.487
C01094,39,25.33,1,37.2,0.5,200,21,6,1200,1818,0.287,0.448,0.579,0.412,0.331,0.193,0.0,0.465,0.129,0.0,1.6,0.811,2,1,0.032,2,0.607,0.393,0.293,4.6,10,5,1,0.209,28.8,0.471
C01095,47,39.12,1,50.2,1.6,200,1,21,4200,8792,0.126,0.251,0.776,0.398,0.147,0.392,0.0,0.266,0.154,0.0,3.0,0.729,1,0,0.151,0,0.612,0.388,0.216,0.5,5,3,0,0.36,28.1,0.481
C01096,37,7.13,1,31.9,4.2,200,15,36,7200,14851,0.621,0.752,0.64,0.156,0.565,0.234,1.9,0.437,0.041,2.8,1.0,0.776,1,4,0.247,1,0.594,0.406,0.177,1.7,9,4,1,0.611,32.1,0.379
C01097,39,17.57,1,30.4,3.0,200,6,30,6000,19680,0.223,0.697,0.251,0.369,0.112,0.187,0.1,0.596,0.473,0.1,1.8,0.587,0,4,0.28,0,0.778,0.22199999999999998,0.568,3.0,9,5,0,0.33,30.4,0.352
C01098,18,27.56,3,38.3,1.1,842,5,13,10946,37591,0.363,0.676,0.61,0.089,0.542,0.047,0.0,0.382,0.068,0.0,1.0,0.537,1,2,0.312,0,0.669,0.33099999999999996,0.362,0.5,7,5,1,0.773,26.8,0.463
C01099,49,47.47,1,30.4,2.6,200,4,29,5800,9517,0.073,0.377,0.522,0.221,0.048,0.177,1.6,0.536,0.174,3.1,2.4,0.715,1,1,0.176,3,0.556,0.44399999999999995,0.423,1.5,4,4,1,0.434,33.5,0.377
C01100,42,18.72,2,42.1,0.5,200,40,5,1000,2443,0.313,0.477,0.208,0.225,0.105,0.331,1.0,0.302,0.114,0.6,2.3,0.699,1,1,0.118,0,0.256,0.744,0.601,0.6,6,5,1,0.334,29.2,0.541
C01101,50,8.74,1,40.7,2.2,413,9,25,10325,26811,0.072,0.107,0.868,0.072,0.059,0.558,0.5,0.329,0.253,0.3,1.6,0.714,3,2,0.161,0,0.594,0.406,0.305,6.2,4,5,1,0.312,27.8,0.455
C01102,18,34.5,1,37.2,7.8,200,20,81,16200,27310,0.587,0.314,0.466,0.154,0.191,0.214,1.8,0.438,0.394,1.3,11.9,0.243,2,1,0.225,0,0.572,0.42800000000000005,0.684,0.1,10,4,2,0.254,34.0,0.292
C01103,63,17.3,3,28.3,4.3,200,89,44,8800,19844,0.218,0.273,0.739,0.395,0.093,0.28,0.0,0.273,0.199,0.0,1.0,0.161,3,1,0.268,0,0.704,0.29600000000000004,0.263,2.2,9,3,1,0.373,19.5,0.506
C01104,36,12.75,1,24.2,6.9,200,25,89,17800,37988,0.374,0.511,0.583,0.272,0.346,0.22,3.1,0.266,0.192,2.1,7.0,0.702,5,1,0.057,0,0.827,0.17300000000000004,0.474,5.3,9,4,1,0.513,27.9,0.372
C01105,51,17.4,3,40.3,4.5,200,111,47,9400,24178,0.364,0.552,0.154,0.134,0.388,0.324,2.0,0.229,0.374,2.1,1.8,0.903,2,1,0.095,2,0.591,0.40900000000000003,0.353,3.9,9,4,0,0.279,29.6,0.539
C01106,26,22.16,1,39.5,4.9,626,31,40,25040,70672,0.103,0.548,0.654,0.331,0.328,0.607,3.8,0.16,0.11,2.3,1.0,0.887,2,1,0.079,1,0.879,0.121,0.19,0.7,7,4,1,0.272,33.1,0.461
C01107,45,17.59,2,40.7,6.7,200,23,56,11200,32558,0.2,0.473,0.804,0.086,0.068,0.449,0.1,0.218,0.048,0.1,1.3,0.372,3,1,0.121,1,0.722,0.278,0.409,1.9,10,5,0,0.457,23.1,0.389
C01108,25,7.29,2,43.0,3.0,200,62,39,7800,13833,0.211,0.497,0.682,0.341,0.185,0.434,1.8,0.302,0.256,2.5,9.3,0.583,5,2,0.191,1,0.843,0.15700000000000003,0.348,0.2,9,3,2,0.608,32.2,0.501
C01109,31,40.18,3,40.5,3.2,200,3,44,8800,27508,0.044,0.494,0.47,0.327,0.245,0.394,0.0,0.084,0.206,0.0,7.0,0.409,3,3,0.485,0,0.482,0.518,0.878,0.8,10,4,1,0.507,18.7,0.497
C01110,61,49.46,2,46.5,6.0,200,4,73,14600,41713,0.371,0.483,0.615,0.363,0.239,0.54,0.2,0.193,0.272,0.3,1.0,0.711,3,3,0.478,3,0.305,0.6950000000000001,0.417,1.2,7,5,1,0.294,25.0,0.394
C01111,36,35.1,2,31.1,6.3,472,47,64,30208,99026,0.058,0.327,0.791,0.305,0.045,0.136,0.0,0.467,0.143,0.0,1.0,0.484,2,2,0.056,2,0.509,0.491,0.369,0.2,6,4,1,0.192,26.4,0.351
C01112,41,13.12,1,26.5,1.6,254,30,22,5588,13404,0.405,0.276,0.513,0.184,0.017,0.385,1.6,0.09,0.4,2.1,4.5,0.785,1,2,0.449,1,0.531,0.469,0.551,0.5,8,5,1,0.575,18.6,0.565
C01113,48,21.96,1,28.7,1.4,1156,70,17,19652,64611,0.337,0.473,0.604,0.201,0.11,0.214,0.0,0.351,0.13,0.0,1.5,0.471,2,3,0.164,3,0.693,0.30700000000000005,0.181,4.6,9,2,0,0.433,22.0,0.536
C01114,44,24.44,3,45.4,3.3,200,112,43,8600,27791,0.474,0.148,0.713,0.057,0.019,0.17,0.4,0.651,0.174,0.8,10.1,0.751,1,0,0.213,2,0.738,0.262,0.395,1.6,9,4,4,0.134,39.0,0.444
C01115,40,34.1,1,31.0,5.0,416,22,63,26208,62292,0.034,0.518,0.242,0.181,0.478,0.344,1.5,0.254,0.166,1.3,6.2,0.484,2,1,0.417,2,0.582,0.41800000000000004,0.63,7.1,7,5,0,0.63,25.0,0.421
C01116,42,35.43,2,42.6,5.0,200,41,51,10200,23075,0.579,0.638,0.462,0.198,0.182,0.277,0.7,0.194,0.099,0.6,8.3,0.625,3,1,0.114,0,0.556,0.44399999999999995,0.154,0.4,8,5,1,0.328,25.2,0.46
C01117,67,16.38,3,28.2,0.5,200,31,5,1000,3366,0.022,0.321,0.239,0.348,0.258,0.153,0.0,0.198,0.301,0.0,1.0,0.701,2,2,0.183,1,0.866,0.134,0.671,2.8,3,5,1,0.375,17.2,0.562
C01118,37,25.66,1,32.8,6.8,492,180,62,30504,89387,0.372,0.527,0.651,0.143,0.206,0.425,4.6,0.471,0.39,3.6,1.0,0.78,5,2,0.31,1,0.559,0.44099999999999995,0.055,3.6,8,5,0,0.171,42.4,0.483
C01119,40,31.55,3,29.7,2.0,200,80,20,4000,13426,0.072,0.653,0.787,0.375,0.11,0.48,1.7,0.319,0.1,2.3,10.7,0.475,3,1,0.179,0,0.46,0.54,0.486,3.7,7,3,2,0.525,27.1,0.541
C01120,51,54.64,2,28.5,3.7,200,109,47,9400,29083,0.236,0.157,0.817,0.249,0.025,0.206,5.2,0.62,0.495,7.9,2.1,0.528,5,4,0.325,1,0.477,0.523,0.397,3.6,5,5,1,0.396,47.1,0.439
C01121,51,36.14,2,37.2,1.6,200,13,21,4200,11418,0.072,0.296,0.406,0.273,0.153,0.415,0.0,0.273,0.171,0.0,2.1,0.47,2,2,0.157,0,0.884,0.11599999999999999,0.574,0.5,7,4,1,0.725,23.1,0.492
C01122,52,37.86,3,38.1,8.9,200,67,110,22000,38098,0.191,0.262,0.572,0.599,0.196,0.301,0.8,0.656,0.284,1.2,4.6,0.833,1,0,0.317,1,0.748,0.252,0.328,1.5,6,5,2,0.114,37.6,0.25
C01123,46,25.69,1,26.2,3.5,200,14,38,7600,15831,0.353,0.339,0.836,0.381,0.156,0.179,1.5,0.052,0.575,1.1,2.0,0.488,3,2,0.234,0,0.662,0.33799999999999997,0.15,5.6,8,4,2,0.121,17.0,0.511
C01124,24,53.29,1,31.7,2.4,568,11,20,11360,39052,0.32,0.548,0.549,0.265,0.41,0.172,5.0,0.659,0.177,4.7,8.3,0.497,2,1,0.104,1,0.857,0.14300000000000002,0.219,2.1,9,4,0,0.399,48.9,0.353
C01125,58,30.73,2,25.4,5.0,200,130,42,8400,17966,0.207,0.617,0.371,0.028,0.369,0.481,4.7,0.512,0.645,7.6,12.8,0.575,2,0,0.092,2,0.445,0.5549999999999999,0.27,1.2,7,2,1,0.602,41.0,0.462
C01126,24,15.28,1,32.1,4.1,200,1,42,8400,14167,0.489,0.175,0.464,0.136,0.342,0.167,0.3,0.393,0.4,0.2,1.6,0.549,2,1,0.113,1,0.748,0.252,0.236,0.0,9,5,0,0.23,25.6,0.379
C01127,42,53.08,2,22.1,3.7,200,151,40,8000,23321,0.078,0.37,0.765,0.128,0.288,0.355,0.4,0.149,0.276,0.5,1.0,0.568,3,4,0.607,0,0.442,0.558,0.869,2.3,5,3,0,0.243,14.6,0.627
C01128,29,36.01,3,28.8,5.1,200,7,59,11800,35023,0.067,0.13,0.662,0.182,0.117,0.193,1.5,0.184,0.674,2.1,1.0,0.657,8,2,0.058,0,0.68,0.31999999999999995,0.13,5.6,8,5,0,0.571,22.0,0.423
C01129,37,19.23,2,32.4,1.1,200,77,9,1800,3728,0.074,0.764,0.38,0.274,0.326,0.389,3.6,0.153,0.621,2.7,1.0,0.592,7,1,0.036,0,0.867,0.133,0.206,0.6,7,1,1,0.518,29.4,0.611
C01130,42,18.85,1,34.3,1.8,557,15,25,13925,29178,0.232,0.767,0.775,0.084,0.53,0.295,1.5,0.632,0.145,1.4,1.0,0.513,0,3,0.227,3,0.655,0.345,0.151,12.0,7,4,0,0.385,37.6,0.381
C01131,42,28.88,3,45.7,0.5,200,19,5,1000,2438,0.055,0.357,0.456,0.299,0.146,0.148,2.0,0.226,0.259,2.8,1.0,0.684,3,1,0.419,2,0.587,0.41300000000000003,0.439,0.6,5,4,1,0.228,31.7,0.54
C01132,43,31.65,2,37.0,0.6,202,11,8,1616,2494,0.277,0.163,0.618,0.131,0.332,0.215,3.8,0.309,0.412,4.5,1.0,0.608,8,4,0.336,0,0.682,0.31799999999999995,0.495,2.1,5,3,0,0.294,36.6,0.504
C01133,57,27.34,2,37.7,6.7,200,40,75,15000,46180,0.229,0.324,0.659,0.188,0.315,0.257,3.4,0.559,0.445,5.1,2.8,0.883,3,3,0.228,1,0.388,0.612,0.186,1.6,7,5,0,0.79,43.1,0.306
C01134,43,29.11,2,39.2,6.4,200,19,56,11200,23903,0.185,0.137,0.751,0.168,0.213,0.296,3.5,0.36,0.219,6.2,4.9,0.684,5,1,0.166,0,0.817,0.18300000000000005,0.76,3.7,9,4,0,0.465,38.0,0.35
C01135,35,62.49,3,46.3,4.6,200,48,59,11800,37849,0.079,0.437,0.629,0.157,0.144,0.595,3.5,0.492,0.14,2.5,16.4,0.563,4,2,0.057,0,0.251,0.749,0.159,1.7,8,4,2,0.491,44.8,0.388
C01136,50,44.23,2,35.6,7.1,200,1,87,17400,54032,0.434,0.415,0.247,0.227,0.332,0.155,4.6,0.254,0.168,2.8,1.0,0.796,2,3,0.097,1,0.563,0.43700000000000006,0.577,1.0,8,4,3,0.41,37.0,0.344
C01137,52,27.24,3,25.3,2.8,200,3,31,6200,17501,0.254,0.571,0.197,0.539,0.114,0.66,0.0,0.197,0.073,0.0,4.8,0.393,4,1,0.229,1,0.764,0.236,0.248,8.0,9,4,1,0.453,16.0,0.473
C01138,23,41.17,3,39.0,3.2,200,5,35,7000,15048,0.235,0.376,0.706,0.331,0.137,0.556,6.3,0.494,0.036,10.4,3.2,0.569,3,3,0.306,1,0.619,0.381,0.3,2.1,6,4,2,0.553,51.2,0.376
C01139,45,13.9,1,34.7,2.7,263,24,23,6049,15320,0.17,0.259,0.6,0.232,0.104,0.408,3.4,0.176,0.278,4.0,2.6,0.406,3,1,0.158,1,0.913,0.08699999999999997,0.38,0.1,7,3,1,0.47,30.4,0.505
C01140,46,30.53,2,23.3,3.0,200,76,36,7200,17206,0.287,0.276,0.784,0.219,0.376,0.078,1.3,0.399,0.236,1.4,5.1,0.421,3,6,0.168,2,0.512,0.488,0.13,1.5,9,5,2,0.516,25.6,0.487
C01141,34,66.36,3,41.2,4.2,200,99,57,11400,24827,0.563,0.254,0.638,0.044,0.173,0.118,4.5,0.808,0.142,6.3,1.1,0.787,4,4,0.564,2,0.09,0.91,0.04,1.7,2,4,1,0.856,55.6,0.359
C01142,55,21.76,2,29.2,5.2,200,13,45,9000,28766,0.134,0.449,0.758,0.228,0.384,0.306,0.7,0.391,0.489,0.9,1.5,0.695,1,3,0.146,0,0.364,0.636,0.385,0.1,8,4,1,0.68,25.7,0.365
C01143,36,15.39,3,29.2,2.9,200,38,28,5600,13815,0.14,0.514,0.243,0.128,0.083,0.227,2.3,0.348,0.411,2.8,1.9,0.914,3,2,0.166,1,0.561,0.43899999999999995,0.447,2.9,8,5,0,0.848,29.7,0.464
C01144,40,17.14,3,40.9,4.1,200,66,55,11000,34820,0.095,0.512,0.701,0.168,0.255,0.189,2.5,0.322,0.316,4.3,1.0,0.521,0,2,0.367,1,0.616,0.384,0.74,1.7,8,3,0,0.422,34.3,0.471
C01145,36,13.47,2,29.6,4.6,1085,15,45,48825,83512,0.292,0.646,0.644,0.573,0.368,0.324,3.0,0.487,0.127,2.3,2.6,0.577,3,2,0.136,0,0.577,0.42300000000000004,0.25,0.3,9,3,1,0.261,36.3,0.353
C01146,38,15.93,2,24.7,3.4,530,24,41,21730,38724,0.395,0.44,0.64,0.434,0.34,0.127,0.4,0.431,0.119,0.6,1.0,0.433,5,2,0.131,1,0.588,0.41200000000000003,0.137,1.0,7,3,1,0.293,24.1,0.411
C01147,25,20.01,3,34.9,0.9,515,33,10,5150,17791,0.111,0.381,0.781,0.289,0.138,0.364,3.2,0.629,0.11,5.2,1.5,0.334,1,3,0.078,0,0.257,0.743,0.279,1.7,9,4,1,0.376,43.4,0.425
C01148,21,11.32,3,19.4,0.5,586,7,6,3516,9407,0.234,0.693,0.534,0.117,0.429,0.731,0.3,0.491,0.232,0.6,1.0,0.543,1,1,0.124,1,0.481,0.519,0.27,5.1,6,4,0,0.438,23.5,0.448
C01149,57,24.74,2,30.0,3.3,200,1,35,7000,17637,0.211,0.503,0.295,0.059,0.176,0.312,3.0,0.631,0.341,5.8,1.0,0.656,2,2,0.132,1,0.516,0.484,0.249,1.5,6,5,2,0.835,40.8,0.328
C01150,28,40.3,1,41.0,3.3,200,7,32,6400,16296,0.326,0.164,0.465,0.145,0.148,0.702,1.8,0.64,0.056,2.3,1.8,0.517,0,1,0.055,1,0.368,0.632,0.502,5.9,10,5,1,0.147,41.5,0.332
C01151,26,14.89,2,23.6,2.8,200,44,23,4600,8880,0.338,0.127,0.447,0.071,0.547,0.068,0.0,0.419,0.658,0.0,3.8,0.376,3,0,0.359,0,0.692,0.30800000000000005,0.188,3.5,6,2,1,0.411,22.0,0.451
C01152,18,56.58,2,40.7,4.2,676,3,52,35152,103256,0.187,0.56,0.651,0.339,0.228,0.317,0.7,0.194,0.151,0.9,1.0,0.592,2,1,0.19,1,0.608,0.392,0.285,2.6,5,5,0,0.192,24.4,0.438
C01153,30,32.49,2,34.3,8.5,200,9,106,21200,35395,0.083,0.738,0.642,0.37,0.111,0.273,3.3,0.29,0.256,5.3,20.0,0.573,4,2,0.471,1,0.696,0.30400000000000005,0.571,2.4,8,5,0,0.385,33.3,0.307
C01154,22,43.24,2,30.9,1.1,200,19,13,2600,6881,0.092,0.101,0.784,0.546,0.052,0.45,1.3,0.279,0.211,0.7,1.3,0.687,4,2,0.183,1,0.327,0.673,0.45,3.3,10,5,0,0.296,25.0,0.509
C01155,58,17.08,2,42.2,0.5,200,4,6,1200,3170,0.149,0.56,0.403,0.305,0.191,0.218,3.8,0.465,0.161,2.9,1.0,0.546,2,1,0.015,2,0.747,0.253,0.32,1.5,9,5,3,0.49,43.4,0.452
C01156,50,39.25,2,49.4,4.2,200,10,40,8000,26627,0.294,0.622,0.673,0.109,0.058,0.273,0.0,0.283,0.102,0.0,1.0,0.534,3,1,0.269,1,0.394,0.606,0.346,1.4,7,4,2,0.253,28.2,0.419
C01157,30,13.46,1,31.3,1.8,200,109,15,3000,7657,0.111,0.605,0.421,0.158,0.371,0.277,2.7,0.262,0.08,2.1,4.4,0.624,2,1,0.1,1,0.53,0.47,0.739,0.6,8,5,1,0.429,29.3,0.595
C01158,65,40.03,2,26.5,4.2,200,1,54,10800,19161,0.298,0.178,0.485,0.309,0.217,0.355,1.7,0.589,0.16,1.4,4.4,0.757,2,3,0.323,2,0.668,0.33199999999999996,0.214,2.0,10,2,0,0.182,33.9,0.318
C01159,50,26.96,2,34.5,4.2,200,48,46,9200,24339,0.287,0.433,0.625,0.386,0.14,0.142,1.0,0.329,0.364,1.9,9.3,0.671,3,0,0.293,3,0.497,0.503,0.32,3.0,9,4,1,0.622,27.0,0.447
C01160,34,33.26,1,32.0,5.9,348,22,58,20184,33963,0.672,0.568,0.777,0.334,0.065,0.24,0.0,0.4,0.315,0.0,1.0,0.575,3,2,0.195,1,0.53,0.47,0.288,0.8,3,5,5,0.199,24.8,0.354
C01161,18,12.85,1,31.1,0.5,200,50,4,800,1526,0.521,0.222,0.603,0.277,0.046,0.359,1.7,0.388,0.312,1.6,1.9,0.488,5,2,0.098,0,0.919,0.08099999999999996,0.512,0.7,8,4,1,0.352,29.7,0.526
C01162,65,14.99,2,31.7,1.5,200,40,13,2600,4062,0.788,0.116,0.695,0.046,0.279,0.229,0.0,0.538,0.147,0.0,8.8,0.658,2,5,0.273,0,0.504,0.496,0.317,0.5,10,3,2,0.55,28.8,0.444
C01163,21,34.07,2,37.6,4.2,348,11,42,14616,36929,0.33,0.875,0.596,0.313,0.049,0.894,0.4,0.469,0.116,0.4,6.4,0.532,3,1,0.2,0,0.601,0.399,0.536,0.2,5,4,2,0.718,30.4,0.365
C01164,18,14.56,1,31.9,4.1,200,85,53,10600,17692,0.32,0.189,0.698,0.433,0.231,0.169,1.0,0.165,0.072,1.2,1.1,0.357,0,0,0.271,0,0.91,0.08999999999999997,0.505,6.2,9,5,4,0.738,21.0,0.539
C01165,50,31.65,3,32.8,7.7,200,30,104,20800,50727,0.116,0.109,0.612,0.26,0.178,0.267,0.9,0.592,0.167,1.2,8.8,0.29,2,2,0.099,1,0.737,0.263,0.361,6.0,7,3,3,0.197,33.8,0.26
C01166,67,11.57,2,45.2,4.4,298,78,59,17582,59179,0.518,0.191,0.591,0.108,0.064,0.116,3.3,0.266,0.326,5.9,4.6,0.781,1,2,0.284,3,0.47,0.53,0.194,0.4,4,4,1,0.173,36.9,0.494
C01167,55,39.11,3,28.2,3.5,200,23,47,9400,27632,0.159,0.334,0.482,0.188,0.692,0.214,0.0,0.259,0.351,0.0,1.2,0.801,2,2,0.209,0,0.912,0.08799999999999997,0.3,4.2,9,5,0,0.719,19.0,0.459
C01168,45,12.45,2,25.6,0.7,200,188,9,1800,2979,0.136,0.464,0.895,0.034,0.119,0.257,0.9,0.407,0.3,0.8,1.0,0.5,2,2,0.177,1,0.723,0.277,0.417,1.3,8,5,3,0.748,25.4,0.666
C01169,45,33.24,2,22.6,2.2,283,66,25,7075,13785,0.532,0.332,0.482,0.183,0.104,0.235,0.9,0.705,0.19,1.2,2.8,0.237,2,4,0.052,3,0.258,0.742,0.46,2.1,0,4,3,0.555,33.2,0.405
C01170,48,34.61,3,38.9,2.2,1032,152,20,20640,58769,0.407,0.125,0.639,0.077,0.405,0.397,1.7,0.59,0.169,2.0,5.0,0.751,3,2,0.098,1,0.528,0.472,0.442,1.9,9,4,0,0.409,38.9,0.534
C01171,47,16.72,2,29.2,4.0,305,32,51,15555,51167,0.117,0.304,0.815,0.095,0.188,0.591,0.2,0.26,0.198,0.2,1.3,0.558,3,2,0.287,2,0.763,0.237,0.291,3.0,8,4,2,0.359,20.1,0.455
C01172,41,33.79,2,45.4,3.9,241,29,36,8676,13585,0.14,0.498,0.314,0.143,0.11,0.56,3.7,0.15,0.256,4.1,1.0,0.244,2,3,0.092,1,0.729,0.271,0.102,2.3,8,5,2,0.22,34.9,0.488
C01173,39,28.31,1,44.4,0.5,270,63,5,1350,4219,0.163,0.369,0.436,0.096,0.301,0.738,1.1,0.535,0.166,2.1,1.0,0.516,3,3,0.234,3,0.504,0.496,0.112,0.8,8,1,1,0.617,37.4,0.496
C01174,37,18.24,2,29.0,1.9,200,96,18,3600,9445,0.255,0.448,0.57,0.156,0.313,0.674,1.6,0.365,0.381,0.9,7.4,0.528,2,3,0.082,3,0.455,0.5449999999999999,0.141,1.2,7,4,3,0.488,27.8,0.547
C01175,29,14.09,1,31.5,4.3,200,150,48,9600,24885,0.372,0.456,0.666,0.274,0.386,0.737,3.1,0.152,0.234,2.2,1.0,0.504,3,1,0.328,2,0.416,0.5840000000000001,0.181,1.1,4,4,0,0.475,27.4,0.609
C01176,35,8.34,1,27.2,3.0,200,18,30,6000,20494,0.438,0.308,0.535,0.38,0.032,0.14,1.3,0.664,0.32,0.7,3.8,0.745,5,1,0.222,1,0.216,0.784,0.077,6.7,9,5,2,0.401,35.1,0.344
C01177,18,29.73,1,48.7,4.3,200,72,38,7600,22764,0.261,0.426,0.473,0.195,0.185,0.381,0.0,0.325,0.286,0.0,5.8,0.574,2,1,0.297,1,0.726,0.274,0.402,0.1,9,4,0,0.397,29.2,0.472
C01178,37,10.37,1,26.5,3.2,200,11,34,6800,21762,0.214,0.336,0.499,0.396,0.08,0.273,0.4,0.432,0.398,0.2,6.1,0.383,1,2,0.119,0,0.584,0.41600000000000004,0.373,3.8,9,5,2,0.782,24.9,0.401
C01179,26,25.85,3,29.6,6.3,200,35,83,16600,36653,0.371,0.239,0.377,0.244,0.206,0.181,1.3,0.238,0.19,1.5,4.2,0.53,1,2,0.268,0,0.382,0.618,0.176,1.5,8,4,2,0.32,23.3,0.407
C01180,25,21.22,1,37.6,3.3,200,9,38,7600,19826,0.255,0.441,0.645,0.299,0.024,0.159,0.0,0.534,0.186,0.0,4.2,0.614,0,2,0.133,0,0.739,0.261,0.61,3.3,1,3,2,0.331,31.1,0.366
C01181,40,35.64,2,31.1,2.7,200,19,36,7200,19662,0.127,0.258,0.734,0.226,0.253,0.358,0.3,0.38,0.205,0.2,2.6,0.187,5,0,0.211,0,0.811,0.18899999999999995,0.238,0.9,7,3,1,0.425,24.8,0.438
C01182,55,20.78,3,30.2,1.0,200,121,9,1800,3858,0.528,0.304,0.716,0.158,0.269,0.306,1.3,0.372,0.253,1.4,2.2,0.319,2,2,0.072,0,0.745,0.255,0.444,0.3,3,3,1,0.431,27.5,0.596
C01183,49,20.47,2,21.2,3.3,200,7,30,6000,15843,0.226,0.616,0.547,0.37,0.155,0.374,5.4,0.158,0.304,5.8,1.0,0.247,2,1,0.463,0,0.894,0.10599999999999998,0.431,4.1,8,4,1,0.405,31.0,0.476
C01184,19,36.69,1,34.4,0.5,701,45,6,4206,8300,0.139,0.33,0.351,0.179,0.173,0.433,2.5,0.443,0.129,2.6,3.1,0.39,2,2,0.347,0,0.692,0.30800000000000005,0.338,0.3,5,3,2,0.35,35.3,0.504
C01185,26,29.5,2,32.1,2.8,200,40,30,6000,10721,0.192,0.169,0.445,0.426,0.199,0.171,1.9,0.529,0.162,3.0,1.0,0.908,4,1,0.009,2,0.445,0.5549999999999999,0.525,4.2,10,4,1,0.39,35.0,0.414
C01186,49,29.19,2,35.9,2.8,200,6,33,6600,14836,0.395,0.503,0.565,0.109,0.058,0.146,5.0,0.221,0.284,2.5,2.5,0.41,5,1,0.203,1,0.967,0.03300000000000003,0.804,1.9,4,1,0,0.293,37.5,0.469
C01187,26,31.76,2,53.9,0.5,953,18,6,5718,17032,0.121,0.426,0.73,0.55,0.097,0.456,2.8,0.158,0.321,4.7,5.3,0.249,4,1,0.133,0,0.048,0.952,0.423,2.8,9,4,2,0.491,35.5,0.56
C01188,35,10.54,3,15.2,0.6,200,37,8,1600,5332,0.523,0.776,0.553,0.144,0.026,0.308,2.7,0.464,0.34,4.7,2.3,0.619,4,1,0.128,0,0.66,0.33999999999999997,0.352,0.8,8,4,2,0.074,28.9,0.486
C01189,45,37.2,3,39.3,5.1,200,9,70,14000,33816,0.336,0.425,0.585,0.101,0.221,0.562,0.9,0.213,0.102,1.0,2.8,0.568,3,1,0.355,2,0.476,0.524,0.338,2.8,6,4,3,0.321,25.1,0.416
C01190,26,34.36,2,25.8,3.8,862,73,39,33618,93648,0.399,0.446,0.666,0.219,0.313,0.163,0.0,0.464,0.339,0.0,7.4,0.625,6,1,0.175,0,0.733,0.267,0.569,5.6,9,2,2,0.474,24.2,0.444
C01191,39,14.02,1,30.0,2.8,200,161,26,5200,8872,0.35,0.374,0.829,0.183,0.102,0.45,1.8,0.281,0.389,1.9,4.2,0.774,1,3,0.319,1,0.667,0.33299999999999996,0.796,0.5,10,5,0,0.123,26.4,0.621
C01192,22,21.45,2,30.1,3.5,200,11,40,8000,26471,0.118,0.192,0.379,0.469,0.21,0.321,5.1,0.184,0.508,7.9,1.0,0.863,2,2,0.075,0,0.296,0.704,0.246,4.3,4,4,5,0.251,34.4,0.468
C01193,31,24.01,1,25.8,3.1,200,9,27,5400,14241,0.354,0.662,0.397,0.124,0.117,0.248,4.5,0.643,0.077,4.9,3.1,0.58,1,1,0.292,0,0.77,0.22999999999999998,0.097,2.2,9,5,3,0.388,44.4,0.338
C01194,42,22.78,3,43.5,5.4,227,27,53,12031,36823,0.091,0.343,0.522,0.284,0.016,0.253,2.8,0.561,0.263,1.6,1.8,0.796,4,3,0.096,1,0.59,0.41000000000000003,0.447,0.6,9,5,5,0.616,43.5,0.324
C01195,19,29.48,1,41.4,3.4,277,62,31,8587,26524,0.341,0.537,0.512,0.424,0.387,0.483,0.2,0.288,0.279,0.1,1.0,0.497,3,3,0.252,0,0.872,0.128,0.336,4.5,9,4,0,0.311,25.9,0.495
C01196,43,53.91,1,36.6,1.2,200,15,12,2400,4831,0.2,0.474,0.643,0.132,0.13,0.194,0.0,0.069,0.191,0.0,4.2,0.821,3,0,0.273,2,0.433,0.567,0.891,0.6,6,4,5,0.481,16.7,0.565
C01197,38,44.48,3,39.8,7.0,200,1,61,12200,31212,0.204,0.635,0.296,0.056,0.19,0.661,0.2,0.393,0.313,0.4,2.0,0.519,2,3,0.088,2,0.641,0.359,0.581,5.3,9,4,3,0.641,28.4,0.305
C01198,45,11.92,2,31.3,3.2,200,35,26,5200,17789,0.12,0.51,0.301,0.048,0.2,0.225,1.7,0.6,0.149,1.3,5.8,0.543,0,0,0.241,1,0.693,0.30700000000000005,0.267,1.1,2,4,1,0.362,36.1,0.377
C01199,41,34.54,2,25.7,2.2,200,141,26,5200,8732,0.218,0.676,0.673,0.231,0.018,0.459,0.7,0.289,0.158,1.3,3.5,0.511,5,0,0.224,0,0.934,0.06599999999999995,0.352,3.0,3,5,0,0.331,21.3,0.612
C01200,54,50.95,2,26.1,1.5,200,22,17,3400,9745,0.329,0.464,0.52,0.274,0.403,0.554,4.0,0.173,0.159,7.5,1.0,0.534,5,2,0.427,2,0.674,0.32599999999999996,0.153,3.3,6,4,3,0.43,28.8,0.534
C01201,40,30.35,3,36.1,4.0,631,25,49,30919,105883,0.091,0.446,0.717,0.465,0.327,0.32,0.0,0.534,0.099,0.0,1.7,0.242,6,1,0.145,4,0.73,0.27,0.58,1.7,6,4,2,0.733,30.5,0.366
C01202,33,44.7,1,55.3,3.6,465,156,43,19995,42013,0.148,0.217,0.266,0.198,0.108,0.147,1.6,0.532,0.215,1.9,1.3,0.759,5,1,0.146,1,0.561,0.43899999999999995,0.183,4.5,7,4,0,0.162,43.4,0.52
C01203,39,74.2,3,39.0,8.1,200,53,70,14000,45121,0.283,0.236,0.557,0.091,0.21,0.101,1.0,0.386,0.2,1.3,1.0,0.34,4,2,0.152,0,0.571,0.42900000000000005,0.533,1.2,8,3,3,0.168,30.5,0.336
C01204,45,43.08,1,41.0,3.0,200,57,29,5800,19530,0.027,0.376,0.514,0.065,0.2,0.185,3.8,0.258,0.273,6.3,6.4,0.139,1,1,0.269,0,0.271,0.729,0.158,4.8,6,5,3,0.347,36.7,0.509
C01205,39,28.14,3,23.6,1.5,200,37,13,2600,7785,0.051,0.254,0.823,0.199,0.03,0.308,2.6,0.326,0.359,1.8,1.9,0.691,5,3,0.129,1,0.289,0.7110000000000001,0.127,2.1,9,4,2,0.302,27.8,0.505
C01206,38,43.59,3,40.6,5.5,200,165,72,14400,28262,0.13,0.601,0.499,0.549,0.145,0.184,0.2,0.178,0.075,0.2,3.8,0.526,3,0,0.225,2,0.688,0.31200000000000006,0.474,0.1,0,4,2,0.329,22.2,0.588
C01207,30,26.57,1,33.2,4.9,200,53,61,12200,26450,0.284,0.252,0.431,0.184,0.127,0.749,3.2,0.399,0.329,2.4,8.5,0.734,4,3,0.263,1,0.863,0.137,0.026,1.5,5,4,2,0.346,35.8,0.414
C01208,30,24.86,2,34.0,3.3,200,101,30,6000,9430,0.32,0.741,0.786,0.083,0.501,0.198,0.0,0.232,0.376,0.0,3.1,0.358,2,4,0.261,2,0.48,0.52,0.533,4.3,7,5,2,0.508,20.6,0.557
C01209,21,20.22,1,22.3,4.2,809,54,42,33978,107469,0.348,0.283,0.341,0.267,0.145,0.723,0.0,0.32,0.395,0.0,1.2,0.596,1,1,0.127,1,0.893,0.10699999999999998,0.19,0.8,7,4,0,0.221,18.5,0.456
C01210,59,57.97,2,36.1,4.2,482,60,58,27956,89437,0.314,0.376,0.864,0.306,0.174,0.306,0.4,0.173,0.394,0.6,6.3,0.354,3,0,0.032,0,0.65,0.35,0.781,3.1,7,2,4,0.41,20.9,0.507
C01211,23,15.64,2,30.1,3.1,470,15,36,16920,46791,0.337,0.144,0.273,0.34,0.326,0.612,0.0,0.378,0.364,0.0,2.3,0.767,1,2,0.449,0,0.282,0.718,0.43,1.5,0,5,1,0.3,23.4,0.424
C01212,30,56.99,2,38.6,6.6,200,16,85,17000,37486,0.157,0.503,0.674,0.182,0.172,0.194,1.9,0.409,0.131,3.0,3.3,0.545,7,2,0.127,0,0.761,0.239,0.431,0.9,10,3,0,0.338,34.0,0.327
C01213,29,32.3,1,41.2,4.5,200,69,43,8600,14221,0.267,0.278,0.678,0.046,0.241,0.243,1.5,0.206,0.284,2.8,9.3,0.258,2,1,0.174,1,0.319,0.681,0.255,5.5,9,2,2,0.503,27.6,0.499
C01214,49,11.36,1,30.6,2.1,200,16,19,3800,11423,0.306,0.413,0.555,0.321,0.183,0.437,0.4,0.75,0.445,0.4,2.7,0.77,5,3,0.229,1,0.668,0.33199999999999996,0.322,1.6,0,5,1,0.13,36.1,0.339
C01215,34,30.03,1,28.9,5.9,490,37,75,36750,108525,0.371,0.158,0.783,0.232,0.244,0.194,2.7,0.284,0.419,2.3,1.6,0.395,2,0,0.418,2,0.701,0.29900000000000004,0.36,3.5,7,4,0,0.529,29.0,0.405
C01216,53,7.73,1,32.8,0.5,200,13,6,1200,3990,0.043,0.315,0.442,0.247,0.164,0.292,0.0,0.238,0.576,0.0,5.2,0.715,5,1,0.072,3,0.691,0.30900000000000005,0.42,1.6,7,1,0,0.155,20.3,0.53
C01217,30,34.61,2,22.1,7.5,323,76,91,29393,87035,0.232,0.438,0.705,0.448,0.241,0.257,0.0,0.314,0.142,0.0,1.0,0.593,3,1,0.22,2,0.672,0.32799999999999996,0.443,0.9,5,4,0,0.386,18.3,0.398
C01218,41,39.92,3,42.8,0.5,1167,5,6,7002,22108,0.353,0.405,0.475,0.23,0.231,0.148,0.2,0.492,0.197,0.3,9.8,0.319,2,6,0.348,1,0.888,0.11199999999999999,0.253,6.3,10,5,0,0.424,32.5,0.445
C01219,28,17.71,2,28.2,1.5,534,80,17,9078,27161,0.136,0.168,0.228,0.192,0.041,0.39,0.0,0.508,0.101,0.0,9.9,0.613,6,1,0.188,1,0.771,0.22899999999999998,0.44,0.4,9,2,0,0.561,26.5,0.497
C01220,64,26.26,2,37.6,3.0,711,42,37,26307,72643,0.166,0.405,0.297,0.308,0.348,0.259,0.3,0.278,0.176,0.4,3.5,0.904,5,1,0.253,1,0.484,0.516,0.124,2.2,10,4,3,0.245,24.4,0.486
C01221,24,71.86,3,30.9,4.6,200,9,44,8800,20715,0.113,0.438,0.885,0.194,0.163,0.158,3.6,0.231,0.13,3.8,1.0,0.557,6,2,0.278,1,0.751,0.249,0.173,0.5,9,5,3,0.664,31.2,0.424
C01222,42,18.58,2,36.4,4.8,487,35,49,23863,78849,0.543,0.269,0.455,0.332,0.098,0.404,0.0,0.508,0.067,0.0,2.4,0.798,2,1,0.368,3,0.849,0.15100000000000002,0.555,0.3,7,3,1,0.207,29.8,0.364
C01223,46,13.7,3,24.9,0.5,200,15,7,1400,3923,0.134,0.473,0.385,0.244,0.025,0.11,0.6,0.499,0.209,0.4,2.2,0.593,3,4,0.042,0,0.909,0.09099999999999997,0.409,0.3,7,2,0,0.347,26.9,0.454
C01224,43,55.42,2,50.9,4.7,406,18,46,18676,42893,0.175,0.457,0.685,0.201,0.316,0.063,4.0,0.184,0.081,4.9,1.4,0.256,3,3,0.068,0,0.651,0.349,0.553,3.6,2,4,0,0.847,39.1,0.445
C01225,36,72.2,1,44.1,3.7,338,19,42,14196,23664,0.201,0.594,0.712,0.351,0.409,0.578,4.6,0.474,0.144,6.3,1.0,0.37,4,2,0.174,1,0.862,0.138,0.089,0.8,7,5,1,0.581,47.0,0.385
C01226,36,24.58,1,32.7,3.6,200,3,44,8800,18316,0.107,0.334,0.577,0.327,0.277,0.183,0.1,0.587,0.092,0.2,1.2,0.718,2,3,0.184,1,0.183,0.817,0.132,2.1,9,4,3,0.394,31.0,0.336
C01227,39,42.79,2,30.9,3.6,664,192,50,33200,85903,0.297,0.492,0.759,0.234,0.223,0.602,6.3,0.257,0.273,11.8,3.2,0.543,5,2,0.078,0,0.551,0.44899999999999995,0.498,1.7,9,5,4,0.425,40.8,0.642
C01228,36,51.31,1,39.3,4.2,200,1,45,9000,18461,0.23,0.513,0.442,0.13,0.217,0.406,0.0,0.447,0.453,0.0,4.6,0.676,4,4,0.218,0,0.52,0.48,0.447,5.1,9,3,3,0.762,29.1,0.36
C01229,50,16.31,1,37.5,1.6,200,49,17,3400,6604,0.626,0.229,0.766,0.32,0.321,0.484,0.9,0.316,0.35,1.3,15.6,0.764,4,3,0.042,0,0.768,0.23199999999999998,0.083,3.6,6,4,1,0.587,27.4,0.518
C01230,65,18.79,2,26.3,1.7,200,21,22,4400,11241,0.159,0.494,0.375,0.099,0.515,0.192,0.0,0.296,0.132,0.0,1.0,0.762,2,6,0.064,1,0.688,0.31200000000000006,0.693,3.0,3,4,1,0.316,19.4,0.491
C01231,31,48.28,2,40.4,4.5,200,47,58,11600,21340,0.07,0.362,0.633,0.057,0.024,0.401,2.8,0.143,0.304,3.7,1.0,0.782,1,0,0.415,1,0.881,0.119,0.377,5.8,7,4,0,0.602,29.7,0.494
C01232,22,61.98,2,31.7,6.4,200,20,79,15800,48993,0.527,0.134,0.297,0.198,0.091,0.189,7.8,0.186,0.218,5.0,1.0,0.371,2,1,0.052,1,0.938,0.062000000000000055,0.402,2.2,7,5,0,0.509,44.0,0.403
C01233,37,33.43,1,43.8,2.1,200,50,23,4600,11356,0.231,0.14,0.676,0.461,0.099,0.513,5.4,0.31,0.425,4.6,11.2,0.556,3,1,0.12,2,0.796,0.20399999999999996,0.254,4.2,8,4,3,0.291,44.6,0.508
C01234,69,15.12,2,29.1,0.9,526,59,9,4734,12534,0.203,0.435,0.332,0.422,0.076,0.164,3.0,0.596,0.527,2.9,1.9,0.505,7,4,0.188,0,0.722,0.278,0.444,4.8,3,5,2,0.463,39.4,0.463
C01235,28,73.18,2,33.6,6.2,200,53,72,14400,25845,0.254,0.506,0.156,0.38,0.121,0.314,1.2,0.578,0.448,1.8,10.3,0.703,6,0,0.206,2,0.315,0.685,0.323,4.1,1,5,1,0.509,34.7,0.327
C01236,58,18.32,3,31.4,2.7,200,5,36,7200,15474,0.414,0.514,0.362,0.168,0.094,0.106,1.0,0.57,0.077,0.6,8.8,0.712,5,4,0.14,1,0.827,0.17300000000000004,0.307,1.2,9,5,0,0.662,33.0,0.366
C01237,58,20.4,2,39.7,4.5,200,48,60,12000,27842,0.59,0.538,0.862,0.183,0.484,0.362,3.6,0.433,0.033,4.8,1.0,0.585,2,3,0.398,1,0.524,0.476,0.753,4.1,8,3,1,0.482,40.7,0.408
C01238,31,29.62,3,30.4,1.4,200,15,12,2400,7479,0.077,0.425,0.648,0.359,0.221,0.161,3.1,0.607,0.145,2.1,1.3,0.679,2,3,0.028,2,0.493,0.507,0.013,1.9,5,4,1,0.282,40.6,0.399
C01239,45,57.67,3,35.9,0.7,353,1,7,2471,7513,0.644,0.33,0.813,0.141,0.071,0.219,2.3,0.368,0.209,2.5,1.4,0.652,3,3,0.241,0,0.334,0.6659999999999999,0.327,1.0,9,4,0,0.553,33.0,0.473
C01240,58,39.24,2,21.9,2.5,280,24,27,7560,14711,0.087,0.642,0.373,0.181,0.077,0.263,2.1,0.599,0.285,2.4,1.3,0.788,2,2,0.178,2,0.506,0.494,0.18,0.6,6,3,2,0.24,33.7,0.383
C01241,33,30.82,1,28.2,1.7,200,26,24,4800,13115,0.511,0.678,0.515,0.035,0.128,0.098,3.7,0.462,0.206,4.4,2.2,0.23,1,1,0.062,0,0.646,0.354,0.489,3.0,7,4,0,0.712,37.3,0.447
C01242,36,31.65,2,36.1,3.1,200,28,37,7400,14703,0.108,0.452,0.433,0.335,0.246,0.364,4.2,0.369,0.343,6.6,2.8,0.668,2,1,0.267,1,0.576,0.42400000000000004,0.464,0.9,4,1,2,0.565,39.4,0.441
C01243,31,25.13,2,36.5,1.7,332,55,18,5976,20776,0.28,0.591,0.49,0.113,0.169,0.665,0.0,0.238,0.021,0.0,5.7,0.927,2,0,0.189,1,0.894,0.10599999999999998,0.291,0.8,10,3,0,0.464,21.7,0.546
C01244,26,33.35,2,34.2,4.8,200,17,39,7800,26553,0.15,0.613,0.704,0.18,0.225,0.248,2.1,0.513,0.629,1.9,1.2,0.501,3,3,0.046,2,0.738,0.262,0.497,2.2,9,5,0,0.333,36.0,0.343
C01245,30,6.1,2,39.2,1.7,200,17,19,3800,9981,0.232,0.443,0.676,0.414,0.012,0.571,2.3,0.456,0.103,3.4,1.4,0.855,4,1,0.15,0,0.804,0.19599999999999995,0.735,0.7,5,1,0,0.324,36.9,0.439
C01246,23,20.84,2,32.4,3.1,200,3,27,5400,15648,0.418,0.702,0.788,0.431,0.306,0.362,0.4,0.372,0.027,0.8,3.7,0.415,0,2,0.34,2,0.635,0.365,0.543,1.0,10,4,2,0.658,25.4,0.413
C01247,38,28.01,1,41.4,3.4,200,52,44,8800,27305,0.412,0.405,0.592,0.107,0.359,0.378,4.1,0.307,0.213,5.9,1.0,0.369,4,1,0.321,1,0.872,0.128,0.614,3.0,7,5,0,0.651,39.3,0.478
C01248,29,13.03,2,37.5,2.9,431,38,36,15516,45648,0.33,0.282,0.872,0.211,0.444,0.244,0.7,0.448,0.088,1.3,2.6,0.752,3,4,0.11,2,0.038,0.962,0.183,2.8,7,5,3,0.545,30.7,0.434
C01249,41,30.34,1,35.8,3.2,200,19,34,6800,19718,0.135,0.643,0.691,0.02,0.441,0.382,4.2,0.498,0.236,8.2,1.2,0.617,2,0,0.084,0,0.583,0.41700000000000004,0.072,6.6,4,3,1,0.281,43.1,0.39
C01250,19,21.92,3,27.9,3.9,200,55,41,8200,28020,0.337,0.255,0.535,0.036,0.576,0.454,0.7,0.365,0.209,1.3,1.0,0.435,6,1,0.267,2,0.844,0.15600000000000003,0.274,4.0,7,4,1,0.828,24.4,0.452
C01251,42,64.43,1,36.6,3.0,200,35,40,8000,21543,0.153,0.55,0.325,0.235,0.004,0.574,2.8,0.594,0.035,5.5,6.4,0.414,4,0,0.564,0,0.494,0.506,0.563,1.0,10,5,0,0.352,41.7,0.384
C01252,48,58.27,1,41.5,7.1,910,29,69,62790,174092,0.277,0.165,0.716,0.216,0.068,0.564,2.6,0.282,0.133,4.3,4.9,0.622,2,3,0.284,0,0.498,0.502,0.513,1.6,7,4,2,0.584,33.6,0.367
C01253,18,18.99,2,34.3,2.3,1014,32,22,22308,71353,0.361,0.635,0.339,0.299,0.406,0.735,4.7,0.364,0.113,8.6,1.1,0.794,1,1,0.217,0,0.853,0.14700000000000002,0.127,2.1,9,5,0,0.761,40.1,0.467
C01254,42,22.58,2,35.3,0.5,919,46,7,6433,18268,0.113,0.156,0.53,0.284,0.206,0.56,2.9,0.378,0.27,3.6,2.1,0.78,6,0,0.22,1,0.446,0.554,0.434,1.3,10,3,0,0.24,35.0,0.524
C01255,53,23.55,2,30.9,3.3,200,49,42,8400,24913,0.136,0.737,0.777,0.054,0.451,0.14,0.6,0.535,0.337,0.6,1.0,0.47,1,1,0.271,2,0.642,0.358,0.402,10.5,8,4,2,0.229,30.4,0.409
C01256,23,19.14,1,37.1,1.1,200,15,14,2800,5511,0.127,0.612,0.456,0.3,0.121,0.608,0.8,0.442,0.261,1.6,1.0,0.438,4,0,0.055,0,0.858,0.14200000000000002,0.545,0.1,6,5,0,0.165,30.7,0.456
C01257,58,27.31,2,18.8,4.4,200,7,40,8000,17940,0.242,0.283,0.648,0.156,0.311,0.422,1.0,0.222,0.216,0.6,3.5,0.448,0,2,0.321,0,0.579,0.42100000000000004,0.37,2.6,6,4,1,0.382,17.5,0.429
C01258,43,16.17,1,47.7,7.1,200,8,63,12600,22612,0.327,0.3,0.58,0.227,0.299,0.364,1.4,0.415,0.123,2.7,1.8,0.389,3,3,0.238,2,0.141,0.859,0.471,2.4,5,5,2,0.585,36.1,0.304
C01259,30,13.17,3,32.7,1.0,200,46,8,1600,4018,0.191,0.765,0.435,0.378,0.154,0.165,0.0,0.338,0.326,0.0,1.0,0.357,1,1,0.336,2,0.641,0.359,0.434,6.7,10,3,2,0.64,23.2,0.524
C01260,37,34.55,3,31.2,4.0,655,93,38,24890,60021,0.566,0.514,0.635,0.184,0.013,0.158,1.5,0.263,0.332,0.8,1.0,0.41,2,2,0.309,2,0.924,0.07599999999999996,0.398,5.8,10,4,2,0.632,25.3,0.521
C01261,45,34.68,2,27.9,0.5,439,24,6,2634,9204,0.098,0.472,0.741,0.228,0.103,0.415,4.4,0.29,0.374,7.5,4.6,0.712,1,1,0.334,2,0.814,0.18600000000000005,0.555,6.3,8,3,2,0.352,34.4,0.527
C01262,39,15.76,1,38.9,3.5,200,8,33,6600,17968,0.315,0.556,0.197,0.384,0.154,0.667,4.0,0.398,0.133,4.7,1.3,0.63,2,5,0.495,2,0.827,0.17300000000000004,0.629,11.3,2,5,0,0.47,40.7,0.4
C01263,44,40.14,2,41.2,1.8,200,64,22,4400,13521,0.569,0.346,0.384,0.111,0.415,0.511,0.0,0.299,0.381,0.0,9.5,0.464,2,0,0.124,1,0.862,0.138,0.322,1.0,9,4,2,0.445,25.4,0.535
C01264,27,17.33,1,23.6,1.4,200,80,13,2600,5637,0.041,0.447,0.702,0.339,0.175,0.466,0.0,0.406,0.284,0.0,1.0,0.7,4,4,0.033,1,0.156,0.844,0.356,1.7,9,4,0,0.53,21.6,0.53
C01265,40,28.2,2,36.7,0.9,200,96,9,1800,5694,0.111,0.622,0.444,0.461,0.219,0.189,0.4,0.235,0.163,0.8,1.1,0.535,2,4,0.165,0,0.839,0.16100000000000003,0.592,0.5,9,2,0,0.407,23.0,0.612
C01266,21,38.52,1,37.8,5.0,354,42,69,24426,66687,0.076,0.15,0.237,0.079,0.267,0.495,0.0,0.23,0.232,0.0,7.6,0.75,1,3,0.114,1,0.38,0.62,0.38,4.2,5,5,3,0.517,22.0,0.45
C01267,37,24.08,3,31.2,5.0,200,89,47,9400,27203,0.19,0.22,0.605,0.18,0.044,0.516,0.0,0.363,0.623,0.0,3.4,0.619,2,3,0.458,0,0.89,0.10999999999999999,0.462,2.1,6,3,1,0.562,23.4,0.462
C01268,27,31.5,1,42.4,3.3,200,1,34,6800,14204,0.085,0.338,0.643,0.229,0.354,0.403,2.3,0.64,0.383,1.2,1.0,0.671,0,1,0.013,1,0.596,0.404,0.141,2.9,9,3,1,0.384,43.7,0.325
C01269,29,18.47,2,39.3,1.0,328,5,10,3280,8519,0.122,0.401,0.417,0.287,0.329,0.167,1.3,0.343,0.226,1.8,3.2,0.285,0,4,0.228,2,0.614,0.386,0.25,0.2,7,3,3,0.556,30.3,0.477
C01270,53,22.02,2,33.4,6.1,216,4,53,11448,31689,0.51,0.373,0.373,0.32,0.592,0.087,0.0,0.186,0.166,0.0,1.5,0.345,4,1,0.243,0,0.756,0.244,0.539,0.2,5,3,1,0.162,18.9,0.393
C01271,51,21.91,2,38.9,1.4,200,56,15,3000,8035,0.342,0.225,0.595,0.189,0.408,0.204,3.8,0.328,0.444,4.9,5.3,0.75,3,1,0.05,0,0.757,0.243,0.254,0.2,8,5,4,0.216,37.9,0.527
C01272,45,16.27,1,38.1,0.5,200,3,5,1000,3330,0.402,0.233,0.587,0.217,0.394,0.163,0.5,0.624,0.445,0.5,1.0,0.783,5,3,0.227,1,0.75,0.25,0.09,3.1,8,4,0,0.273,35.6,0.403
C01273,25,22.26,3,43.0,3.8,348,31,46,16008,52771,0.18,0.307,0.305,0.229,0.372,0.424,0.4,0.617,0.193,0.8,10.0,0.345,3,3,0.481,1,0.884,0.11599999999999999,0.259,1.1,8,4,1,0.283,37.0,0.352
C01274,34,10.47,2,25.9,0.5,200,29,6,1200,4130,0.423,0.534,0.734,0.049,0.214,0.172,3.2,0.376,0.367,6.3,2.6,0.666,2,4,0.39,3,0.618,0.382,0.298,3.4,6,4,1,0.549,32.2,0.506
C01275,53,18.73,2,22.6,4.7,797,17,53,42241,119747,0.099,0.359,0.57,0.481,0.094,0.073,2.2,0.418,0.41,3.7,5.3,0.821,2,0,0.094,0,0.603,0.397,0.382,1.8,9,4,0,0.294,28.8,0.374
C01276,40,20.97,1,36.2,2.1,254,92,17,4318,14870,0.207,0.422,0.444,0.261,0.106,0.143,1.3,0.696,0.306,2.0,4.9,0.816,5,0,0.045,2,0.363,0.637,0.459,0.5,8,4,1,0.624,39.6,0.439
C01277,66,21.31,2,33.2,4.1,200,8,48,9600,30384,0.163,0.304,0.776,0.102,0.153,0.46,0.4,0.255,0.129,0.2,1.0,0.11,0,2,0.052,1,0.544,0.45599999999999996,0.352,0.3,10,3,1,0.377,22.2,0.428
C01278,43,21.48,2,35.2,5.7,200,20,47,9400,19192,0.442,0.352,0.78,0.026,0.211,0.282,2.6,0.457,0.288,2.5,8.5,0.762,4,2,0.237,1,0.426,0.5740000000000001,0.25,6.6,9,4,2,0.313,36.4,0.34
C01279,40,23.71,1,32.2,0.5,200,67,6,1200,2826,0.248,0.327,0.631,0.346,0.066,0.436,0.6,0.59,0.304,1.1,1.1,0.504,2,0,0.115,1,0.649,0.351,0.255,2.7,10,2,0,0.515,32.6,0.484
C01280,34,31.93,1,40.5,2.1,200,1,25,5000,9884,0.218,0.559,0.298,0.342,0.169,0.586,1.2,0.286,0.476,1.3,1.0,0.787,6,3,0.355,1,0.677,0.32299999999999995,0.322,2.3,9,5,0,0.229,28.7,0.462
C01281,40,39.69,3,41.8,3.4,200,50,31,6200,9352,0.201,0.386,0.798,0.29,0.248,0.43,0.0,0.266,0.34,0.0,2.9,0.412,5,2,0.041,1,0.704,0.29600000000000004,0.558,2.4,4,5,0,0.295,24.7,0.489
C01282,36,17.16,1,35.3,5.8,353,76,75,26475,49670,0.413,0.372,0.869,0.235,0.308,0.263,3.6,0.18,0.159,4.7,16.7,0.395,3,3,0.073,1,0.514,0.486,0.068,1.1,7,5,2,0.525,31.4,0.482
C01283,46,12.66,1,38.7,1.2,425,121,16,6800,10255,0.214,0.429,0.731,0.148,0.227,0.363,4.4,0.343,0.274,5.2,1.5,0.795,2,1,0.203,1,0.802,0.19799999999999995,0.504,0.3,9,2,4,0.697,40.3,0.599
C01284,49,13.83,2,34.8,1.4,304,94,18,5472,16086,0.078,0.62,0.64,0.101,0.277,0.027,1.7,0.454,0.171,3.0,13.3,0.324,4,3,0.232,0,0.836,0.16400000000000003,0.701,5.3,4,4,0,0.131,33.1,0.531
C01285,29,18.77,3,38.6,3.7,760,17,36,27360,64325,0.616,0.484,0.463,0.196,0.082,0.455,0.4,0.508,0.329,0.2,2.3,0.663,2,5,0.121,1,0.931,0.06899999999999995,0.338,6.4,8,1,0,0.729,32.0,0.372
C01286,22,20.22,1,43.7,1.7,200,40,20,4000,8501,0.305,0.245,0.555,0.08,0.368,0.317,3.3,0.275,0.315,4.9,7.2,0.421,2,3,0.032,2,0.162,0.838,0.599,1.6,6,4,2,0.424,36.6,0.518
C01287,18,16.06,2,33.4,2.9,840,4,39,32760,99048,0.048,0.109,0.299,0.173,0.031,0.345,2.5,0.159,0.431,3.9,3.0,0.831,4,4,0.338,2,0.699,0.30100000000000005,0.606,1.4,5,2,3,0.393,26.4,0.483
C01288,44,12.03,1,36.7,0.5,200,13,5,1000,3165,0.252,0.677,0.658,0.491,0.077,0.199,0.4,0.439,0.429,0.7,1.0,0.741,1,2,0.407,1,0.881,0.119,0.421,0.6,8,4,0,0.633,29.2,0.47
C01289,25,19.09,1,37.7,7.2,200,4,93,18600,64181,0.056,0.114,0.712,0.119,0.296,0.302,3.7,0.488,0.496,4.2,8.5,0.627,5,2,0.092,2,0.816,0.18400000000000005,0.456,0.0,3,4,3,0.183,41.9,0.275
C01290,18,27.11,1,32.9,0.5,200,17,4,800,2227,0.158,0.35,0.506,0.137,0.229,0.38,0.7,0.32,0.5,0.7,1.0,0.762,4,2,0.307,1,0.759,0.241,0.629,3.0,9,3,1,0.435,25.1,0.51
C01291,43,34.03,3,42.2,2.7,200,94,22,4400,10661,0.49,0.503,0.618,0.226,0.053,0.315,0.0,0.314,0.256,0.0,4.6,0.524,5,3,0.207,0,0.669,0.33099999999999996,0.27,1.7,7,5,1,0.494,26.3,0.54
C01292,68,18.05,1,42.0,2.7,200,19,34,6800,14352,0.345,0.63,0.623,0.106,0.272,0.363,1.2,0.14,0.167,1.9,7.1,0.797,2,3,0.069,0,0.806,0.19399999999999995,0.103,7.5,8,5,1,0.316,25.0,0.51
C01293,38,19.55,1,32.9,6.6,266,37,83,22078,42934,0.159,0.306,0.689,0.303,0.116,0.33,3.6,0.357,0.228,2.7,7.1,0.67,3,3,0.153,0,0.965,0.03500000000000003,0.46,0.1,3,5,1,0.443,35.7,0.366
C01294,48,14.74,2,30.0,0.5,200,26,6,1200,2311,0.612,0.499,0.466,0.165,0.034,0.75,1.5,0.67,0.381,1.1,4.3,0.9,2,2,0.483,0,0.627,0.373,0.038,1.0,7,4,3,0.385,37.0,0.415
C01295,39,24.11,3,14.6,6.9,200,28,94,18800,43586,0.071,0.252,0.166,0.553,0.079,0.201,0.0,0.203,0.091,0.0,1.2,0.349,6,0,0.339,1,0.697,0.30300000000000005,0.276,10.5,9,1,1,0.378,11.9,0.394
C01296,37,15.38,1,34.9,4.1,200,157,36,7200,25082,0.202,0.332,0.614,0.649,0.036,0.39,0.5,0.301,0.685,0.4,3.0,0.51,5,3,0.092,1,0.6,0.4,0.55,2.4,9,5,1,0.339,24.6,0.578
C01297,49,33.62,2,30.8,4.2,200,16,39,7800,11713,0.295,0.39,0.62,0.279,0.018,0.517,4.1,0.333,0.476,6.7,4.0,0.547,3,4,0.084,1,0.353,0.647,0.397,1.1,8,5,0,0.854,35.8,0.411
C01298,35,9.19,1,43.7,0.5,200,44,7,1400,2652,0.456,0.138,0.647,0.273,0.334,0.206,1.7,0.341,0.221,2.2,8.8,0.179,3,4,0.119,4,0.899,0.10099999999999998,0.277,0.6,5,4,2,0.643,33.3,0.533
C01299,41,20.13,2,29.4,3.9,200,25,35,7000,13138,0.288,0.283,0.249,0.393,0.073,0.295,1.4,0.184,0.194,1.9,1.0,0.483,3,0,0.39,1,0.798,0.20199999999999996,0.595,0.2,8,5,1,0.436,21.9,0.473
C01300,42,28.95,2,32.9,1.7,200,3,21,4200,12324,0.196,0.316,0.765,0.49,0.286,0.459,1.3,0.397,0.363,0.7,2.5,0.536,3,2,0.194,1,0.778,0.22199999999999998,0.744,6.4,8,4,2,0.337,29.4,0.441
C01301,30,27.14,2,35.3,5.6,721,30,63,45423,100156,0.069,0.36,0.747,0.075,0.529,0.132,3.7,0.401,0.075,7.4,1.6,0.549,4,0,0.391,1,0.749,0.251,0.178,1.3,8,4,0,0.227,38.3,0.37
C01302,50,107.9,1,60.8,4.4,200,76,37,7400,17867,0.327,0.308,0.576,0.207,0.022,0.442,5.2,0.274,0.446,9.1,2.2,0.846,2,1,0.116,2,0.771,0.22899999999999998,0.223,7.2,9,5,0,0.524,49.7,0.489
C01303,36,29.74,1,37.6,3.0,336,5,29,9744,17512,0.168,0.281,0.472,0.325,0.248,0.124,0.0,0.255,0.112,0.0,1.0,0.396,4,1,0.089,2,0.657,0.34299999999999997,0.854,1.1,7,4,0,0.53,22.7,0.453
C01304,29,14.12,1,50.0,1.5,200,3,17,3400,7854,0.57,0.349,0.63,0.104,0.188,0.755,3.2,0.349,0.134,1.9,1.0,0.703,2,3,0.048,0,0.649,0.351,0.301,7.2,7,5,1,0.354,41.0,0.46
C01305,44,23.28,2,34.1,1.0,601,8,13,7813,13332,0.194,0.514,0.626,0.277,0.123,0.182,2.5,0.23,0.152,3.9,5.9,0.242,2,2,0.425,0,0.361,0.639,0.371,4.1,10,4,1,0.62,28.8,0.514
C01306,27,9.24,1,22.7,3.9,652,65,48,31296,80308,0.046,0.151,0.111,0.276,0.552,0.196,4.4,0.676,0.304,5.7,2.6,0.793,5,1,0.179,0,0.425,0.575,0.237,1.0,10,3,2,0.481,43.9,0.369
C01307,38,23.47,3,37.1,4.0,200,58,47,9400,15941,0.159,0.48,0.668,0.392,0.378,0.237,1.3,0.375,0.268,2.0,2.9,0.392,5,0,0.048,0,0.874,0.126,0.281,1.4,5,5,3,0.348,30.4,0.449
C01308,38,15.52,3,26.6,5.0,200,37,55,11000,33891,0.12,0.525,0.338,0.249,0.582,0.594,3.6,0.285,0.164,5.5,9.1,0.75,2,0,0.14,0,0.789,0.21099999999999997,0.128,7.2,5,5,2,0.527,31.1,0.428
C01309,51,40.59,3,24.4,0.5,254,28,5,1270,3344,0.207,0.471,0.55,0.2,0.177,0.5,2.7,0.501,0.218,2.0,1.1,0.524,1,2,0.214,1,0.839,0.16100000000000003,0.387,3.4,8,4,2,0.515,33.7,0.468
C01310,44,18.13,3,44.8,4.9,325,99,43,13975,41197,0.171,0.401,0.634,0.208,0.344,0.333,0.0,0.299,0.204,0.0,1.6,0.496,0,3,0.229,0,0.94,0.06000000000000005,0.207,4.1,8,4,2,0.463,26.9,0.494
C01311,38,23.01,2,42.1,7.9,200,65,83,16600,38795,0.25,0.619,0.777,0.069,0.15,0.149,3.5,0.209,0.428,1.8,1.5,0.4,2,2,0.391,1,0.586,0.41400000000000003,0.312,2.5,2,5,0,0.515,34.6,0.408
C01312,48,17.3,2,28.5,1.8,200,75,15,3000,6789,0.136,0.603,0.362,0.052,0.217,0.278,3.0,0.316,0.116,5.9,4.3,0.367,2,2,0.347,0,0.41,0.5900000000000001,0.738,0.2,10,5,0,0.583,30.8,0.542
C01313,55,63.84,1,46.2,8.3,200,76,77,15400,26125,0.17,0.436,0.45,0.116,0.203,0.621,1.0,0.403,0.324,1.7,3.3,0.386,2,1,0.104,2,0.708,0.29200000000000004,0.609,4.9,9,4,1,0.579,33.9,0.351
C01314,45,20.56,2,24.5,2.3,200,46,24,4800,12229,0.486,0.634,0.532,0.371,0.499,0.202,2.0,0.467,0.343,3.8,2.6,0.658,1,1,0.138,0,0.876,0.124,0.364,3.8,9,5,2,0.466,30.4,0.452
C01315,38,67.22,2,42.9,1.9,609,28,20,12180,30803,0.439,0.315,0.677,0.034,0.269,0.282,6.6,0.277,0.22,3.7,4.4,0.485,3,1,0.079,1,0.091,0.909,0.617,2.1,9,5,3,0.554,47.2,0.499
C01316,22,38.39,2,45.8,2.9,200,90,24,4800,11694,0.362,0.539,0.795,0.039,0.372,0.193,0.8,0.272,0.323,1.0,2.6,0.432,4,0,0.204,1,0.422,0.5780000000000001,0.107,3.0,4,3,2,0.219,29.1,0.543
C01317,25,31.98,3,36.9,5.4,505,117,62,31310,93336,0.215,0.303,0.327,0.204,0.025,0.341,3.1,0.586,0.19,5.0,6.8,0.722,3,2,0.083,0,0.824,0.17600000000000005,0.387,0.7,7,4,1,0.583,42.6,0.415
C01318,34,30.05,1,26.6,1.5,200,1,17,3400,10761,0.285,0.436,0.713,0.45,0.076,0.082,0.0,0.334,0.073,0.0,2.1,0.5,2,2,0.272,3,0.43,0.5700000000000001,0.565,6.5,6,4,0,0.214,20.7,0.463
C01319,31,30.47,1,40.4,2.0,200,2,17,3400,10205,0.115,0.227,0.275,0.068,0.198,0.685,0.5,0.671,0.327,0.8,8.9,0.696,3,0,0.209,2,0.301,0.6990000000000001,0.177,0.6,10,3,3,0.296,37.9,0.35
C01320,36,8.5,3,37.2,3.5,411,143,48,19728,35268,0.13,0.39,0.56,0.024,0.097,0.584,2.8,0.404,0.367,4.1,1.0,0.7,8,2,0.115,0,0.59,0.41000000000000003,0.401,2.8,3,2,1,0.18,36.2,0.547
C01321,39,21.04,1,36.1,2.8,464,15,24,11136,30559,0.173,0.446,0.536,0.261,0.332,0.288,1.9,0.172,0.333,3.8,1.0,0.42,3,2,0.609,2,0.609,0.391,0.254,1.6,8,5,1,0.5,25.9,0.494
C01322,44,39.05,2,41.9,4.7,432,93,62,26784,44479,0.549,0.339,0.578,0.091,0.505,0.058,1.4,0.284,0.232,1.0,4.3,0.684,4,3,0.417,0,0.623,0.377,0.703,2.0,9,3,2,0.635,29.9,0.497
C01323,37,23.88,3,42.2,3.4,200,22,27,5400,15602,0.113,0.165,0.474,0.118,0.128,0.271,4.9,0.434,0.558,7.1,2.0,0.397,2,0,0.671,0,0.634,0.366,0.092,0.6,7,4,2,0.447,46.1,0.407
C01324,44,11.33,2,37.0,3.4,200,6,45,9000,20373,0.319,0.254,0.442,0.133,0.453,0.104,0.0,0.469,0.039,0.0,2.4,0.74,2,1,0.255,0,0.454,0.546,0.233,0.5,8,4,0,0.316,28.9,0.379
C01325,39,23.84,2,40.3,2.1,415,4,17,7055,12452,0.435,0.689,0.222,0.502,0.411,0.199,1.2,0.263,0.274,1.9,4.8,0.568,2,0,0.294,0,0.451,0.5489999999999999,0.73,1.0,4,4,0,0.483,28.0,0.472
C01326,18,62.63,1,34.5,5.0,200,8,63,12600,40624,0.647,0.243,0.516,0.042,0.145,0.085,3.2,0.593,0.18,3.2,1.0,0.258,2,1,0.203,1,0.661,0.33899999999999997,0.325,0.1,5,4,1,0.258,42.1,0.304
C01327,27,48.71,1,42.0,2.1,200,13,21,4200,11458,0.597,0.384,0.351,0.455,0.115,0.187,0.2,0.384,0.283,0.1,1.0,0.58,6,1,0.138,2,0.589,0.41100000000000003,0.564,0.3,9,4,1,0.272,29.0,0.446
C01328,36,23.71,3,34.4,5.5,233,30,68,15844,35007,0.435,0.688,0.562,0.189,0.209,0.181,2.5,0.378,0.121,4.9,2.3,0.797,3,4,0.442,0,0.495,0.505,0.54,1.1,9,5,1,0.505,33.3,0.38
C01329,23,41.4,2,36.2,2.4,200,54,25,5000,7807,0.238,0.507,0.569,0.155,0.334,0.123,4.0,0.224,0.19,2.4,9.0,0.469,2,2,0.179,0,0.788,0.21199999999999997,0.033,2.3,8,3,0,0.552,34.4,0.531
C01330,45,20.05,2,25.0,5.1,900,193,43,38700,99638,0.255,0.618,0.662,0.355,0.031,0.134,1.2,0.327,0.33,2.4,2.4,0.622,5,3,0.244,0,0.842,0.15800000000000003,0.233,1.1,10,4,1,0.569,23.8,0.584
C01331,56,9.61,1,36.6,1.9,774,26,24,18576,62164,0.089,0.309,0.701,0.226,0.461,0.294,0.0,0.212,0.47,0.0,3.4,0.837,5,4,0.147,1,0.203,0.7969999999999999,0.59,0.2,7,3,0,0.102,21.0,0.517
C01332,53,14.75,1,21.5,3.0,304,33,25,7600,20465,0.08,0.491,0.73,0.221,0.141,0.428,0.7,0.494,0.244,1.3,1.0,0.775,1,1,0.07,0,0.565,0.43500000000000005,0.802,4.0,9,5,3,0.335,25.7,0.412
C01333,35,57.95,3,42.9,3.3,689,33,45,31005,106760,0.218,0.493,0.617,0.206,0.196,0.443,0.0,0.133,0.266,0.0,2.5,0.419,2,2,0.575,0,0.823,0.17700000000000005,0.49,0.4,9,4,1,0.496,21.2,0.512
C01334,56,21.1,2,30.4,0.8,200,35,7,1400,2482,0.406,0.519,0.795,0.403,0.214,0.478,3.4,0.447,0.333,6.4,2.6,0.777,3,2,0.274,0,0.613,0.387,0.516,0.1,7,5,1,0.164,36.8,0.484
C01335,40,21.46,2,34.0,0.5,386,33,5,1930,5089,0.41,0.213,0.617,0.435,0.454,0.654,2.0,0.498,0.193,2.3,1.1,0.514,4,2,0.073,0,0.76,0.24,0.36,1.1,9,5,0,0.402,35.1,0.474
C01336,34,20.8,1,32.0,0.7,742,1,9,6678,20677,0.443,0.338,0.585,0.247,0.336,0.25,1.1,0.403,0.183,2.0,1.0,0.607,4,0,0.122,1,0.337,0.663,0.142,1.6,8,2,1,0.532,28.5,0.462
C01337,31,69.91,2,51.3,4.1,200,1,42,8400,21429,0.37,0.398,0.413,0.163,0.369,0.676,0.0,0.223,0.023,0.0,1.7,0.721,2,0,0.189,1,0.547,0.45299999999999996,0.479,5.6,8,2,0,0.154,27.2,0.43
C01338,34,60.0,3,36.3,4.8,200,5,45,9000,15139,0.212,0.545,0.603,0.348,0.112,0.5,4.4,0.632,0.304,5.3,1.0,0.42,3,2,0.196,3,0.397,0.603,0.494,0.7,1,4,1,0.445,48.0,0.294
C01339,33,83.12,2,39.4,7.3,200,5,92,18400,49050,0.241,0.435,0.537,0.112,0.01,0.183,1.8,0.274,0.525,3.2,1.0,0.428,2,2,0.249,1,0.661,0.33899999999999997,0.439,2.2,9,5,1,0.858,29.9,0.338
C01340,40,22.48,1,35.0,2.0,200,55,25,5000,13617,0.276,0.214,0.805,0.316,0.221,0.304,2.6,0.188,0.295,1.8,5.3,0.628,5,3,0.188,0,0.888,0.11199999999999999,0.628,0.8,8,4,1,0.636,28.2,0.553
C01341,40,28.86,2,37.0,1.4,416,10,19,7904,23375,0.087,0.53,0.841,0.322,0.091,0.113,1.6,0.648,0.133,2.5,4.2,0.615,4,2,0.091,1,0.643,0.357,0.646,0.3,10,3,2,0.61,39.5,0.381
C01342,38,10.65,3,25.1,0.5,474,101,5,2370,7163,0.092,0.43,0.478,0.216,0.173,0.122,0.0,0.169,0.074,0.0,1.5,0.28,2,1,0.152,0,0.545,0.45499999999999996,0.602,2.5,4,3,2,0.338,15.1,0.647
C01343,43,55.27,2,50.5,5.2,260,119,57,14820,45076,0.414,0.631,0.558,0.353,0.15,0.295,4.6,0.313,0.264,5.8,3.2,0.558,3,3,0.15,1,0.622,0.378,0.616,3.5,5,3,1,0.648,44.8,0.504
C01344,52,12.91,3,29.3,5.3,200,168,54,10800,30530,0.141,0.363,0.578,0.242,0.077,0.294,3.4,0.238,0.292,4.7,7.1,0.366,4,2,0.137,0,0.384,0.616,0.482,2.0,7,3,1,0.606,30.1,0.578
C01345,49,27.64,2,41.5,5.6,200,126,53,10600,20475,0.143,0.199,0.528,0.146,0.245,0.386,3.1,0.27,0.282,2.8,7.3,0.848,2,4,0.117,3,0.428,0.5720000000000001,0.324,1.0,6,4,1,0.189,34.9,0.515
C01346,20,13.42,3,53.0,4.0,200,14,50,10000,23085,0.346,0.64,0.55,0.183,0.289,0.024,1.9,0.598,0.041,1.2,4.2,0.62,5,2,0.092,1,0.271,0.729,0.29,11.0,4,4,1,0.557,45.4,0.334
C01347,18,17.75,2,19.9,4.0,200,32,40,8000,24418,0.086,0.512,0.595,0.239,0.268,0.148,0.0,0.092,0.039,0.0,1.0,0.359,3,2,0.235,1,0.222,0.778,0.378,0.1,4,5,2,0.253,10.7,0.506
C01348,49,15.48,1,26.6,6.0,200,9,63,12600,42926,0.195,0.746,0.443,0.199,0.478,0.404,3.0,0.617,0.023,3.4,1.0,0.616,2,2,0.264,2,0.389,0.611,0.305,2.0,9,5,1,0.218,39.0,0.272
C01349,22,17.56,1,15.6,3.4,312,74,35,10920,18104,0.435,0.331,0.777,0.273,0.372,0.243,5.8,0.637,0.077,5.2,1.4,0.81,5,1,0.06,0,0.904,0.09599999999999997,0.377,2.8,9,5,1,0.509,44.5,0.404
C01350,35,18.24,1,35.6,4.0,996,99,49,48804,125479,0.325,0.443,0.444,0.131,0.121,0.044,1.6,0.163,0.318,2.3,4.4,0.454,1,2,0.038,1,0.353,0.647,0.644,1.4,10,4,1,0.234,24.4,0.558
C01351,24,18.15,3,47.0,2.1,200,86,28,5600,11900,0.066,0.269,0.388,0.305,0.084,0.684,1.6,0.36,0.228,2.5,1.2,0.66,5,2,0.433,0,0.682,0.31799999999999995,0.368,0.4,6,5,3,0.364,34.9,0.533
C01352,18,38.8,3,45.5,0.8,200,26,10,2000,3902,0.248,0.687,0.676,0.631,0.37,0.589,0.0,0.223,0.138,0.0,2.5,0.501,5,0,0.478,0,0.635,0.365,0.4,0.5,7,5,2,0.691,24.9,0.541
C01353,44,13.36,2,41.9,1.2,200,64,13,2600,6530,0.052,0.329,0.874,0.14,0.167,0.266,0.0,0.522,0.306,0.0,7.0,0.417,3,2,0.295,1,0.282,0.718,0.019,7.3,4,3,1,0.092,32.4,0.483
C01354,47,27.7,1,27.2,3.1,200,5,39,7800,21155,0.072,0.342,0.694,0.381,0.246,0.209,0.8,0.518,0.239,1.1,8.9,0.412,3,0,0.111,0,0.827,0.17300000000000004,0.238,5.9,4,4,1,0.24,29.1,0.371
C01355,31,47.94,1,40.4,4.0,200,2,47,9400,14284,0.044,0.253,0.415,0.123,0.324,0.538,4.9,0.433,0.241,2.5,7.3,0.469,1,4,0.286,0,0.347,0.653,0.705,0.5,0,1,2,0.374,45.3,0.371
C01356,18,18.5,3,21.0,6.6,200,63,55,11000,33665,0.337,0.35,0.68,0.153,0.308,0.462,4.1,0.134,0.035,7.2,1.0,0.473,0,1,0.141,1,0.355,0.645,0.655,0.2,4,5,3,0.698,25.9,0.461
C01357,31,16.53,2,45.4,2.8,228,25,24,5472,17181,0.137,0.521,0.593,0.208,0.091,0.453,1.2,0.286,0.188,0.7,9.7,0.705,5,3,0.396,0,0.411,0.589,0.434,0.5,6,5,2,0.413,30.7,0.47
C01358,43,21.61,1,36.5,5.2,200,244,43,8600,29507,0.153,0.41,0.572,0.223,0.279,0.475,2.3,0.597,0.61,2.6,4.6,0.464,2,3,0.114,5,0.818,0.18200000000000005,0.471,5.3,8,4,4,0.397,40.1,0.556
C01359,20,46.94,2,30.2,3.0,236,5,32,7552,14056,0.151,0.776,0.14,0.069,0.361,0.379,0.0,0.44,0.284,0.0,3.9,0.726,3,0,0.266,3,0.617,0.383,0.359,0.3,8,4,0,0.417,25.3,0.397
C01360,40,27.3,1,37.9,2.5,221,87,32,7072,19017,0.11,0.31,0.427,0.357,0.106,0.265,1.8,0.735,0.478,2.7,1.1,0.476,2,3,0.019,2,0.52,0.48,0.237,0.4,8,4,2,0.332,43.1,0.411
C01361,38,18.32,1,32.0,0.5,200,29,5,1000,2353,0.178,0.324,0.358,0.103,0.192,0.267,0.3,0.693,0.612,0.3,10.5,0.458,4,2,0.374,1,0.7,0.30000000000000004,0.502,3.1,1,5,1,0.494,34.6,0.411
C01362,45,32.01,2,40.3,1.8,323,79,19,6137,13315,0.197,0.87,0.618,0.3,0.173,0.187,1.7,0.268,0.3,1.0,1.0,0.745,0,3,0.039,2,0.375,0.625,0.36,4.3,8,4,1,0.423,29.8,0.56
C01363,39,13.38,1,36.2,3.6,200,76,48,9600,25260,0.644,0.466,0.691,0.064,0.439,0.316,0.7,0.486,0.452,0.4,1.0,0.316,2,1,0.518,2,0.809,0.19099999999999995,0.193,2.0,7,3,1,0.133,31.4,0.446
C01364,26,35.69,3,42.0,3.4,200,111,44,8800,26970,0.539,0.647,0.393,0.102,0.594,0.291,1.1,0.173,0.159,0.9,1.0,0.731,2,2,0.103,2,0.434,0.5660000000000001,0.527,0.5,9,4,1,0.366,25.6,0.583
C01365,52,30.71,1,36.0,5.1,200,16,61,12200,18862,0.416,0.572,0.548,0.069,0.009,0.052,3.6,0.154,0.122,5.4,4.7,0.577,6,2,0.164,1,0.509,0.491,0.431,4.1,10,3,1,0.529,30.9,0.442
C01366,36,20.71,1,17.4,3.2,220,135,31,6820,23453,0.277,0.475,0.705,0.155,0.057,0.18,5.3,0.31,0.467,8.4,3.9,0.612,5,1,0.383,1,0.485,0.515,0.687,1.2,8,5,1,0.248,33.7,0.574
C01367,38,15.47,1,32.1,1.9,200,7,17,3400,10607,0.195,0.179,0.886,0.098,0.218,0.494,1.0,0.188,0.156,0.7,11.6,0.447,3,3,0.039,2,0.463,0.5369999999999999,0.401,2.8,9,3,1,0.404,21.8,0.503
C01368,27,15.06,3,39.0,6.9,200,4,56,11200,33626,0.566,0.195,0.531,0.234,0.194,0.366,4.1,0.302,0.181,2.9,1.7,0.456,0,2,0.058,0,0.8,0.19999999999999996,0.417,0.7,7,4,1,0.268,38.2,0.338
C01369,33,32.92,2,44.8,3.1,244,25,27,6588,19901,0.307,0.561,0.766,0.247,0.365,0.133,0.0,0.42,0.233,0.0,1.7,0.312,2,1,0.352,1,0.685,0.31499999999999995,0.446,2.0,8,2,1,0.453,30.5,0.423
C01370,27,48.23,2,46.8,6.3,200,79,61,12200,27793,0.282,0.547,0.482,0.135,0.67,0.234,1.8,0.317,0.106,3.5,4.4,0.238,0,2,0.207,1,0.418,0.5820000000000001,0.161,1.0,8,4,2,0.679,34.2,0.431
C01371,36,17.28,1,33.9,1.9,200,29,21,4200,12614,0.329,0.419,0.137,0.156,0.638,0.539,0.0,0.163,0.269,0.0,1.0,0.474,1,2,0.15,2,0.778,0.22199999999999998,0.679,0.7,10,5,1,0.905,18.4,0.535
C01372,59,31.57,1,38.5,4.7,200,80,39,7800,17734,0.504,0.42,0.504,0.457,0.098,0.109,1.0,0.401,0.263,1.6,2.5,0.361,3,1,0.161,1,0.562,0.43799999999999994,0.369,3.3,9,5,1,0.6,30.7,0.448
C01373,22,7.78,2,24.5,4.2,444,59,37,16428,54170,0.272,0.147,0.758,0.209,0.245,0.551,2.6,0.29,0.186,3.5,1.0,0.916,6,3,0.264,0,0.702,0.29800000000000004,0.449,5.0,6,4,1,0.246,27.1,0.471
C01374,19,17.79,3,38.4,3.1,894,11,28,25032,46420,0.084,0.236,0.567,0.206,0.317,0.295,3.6,0.268,0.233,2.4,3.6,0.62,5,1,0.188,3,0.327,0.673,0.627,5.2,10,4,1,0.598,35.3,0.453
C01375,56,24.12,3,35.8,0.5,200,134,6,1200,2502,0.033,0.525,0.584,0.214,0.382,0.141,0.0,0.402,0.113,0.0,6.1,0.589,1,1,0.127,0,0.393,0.607,0.155,1.5,8,4,2,0.529,26.4,0.614
C01376,35,14.87,1,32.7,2.6,200,3,30,6000,15616,0.119,0.364,0.616,0.179,0.097,0.203,2.2,0.304,0.203,1.3,1.0,0.595,2,0,0.206,0,0.853,0.14700000000000002,0.496,6.0,4,3,4,0.559,29.5,0.446
C01377,30,14.66,2,37.6,5.0,200,103,57,11400,24378,0.309,0.547,0.904,0.118,0.273,0.508,3.8,0.215,0.271,6.2,1.5,0.705,0,2,0.135,2,0.724,0.276,0.125,1.8,9,4,0,0.399,34.0,0.521
C01378,50,16.99,3,36.4,3.7,219,16,35,7665,18001,0.153,0.462,0.612,0.346,0.049,0.791,3.5,0.415,0.528,6.9,1.0,0.521,2,5,0.12,1,0.607,0.393,0.641,1.1,8,2,2,0.36,38.5,0.399
C01379,31,28.81,2,44.3,4.0,200,31,41,8200,20376,0.369,0.412,0.535,0.428,0.372,0.221,2.1,0.196,0.356,2.1,3.8,0.208,3,3,0.243,0,0.752,0.248,0.284,3.6,2,4,1,0.434,30.5,0.473
C01380,60,22.13,3,18.8,0.5,200,25,4,800,2570,0.428,0.219,0.382,0.073,0.24,0.597,0.3,0.314,0.192,0.2,3.3,0.874,2,0,0.379,2,0.922,0.07799999999999996,0.311,0.8,7,2,2,0.227,17.9,0.52
C01381,46,7.16,1,36.8,0.8,200,8,7,1400,3565,0.331,0.363,0.488,0.236,0.306,0.606,0.0,0.177,0.073,0.0,7.0,0.486,5,4,0.29,0,0.438,0.562,0.237,1.3,7,4,3,0.414,20.0,0.535
C01382,32,7.64,3,24.0,3.1,200,20,41,8200,18244,0.105,0.393,0.238,0.445,0.183,0.381,0.0,0.53,0.206,0.0,14.1,0.526,2,0,0.151,0,0.848,0.15200000000000002,0.616,4.0,6,5,1,0.572,25.5,0.384
C01383,64,17.57,3,25.1,3.5,497,10,49,24353,48596,0.136,0.471,0.626,0.715,0.106,0.286,1.3,0.41,0.414,2.5,16.5,0.859,3,2,0.134,0,0.777,0.22299999999999998,0.608,1.7,6,4,0,0.466,26.6,0.399
C01384,31,31.55,3,39.0,5.7,234,10,68,15912,36874,0.599,0.319,0.447,0.397,0.223,0.159,0.0,0.383,0.3,0.0,1.0,0.71,2,1,0.247,0,0.646,0.354,0.431,0.3,4,4,2,0.167,27.1,0.351
C01385,47,5.41,2,28.4,1.9,460,9,26,11960,30276,0.586,0.556,0.676,0.232,0.226,0.274,2.5,0.52,0.405,2.5,3.2,0.561,3,0,0.079,2,0.343,0.657,0.707,7.7,9,4,2,0.239,35.2,0.406
C01386,42,18.64,2,27.4,3.6,200,30,43,8600,25733,0.598,0.712,0.298,0.299,0.299,0.195,1.8,0.416,0.345,2.2,6.2,0.264,5,6,0.058,1,0.295,0.7050000000000001,0.236,0.0,2,4,1,0.191,29.4,0.417
C01387,54,18.37,3,33.1,2.8,200,72,23,4600,8014,0.449,0.286,0.494,0.444,0.258,0.393,1.7,0.552,0.123,2.8,4.3,0.358,5,3,0.055,3,0.628,0.372,0.64,0.7,6,2,1,0.636,35.4,0.442
C01388,57,52.65,1,50.3,2.1,200,38,29,5800,11271,0.582,0.771,0.409,0.023,0.072,0.276,0.0,0.258,0.109,0.0,9.1,0.29,5,0,0.244,0,0.764,0.236,0.57,4.1,5,5,2,0.592,27.9,0.511
C01389,38,19.85,1,28.2,0.5,200,101,4,800,1807,0.086,0.529,0.568,0.165,0.033,0.439,1.5,0.506,0.108,0.9,2.3,0.785,1,0,0.145,0,0.505,0.495,0.357,4.7,7,3,2,0.588,31.4,0.546
C01390,29,30.28,2,35.1,4.1,200,46,50,10000,22208,0.157,0.311,0.868,0.064,0.451,0.462,0.7,0.218,0.311,1.0,2.2,0.45,4,3,0.14,2,0.59,0.41000000000000003,0.368,2.8,9,3,3,0.563,22.9,0.481
C01391,44,26.51,3,47.9,3.4,928,53,32,29696,67811,0.375,0.248,0.257,0.353,0.322,0.35,5.9,0.306,0.178,11.5,1.0,0.401,4,2,0.06,0,0.817,0.18300000000000005,0.253,2.4,6,2,0,0.405,47.8,0.48
C01392,30,7.6,3,43.2,1.1,200,50,11,2200,6791,0.106,0.675,0.464,0.093,0.106,0.247,0.0,0.412,0.434,0.0,1.0,0.817,1,2,0.212,2,0.546,0.45399999999999996,0.482,4.5,10,5,0,0.227,29.6,0.503
C01393,62,37.43,1,43.4,0.5,200,27,6,1200,2578,0.268,0.188,0.479,0.424,0.181,0.44,1.3,0.642,0.287,0.7,4.7,0.79,1,3,0.067,1,0.341,0.659,0.743,3.4,10,1,0,0.496,40.9,0.424
C01394,40,27.62,3,34.6,4.4,788,53,47,37036,92731,0.15,0.429,0.541,0.124,0.211,0.5,2.3,0.614,0.231,1.9,2.6,0.854,3,1,0.075,3,0.543,0.45699999999999996,0.311,9.8,7,4,0,0.503,39.8,0.362
C01395,34,32.45,2,41.7,2.8,304,3,27,8208,22554,0.555,0.414,0.49,0.394,0.341,0.89,0.0,0.286,0.274,0.0,4.3,0.769,2,1,0.09,1,0.168,0.832,0.204,1.5,9,4,2,0.328,25.3,0.446
C01396,40,212.6,1,56.2,11.6,200,88,116,23200,45573,0.266,0.403,0.455,0.385,0.254,0.665,9.1,0.116,0.093,14.2,1.1,0.162,4,3,0.224,1,0.509,0.491,0.513,0.8,6,4,0,0.568,56.0,0.367
C01397,22,7.8,2,28.2,6.0,200,68,60,12000,35249,0.169,0.577,0.544,0.292,0.424,0.462,5.1,0.386,0.088,6.8,8.0,0.765,2,1,0.262,1,0.859,0.14100000000000001,0.558,0.0,6,5,0,0.681,39.7,0.406
C01398,26,63.34,1,17.0,0.5,200,13,7,1400,3632,0.587,0.306,0.75,0.56,0.105,0.633,0.5,0.361,0.57,0.3,9.3,0.685,2,1,0.067,0,0.691,0.30900000000000005,0.499,1.0,10,1,1,0.544,19.3,0.493
C01399,52,20.95,1,41.3,1.4,388,66,18,6984,16717,0.141,0.371,0.246,0.062,0.023,0.835,0.2,0.672,0.148,0.3,4.3,0.623,2,0,0.485,2,0.665,0.33499999999999996,0.567,4.4,8,4,1,0.355,37.3,0.435
C01400,30,28.73,3,48.5,2.7,757,1,29,21953,68484,0.281,0.483,0.681,0.458,0.304,0.658,5.9,0.212,0.246,10.4,1.3,0.693,6,3,0.155,1,0.529,0.471,0.286,0.1,5,5,3,0.672,45.2,0.469
C01401,25,23.93,2,29.0,5.9,200,11,54,10800,21459,0.477,0.472,0.27,0.154,0.112,0.24,4.3,0.274,0.663,3.5,1.0,0.779,2,4,0.378,0,0.714,0.28600000000000003,0.366,2.9,0,3,0,0.865,34.0,0.38
C01402,44,19.43,2,39.7,0.5,200,3,6,1200,3920,0.109,0.653,0.257,0.238,0.064,0.332,0.6,0.554,0.306,0.4,3.9,0.712,3,1,0.016,0,0.669,0.33099999999999996,0.365,0.1,9,3,1,0.318,34.5,0.424
C01403,52,17.93,3,22.3,6.6,200,68,59,11800,30941,0.235,0.268,0.751,0.232,0.231,0.323,2.2,0.167,0.151,3.7,11.3,0.82,1,4,0.045,0,0.812,0.18799999999999994,0.634,1.6,6,4,2,0.557,21.2,0.457
C01404,47,29.41,2,43.2,3.4,200,63,31,6200,16854,0.098,0.527,0.562,0.239,0.114,0.137,0.0,0.487,0.322,0.0,3.5,0.837,3,0,0.153,2,0.589,0.41100000000000003,0.104,1.4,3,5,0,0.417,31.9,0.437
C01405,50,10.65,3,41.8,2.2,200,76,22,4400,14301,0.338,0.426,0.626,0.178,0.18,0.103,5.6,0.528,0.349,9.5,7.3,0.591,3,0,0.257,1,0.455,0.5449999999999999,0.221,6.9,6,4,3,0.471,51.0,0.469
C01406,29,37.07,2,18.8,3.1,805,1,41,33005,103476,0.46,0.483,0.732,0.18,0.628,0.393,1.9,0.225,0.168,2.6,3.3,0.66,4,1,0.278,1,0.36,0.64,0.426,1.0,7,5,0,0.263,20.5,0.455
C01407,21,19.51,3,48.3,1.9,339,31,17,5763,15578,0.207,0.388,0.208,0.1,0.434,0.37,2.6,0.652,0.497,3.0,4.5,0.652,2,2,0.041,1,0.582,0.41800000000000004,0.265,1.9,5,4,0,0.296,47.5,0.39
C01408,56,13.18,1,30.5,4.6,200,55,40,8000,24051,0.273,0.579,0.234,0.062,0.224,0.092,0.0,0.102,0.194,0.0,3.4,0.448,2,2,0.303,0,0.707,0.29300000000000004,0.403,2.4,2,5,0,0.481,15.3,0.513
C01409,34,19.15,3,30.3,0.6,200,8,7,1400,3313,0.446,0.381,0.306,0.293,0.727,0.149,0.0,0.432,0.087,0.0,3.4,0.638,7,1,0.444,0,0.579,0.42100000000000004,0.439,0.9,6,4,3,0.465,25.1,0.464
C01410,35,48.98,1,35.6,4.7,200,47,45,9000,23353,0.169,0.552,0.682,0.47,0.099,0.112,2.9,0.644,0.216,3.2,5.4,0.513,2,5,0.136,0,0.8,0.19999999999999996,0.248,0.7,8,4,4,0.748,43.1,0.339
C01411,54,18.28,1,31.3,2.0,706,4,23,16238,26373,0.142,0.515,0.41,0.178,0.103,0.558,5.2,0.214,0.062,9.7,2.0,0.858,2,3,0.109,2,0.181,0.819,0.574,0.8,9,5,1,0.464,36.1,0.489
C01412,45,29.88,3,34.4,1.7,200,9,18,3600,6047,0.315,0.361,0.583,0.051,0.236,0.41,0.5,0.186,0.404,1.0,9.4,0.639,2,2,0.46,0,0.505,0.495,0.296,0.3,9,2,2,0.507,21.0,0.511
C01413,43,16.41,2,32.3,7.8,200,29,83,16600,52437,0.292,0.755,0.641,0.183,0.07,0.394,0.0,0.219,0.427,0.0,8.0,0.466,2,3,0.267,0,0.242,0.758,0.7,0.3,4,4,2,0.202,19.5,0.368
C01414,64,37.22,2,41.5,4.3,200,48,37,7400,11983,0.18,0.504,0.551,0.238,0.364,0.467,2.4,0.544,0.061,4.4,5.2,0.493,5,4,0.235,2,0.206,0.794,0.255,2.2,7,4,1,0.379,40.8,0.38
C01415,30,35.77,2,42.1,4.7,200,7,42,8400,15446,0.444,0.285,0.818,0.071,0.208,0.325,5.0,0.517,0.311,2.8,5.4,0.634,4,1,0.043,1,0.394,0.606,0.112,0.3,10,2,2,0.445,48.8,0.333
C01416,49,67.81,2,42.3,7.0,200,9,90,18000,55650,0.287,0.458,0.691,0.286,0.06,0.132,1.1,0.405,0.238,0.9,2.1,0.472,0,0,0.056,2,0.709,0.29100000000000004,0.436,0.5,2,3,0,0.46,32.7,0.31
C01417,39,22.27,1,17.9,0.5,285,10,7,1995,2997,0.391,0.278,0.731,0.203,0.23,0.544,0.9,0.35,0.126,0.7,7.1,0.536,4,3,0.379,1,0.438,0.562,0.308,0.5,7,2,1,0.406,20.6,0.493
C01418,41,35.44,1,33.7,6.9,200,12,65,13000,26843,0.427,0.543,0.609,0.125,0.012,0.289,3.4,0.524,0.506,3.5,10.8,0.463,1,1,0.254,1,0.813,0.18700000000000006,0.295,0.4,8,4,2,0.055,40.4,0.281
C01419,56,25.89,1,29.6,0.5,200,12,4,800,2134,0.203,0.619,0.787,0.03,0.044,0.72,3.4,0.4,0.082,4.6,6.3,0.572,3,2,0.078,1,0.779,0.22099999999999997,0.326,0.4,9,1,1,0.751,35.0,0.48
C01420,44,50.04,2,41.2,2.5,664,23,21,13944,37522,0.271,0.277,0.791,0.261,0.286,0.418,1.4,0.198,0.086,2.2,1.0,0.873,7,3,0.417,0,0.431,0.569,0.448,4.0,7,1,2,0.189,27.0,0.502
C01421,44,16.52,1,32.7,1.7,200,48,20,4000,12217,0.265,0.126,0.814,0.273,0.181,0.136,3.5,0.262,0.14,6.5,6.2,0.46,2,1,0.056,0,0.7,0.30000000000000004,0.259,0.7,3,3,2,0.546,32.5,0.531
C01422,51,36.96,2,48.3,4.6,938,26,57,53466,134299,0.193,0.157,0.781,0.189,0.297,0.651,2.8,0.468,0.166,2.1,2.5,0.328,3,2,0.4,2,0.708,0.29200000000000004,0.516,0.6,9,4,1,0.276,42.6,0.371
C01423,34,22.04,2,46.3,3.3,200,67,34,6800,17128,0.224,0.698,0.586,0.356,0.127,0.318,1.5,0.342,0.171,2.1,3.8,0.945,2,2,0.242,0,0.745,0.255,0.196,0.3,8,4,1,0.097,33.7,0.487
C01424,28,23.68,1,30.7,2.6,200,57,31,6200,18294,0.452,0.441,0.446,0.39,0.318,0.315,3.3,0.193,0.467,4.4,18.9,0.679,0,2,0.106,2,0.265,0.735,0.271,3.0,7,4,2,0.406,28.9,0.538
C01425,25,25.8,2,36.6,3.0,200,6,37,7400,18480,0.27,0.492,0.376,0.129,0.44,0.414,3.0,0.369,0.422,3.6,1.8,0.655,4,2,0.327,1,0.816,0.18400000000000005,0.423,0.4,6,4,3,0.186,35.6,0.42
C01426,18,28.18,3,18.0,1.2,200,2,16,3200,8694,0.159,0.361,0.549,0.087,0.39,0.199,0.0,0.446,0.251,0.0,1.7,0.591,4,3,0.116,1,0.728,0.272,0.378,0.1,2,5,2,0.516,20.6,0.438
C01427,63,23.01,1,41.2,0.5,226,95,4,904,2979,0.089,0.318,0.495,0.349,0.163,0.048,4.4,0.745,0.24,5.6,1.2,0.523,2,2,0.294,2,0.287,0.7130000000000001,0.24,12.0,10,4,0,0.492,53.3,0.468
C01428,25,27.61,2,31.6,4.6,221,4,42,9282,21376,0.097,0.163,0.512,0.166,0.112,0.397,2.2,0.365,0.119,2.9,1.0,0.512,0,0,0.064,1,0.904,0.09599999999999997,0.41,2.1,9,2,1,0.502,30.8,0.378
C01429,35,58.44,2,39.6,5.7,200,7,48,9600,21794,0.091,0.68,0.562,0.224,0.041,0.275,4.9,0.476,0.051,9.1,1.0,0.391,3,2,0.13,1,0.793,0.20699999999999996,0.155,3.0,10,5,0,0.25,46.3,0.32
C01430,35,42.18,2,40.1,6.9,200,1,91,18200,27429,0.573,0.228,0.915,0.538,0.13,0.143,1.9,0.552,0.586,3.4,2.9,0.769,4,1,0.083,2,0.336,0.6639999999999999,0.618,5.3,10,5,1,0.422,38.9,0.26
C01431,42,39.57,2,33.6,2.0,1258,45,26,32708,89190,0.393,0.473,0.574,0.332,0.182,0.334,2.3,0.369,0.119,3.1,9.6,0.72,1,0,0.11,0,0.629,0.371,0.057,0.0,5,3,2,0.423,32.1,0.488
C01432,48,19.1,2,19.1,4.1,200,39,47,9400,14660,0.272,0.636,0.413,0.097,0.274,0.652,2.2,0.566,0.305,1.6,6.6,0.564,5,3,0.131,1,0.795,0.20499999999999996,0.584,4.1,6,3,0,0.445,31.9,0.369
C01433,48,15.04,2,25.0,2.0,352,195,17,5984,15010,0.556,0.352,0.649,0.104,0.022,0.364,2.4,0.171,0.207,4.7,1.0,0.417,3,1,0.19,1,0.86,0.14,0.379,2.9,7,3,2,0.168,23.0,0.712
C01434,31,41.49,1,40.5,6.0,200,98,58,11600,36058,0.337,0.259,0.384,0.266,0.263,0.386,4.9,0.238,0.115,7.0,3.3,0.788,2,3,0.08,0,0.295,0.7050000000000001,0.396,1.0,7,2,1,0.5,39.5,0.483
C01435,36,39.72,2,53.8,5.6,200,24,55,11000,28598,0.073,0.556,0.82,0.313,0.148,0.305,2.7,0.514,0.155,4.6,7.5,0.794,0,0,0.038,0,0.918,0.08199999999999996,0.015,0.1,10,5,1,0.215,45.8,0.33
C01436,41,55.15,2,31.1,4.6,200,21,52,10400,21208,0.11,0.32,0.544,0.105,0.035,0.51,2.0,0.29,0.111,1.2,3.1,0.558,3,2,0.311,0,0.652,0.348,0.359,2.0,6,4,1,0.236,27.7,0.419
C01437,35,17.6,1,35.4,2.0,239,16,19,4541,13951,0.228,0.253,0.375,0.33,0.174,0.582,3.4,0.462,0.382,6.3,9.7,0.386,3,1,0.384,1,0.702,0.29800000000000004,0.585,0.9,4,5,1,0.483,39.2,0.428
C01438,57,21.62,2,42.6,4.8,200,7,41,8200,16723,0.202,0.244,0.637,0.327,0.25,0.265,2.3,0.652,0.387,3.5,9.5,0.648,3,1,0.185,2,0.696,0.30400000000000005,0.088,0.1,7,4,2,0.649,44.2,0.29
C01439,44,9.96,3,27.9,3.7,200,7,46,9200,27288,0.297,0.294,0.398,0.349,0.288,0.3,7.1,0.159,0.593,10.8,1.7,0.607,4,2,0.256,2,0.896,0.10399999999999998,0.142,6.8,8,3,3,0.51,39.3,0.466
C01440,47,19.77,2,41.8,1.4,200,6,14,2800,7617,0.422,0.157,0.405,0.569,0.181,0.196,2.0,0.378,0.284,1.3,8.3,0.761,3,2,0.361,2,0.549,0.45099999999999996,0.229,0.1,7,4,1,0.267,34.7,0.458
C01441,46,42.44,2,33.2,1.0,200,5,11,2200,4048,0.178,0.103,0.633,0.299,0.518,0.143,4.3,0.328,0.141,6.7,3.5,0.736,5,2,0.132,2,0.574,0.42600000000000005,0.514,1.7,9,5,1,0.367,37.3,0.482
C01442,52,18.98,3,37.9,2.2,200,12,19,3800,12579,0.722,0.141,0.671,0.06,0.107,0.166,3.1,0.212,0.64,1.9,2.6,0.608,2,2,0.11,2,0.885,0.11499999999999999,0.289,3.2,7,2,1,0.509,31.7,0.494
C01443,40,34.89,2,40.1,6.4,200,16,82,16400,31181,0.339,0.413,0.673,0.112,0.326,0.401,0.0,0.543,0.124,0.0,6.0,0.629,3,1,0.304,1,0.775,0.22499999999999998,0.506,1.8,6,4,0,0.214,32.3,0.292
C01444,22,22.09,2,36.4,5.2,200,147,59,11800,41054,0.356,0.107,0.815,0.198,0.176,0.176,0.0,0.49,0.188,0.0,6.2,0.419,2,1,0.187,0,0.926,0.07399999999999995,0.281,10.3,7,5,1,0.829,29.3,0.482
C01445,43,29.32,3,29.1,0.9,200,39,12,2400,3635,0.256,0.101,0.937,0.114,0.512,0.343,0.7,0.343,0.323,0.4,4.5,0.727,2,2,0.304,1,0.053,0.947,0.379,2.3,10,5,1,0.575,24.2,0.517
C01446,30,13.05,3,39.0,0.5,200,198,5,1000,2027,0.437,0.363,0.325,0.262,0.101,0.142,0.0,0.207,0.125,0.0,6.7,0.556,0,0,0.34,1,0.159,0.841,0.428,2.2,10,5,2,0.267,21.8,0.742
C01447,32,25.71,2,44.4,5.6,200,21,76,15200,28876,0.27,0.57,0.59,0.081,0.247,0.442,0.7,0.268,0.364,1.1,12.1,0.504,4,5,0.105,0,0.837,0.16300000000000003,0.566,2.5,8,4,2,0.642,28.1,0.4
C01448,45,4.73,2,22.1,0.5,200,28,7,1400,2139,0.157,0.377,0.247,0.14,0.189,0.289,0.0,0.347,0.176,0.0,8.3,0.582,3,3,0.235,1,0.725,0.275,0.392,9.1,8,4,2,0.284,19.2,0.514
C01449,53,22.14,2,29.8,3.9,512,18,45,23040,68308,0.314,0.364,0.402,0.064,0.275,0.224,0.0,0.348,0.055,0.0,1.0,0.565,1,3,0.21,0,0.771,0.22899999999999998,0.709,1.0,8,4,1,0.461,22.4,0.416
C01450,38,10.01,3,39.4,1.2,200,9,16,3200,9238,0.345,0.266,0.46,0.426,0.228,0.232,1.7,0.326,0.199,2.9,7.6,0.822,1,0,0.133,0,0.876,0.124,0.334,4.5,5,5,1,0.612,31.1,0.482
C01451,42,47.62,2,29.2,7.1,200,7,71,14200,43803,0.209,0.427,0.752,0.188,0.139,0.216,5.8,0.267,0.54,7.1,6.1,0.478,5,1,0.281,1,0.647,0.353,0.285,0.2,8,3,1,0.683,38.8,0.347
C01452,58,37.62,1,35.5,2.0,382,131,20,7640,15382,0.163,0.475,0.682,0.452,0.21,0.407,0.0,0.311,0.054,0.0,10.5,0.592,3,0,0.131,1,0.586,0.41400000000000003,0.795,2.7,8,3,1,0.47,23.5,0.599
C01453,41,31.71,3,19.1,5.6,200,195,46,9200,21976,0.245,0.537,0.51,0.287,0.613,0.32,0.0,0.547,0.151,0.0,5.4,0.563,3,0,0.476,3,0.809,0.19099999999999995,0.309,2.1,8,4,0,0.378,24.0,0.507
C01454,69,56.63,2,41.2,4.6,200,2,53,10600,29873,0.289,0.194,0.464,0.198,0.049,0.289,1.1,0.357,0.122,0.6,8.4,0.651,3,3,0.138,2,0.432,0.5680000000000001,0.037,2.5,9,4,1,0.409,30.8,0.378
C01455,45,14.56,1,38.7,3.1,200,7,38,7600,18084,0.346,0.197,0.62,0.283,0.163,0.678,1.0,0.364,0.395,1.8,1.0,0.358,1,1,0.449,1,0.576,0.42400000000000004,0.109,1.5,1,5,1,0.619,29.7,0.42
C01456,18,64.14,2,33.8,0.6,569,25,8,4552,13176,0.391,0.844,0.637,0.093,0.154,0.183,0.0,0.158,0.334,0.0,15.2,0.399,2,2,0.064,1,0.528,0.472,0.65,3.1,7,4,0,0.516,18.3,0.565
C01457,47,40.96,2,36.7,0.5,200,9,4,800,2214,0.302,0.74,0.292,0.136,0.317,0.142,0.4,0.364,0.119,0.5,1.0,0.658,1,1,0.446,1,0.548,0.45199999999999996,0.63,2.7,2,4,0,0.529,26.9,0.488
C01458,43,21.54,3,31.5,2.4,200,20,26,5200,8992,0.197,0.29,0.543,0.422,0.665,0.275,0.0,0.444,0.257,0.0,8.0,0.532,4,0,0.226,1,0.126,0.874,0.851,4.8,9,4,0,0.412,25.9,0.428
C01459,53,45.81,1,53.5,4.3,200,6,39,7800,23884,0.335,0.543,0.361,0.362,0.467,0.157,2.6,0.637,0.18,4.5,10.6,0.801,1,4,0.278,2,0.596,0.404,0.433,6.1,5,5,2,0.339,49.1,0.306
C01460,46,13.35,3,34.8,0.5,200,27,6,1200,3530,0.194,0.537,0.713,0.147,0.138,0.37,2.1,0.56,0.171,1.3,1.0,0.725,2,2,0.101,2,0.882,0.118,0.463,0.6,7,4,0,0.038,37.6,0.449
C01461,36,15.59,2,35.0,0.5,200,14,4,800,2249,0.107,0.313,0.747,0.119,0.033,0.214,1.0,0.677,0.237,1.3,9.8,0.655,1,3,0.38,1,0.374,0.626,0.317,3.4,6,4,1,0.425,37.6,0.4
C01462,23,17.55,1,37.1,3.8,200,20,51,10200,18464,0.173,0.403,0.604,0.483,0.074,0.609,0.6,0.178,0.177,0.7,7.1,0.715,2,0,0.219,1,0.555,0.44499999999999995,0.598,2.0,10,4,4,0.508,22.2,0.472
C01463,35,18.34,3,28.7,3.9,200,4,37,7400,15066,0.237,0.452,0.456,0.117,0.464,0.373,0.0,0.449,0.451,0.0,10.2,0.365,2,1,0.393,2,0.499,0.501,0.45,0.9,6,1,1,0.411,25.0,0.371
C01464,28,13.72,2,42.3,2.3,200,25,22,4400,10060,0.3,0.288,0.698,0.313,0.037,0.231,1.4,0.712,0.138,1.4,1.0,0.316,4,3,0.244,3,0.699,0.30100000000000005,0.396,0.5,2,4,2,0.572,42.9,0.355
C01465,31,48.07,1,32.1,5.5,200,184,72,14400,29662,0.219,0.459,0.485,0.286,0.046,0.485,0.0,0.254,0.165,0.0,6.0,0.613,3,2,0.045,0,0.817,0.18300000000000005,0.788,0.7,1,4,1,0.262,20.5,0.586
C01466,45,21.28,2,19.8,0.5,531,18,5,2655,5192,0.315,0.251,0.267,0.092,0.05,0.042,4.5,0.485,0.355,4.1,2.7,0.568,4,5,0.56,1,0.581,0.41900000000000004,0.163,1.3,5,3,0,0.39,37.3,0.462
C01467,58,29.78,3,46.9,2.5,200,94,20,4000,12443,0.264,0.486,0.401,0.194,0.206,0.216,0.0,0.518,0.432,0.0,1.2,0.461,3,0,0.017,0,0.61,0.39,0.442,1.7,3,4,0,0.297,34.3,0.484
C01468,43,17.93,1,29.6,6.0,200,83,66,13200,36649,0.234,0.665,0.72,0.253,0.275,0.446,0.0,0.425,0.272,0.0,5.6,0.671,4,2,0.208,1,0.741,0.259,0.147,1.0,9,5,1,0.828,24.6,0.411
C01469,24,9.01,1,36.1,2.5,253,137,21,5313,13978,0.085,0.605,0.494,0.306,0.064,0.214,2.9,0.136,0.343,4.6,2.6,0.856,4,0,0.024,1,0.676,0.32399999999999995,0.168,1.2,8,4,1,0.297,28.1,0.646
C01470,43,28.46,1,29.5,3.4,610,70,47,28670,55961,0.063,0.383,0.411,0.066,0.247,0.333,0.8,0.437,0.026,1.0,9.2,0.474,3,5,0.204,3,0.605,0.395,0.332,6.1,9,3,1,0.687,27.5,0.459
C01471,52,8.57,1,32.5,7.0,200,48,81,16200,54046,0.103,0.165,0.117,0.131,0.31,0.277,2.5,0.535,0.272,3.6,5.0,0.688,3,0,0.293,0,0.754,0.246,0.38,0.5,8,4,2,0.677,37.3,0.314
C01472,31,23.62,3,28.7,0.5,200,87,5,1000,1882,0.197,0.289,0.51,0.313,0.105,0.635,4.9,0.398,0.363,5.4,1.0,0.338,7,6,0.327,0,0.735,0.265,0.295,0.1,7,4,2,0.512,39.6,0.563
C01473,36,11.56,2,34.7,4.1,200,4,47,9400,29045,0.139,0.426,0.627,0.413,0.115,0.335,2.9,0.274,0.408,4.6,1.2,0.685,4,0,0.449,0,0.433,0.567,0.645,3.4,7,3,2,0.292,31.7,0.418
C01474,38,73.19,1,28.9,8.3,200,28,70,14000,48067,0.245,0.269,0.436,0.318,0.4,0.088,0.1,0.626,0.324,0.1,1.2,0.586,5,2,0.156,0,0.783,0.21699999999999997,0.268,1.0,9,2,3,0.303,30.7,0.232
C01475,29,40.5,1,31.4,3.0,200,204,38,7600,22452,0.117,0.54,0.747,0.028,0.508,0.282,0.0,0.408,0.281,0.0,1.7,0.485,1,2,0.189,1,0.476,0.524,0.452,0.7,0,3,1,0.309,24.8,0.625
C01476,46,26.0,1,25.8,4.8,254,66,65,16510,57549,0.205,0.663,0.523,0.339,0.094,0.116,1.1,0.394,0.377,1.9,4.4,0.385,3,3,0.377,2,0.865,0.135,0.445,7.4,8,5,3,0.605,25.8,0.432
C01477,37,49.16,3,52.0,2.0,767,147,26,19942,55880,0.083,0.449,0.396,0.169,0.22,0.333,2.9,0.354,0.171,4.8,9.0,0.446,2,3,0.299,3,0.615,0.385,0.208,1.1,7,4,0,0.562,41.0,0.604
C01478,43,15.4,1,36.7,1.2,200,68,12,2400,4644,0.128,0.126,0.491,0.049,0.133,0.327,3.7,0.198,0.074,5.3,3.6,0.679,3,1,0.154,0,0.41,0.5900000000000001,0.324,1.4,4,4,0,0.435,32.8,0.585
C01479,27,33.08,3,30.7,4.1,200,94,41,8200,15643,0.36,0.61,0.705,0.272,0.39,0.325,0.1,0.274,0.183,0.1,5.6,0.567,4,5,0.096,3,0.884,0.11599999999999999,0.441,2.3,9,5,0,0.49,20.8,0.517
C01480,33,27.38,2,43.3,4.7,200,55,39,7800,16763,0.393,0.328,0.523,0.419,0.078,0.57,0.6,0.393,0.061,0.5,1.5,0.902,2,3,0.219,1,0.513,0.487,0.206,1.3,6,4,1,0.507,31.1,0.423
C01481,47,28.37,1,48.1,5.4,889,64,64,56896,86155,0.158,0.205,0.389,0.451,0.22,0.117,1.1,0.33,0.091,2.0,3.0,0.576,2,0,0.232,1,0.562,0.43799999999999994,0.121,4.4,7,4,3,0.451,32.8,0.434
C01482,34,49.39,3,38.5,7.1,462,33,80,36960,105831,0.174,0.264,0.65,0.287,0.051,0.303,1.4,0.473,0.087,0.9,2.8,0.667,4,1,0.186,1,0.671,0.32899999999999996,0.216,1.5,6,4,2,0.733,34.2,0.314
C01483,59,36.7,2,32.3,3.3,326,116,35,11410,23246,0.225,0.151,0.467,0.253,0.226,0.194,4.7,0.167,0.175,5.1,4.8,0.372,4,4,0.116,0,0.343,0.657,0.599,1.2,8,3,0,0.656,33.4,0.593
C01484,33,28.75,2,55.1,5.5,200,78,74,14800,46329,0.536,0.203,0.583,0.199,0.313,0.306,1.4,0.538,0.133,2.5,2.9,0.567,2,3,0.155,0,0.93,0.06999999999999995,0.113,2.1,0,5,1,0.316,42.8,0.384
C01485,41,9.87,3,30.1,1.7,200,84,15,3000,6655,0.251,0.409,0.451,0.46,0.085,0.314,1.5,0.221,0.085,2.1,1.6,0.195,4,2,0.23,1,0.358,0.642,0.25,6.6,8,4,1,0.331,23.6,0.583
C01486,49,14.47,1,34.5,4.4,200,50,35,7000,17219,0.13,0.466,0.227,0.426,0.047,0.256,3.1,0.527,0.056,3.6,1.1,0.66,0,2,0.371,0,0.407,0.593,0.481,1.9,7,3,0,0.325,39.8,0.385
C01487,21,22.93,1,40.7,3.3,200,16,28,5600,19216,0.485,0.62,0.464,0.258,0.175,0.215,4.6,0.271,0.201,7.8,1.2,0.8,3,4,0.025,1,0.158,0.842,0.471,0.9,9,5,0,0.551,39.6,0.452
C01488,18,25.83,2,38.6,3.9,279,2,36,10044,19931,0.08,0.236,0.716,0.015,0.168,0.365,1.4,0.175,0.273,2.8,15.8,0.44,0,1,0.256,0,0.598,0.402,0.085,1.0,9,2,2,0.112,25.3,0.451
C01489,20,13.18,1,32.8,3.4,756,123,28,21168,62287,0.236,0.452,0.879,0.415,0.213,0.312,3.8,0.325,0.412,3.0,1.8,0.461,1,2,0.182,0,0.734,0.266,0.164,0.5,8,4,0,0.556,35.4,0.551
C01490,53,92.43,1,41.1,2.5,573,40,28,16044,48296,0.511,0.326,0.737,0.052,0.167,0.534,6.5,0.469,0.434,3.7,6.6,0.682,2,0,0.147,1,0.855,0.14500000000000002,0.168,2.5,10,2,2,0.324,51.9,0.44
C01491,31,56.49,1,36.3,2.0,200,16,20,4000,7768,0.11,0.259,0.876,0.171,0.209,0.211,1.9,0.391,0.422,2.3,1.0,0.827,7,2,0.25,0,0.201,0.7989999999999999,0.5,0.1,4,4,2,0.331,32.5,0.449
C01492,69,34.16,1,32.8,3.6,200,7,33,6600,16513,0.245,0.307,0.645,0.215,0.175,0.587,0.6,0.395,0.037,0.6,1.0,0.487,3,2,0.364,2,0.732,0.268,0.585,2.9,1,4,1,0.312,26.9,0.398
C01493,31,25.52,3,32.0,0.5,372,80,6,2232,4911,0.236,0.289,0.566,0.038,0.084,0.507,5.9,0.553,0.113,8.9,4.6,0.473,4,4,0.366,2,0.9,0.09999999999999998,0.465,5.7,10,4,1,0.575,48.8,0.509
C01494,40,21.83,1,30.2,4.5,313,81,42,13146,40014,0.68,0.396,0.505,0.177,0.036,0.181,3.7,0.22,0.136,4.6,2.4,0.622,1,0,0.059,4,0.9,0.09999999999999998,0.642,2.6,3,4,0,0.274,30.9,0.508
C01495,57,14.53,2,29.5,4.3,200,76,52,10400,28548,0.381,0.218,0.887,0.102,0.189,0.3,1.3,0.491,0.27,1.6,8.5,0.772,3,3,0.168,1,0.655,0.345,0.462,4.6,5,3,0,0.279,30.8,0.427
C01496,62,25.6,2,28.9,3.7,1461,47,37,54057,132546,0.443,0.566,0.388,0.196,0.126,0.191,2.8,0.655,0.111,2.9,7.9,0.346,4,3,0.284,2,0.636,0.364,0.042,0.2,4,2,2,0.4,40.4,0.361
C01497,63,28.27,2,33.6,0.9,200,21,10,2000,6117,0.315,0.275,0.664,0.343,0.455,0.565,0.0,0.384,0.689,0.0,5.6,0.48,3,1,0.052,3,0.433,0.567,0.211,3.3,5,4,1,0.458,25.0,0.485
C01498,53,12.39,1,38.9,5.3,200,16,72,14400,28372,0.39,0.316,0.493,0.326,0.076,0.162,3.5,0.478,0.055,2.9,6.8,0.646,1,1,0.183,0,0.469,0.531,0.386,3.5,10,3,5,0.473,41.4,0.339
C01499,50,29.48,3,26.7,7.3,200,1,60,12000,36087,0.229,0.504,0.834,0.126,0.183,0.161,0.0,0.23,0.229,0.0,8.2,0.678,0,0,0.137,0,0.315,0.685,0.425,1.0,9,4,0,0.198,17.6,0.347
C01500,45,22.52,1,24.1,3.2,1062,81,35,37170,120087,0.304,0.548,0.788,0.399,0.228,0.45,3.6,0.379,0.131,5.5,6.1,0.405,4,2,0.29,2,0.619,0.381,0.359,3.0,6,5,2,0.462,32.9,0.494
