house_id,city,area_name,sqft,bedrooms,bathrooms,floors,garage_cars,has_pool,has_garden,furnished,quality,year_built,age_years,school_dist_km,hospital_dist_km,metro_dist_km,crime_rate,price_lakhs
TN3000,Coimbatore,Kodambakkam,681,3,3,1,2,0,0,Semi,Good,2016,8,1.15,4.78,2.44,4.95,44.37
TN3001,Hosur,KK Nagar,2003,2,1,1,0,1,0,Unfurnished,Good,2006,18,2.24,5.54,0.5,4.14,104.51
TN3002,Salem,Tambaram,1497,3,2,1,2,0,0,Fully,Average,2002,22,1.08,1.54,2.34,6.81,56.17
TN3003,Madurai,Sholinganallur,2075,3,3,2,1,0,0,Semi,Average,2016,8,0.6,1.69,1.84,3.81,77.41
TN3004,Chennai,T Nagar,1776,5,5,1,1,0,0,Unfurnished,Poor,2011,13,0.31,0.48,4.43,2.53,70.51
TN3005,Chennai,Nungambakkam,1478,1,1,3,1,0,1,Unfurnished,Average,2012,12,5.3,0.3,11.14,5.54,77.74
TN3006,Chennai,Porur,1792,2,2,1,0,0,1,Fully,Average,2002,22,1.45,3.08,0.5,4.2,96.81
TN3007,Tirunelveli,Sholinganallur,1273,4,3,1,0,1,0,Unfurnished,Average,2013,11,2.45,0.3,1.59,5,44.09
TN3008,Trichy,Anna Nagar,1102,4,4,1,0,1,1,Fully,Excellent,2002,22,1.69,3.97,2.35,5.92,68.23
TN3009,Salem,Sholinganallur,1815,3,2,1,0,0,0,Semi,Excellent,1992,32,5.15,2.32,2.43,3.34,82.5
TN3010,Chennai,KK Nagar,1070,4,4,2,1,0,1,Fully,Good,2015,9,1.98,0.66,5.96,4.06,82.85
TN3011,Thanjavur,Saibaba Colony,1739,2,1,3,1,0,0,Semi,Average,2018,6,1.64,2.33,2.34,3.88,51.14
TN3012,Vellore,Sholinganallur,1464,3,3,2,1,0,1,Semi,Excellent,1991,33,6.46,0.61,0.5,,73.75
TN3013,Chennai,Kodambakkam,402,2,1,1,0,0,0,Semi,Fair,2020,4,3.18,1.73,4.95,4.53,19.8
TN3014,Chennai,Saibaba Colony,,2,1,1,2,1,0,Fully,Good,2002,22,0.3,4.82,8.65,4.81,86.02
TN3015,Chennai,Sholinganallur,1601,4,3,2,1,0,0,Fully,Fair,2022,2,0.49,1.86,2.89,2.19,85.38
TN3016,Coimbatore,RS Puram,1267,2,1,3,2,0,0,Semi,Good,1993,31,3.87,0.48,3.48,5.96,69.18
TN3017,Madurai,Velachery,400,3,3,1,1,0,0,Unfurnished,Average,1993,31,4.52,3.86,0.71,5.36,15.15
TN3018,Coimbatore,T Nagar,2044,4,3,2,0,0,0,Unfurnished,Excellent,1992,32,1.97,0.62,1,2.83,130.21
TN3019,Chennai,Porur,1526,2,1,2,1,0,0,Fully,Excellent,2019,5,2.02,4.02,1.07,8.35,122.36
TN3020,Trichy,Singanallur,1650,5,5,1,1,0,1,Semi,Fair,2002,22,2.5,1.96,2.25,5.17,54.85
TN3021,Chennai,Velachery,1237,5,4,2,0,0,0,Fully,Average,1989,35,1.45,1.81,10.53,3.25,74.6
TN3022,Chennai,Porur,,3,3,1,0,0,1,Fully,Excellent,1998,26,2.85,5.72,2.95,4.49,134.8
TN3023,Coimbatore,Mylapore,2276,2,1,2,0,0,0,Unfurnished,Average,2012,12,0.29,3.7,0.85,3.76,97.7
TN3024,Coimbatore,Porur,1119,3,2,1,0,0,1,Semi,Excellent,2014,10,8.13,0.3,1.24,7.59,71.63
TN3025,Erode,T Nagar,2200,3,2,2,1,0,1,Fully,Good,1988,36,3.47,1.05,1.94,6.37,91.91
TN3026,Chennai,Nungambakkam,1629,3,2,1,1,1,0,Fully,Average,2004,20,2.49,6.14,3.9,5.41,94.76
TN3027,Madurai,Saibaba Colony,1059,2,1,3,0,0,1,Fully,Average,2009,15,0.95,0.3,2.32,7.93,38.13
TN3028,Madurai,Sholinganallur,2446,5,4,1,1,0,0,Unfurnished,Average,2012,12,0.44,2.36,1.99,2.42,91.28
TN3029,Chennai,Ramanathapuram,1626,2,2,3,1,0,1,Unfurnished,Good,1996,28,1.32,3.9,3.33,6.05,107.36
TN3030,Trichy,Mylapore,1754,3,3,2,0,0,0,Fully,Average,1986,38,2.71,2.92,1.11,5.59,57.94
TN3031,Chennai,Saibaba Colony,1329,1,1,3,0,0,0,Fully,Average,1998,26,2.51,4.29,0.5,4.04,66.67
TN3032,Chennai,RS Puram,1092,3,2,2,0,0,0,Unfurnished,Average,2006,18,1.21,3.88,0.5,4.05,59.46
TN3033,Hosur,Anna Nagar,1526,4,4,2,1,0,0,Unfurnished,Good,2015,9,2.38,3.53,1.16,6.35,86.19
TN3034,Thanjavur,Ashok Nagar,2162,2,2,1,0,0,0,Semi,Excellent,2007,17,4.2,5.17,0.5,6.2,91.04
TN3035,Erode,Chromepet,1311,2,1,1,1,0,1,Fully,Excellent,2004,20,0.2,3.11,1.64,,62.55
TN3036,Coimbatore,Kodambakkam,1438,3,2,2,1,0,0,Fully,Average,2022,2,1.5,1.54,5.93,8.13,68.65
TN3037,Chennai,Peelamedu,2105,3,2,1,1,0,0,Semi,Good,1988,36,3.55,1.92,5.04,,135.04
TN3038,Salem,Anna Nagar,1315,3,2,3,0,0,0,Semi,Good,1999,25,1.97,3.78,3.78,3.94,51.63
TN3039,Coimbatore,Gandhipuram,1680,3,2,1,1,0,0,Fully,Good,2008,16,2.64,6.27,7.66,2.92,91.94
TN3040,Chennai,Chromepet,1845,2,1,2,1,0,0,Semi,Excellent,2009,15,1.82,0.95,1.33,6.72,142.5
TN3041,Coimbatore,Peelamedu,1361,5,5,2,2,0,1,Fully,Average,1985,39,12.03,1.26,8.65,5.49,66.86
TN3042,Chennai,Kodambakkam,1589,4,3,2,1,0,0,Unfurnished,Fair,1991,33,0.2,8.01,2.04,5.93,73.9
TN3043,Tirunelveli,Mylapore,1747,3,2,2,1,1,0,Semi,Excellent,2015,9,1.69,2.59,2.05,5.64,88.53
TN3044,Chennai,Anna Nagar,1270,4,4,1,1,1,0,Fully,Average,1996,28,0.24,0.59,2.08,6.93,83.6
TN3045,Trichy,Alwarpet,1817,3,3,2,1,0,0,Semi,Good,1989,35,0.44,3.27,0.5,6.21,79.67
TN3046,Coimbatore,Alwarpet,1204,3,3,1,2,0,1,Semi,Excellent,2022,2,1.21,14.05,14.83,3.43,80.55
TN3047,Madurai,Adyar,1146,2,2,3,0,0,0,Unfurnished,Fair,1996,28,0.42,5.2,0.6,3.32,32.01
TN3048,Madurai,Gandhipuram,763,3,2,2,2,0,0,Semi,Excellent,2002,22,8.29,4.11,1.67,5.21,42.49
TN3049,Chennai,Porur,1223,3,3,3,1,0,0,Semi,Average,1986,38,7.33,0.7,1.54,9.08,66.25
TN3050,Thanjavur,RS Puram,1083,1,1,1,1,0,0,Unfurnished,Average,1994,30,,6.27,0.5,4.2,31.97
TN3051,Erode,Adyar,1270,3,2,1,0,0,0,Semi,Good,1999,25,2.55,2.24,0.66,5.23,47.03
TN3052,Hosur,Perambur,1725,4,4,1,1,0,0,Unfurnished,Excellent,2014,10,1.91,6.6,0.5,6.29,110.7
TN3053,Tirunelveli,Singanallur,673,3,3,1,1,0,1,Semi,Poor,2001,23,4.23,1.2,1.38,3.66,19.83
TN3054,Madurai,Singanallur,561,3,2,1,0,0,0,Semi,Average,1988,36,2.47,0.3,8.06,6.09,20.91
TN3055,Hosur,Pallavaram,1113,4,3,2,0,0,0,Fully,Good,1991,33,0.2,1.94,1.66,4.53,60.18
TN3056,Chennai,T Nagar,1658,1,1,1,2,0,0,Semi,Good,2015,9,3.6,0.94,0.53,7,105.54
TN3057,Chennai,Singanallur,1580,3,2,2,1,0,0,Unfurnished,Good,2018,6,3.43,3.77,4.15,2.61,102.36
TN3058,Chennai,Sholinganallur,1106,4,3,3,1,0,0,Unfurnished,Fair,1990,34,1.78,9.45,22.74,9.13,51.42
TN3059,Coimbatore,Adyar,1976,3,2,2,0,0,1,Fully,Average,2022,2,5.83,3.52,1.06,3.88,90.95
TN3060,Coimbatore,Kodambakkam,1154,3,2,1,1,0,1,Fully,Average,2018,6,5.98,6.54,1.31,5.54,52.52
TN3061,Chennai,Perambur,1658,2,2,1,1,0,0,Unfurnished,Good,1999,25,1.86,1.81,14.28,4.51,103.43
TN3062,Vellore,KK Nagar,1287,4,4,2,1,0,0,Unfurnished,Average,1998,26,2.34,4.43,0.79,2.34,48.82
TN3063,Coimbatore,T Nagar,1059,3,2,1,1,0,0,Fully,Average,1990,34,14.15,5.56,2.86,6.17,48.03
TN3064,Chennai,Porur,1178,4,4,2,1,0,0,Semi,Excellent,2021,3,0.89,3.72,1.1,3.97,104.89
TN3065,Madurai,Kodambakkam,1780,3,2,1,1,0,1,Semi,Poor,2016,8,0.98,2.13,10.77,5.55,45.35
TN3066,Chennai,Gandhipuram,1612,3,3,3,0,0,1,Unfurnished,Excellent,1987,37,0.5,2.95,15.96,2.89,120.55
TN3067,Erode,Tambaram,1886,4,3,2,2,0,1,Fully,Good,1987,37,5.66,3.62,6.74,3.98,80.92
TN3068,Chennai,T Nagar,1612,3,3,2,1,0,0,Fully,Good,2006,18,3.41,0.88,1.51,3.91,108.9
TN3069,Thanjavur,KK Nagar,725,3,2,1,1,0,0,Unfurnished,Average,2006,18,0.28,4.98,2.07,5.6,21.45
TN3070,Erode,Tambaram,2401,3,3,1,1,1,1,Fully,Poor,1994,30,10.01,9.01,1.11,5.12,56.8
TN3071,Chennai,Peelamedu,1619,4,3,2,1,0,1,Semi,Good,1987,37,3.28,1.88,8.86,4.15,106.51
TN3072,Chennai,Gandhipuram,1682,3,3,2,0,0,1,Semi,Good,1996,28,4.75,3.62,9.84,3.76,110.22
TN3073,Vellore,Velachery,1280,3,3,1,0,0,0,Semi,Good,2013,11,0.2,4.01,2.17,5.13,55.34
TN3074,Salem,Peelamedu,1951,2,1,1,1,0,0,Semi,Fair,2001,23,1.76,3.26,4.27,,56.06
TN3075,Salem,RS Puram,958,4,4,1,1,0,0,Semi,Good,1991,33,3,2.38,0.72,4.76,42.85
TN3076,Erode,KK Nagar,1724,2,2,2,1,0,0,Fully,Good,1997,27,1.96,6.4,2.28,8.44,66.36
TN3077,Chennai,Ramanathapuram,514,3,3,1,0,0,0,Semi,Good,1986,38,2.75,1.79,3.99,5.6,31.53
TN3078,Coimbatore,Porur,1755,3,3,2,1,0,1,Unfurnished,Good,1988,36,,0.3,1.95,8.35,94.47
TN3079,Chennai,Singanallur,964,3,3,2,0,0,0,Unfurnished,Good,1994,30,1.17,5.58,1.77,4.36,65.61
TN3080,Tirunelveli,Nungambakkam,1575,3,2,2,0,1,0,Fully,Good,2008,16,4.72,3.36,0.5,4.4,68.04
TN3081,Trichy,Gandhipuram,2061,2,1,3,2,0,1,Fully,Fair,2001,23,0.44,5.68,6.52,3.49,66.57
TN3082,Coimbatore,RS Puram,1820,3,3,3,1,0,0,Semi,Average,1990,34,0.79,0.45,8.81,5.1,79.23
TN3083,Chennai,Saibaba Colony,2001,4,3,2,1,1,1,Semi,Fair,2003,21,0.2,0.3,13.96,3.85,100.56
TN3084,Coimbatore,Kodambakkam,1954,4,4,1,0,1,0,Semi,Average,1989,35,1.13,8.17,5.08,3.56,94.52
TN3085,Coimbatore,Ramanathapuram,1214,2,1,2,1,0,0,Unfurnished,Average,2016,8,1.19,0.48,3.18,0.7,56.94
TN3086,Salem,RS Puram,1719,4,4,2,1,0,1,Fully,Fair,1994,30,4.09,4.98,1.25,7.43,52.61
TN3087,Trichy,Ramanathapuram,674,3,3,2,2,0,1,Fully,Average,1993,31,2.65,5.2,25,3.73,30.84
TN3088,Tirunelveli,KK Nagar,1141,4,4,2,2,0,0,Semi,Fair,2011,13,1.43,3.7,3.56,7.45,36.39
TN3089,Coimbatore,Peelamedu,2077,3,3,1,1,1,1,Unfurnished,Good,1997,27,2.64,0.42,4.57,4.31,118.41
TN3090,Chennai,Kodambakkam,,3,2,2,1,0,0,Fully,Excellent,2003,21,0.2,3.3,4.59,5.79,104.88
TN3091,Salem,Peelamedu,609,4,3,1,1,0,0,Semi,Fair,2005,19,0.5,6.6,7.46,,20.14
TN3092,Erode,Velachery,2356,4,3,2,1,1,0,Semi,Excellent,2008,16,2.47,1.66,0.5,5.33,120.17
TN3093,Madurai,RS Puram,1703,3,3,1,0,0,0,Unfurnished,Average,2022,2,2.56,1.6,1,2.48,63.99
TN3094,Erode,Mylapore,1794,2,1,2,1,0,1,Unfurnished,Average,1988,36,3.72,1.75,4.38,6.86,55.04
TN3095,Coimbatore,Peelamedu,1009,3,2,1,,1,1,Semi,Fair,2008,16,1.29,0.3,9.02,,42.17
TN3096,Madurai,Velachery,1578,3,3,2,0,0,1,Fully,Average,2019,5,3.21,6.68,4.63,,62.38
TN3097,Coimbatore,Kodambakkam,1566,2,2,2,0,0,1,Semi,Good,1987,37,2.88,6.1,2.13,1.58,80.07
TN3098,Chennai,Saibaba Colony,1080,2,2,1,1,0,0,Fully,Good,1988,36,8.27,18.51,1.79,2.99,70.71
TN3099,Chennai,Ashok Nagar,1374,4,3,2,1,0,1,Unfurnished,Fair,2021,3,0.61,2.64,5.36,5.24,66.28
TN3100,Chennai,Mylapore,775,2,1,2,,0,1,Unfurnished,Fair,2019,5,2.01,4.17,5.41,4.17,35.85
TN3101,Trichy,T Nagar,1294,3,3,2,1,0,1,Unfurnished,Average,2015,9,2.3,0.68,3.74,5.41,48.81
TN3102,Coimbatore,Singanallur,1888,2,1,1,0,1,1,Unfurnished,Average,2009,15,15,3.3,1.38,4.92,83.15
TN3103,Madurai,Velachery,1114,3,3,2,1,0,1,Semi,Average,1997,27,0.56,3.15,10.37,8.16,42.26
TN3104,Tirunelveli,KK Nagar,2308,2,1,2,0,0,0,Fully,Average,1988,36,1.85,6.94,3.21,5.58,69.22
TN3105,Chennai,Kodambakkam,804,2,2,2,1,0,1,Unfurnished,Good,1998,26,1.06,5.33,6.25,3.63,55.96
TN3106,Coimbatore,Besant Nagar,1333,4,3,2,2,0,1,Semi,Excellent,1997,27,1.87,8.36,0.96,3.71,95.44
TN3107,Erode,Singanallur,1155,4,3,2,0,0,1,Unfurnished,Average,2011,13,,6.09,1.69,6.91,39.81
TN3108,Chennai,Peelamedu,1369,2,1,1,0,0,0,Semi,Excellent,1990,34,0.2,6.09,8.3,1.44,100.74
TN3109,Chennai,Adyar,2067,3,3,1,1,0,0,Fully,Average,2001,23,2.12,0.3,0.5,5.62,112.78
TN3110,Chennai,Perambur,1007,3,3,1,2,0,1,Unfurnished,Average,2020,4,1.02,5.61,2.87,2.27,65.35
TN3111,Chennai,KK Nagar,1247,4,4,1,1,1,0,Fully,Average,2019,5,0.5,2.81,2.63,6.72,81.8
TN3112,Hosur,Pallavaram,1745,4,3,2,2,0,1,Unfurnished,Good,2001,23,0.98,1.44,5.56,3.64,96.66
TN3113,Erode,Velachery,1492,3,3,2,1,0,0,Unfurnished,Excellent,1986,38,0.2,0.3,1.32,5.55,68.16
TN3114,Trichy,Nungambakkam,1529,3,2,1,2,0,0,Unfurnished,Good,1997,27,7.51,3.4,0.99,4.57,65.27
TN3115,Tirunelveli,T Nagar,1016,4,4,3,0,1,0,Unfurnished,Average,1986,38,2.18,1.19,10.42,1.73,36.74
TN3116,Erode,Alwarpet,1418,1,1,2,0,0,0,Semi,Good,2012,12,4.22,1.89,3.39,5.78,51.63
TN3117,Chennai,Saibaba Colony,1959,3,2,3,2,0,0,Unfurnished,Fair,2010,14,1.38,3.43,0.5,3.06,95.07
TN3118,Tirunelveli,Velachery,726,4,3,2,2,0,0,Semi,Excellent,2006,18,5.84,7.28,0.86,6.1,41.4
TN3119,Madurai,RS Puram,1136,3,3,2,0,0,0,Semi,Average,1987,37,1.65,5.24,25,2.5,39.51
TN3120,Erode,Chromepet,633,3,3,1,0,0,0,Semi,Average,2019,5,2.13,1.8,0.87,4.98,21.74
TN3121,Tirunelveli,Gandhipuram,1692,3,2,1,0,0,0,Semi,Good,1996,28,1.69,1.47,3.77,4.58,60.19
TN3122,Coimbatore,Pallavaram,2001,3,2,1,,0,0,Semi,Good,2008,16,,0.82,2.18,3.29,102.27
TN3123,Chennai,Chromepet,1367,3,3,2,0,1,0,Semi,Fair,1989,35,2.09,1.4,8.67,7.26,66.09
TN3124,Chennai,Saibaba Colony,998,3,2,1,2,0,1,Semi,Good,2004,20,0.79,0.35,5.63,4.57,75.6
TN3125,Coimbatore,Chromepet,1011,3,3,2,1,0,0,Unfurnished,Average,1997,27,0.39,10.63,3.63,3.66,47.02
TN3126,Vellore,Alwarpet,1316,3,3,1,1,0,0,Fully,Good,1996,28,2.33,2.56,0.5,5.1,61.83
TN3127,Tirunelveli,Pallavaram,1315,4,4,2,1,0,1,Unfurnished,Good,1997,27,1.68,0.41,8.47,,52.83
TN3128,Chennai,Pallavaram,1860,2,1,1,1,0,0,Unfurnished,Good,1994,30,0.25,1.31,2.35,9.4,113.93
TN3129,Madurai,Velachery,1149,3,3,1,1,0,1,Unfurnished,Good,2017,7,1.26,2.38,10.73,2.33,53.83
TN3130,Coimbatore,Besant Nagar,1646,3,3,1,1,0,1,Semi,Average,2000,24,1.81,2.28,2.74,5.6,74.34
TN3131,Chennai,Velachery,1313,3,2,2,,0,0,Unfurnished,Fair,2019,5,4.38,0.3,4.74,4.62,62.15
TN3132,Chennai,Ashok Nagar,1115,2,1,1,1,0,0,Fully,Good,1987,37,0.2,9.04,0.5,6.86,68.29
TN3133,Coimbatore,Chromepet,1301,3,2,2,1,0,0,Unfurnished,Average,1989,35,1.07,0.97,5.47,4.86,54.89
TN3134,Hosur,Ashok Nagar,1601,4,4,1,1,0,0,Fully,Average,2010,14,4.32,0.3,1.65,3.22,70.35
TN3135,Coimbatore,Anna Nagar,1862,3,2,1,2,0,0,Unfurnished,Average,1995,29,2.61,0.3,1.73,0.78,84.94
TN3136,Madurai,Gandhipuram,1337,4,3,2,1,0,0,Unfurnished,Fair,1991,33,0.86,2.6,0.51,0.94,41.08
TN3137,Salem,Saibaba Colony,908,5,5,1,1,0,1,Semi,Good,1994,30,4.67,0.44,0.64,4.02,46.05
TN3138,Coimbatore,Pallavaram,1900,2,2,3,,0,0,Fully,Fair,2018,6,1.7,0.3,0.82,7.24,73.33
TN3139,Thanjavur,Peelamedu,1046,2,2,3,1,1,0,Unfurnished,Good,1987,37,1.72,1.43,1.59,1.16,44.84
TN3140,Thanjavur,Saibaba Colony,1567,5,5,1,1,1,1,Semi,Average,1992,32,9.39,2.92,8.9,8.2,51.36
TN3141,Chennai,Ramanathapuram,1439,5,4,1,0,1,0,Unfurnished,Poor,2015,9,7.35,0.36,1.84,6.67,58.66
TN3142,Coimbatore,Ashok Nagar,1379,2,2,1,1,0,0,Fully,Average,1995,29,1.11,1.13,5.15,1.8,61.96
TN3143,Coimbatore,Ashok Nagar,,1,1,2,1,0,0,Fully,Poor,1991,33,0.38,1.62,0.5,2.33,41.89
TN3144,Chennai,Kodambakkam,1729,2,2,2,0,0,0,Unfurnished,Average,1986,38,0.99,0.52,3.58,2.53,93.25
TN3145,Chennai,Ashok Nagar,400,5,5,2,2,0,1,Unfurnished,Good,1990,34,0.2,2.12,2.63,5.1,41.8
TN3146,Trichy,Sholinganallur,1961,2,1,2,0,0,0,Unfurnished,Fair,2016,8,0.2,0.3,15.26,4.39,52.47
TN3147,Madurai,Sholinganallur,1039,3,2,1,2,1,0,Semi,Good,2004,20,1.26,0.3,7.49,4.31,51.91
TN3148,Chennai,Peelamedu,1634,4,3,2,1,0,0,Unfurnished,Poor,2018,6,7.08,2.2,2.43,3.49,61.29
TN3149,Chennai,Pallavaram,1610,1,1,2,1,0,0,Semi,Average,2000,24,,0.85,5.97,4.86,82.01
TN3150,Tirunelveli,Pallavaram,2024,3,3,2,1,0,0,Semi,Good,2009,15,1.79,0.3,0.86,6.17,77.46
TN3151,Chennai,Perambur,1539,2,1,3,1,1,1,Unfurnished,Average,1996,28,2.08,1.65,3.31,4.24,88.54
TN3152,Chennai,KK Nagar,1077,4,3,2,1,0,1,Semi,Fair,1991,33,0.2,7.4,0.5,3.17,54.07
TN3153,Coimbatore,Alwarpet,728,2,2,1,1,0,0,Semi,Average,2001,23,0.61,3.86,1.71,6.48,31.48
TN3154,Thanjavur,Tambaram,1293,3,2,2,1,1,0,Semi,Average,1995,29,0.2,5.07,1.02,4.06,45.22
TN3155,Chennai,Velachery,569,3,2,2,1,0,1,Unfurnished,Good,1990,34,,6.17,5.08,5.6,39.57
TN3156,Trichy,Nungambakkam,1167,2,2,1,2,0,0,Fully,Average,2007,17,0.39,10.79,2.69,4.3,43.36
TN3157,Erode,Mylapore,1318,1,1,3,0,0,0,Unfurnished,Good,2011,13,5.08,4.32,5.56,6.67,47.18
TN3158,Chennai,Velachery,1140,3,3,1,1,0,0,Fully,Excellent,1990,34,2.58,2.81,2.9,6.97,93.54
TN3159,Salem,Chromepet,1469,2,2,2,0,0,0,Semi,Average,2022,2,0.65,1.36,0.5,6.9,44.67
TN3160,Coimbatore,Pallavaram,1344,4,4,2,1,0,0,Unfurnished,Excellent,1986,38,0.43,0.6,5.32,3.4,93.01
TN3161,Trichy,Nungambakkam,1303,4,3,1,1,1,1,Fully,Average,2006,18,,3.48,7.16,3.38,57.21
TN3162,Trichy,Mylapore,400,3,2,3,0,0,1,Fully,Excellent,2004,20,5.78,15.87,9.35,6.25,25.21
TN3163,Madurai,Velachery,867,3,2,3,0,0,0,Fully,Fair,2009,15,3.17,1.89,3.39,4.37,28.24
TN3164,Chennai,Pallavaram,1739,3,2,2,0,0,0,Semi,Good,1999,25,1.07,3.86,5.6,4.43,112.53
TN3165,Vellore,Anna Nagar,1812,4,4,1,1,0,1,Unfurnished,Average,2013,11,2.21,2.05,5.58,3.11,66.55
TN3166,Coimbatore,Ramanathapuram,623,3,3,1,1,0,0,Fully,Average,1992,32,0.93,1.7,0.68,7.32,30.9
TN3167,Chennai,Nungambakkam,1083,2,1,1,2,0,1,Unfurnished,Good,2021,3,15,1.58,0.72,6.58,70.48
TN3168,Chennai,Tambaram,,2,1,1,1,0,0,Semi,Good,2017,7,3.45,2.11,0.5,4.26,124.04
TN3169,Madurai,Peelamedu,1127,3,2,2,0,0,0,Semi,Poor,2006,18,2.38,1.37,1.54,3.21,29.07
TN3170,Trichy,Alwarpet,1400,3,2,3,2,0,0,Unfurnished,Fair,1989,35,1.38,4.14,2.57,3.12,43.22
TN3171,Chennai,Adyar,2099,3,3,2,1,0,1,Semi,Good,2002,22,2.41,6.22,24.66,4.77,131.98
TN3172,Madurai,Gandhipuram,1287,2,1,3,1,0,0,Semi,Good,2022,2,1.04,6.43,2.26,5.27,57.76
TN3173,Chennai,T Nagar,1223,3,3,2,0,0,0,Fully,Excellent,2021,3,0.2,0.78,5.18,2.78,101.86
TN3174,Trichy,Anna Nagar,1379,2,1,2,1,0,0,Fully,Good,2014,10,1.26,6.79,4.73,2.01,62.33
TN3175,Chennai,Ramanathapuram,2284,2,1,3,2,0,1,Semi,Excellent,2015,9,,1.25,0.92,4.66,181.38
TN3176,Salem,Kodambakkam,1651,3,2,2,1,0,1,Fully,Good,1994,30,2.46,1.11,0.5,,68.49
TN3177,Coimbatore,Alwarpet,,2,2,3,1,0,1,Semi,Average,1999,25,0.22,3.89,3.16,4.65,63.34
TN3178,Hosur,Ashok Nagar,,3,2,1,1,1,1,Semi,Fair,2002,22,5.41,1.09,4.82,4,48.4
TN3179,Chennai,KK Nagar,1692,3,3,1,2,0,0,Semi,Good,2007,17,0.78,0.3,25,2.24,107.65
TN3180,Coimbatore,Tambaram,1747,3,3,3,0,0,0,Fully,Good,2017,7,0.7,1.4,1.78,3.23,101.27
TN3181,Chennai,Peelamedu,967,3,2,2,1,0,0,Semi,Poor,2000,24,0.88,3.83,9.07,6.26,38.23
TN3182,Hosur,Adyar,1759,2,2,3,2,0,0,Unfurnished,Average,2022,2,2.15,1.19,1.92,1.99,76.79
TN3183,Tirunelveli,Chromepet,1382,2,2,3,0,0,1,Unfurnished,Excellent,2019,5,1.97,2.98,4.68,8.05,60.6
TN3184,Chennai,RS Puram,1461,4,4,1,,0,1,Fully,Average,2018,6,1.69,3.24,3.65,4.67,88.18
TN3185,Trichy,Pallavaram,1052,3,2,2,1,0,0,Unfurnished,Average,2012,12,3.16,3.97,0.5,1.33,41.48
TN3186,Vellore,Sholinganallur,1270,3,3,1,1,0,1,Semi,Average,1986,38,0.95,6.82,0.5,5.51,42.07
TN3187,Madurai,Singanallur,986,1,1,2,1,0,1,Semi,Average,2014,10,3.81,1.7,0.5,5.4,37.33
TN3188,Madurai,Saibaba Colony,965,3,2,2,1,0,0,Semi,Average,1997,27,0.48,0.55,1.85,3.62,37.06
TN3189,Chennai,T Nagar,,3,2,1,1,1,0,Fully,Average,2000,24,3.82,1.15,5.48,6.38,95.49
TN3190,Chennai,Adyar,1290,3,3,2,0,1,0,Fully,Fair,1989,35,2.73,1.7,0.76,3.26,69.33
TN3191,Tirunelveli,Chromepet,865,3,3,2,,0,0,Semi,Good,2012,12,2.87,3.75,3.72,5.76,34.95
TN3192,Tirunelveli,Kodambakkam,2430,2,2,1,0,0,0,Semi,Average,2004,20,1.64,0.3,1.36,4.43,71.48
TN3193,Trichy,Nungambakkam,944,2,2,2,0,0,0,Unfurnished,Good,2008,16,2.75,1.14,6.38,3.93,37.88
TN3194,Coimbatore,Adyar,1941,4,3,2,,0,0,Semi,Excellent,2011,13,0.21,4.54,6.41,7.19,132.35
TN3195,Coimbatore,Pallavaram,786,4,3,3,1,1,1,Fully,Average,2014,10,4.77,3.33,5.97,6.47,49.49
TN3196,Salem,Ashok Nagar,1655,2,2,1,2,0,0,Unfurnished,Good,2011,13,0.2,3.95,2.98,2.29,66.17
TN3197,Tirunelveli,Chromepet,,3,2,1,0,0,0,Semi,Average,2010,14,0.4,5.01,1.34,5.26,41.91
TN3198,Tirunelveli,Sholinganallur,1167,2,2,2,1,0,1,Semi,Excellent,1991,33,2.15,4.59,6.63,8.29,50.89
TN3199,Erode,Alwarpet,1539,2,1,1,0,0,0,Unfurnished,Average,2022,2,3.36,3.44,0.82,7.24,44.48
TN3200,Trichy,RS Puram,1478,3,2,3,1,0,0,Unfurnished,Good,1989,35,0.2,1.74,1.37,2.68,65.39
TN3201,Chennai,Chromepet,1084,2,2,1,1,0,1,Unfurnished,Good,2007,17,6.34,12.33,0.81,7.69,70.91
TN3202,Chennai,Singanallur,1064,3,3,2,0,0,0,Unfurnished,Average,2012,12,9.09,2.53,4.49,6.36,55.11
TN3203,Tirunelveli,Mylapore,742,3,3,2,2,0,1,Unfurnished,Fair,2018,6,2.33,0.68,4.64,2.4,23.06
TN3204,Trichy,Velachery,1588,2,2,1,0,0,0,Unfurnished,Good,1999,25,1.64,1.04,4.23,4.92,62.08
TN3205,Chennai,Porur,886,1,1,1,1,0,0,Semi,Good,2016,8,3.38,3.55,2.15,5.46,55.87
TN3206,Chennai,Pallavaram,1452,4,3,2,2,0,0,Fully,Average,2010,14,1,7.76,0.5,,88.2
TN3207,Trichy,Chromepet,1717,2,2,2,2,0,0,Semi,Good,2015,9,1.7,0.59,9.68,5.91,73.41
TN3208,Chennai,Saibaba Colony,1544,3,2,1,,0,1,Fully,Average,2003,21,6.2,0.3,2.83,9.36,87.69
TN3209,Chennai,Singanallur,1125,3,2,3,1,1,1,Unfurnished,Good,1993,31,7.79,6.4,2.09,7.23,81.94
TN3210,Madurai,Velachery,1859,3,3,1,0,1,1,Semi,Fair,2013,11,6.55,7.41,3.55,4.82,59.7
TN3211,Salem,Perambur,1266,3,3,2,0,1,1,Semi,Excellent,1988,36,0.76,0.97,0.86,3.94,68.96
TN3212,Trichy,Tambaram,850,2,1,2,1,0,0,Fully,Average,1987,37,0.66,1.42,0.57,5.16,33.52
TN3213,Chennai,Anna Nagar,,2,2,1,1,1,1,Unfurnished,Average,2013,11,0.88,3.24,2.08,2.55,78.79
TN3214,Salem,Velachery,1714,2,2,3,0,0,1,Semi,Fair,1995,29,1.46,1.2,1.03,3.54,48.82
TN3215,Chennai,Adyar,1147,3,2,1,1,1,1,Unfurnished,Fair,2017,7,0.94,6.29,1.12,0.58,65.99
TN3216,Coimbatore,Sholinganallur,1845,3,2,1,1,0,1,Semi,Average,2022,2,1.17,0.34,8.92,5.37,82.7
TN3217,Salem,Perambur,1103,2,2,1,1,1,0,Semi,Average,1995,29,2.42,0.3,3.03,3.82,37.02
TN3218,Trichy,Anna Nagar,1165,1,1,2,1,0,0,Fully,Good,2011,13,3.59,0.7,2.64,5.74,45.04
TN3219,Vellore,Porur,979,3,3,2,1,0,1,Fully,Poor,2017,7,3.33,1.01,4.68,4.74,29.06
TN3220,Trichy,Sholinganallur,1758,3,3,2,1,0,0,Unfurnished,Average,2005,19,4.21,0.36,12.11,2.48,61.43
TN3221,Madurai,Chromepet,1426,5,4,1,0,0,0,Unfurnished,Average,2015,9,0.2,0.3,0.5,4.9,55.77
TN3222,Chennai,Velachery,1009,3,2,1,1,0,1,Semi,Poor,2022,2,0.2,4.23,7.17,3.07,43.85
TN3223,Coimbatore,Saibaba Colony,1272,3,3,2,0,0,0,Fully,Fair,1986,38,3.89,0.54,3.51,7.81,45.18
TN3224,Chennai,Alwarpet,400,3,3,1,0,0,0,Semi,Average,2011,13,,7.36,0.63,2.81,25.83
TN3225,Chennai,T Nagar,1800,4,4,3,1,0,0,Unfurnished,Average,2020,4,2.16,1.38,1.41,3.56,105.05
TN3226,Thanjavur,Tambaram,1373,4,3,1,2,0,1,Unfurnished,Average,1995,29,0.2,3.33,2.63,2.47,46.5
TN3227,Coimbatore,Gandhipuram,400,3,3,2,0,0,0,Fully,Average,2002,22,0.74,0.77,4.7,2.3,22.97
TN3228,Tirunelveli,Kodambakkam,794,2,1,1,1,0,1,Fully,Good,1985,39,2.54,0.82,1.11,4.56,28.99
TN3229,Trichy,Perambur,1260,2,2,2,1,0,0,Unfurnished,Poor,2019,5,4.9,2.56,3.06,2.01,32.43
TN3230,Erode,Porur,859,3,2,1,0,0,0,Semi,Average,2019,5,6.22,2.47,4.62,4.12,28.98
TN3231,Madurai,Perambur,1807,3,3,1,1,0,0,Semi,Excellent,2015,9,1.73,4.39,2.38,5.36,95.21
TN3232,Madurai,Nungambakkam,1638,3,2,1,1,0,1,Fully,Average,2012,12,1.97,4.25,7.95,3.65,58.53
TN3233,Coimbatore,Adyar,1612,2,2,1,0,0,0,Semi,Good,1985,39,4.48,3.33,8.14,0.5,81.5
TN3234,Chennai,Ashok Nagar,400,3,3,1,1,0,1,Unfurnished,Average,2009,15,1.93,1.79,2.54,7.17,25.3
TN3235,Salem,Gandhipuram,1214,4,4,2,1,0,1,Unfurnished,Good,2022,2,1.82,6.64,14.44,,51.95
TN3236,Chennai,Adyar,1136,2,2,2,1,0,1,Semi,Good,2004,20,5.89,2.92,0.5,5.06,75.96
TN3237,Chennai,Ashok Nagar,1021,3,2,2,1,1,1,Semi,Average,1987,37,3.9,13.88,0.5,4.04,62.72
TN3238,Trichy,Porur,1263,3,2,2,0,0,0,Fully,Excellent,1986,38,5.99,5.13,1.92,6.12,64.36
TN3239,Chennai,T Nagar,943,4,3,2,1,0,0,Semi,Fair,2002,22,0.62,0.3,3.68,6.38,46.79
TN3240,Hosur,Ramanathapuram,,4,3,2,0,0,1,Semi,Poor,1994,30,1.86,1.16,3.97,,44.19
TN3241,Hosur,Gandhipuram,1795,3,2,2,1,0,1,Semi,Good,1989,35,4.62,2.55,2.59,5.04,87.37
TN3242,Hosur,T Nagar,1756,3,3,2,1,0,1,Semi,Good,1993,31,0.29,3.83,0.53,1.75,93.28
TN3243,Coimbatore,Porur,1388,4,3,2,0,0,1,Fully,Fair,1986,38,3.96,2.4,0.75,5.31,58.52
TN3244,Chennai,Alwarpet,2350,3,2,1,1,0,1,Fully,Average,2018,6,0.51,4.63,7.65,5.03,129.51
TN3245,Hosur,Adyar,1963,3,2,1,0,0,0,Semi,Poor,2022,2,4.13,1,8.1,3.4,61.27
TN3246,Coimbatore,T Nagar,1404,4,3,2,1,0,1,Fully,Average,2015,9,2.37,0.61,4.48,2.9,72.75
TN3247,Thanjavur,Ramanathapuram,1233,2,2,1,1,0,1,Fully,Good,1994,30,0.54,0.3,4.37,5.59,47.74
TN3248,Thanjavur,Besant Nagar,2052,3,3,3,0,1,1,Unfurnished,Average,1996,28,1.6,2.56,3.64,4.35,68.1
TN3249,Vellore,Perambur,1903,4,4,3,2,0,0,Semi,Average,2020,4,2.86,3.5,0.91,3.72,74.53
TN3250,Chennai,Ashok Nagar,815,3,3,1,1,0,1,Semi,Average,2005,19,2.51,1.18,2.24,7.84,50.87
TN3251,Coimbatore,Gandhipuram,1939,3,2,1,0,1,1,Unfurnished,Poor,1990,34,1.39,2.85,4.76,5.84,57.38
TN3252,Vellore,Velachery,1381,2,1,2,1,0,0,Unfurnished,Average,1987,37,5.74,0.3,3.08,5.37,43.35
TN3253,Coimbatore,Tambaram,1063,3,3,2,1,0,1,Semi,Good,1994,30,1.83,0.31,0.5,6.94,59.06
TN3254,Chennai,Saibaba Colony,559,2,2,1,2,0,0,Unfurnished,Excellent,1989,35,1.76,3.63,12.28,5.16,44.42
TN3255,Madurai,Peelamedu,1329,2,1,2,1,0,1,Semi,Good,2010,14,0.2,1.38,7.45,3.09,58.57
TN3256,Hosur,Ramanathapuram,1444,3,2,2,1,0,0,Semi,Poor,2005,19,6.38,3.34,1.21,3.72,47.71
TN3257,Salem,KK Nagar,2164,2,2,1,1,0,0,Semi,Excellent,2010,14,0.49,5.35,3.83,5.96,102.1
TN3258,Madurai,Pallavaram,1881,3,3,1,1,0,0,Unfurnished,Good,2022,2,1.88,5.74,10.27,5.75,81.02
TN3259,Chennai,Ramanathapuram,1188,3,3,2,,0,1,Unfurnished,Good,2010,14,4.07,0.57,0.5,5.39,81.2
TN3260,Trichy,KK Nagar,1625,5,5,1,0,0,0,Semi,Average,1992,32,0.61,2,2.8,2.22,61.24
TN3261,Thanjavur,Gandhipuram,1822,3,2,2,,0,1,Fully,Average,1989,35,1.87,3.97,2.44,6.13,57.64
TN3262,Chennai,Alwarpet,1489,2,1,2,1,0,1,Semi,Average,1999,25,0.69,4.46,2.11,4.37,81.26
TN3263,Madurai,KK Nagar,1186,2,1,2,2,0,1,Fully,Fair,2000,24,3.56,4.61,7.22,5.7,38.1
TN3264,Tirunelveli,Gandhipuram,1211,3,3,3,0,0,0,Semi,Average,1985,39,2.08,0.78,1.92,2.84,38.63
TN3265,Salem,Perambur,,3,2,3,1,0,1,Unfurnished,Average,2000,24,4.84,0.64,0.5,8.43,56.87
TN3266,Salem,Besant Nagar,1636,3,2,1,2,0,1,Unfurnished,Average,2021,3,5.62,2.67,0.5,4.99,60.1
TN3267,Salem,Adyar,1318,3,3,1,1,1,0,Unfurnished,Good,1987,37,2.62,4.05,0.5,,56.4
TN3268,Coimbatore,KK Nagar,400,2,2,2,2,0,0,Unfurnished,Average,2015,9,3.23,1.15,2.1,5.79,23.16
TN3269,Chennai,Saibaba Colony,869,3,3,2,1,0,0,Semi,Fair,1997,27,1.99,0.33,5.07,6.22,41.14
TN3270,Erode,Ramanathapuram,1729,3,3,1,1,1,1,Unfurnished,Excellent,2000,24,1.21,3.78,0.91,5.77,86.77
TN3271,Vellore,Mylapore,491,2,2,3,1,0,0,Semi,Excellent,2005,19,,1.07,4.16,2.51,26.32
TN3272,Tirunelveli,Perambur,1983,2,2,1,0,1,0,Fully,Good,1986,38,5.97,0.55,4.65,6.79,77.44
TN3273,Hosur,Ashok Nagar,1916,2,1,1,1,0,1,Fully,Excellent,2011,13,1.35,0.48,1.18,3.81,119.76
TN3274,Madurai,Tambaram,1468,2,1,1,0,0,0,Semi,Average,2022,2,0.94,1.13,3.67,4.47,54.16
TN3275,Madurai,Besant Nagar,1719,3,2,2,1,0,1,Semi,Excellent,2010,14,1.23,2.69,4.62,0.5,96.35
TN3276,Erode,Perambur,1688,2,1,2,1,0,1,Semi,Fair,2022,2,1.43,1.33,2.51,3.57,46.38
TN3277,Trichy,Gandhipuram,1397,2,1,1,1,0,0,Unfurnished,Average,2009,15,0.2,0.3,1.64,3.56,48.31
TN3278,Salem,Anna Nagar,832,2,1,1,0,1,1,Fully,Average,1995,29,1.73,0.31,3.86,5.4,33.39
TN3279,Erode,Kodambakkam,1885,5,5,1,,0,0,Fully,Fair,1992,32,1.7,1.03,15.24,3.45,55.39
TN3280,Tirunelveli,Besant Nagar,2083,4,4,2,0,0,0,Unfurnished,Fair,1992,32,2.22,3.23,2.23,1.26,55.97
TN3281,Coimbatore,Porur,906,2,2,1,0,0,1,Fully,Good,2017,7,1.13,0.31,1.99,4.99,50.23
TN3282,Coimbatore,Ashok Nagar,815,3,2,3,0,0,0,Semi,Good,1991,33,2.37,2.47,2.5,4,47.37
TN3283,Chennai,Nungambakkam,1388,2,1,1,2,0,1,Semi,Good,2022,2,5.26,0.38,0.5,,96.94
TN3284,Madurai,Perambur,1168,3,3,3,2,0,0,Semi,Fair,2005,19,7.78,0.71,3.22,4.68,41.74
TN3285,Chennai,Chromepet,1515,1,1,1,1,0,0,Fully,Good,1992,32,2.19,0.57,1.59,0.94,98.06
TN3286,Coimbatore,Anna Nagar,1994,3,3,2,2,0,1,Fully,Good,2005,19,0.2,0.3,0.52,5.74,110.6
TN3287,Madurai,Kodambakkam,439,3,3,1,0,0,0,Fully,Average,2004,20,8.7,3.34,2.51,4.13,17.94
TN3288,Chennai,KK Nagar,2162,4,4,1,2,1,1,Semi,Good,1992,32,3.06,1.87,0.5,3.97,153.74
TN3289,Madurai,Gandhipuram,1267,2,1,3,0,0,0,Semi,Average,2015,9,1.02,5.33,2.06,6.41,45.57
TN3290,Chennai,Porur,1680,4,3,3,0,0,1,Fully,Average,2013,11,0.4,0.31,0.5,3.43,101.28
TN3291,Chennai,Besant Nagar,1728,4,3,2,0,0,0,Semi,Excellent,1993,31,0.39,0.47,0.5,5.02,134.95
TN3292,Vellore,T Nagar,1781,2,2,2,,0,0,Unfurnished,Average,1999,25,0.46,1.1,6.96,4.24,57.82
TN3293,Coimbatore,Singanallur,1478,3,2,2,1,0,0,Fully,Average,2014,10,0.2,4.36,9.92,10,66.04
TN3294,Chennai,Velachery,1583,2,2,3,1,1,0,Semi,Excellent,2010,14,5.81,1.09,0.93,5.48,131.5
TN3295,Madurai,Anna Nagar,1580,2,1,1,2,0,1,Unfurnished,Good,1994,30,1.95,1.57,3.1,2.22,68.85
TN3296,Erode,Ramanathapuram,1166,2,2,2,1,0,0,Semi,Fair,2013,11,3.01,1.08,1.3,8,32.45
TN3297,Chennai,Nungambakkam,659,3,3,2,0,0,0,Semi,Fair,2000,24,4.4,0.3,2.72,6.59,34.13
TN3298,Trichy,Saibaba Colony,901,3,2,1,1,0,0,Semi,Poor,2020,4,3.92,8.41,2.3,4.59,24.54
TN3299,Chennai,T Nagar,1403,4,3,3,1,0,1,Unfurnished,Good,2004,20,5.36,2.39,1.25,3.63,98.17
TN3300,Chennai,Sholinganallur,1096,2,1,1,1,1,1,Unfurnished,Average,2021,3,8.55,4.65,4.82,1.85,66.04
TN3301,Madurai,Kodambakkam,1097,5,4,1,1,0,0,Semi,Fair,2006,18,1.45,3.22,0.54,5.36,34.3
TN3302,Madurai,T Nagar,2260,2,1,2,1,0,0,Unfurnished,Excellent,1991,33,7.51,2.17,0.5,3.15,109.38
TN3303,Trichy,Sholinganallur,1837,4,4,2,0,0,0,Semi,Average,2007,17,3.21,0.3,5.84,2.74,67.96
TN3304,Salem,Anna Nagar,,3,2,1,1,0,1,Semi,Average,2013,11,0.2,3.09,4.39,6.05,47.43
TN3305,Thanjavur,RS Puram,1752,2,1,1,2,0,0,Semi,Average,2000,24,2.86,0.51,2.76,7.59,52.22
TN3306,Madurai,Adyar,1261,4,4,3,0,0,0,Fully,Good,2022,2,2.9,1.61,2.52,3.55,65.02
TN3307,Coimbatore,Besant Nagar,1500,3,2,1,2,0,1,Unfurnished,Fair,2012,12,5.91,2.98,2.75,6.11,58.69
TN3308,Erode,Ramanathapuram,1649,3,3,2,1,1,1,Semi,Average,2022,2,1.17,4.57,2.3,4.92,64.3
TN3309,Chennai,Velachery,1262,3,2,2,0,0,0,Semi,Good,2015,9,2.2,3.47,2,5.22,79.07
TN3310,Coimbatore,Nungambakkam,1142,3,2,2,2,0,1,Unfurnished,Average,1998,26,0.2,3.34,2.77,2.86,58.31
TN3311,Chennai,Ramanathapuram,2001,3,3,3,1,0,0,Fully,Average,2017,7,1.01,0.48,3.01,4.08,113.03
TN3312,Chennai,Porur,1726,3,2,2,1,0,1,Semi,Average,1993,31,0.2,1.27,4.71,2.31,95.95
TN3313,Thanjavur,Adyar,435,2,1,2,0,1,0,Fully,Poor,2011,13,1.84,0.3,4.97,2.05,17.25
TN3314,Vellore,Ashok Nagar,1149,3,2,2,0,0,0,Unfurnished,Fair,2008,16,4.25,3.81,1.9,5.54,28.63
TN3315,Salem,RS Puram,1098,4,3,2,,0,1,Unfurnished,Average,1997,27,0.58,9.15,2.13,3.45,39.23
TN3316,Coimbatore,Peelamedu,1170,2,2,2,1,0,0,Semi,Average,2010,14,1.87,0.92,1.87,2.67,56.53
TN3317,Chennai,Ashok Nagar,1838,2,2,3,2,0,0,Unfurnished,Poor,2013,11,0.57,0.3,3.08,2.08,70.66
TN3318,Chennai,Tambaram,1459,3,2,1,0,0,0,Semi,Good,2012,12,0.32,1.94,2.42,,99.19
TN3319,Chennai,Besant Nagar,825,3,2,1,0,0,1,Unfurnished,Excellent,2012,12,1.79,5.83,8.81,0.59,68.89
TN3320,Madurai,Pallavaram,1278,3,3,1,0,0,0,Semi,Good,1992,32,0.21,2.41,4.77,4.72,55.93
TN3321,Salem,Gandhipuram,1694,2,2,1,1,1,1,Semi,Excellent,2007,17,2.21,0.3,9.16,0.5,88.64
TN3322,Trichy,Peelamedu,1351,3,2,1,2,0,0,Unfurnished,Average,2013,11,,10.98,4.94,5.44,52.3
TN3323,Chennai,Alwarpet,1160,2,2,3,1,1,0,Semi,Excellent,1989,35,0.28,5.29,14.16,5.43,98.13
TN3324,Hosur,Pallavaram,1599,3,3,2,1,0,0,Fully,Fair,1991,33,2,0.42,4.04,4.3,62
TN3325,Salem,Porur,2178,4,4,2,2,0,0,Semi,Excellent,2020,4,2.24,7.65,13.25,4.65,106.56
TN3326,Madurai,Nungambakkam,1658,2,2,2,1,0,1,Unfurnished,Excellent,2011,13,0.2,1.8,0.69,3.93,89.77
TN3327,Trichy,Saibaba Colony,2035,3,2,2,0,0,1,Semi,Good,1986,38,2.13,1.4,0.5,4.95,86.08
TN3328,Coimbatore,Adyar,1190,5,5,2,1,1,0,Fully,Excellent,2009,15,4.56,1.85,3.46,4.93,98.09
TN3329,Chennai,Pallavaram,1446,3,2,3,1,0,0,Semi,Good,1993,31,3.2,5.4,16.42,7.1,87.4
TN3330,Coimbatore,Singanallur,1437,4,3,1,0,0,1,Semi,Average,2011,13,0.35,3.23,2.16,7.57,68.85
TN3331,Erode,Porur,1503,3,3,3,0,0,1,Fully,Average,1985,39,2.24,0.3,0.95,7.5,48.68
TN3332,Chennai,Adyar,1648,4,3,2,1,0,1,Unfurnished,Good,2007,17,2.79,9.48,2.95,2.9,117.44
TN3333,Chennai,KK Nagar,1036,1,1,1,1,1,1,Unfurnished,Fair,1994,30,0.2,0.48,4.19,6.02,48.8
TN3334,Chennai,Chromepet,1741,2,2,2,0,0,0,Semi,Good,2009,15,4.83,4.11,1.51,5.51,107.38
TN3335,Chennai,Besant Nagar,717,2,2,2,0,0,1,Semi,Excellent,1987,37,5.92,3.03,5.02,3.2,53.07
TN3336,Vellore,Singanallur,,3,3,1,1,0,0,Semi,Fair,1990,34,4.75,0.62,14.77,2.73,27.14
TN3337,Salem,Sholinganallur,2411,4,3,2,2,0,0,Fully,Good,1990,34,4.35,0.56,9.09,3.75,98.24
TN3338,Coimbatore,Peelamedu,1220,3,2,1,1,0,1,Unfurnished,Excellent,1986,38,3.42,6.13,1.38,2.38,82.27
TN3339,Chennai,Kodambakkam,1778,3,2,1,0,0,1,Semi,Excellent,2002,22,2.51,1.63,1.58,1.72,139.58
TN3340,Coimbatore,Adyar,2214,3,2,3,0,0,1,Semi,Excellent,2007,17,2.84,3.19,1.86,5.49,140.15
TN3341,Coimbatore,T Nagar,408,3,3,2,0,0,0,Unfurnished,Average,1986,38,4.1,2.1,2.01,4.57,16.86
TN3342,Chennai,T Nagar,1957,3,2,3,0,0,0,Semi,Excellent,1996,28,2.72,3.9,0.5,4.56,150.54
TN3343,Coimbatore,Adyar,1742,3,3,2,1,0,0,Semi,Good,2006,18,0.99,1.96,5.74,6.35,91.05
TN3344,Coimbatore,Nungambakkam,2188,3,3,1,1,0,1,Fully,Fair,2021,3,1.18,1.02,1.82,4.11,85.68
TN3345,Trichy,Singanallur,918,2,2,2,1,0,0,Unfurnished,Average,2004,20,5.68,1.35,8.48,6.16,28.22
TN3346,Trichy,Besant Nagar,2103,5,5,2,1,1,1,Unfurnished,Good,2008,16,0.2,5.88,10.47,3.02,100.58
TN3347,Chennai,Nungambakkam,1117,2,1,3,0,0,0,Semi,Average,2004,20,3,1.89,0.5,3.01,63.58
TN3348,Coimbatore,Pallavaram,1925,2,2,1,1,1,1,Unfurnished,Good,1985,39,7.74,0.72,17.86,4.53,99.4
TN3349,Trichy,T Nagar,,4,3,3,1,0,1,Fully,Good,1985,39,3.06,8.18,4.95,8.74,62.89
TN3350,Madurai,Ashok Nagar,1797,3,3,3,,0,0,Semi,Fair,2001,23,12.75,4.78,2.94,7.07,56.19
TN3351,Vellore,Anna Nagar,,3,3,2,0,0,0,Semi,Good,1985,39,2.91,0.3,1.97,6.7,59.24
TN3352,Trichy,Velachery,622,3,3,3,1,0,1,Semi,Good,2014,10,0.2,20,2.92,1.76,36.77
TN3353,Chennai,Singanallur,400,3,2,1,0,0,0,Semi,Average,1987,37,4.39,3.56,1.57,4.79,19.98
TN3354,Chennai,Anna Nagar,1544,2,2,3,0,1,1,Semi,Poor,1995,29,0.84,0.52,3.9,6.14,61
TN3355,Trichy,Singanallur,1331,3,3,2,1,0,1,Fully,Poor,2008,16,1.48,0.81,0.5,8.67,38.66
TN3356,Chennai,KK Nagar,1629,3,3,1,2,0,0,Semi,Average,2006,18,0.94,3.54,3.88,1.13,94.09
TN3357,Madurai,Ashok Nagar,1337,3,3,3,0,0,1,Fully,Excellent,2010,14,0.78,4.54,1.29,5.96,77.6
TN3358,Hosur,Singanallur,2358,3,2,2,0,0,0,Unfurnished,Average,1997,27,1.41,0.82,0.5,6.63,94.05
TN3359,Madurai,Besant Nagar,1554,4,3,2,1,0,1,Fully,Good,1985,39,1.19,0.89,3.22,5.4,72.85
TN3360,Coimbatore,Adyar,1249,1,1,2,0,1,0,Fully,Average,2008,16,2.51,1.1,3.46,1.8,61.65
TN3361,Trichy,Adyar,1602,3,3,1,1,0,1,Semi,Average,1994,30,4.19,2.73,2.22,5.01,54.99
TN3362,Coimbatore,Sholinganallur,1257,3,2,2,0,0,0,Semi,Good,2019,5,0.88,0.57,0.5,,69.66
TN3363,Madurai,Porur,1492,4,3,2,0,0,0,Unfurnished,Good,2008,16,0.6,0.33,8.95,4.86,61
TN3364,Hosur,Saibaba Colony,902,1,1,1,,1,0,Semi,Fair,2012,12,2.75,3.41,3.78,3.13,40.08
TN3365,Coimbatore,Kodambakkam,1446,3,3,1,1,1,1,Semi,Average,2020,4,2.77,4.53,0.5,2.88,72.31
TN3366,Thanjavur,T Nagar,1235,4,3,1,0,0,0,Unfurnished,Poor,2000,24,5.78,2.09,2.86,5.41,25.38
TN3367,Tirunelveli,Perambur,,2,2,2,1,1,1,Semi,Average,2000,24,0.2,1.36,2.75,3.15,36.39
TN3368,Chennai,Kodambakkam,2339,4,3,2,0,0,0,Fully,Good,2001,23,4.79,1.7,0.5,3.19,151.72
TN3369,Chennai,T Nagar,962,1,1,2,0,1,1,Semi,Fair,1999,25,1.84,1.48,3.73,4.22,52.11
TN3370,Chennai,Velachery,1453,3,3,3,2,0,1,Unfurnished,Average,2000,24,2.43,9.66,6.61,4.82,81.26
TN3371,Chennai,Peelamedu,1089,4,3,2,1,0,0,Semi,Average,1999,25,0.24,4.38,5.53,6.58,62.98
TN3372,Chennai,Velachery,1584,3,3,1,1,0,0,Semi,Excellent,2018,6,1.42,0.7,0.91,,130.38
TN3373,Salem,Saibaba Colony,877,3,2,3,1,0,0,Fully,Excellent,1995,29,0.64,1.45,7.93,1.91,45.46
TN3374,Chennai,Gandhipuram,,1,1,2,,0,0,Fully,Poor,1985,39,0.73,2.36,1.68,3.74,68.18
TN3375,Coimbatore,Saibaba Colony,2366,4,3,2,1,0,0,Semi,Good,1999,25,1.75,2.85,11.71,0.9,127.72
TN3376,Vellore,Singanallur,1072,3,2,2,0,0,1,Semi,Average,2010,14,4.18,1.89,0.5,5.67,39.02
TN3377,Chennai,Besant Nagar,1998,1,1,3,0,1,0,Fully,Average,1988,36,3.4,4.98,2.66,0.51,109.5
TN3378,Vellore,Nungambakkam,1278,3,3,2,1,0,1,Unfurnished,Good,1989,35,2.24,4.38,3.64,5.91,53.03
TN3379,Chennai,Porur,2128,3,3,1,1,0,1,Unfurnished,Excellent,2019,5,1.94,2.11,1.14,6.72,166.66
TN3380,Chennai,RS Puram,2435,2,2,2,2,0,0,Semi,Excellent,1997,27,1.39,5.78,5.9,5.02,190.49
TN3381,Salem,T Nagar,1345,2,1,1,1,1,1,Unfurnished,Good,1994,30,9,4.17,3.94,0.79,54.52
TN3382,Trichy,Ramanathapuram,766,2,1,1,2,1,0,Fully,Average,1995,29,2.05,4.52,0.5,4.71,34.18
TN3383,Tirunelveli,Mylapore,1877,3,2,2,0,0,1,Semi,Good,2002,22,0.73,9.4,3.75,2.91,67.58
TN3384,Salem,Mylapore,1551,3,2,1,2,0,0,Semi,Average,2018,6,0.65,0.93,2.7,2.1,54.46
TN3385,Erode,Tambaram,1676,3,2,1,1,0,1,Unfurnished,Good,2007,17,2.36,0.93,0.87,5.66,68.52
TN3386,Chennai,Mylapore,1297,4,3,1,2,0,1,Unfurnished,Average,1991,33,1.85,6.59,21.84,6.03,70.76
TN3387,Chennai,T Nagar,1052,4,4,2,0,0,0,Semi,Good,1987,37,,4.44,9.1,7.07,71.8
TN3388,Erode,Pallavaram,1972,3,2,2,1,1,1,Unfurnished,Average,1996,28,4.43,7.83,1.38,,67.14
TN3389,Erode,T Nagar,1594,1,1,3,1,0,0,Fully,Fair,1991,33,3.04,0.3,3.12,4.84,38.62
TN3390,Thanjavur,RS Puram,800,3,3,1,1,0,0,Unfurnished,Excellent,2010,14,2.71,2.96,1.52,7.83,37.06
TN3391,Coimbatore,Nungambakkam,1759,3,2,2,1,0,1,Unfurnished,Fair,2017,7,,0.47,5.98,8.69,66.72
TN3392,Coimbatore,Peelamedu,1669,3,2,3,2,0,0,Fully,Average,2021,3,1.12,2.1,10.66,6.66,80.11
TN3393,Erode,Sholinganallur,1304,3,2,1,1,0,1,Unfurnished,Average,1999,25,6.85,0.51,1.78,3.8,41.8
TN3394,Coimbatore,Ramanathapuram,2179,3,3,2,1,0,0,Fully,Poor,1986,38,4.96,0.41,6.55,4.51,66.41
TN3395,Hosur,Mylapore,1172,4,4,2,0,0,1,Semi,Poor,1991,33,0.84,0.3,2.76,4.14,37.83
TN3396,Vellore,Sholinganallur,1374,2,1,1,1,0,0,Semi,Fair,2016,8,0.43,2.98,2.02,5.91,40.18
TN3397,Coimbatore,Adyar,,3,3,3,1,0,0,Semi,Excellent,1988,36,1.49,1.33,11.15,2.86,115.64
TN3398,Erode,Kodambakkam,1485,1,1,2,1,0,0,Unfurnished,Average,2004,20,1.1,0.33,2.86,5.14,45.36
TN3399,Erode,Sholinganallur,827,4,3,1,0,1,0,Unfurnished,Excellent,2020,4,2.87,1.17,2.52,5.15,45.63
TN3400,Chennai,Singanallur,1533,2,1,1,1,0,0,Semi,Good,2016,8,8.49,0.56,4.46,5.27,96.95
TN3401,Tirunelveli,Mylapore,1264,2,2,1,0,0,0,Unfurnished,Average,2012,12,1.13,8.53,1.21,2.46,37.76
TN3402,Madurai,Chromepet,1836,3,2,1,0,0,0,Unfurnished,Good,1997,27,0.2,1.16,1.57,4.99,76.53
TN3403,Vellore,KK Nagar,1518,3,2,2,1,0,0,Fully,Average,1985,39,5.7,1.22,10.76,8.04,49.91
TN3404,Coimbatore,KK Nagar,,2,1,2,0,0,0,Unfurnished,Good,2019,5,0.2,5.5,4.54,3.59,77.69
TN3405,Tirunelveli,Anna Nagar,978,3,2,1,0,0,0,Fully,Average,2014,10,7.63,3.13,7.01,5.02,29.31
TN3406,Coimbatore,Velachery,1346,3,2,3,1,0,0,Unfurnished,Average,2020,4,2.73,3.72,1.26,0.82,63.7
TN3407,Chennai,Velachery,1887,1,1,1,0,0,1,Semi,Excellent,2009,15,7.1,3.03,3.14,5.01,140.49
TN3408,Tirunelveli,Chromepet,1101,3,2,1,1,0,0,Fully,Excellent,2000,24,0.56,8.77,14.22,4.93,51.43
TN3409,Chennai,Perambur,1435,4,4,1,0,1,0,Semi,Excellent,2003,21,0.2,0.7,1.54,4.73,126.57
TN3410,Coimbatore,Alwarpet,,3,2,2,1,0,0,Semi,Average,1985,39,1.67,13.54,0.7,5.96,46.24
TN3411,Hosur,Tambaram,917,3,3,2,1,1,1,Semi,Good,1989,35,1.5,5.33,2.86,3.94,57.8
TN3412,Hosur,Chromepet,1412,3,2,1,1,0,0,Fully,Average,2006,18,1.01,2.67,1.96,6.85,63.67
TN3413,Madurai,Besant Nagar,1528,3,2,1,0,0,1,Semi,Average,2008,16,7.9,3.26,0.7,2.73,58.82
TN3414,Trichy,Besant Nagar,2347,2,2,2,0,0,0,Unfurnished,Average,2021,3,4.32,3.14,8.78,7.39,74.97
TN3415,Coimbatore,Velachery,1245,2,2,3,0,0,0,Semi,Good,2020,4,2.71,0.3,18.72,4.93,63.53
TN3416,Chennai,Porur,,4,3,1,1,0,1,Fully,Fair,2020,4,0.44,0.74,3.36,4.36,74.3
TN3417,Coimbatore,Chromepet,887,5,5,1,2,0,0,Semi,Average,1988,36,3.31,9.77,5.96,1.64,47.36
TN3418,Trichy,Nungambakkam,1726,3,3,2,0,0,0,Fully,Excellent,2020,4,3.25,2.29,7.84,2.28,92.01
TN3419,Erode,Tambaram,1629,1,1,2,0,0,1,Unfurnished,Average,2002,22,1.38,1.43,4.83,5.2,48.4
TN3420,Erode,Besant Nagar,2120,2,1,1,0,1,1,Unfurnished,Fair,2000,24,6.47,4.31,0.5,3.07,56.14
TN3421,Erode,Adyar,1950,3,2,3,1,0,1,Semi,Fair,2002,22,0.46,2.23,0.69,6.49,55.74
TN3422,Chennai,Chromepet,1608,3,2,2,1,0,1,Semi,Excellent,2006,18,0.78,0.3,0.5,,132.67
TN3423,Coimbatore,Ashok Nagar,1238,2,1,2,1,0,1,Unfurnished,Average,1986,38,0.2,4,0.5,1.65,54.75
TN3424,Chennai,Singanallur,1542,4,4,2,2,1,1,Semi,Average,2005,19,3.97,3.95,1.46,6.02,100.53
TN3425,Madurai,Chromepet,1400,3,2,3,1,0,0,Unfurnished,Good,2020,4,2.43,0.54,1.99,4.18,63.05
TN3426,Coimbatore,Tambaram,1879,4,4,2,0,1,1,Semi,Good,2013,11,0.95,9.42,1.1,4.41,112.7
TN3427,Tirunelveli,Ashok Nagar,1822,4,3,1,0,0,1,Unfurnished,Average,2010,14,0.45,0.76,0.5,6.59,54.89
TN3428,Coimbatore,Tambaram,1317,4,3,1,1,0,0,Semi,Good,2005,19,0.2,1.84,3.02,1.71,80.64
TN3429,Chennai,Ramanathapuram,792,3,3,2,1,0,0,Semi,Good,2001,23,0.46,0.37,1.28,2.25,58.9
TN3430,Chennai,T Nagar,2050,3,2,1,1,0,0,Unfurnished,Good,2000,24,1.51,2.77,6.36,5.15,128.6
TN3431,Erode,Kodambakkam,1712,3,3,2,1,1,1,Semi,Fair,2015,9,0.71,1.41,0.5,1.1,54.03
TN3432,Trichy,Ashok Nagar,1306,3,3,2,,0,0,Semi,Excellent,1993,31,0.75,1.31,7.39,3.29,67.22
TN3433,Chennai,Porur,1694,3,3,2,2,1,1,Fully,Average,2015,9,5.21,5.26,12.38,6.46,100.21
TN3434,Chennai,Peelamedu,1484,5,4,3,1,0,0,Semi,Average,1998,26,1.81,0.3,5.04,4.28,87.67
TN3435,Salem,Kodambakkam,2043,3,2,1,1,0,1,Semi,Average,2021,3,3.27,4.8,5.29,1.75,69.78
TN3436,Chennai,Pallavaram,582,4,3,3,0,0,0,Fully,Poor,1986,38,,2.54,10.85,4.88,26.21
TN3437,Vellore,Ramanathapuram,1271,4,3,2,1,0,1,Fully,Fair,1998,26,1.14,12.83,0.94,3.69,42.77
TN3438,Salem,Chromepet,2170,2,1,1,2,0,1,Semi,Good,2017,7,1.63,2.67,20.86,3.1,83.88
TN3439,Chennai,Tambaram,1703,2,1,2,1,0,1,Unfurnished,Poor,2019,5,0.52,0.3,5.94,10,60.43
TN3440,Chennai,Anna Nagar,2248,3,3,1,1,0,1,Semi,Average,2004,20,0.32,0.3,5.19,5.65,121.77
TN3441,Thanjavur,Saibaba Colony,900,3,2,2,1,0,1,Fully,Average,1986,38,5.11,6.44,1.79,3.93,30.96
TN3442,Coimbatore,Kodambakkam,1932,4,3,2,0,0,0,Unfurnished,Fair,2003,21,7.01,5.52,3.16,6.3,69.67
TN3443,Coimbatore,Nungambakkam,1906,3,2,1,1,0,0,Fully,Excellent,2021,3,0.21,1.27,4.24,3.92,126.9
TN3444,Vellore,Saibaba Colony,693,3,2,2,0,0,1,Semi,Average,2002,22,1.07,2.89,3.87,3.46,26.3
TN3445,Hosur,Kodambakkam,1317,3,3,2,2,0,0,Fully,Average,2000,24,7.94,2.02,4.88,5.1,59.03
TN3446,Thanjavur,Kodambakkam,1402,1,1,1,1,0,0,Fully,Average,1988,36,0.22,10.25,0.5,,42.85
TN3447,Erode,Nungambakkam,,3,3,1,0,1,0,Fully,Average,1996,28,2.58,8.98,1.76,6.35,30.98
TN3448,Coimbatore,Tambaram,,4,4,2,0,0,0,Semi,Poor,2013,11,8.96,12.38,2.28,7.35,44.19
TN3449,Chennai,Saibaba Colony,1843,2,2,2,1,0,0,Fully,Good,1991,33,9.57,6.04,1.21,6.88,119.06
TN3450,Erode,Velachery,1274,3,2,3,1,0,1,Semi,Excellent,1998,26,1.59,7.21,0.76,6.21,64.61
TN3451,Madurai,Alwarpet,1559,3,3,3,0,0,0,Semi,Average,1996,28,0.44,0.73,0.6,6.42,54.65
TN3452,Coimbatore,Adyar,1562,2,2,2,1,0,0,Semi,Good,2019,5,0.56,5.33,1.83,6.87,82.35
TN3453,Tirunelveli,Alwarpet,1445,2,1,2,1,0,0,Semi,Good,1989,35,5.51,3.7,2.72,5.92,51.6
TN3454,Chennai,RS Puram,1133,5,4,2,0,0,1,Unfurnished,Good,2001,23,6.07,9.87,0.5,1.33,79.79
TN3455,Coimbatore,Kodambakkam,1746,3,3,2,1,0,1,Fully,Average,2016,8,2.34,2.54,11.71,5.5,81.26
TN3456,Chennai,Besant Nagar,736,2,1,1,2,0,1,Semi,Average,1994,30,3.63,0.3,5.8,7.25,41.41
TN3457,Coimbatore,Ramanathapuram,1454,2,1,1,1,0,0,Fully,Average,2001,23,3.37,2.73,5.25,2.89,63.47
TN3458,Chennai,Kodambakkam,2073,3,3,2,1,0,1,Fully,Good,1989,35,2.71,3.48,0.76,3.72,140.37
TN3459,Chennai,Velachery,1249,3,2,1,0,0,1,Semi,Good,1993,31,4.39,0.75,3.7,4.38,82.7
TN3460,Chennai,T Nagar,1123,3,3,2,0,0,1,Semi,Fair,2017,7,2.89,1.5,3.02,4.88,51.95
TN3461,Trichy,Besant Nagar,1776,2,2,2,0,0,1,Unfurnished,Average,2020,4,1.91,2.74,16.18,3.39,57.19
TN3462,Salem,KK Nagar,1524,4,3,1,1,0,0,Semi,Excellent,2020,4,0.68,1.41,5.51,4.61,79.95
TN3463,Madurai,Nungambakkam,1785,3,3,2,2,1,0,Unfurnished,Good,2002,22,3.41,1.41,3.43,5.53,85.84
TN3464,Thanjavur,Perambur,1467,3,3,3,1,0,0,Fully,Excellent,1993,31,1.6,0.43,7.61,0.5,69.47
TN3465,Coimbatore,Adyar,400,3,2,2,2,0,0,Fully,Good,2013,11,0.87,8.48,0.67,4.65,31.76
TN3466,Chennai,Sholinganallur,1981,3,2,1,1,0,1,Fully,Average,1998,26,4.05,4.16,0.5,3.73,109.4
TN3467,Tirunelveli,Besant Nagar,2382,4,3,1,1,0,1,Fully,Good,2009,15,2.98,0.3,4.69,1.09,95.15
TN3468,Chennai,Porur,2028,4,3,2,1,0,1,Semi,Good,1999,25,6.93,4.35,0.5,5.63,134.76
TN3469,Thanjavur,Pallavaram,400,3,3,2,0,0,0,Semi,Fair,1990,34,0.45,4.04,0.5,5.12,15.42
TN3470,Chennai,Kodambakkam,1653,4,3,1,0,0,0,Fully,Average,2013,11,2.62,0.3,5.46,4.83,91.33
TN3471,Thanjavur,Pallavaram,1240,4,3,1,1,0,0,Unfurnished,Good,1999,25,0.7,1.38,1.26,,47
TN3472,Chennai,Saibaba Colony,962,4,4,3,1,0,0,Unfurnished,Fair,2013,11,5.85,2.8,3.96,5.14,50.98
TN3473,Tirunelveli,Alwarpet,1505,2,2,2,1,0,0,Semi,Good,1988,36,0.26,1.81,9.98,3.02,55.97
TN3474,Madurai,Sholinganallur,1383,3,3,3,1,1,1,Fully,Good,2002,22,2.67,4.52,1.52,5.95,72.21
TN3475,Thanjavur,Alwarpet,1679,2,2,2,0,0,0,Fully,Excellent,2000,24,3.91,1.66,0.98,6.29,73.72
TN3476,Chennai,Sholinganallur,1475,4,3,3,1,1,1,Fully,Poor,1995,29,1.1,0.5,0.5,2.33,67.03
TN3477,Madurai,Sholinganallur,946,1,1,1,1,0,0,Fully,Average,1998,26,7.71,11.24,0.56,6.26,31.51
TN3478,Thanjavur,Anna Nagar,1191,3,3,2,1,0,1,Semi,Good,1987,37,4.76,0.83,0.5,,44.22
TN3479,Madurai,T Nagar,1118,3,3,1,1,0,0,Fully,Average,2022,2,0.87,3.79,0.5,5.73,44.29
TN3480,Trichy,KK Nagar,678,3,3,2,,1,0,Semi,Good,2002,22,0.2,0.46,2.26,4.8,35.34
TN3481,Salem,Anna Nagar,,3,3,2,1,1,1,Unfurnished,Good,2004,20,0.88,1.2,1.55,4.16,44.08
TN3482,Coimbatore,Pallavaram,1355,4,3,1,2,0,1,Unfurnished,Fair,2009,15,0.83,1.75,4.9,5.58,51.33
TN3483,Trichy,Nungambakkam,2091,3,3,3,2,0,0,Unfurnished,Average,2022,2,5.52,0.64,8.17,3.83,79.08
TN3484,Madurai,Perambur,1209,4,3,3,2,0,0,Fully,Average,1997,27,8.54,1.79,6.14,6.66,47.05
TN3485,Tirunelveli,Kodambakkam,1109,2,2,1,0,0,0,Semi,Average,1988,36,0.2,0.51,3.03,6.99,32.93
TN3486,Chennai,RS Puram,918,3,2,2,0,0,1,Semi,Excellent,1998,26,1.59,2.46,0.5,3.41,73.41
TN3487,Chennai,Ramanathapuram,1464,3,2,1,0,0,1,Fully,Good,2017,7,1.99,3.27,4.95,4.17,99.08
TN3488,Hosur,T Nagar,1981,1,1,2,0,1,0,Fully,Good,2012,12,0.24,0.3,1.8,3.75,104.25
TN3489,Tirunelveli,Perambur,2351,3,2,2,2,0,0,Unfurnished,Good,2021,3,1.19,6.15,0.5,5.25,90.28
TN3490,Coimbatore,Ashok Nagar,1578,3,3,1,1,0,1,Semi,Average,1992,32,0.95,0.61,7.39,7.12,68.51
TN3491,Trichy,Perambur,1513,3,2,3,0,0,0,Semi,Excellent,2018,6,1.92,0.77,1.65,1.16,82.28
TN3492,Chennai,Alwarpet,1205,3,3,1,0,0,1,Semi,Good,1989,35,2.71,3.25,0.98,1.66,79.1
TN3493,Chennai,Peelamedu,1281,3,2,2,0,0,0,Semi,Good,1989,35,3.04,1.9,8.21,4.33,80.03
TN3494,Coimbatore,Alwarpet,1733,2,1,2,1,0,0,Fully,Excellent,2015,9,0.37,2.08,9.3,4.87,111.46
TN3495,Coimbatore,Ramanathapuram,1308,2,2,1,1,0,0,Semi,Average,1993,31,4.19,0.41,1.66,2.62,60.57
TN3496,Madurai,Saibaba Colony,1377,3,3,1,2,0,0,Fully,Good,2016,8,2.84,4.92,1.75,4.86,67.97
TN3497,Chennai,Mylapore,1439,2,1,2,2,1,0,Fully,Fair,2017,7,5.5,2.88,3.47,3.02,75.87
TN3498,Thanjavur,Tambaram,1184,2,1,2,0,0,1,Unfurnished,Average,1987,37,1.49,0.44,5.29,3.61,33.37
TN3499,Thanjavur,Gandhipuram,1416,3,3,1,1,0,1,Semi,Average,2014,10,5.61,1.41,0.5,7.04,45.77
TN3500,Salem,Anna Nagar,541,3,2,2,0,0,1,Unfurnished,Excellent,1996,28,5.02,4.99,3.6,3.81,27.93
TN3501,Madurai,Ramanathapuram,1697,3,3,1,1,0,1,Semi,Excellent,2013,11,1.44,2.52,12.22,3.78,89.36
TN3502,Coimbatore,Tambaram,2508,3,3,1,2,0,0,Semi,Good,1987,37,1.2,0.35,1.22,4.76,135.14
TN3503,Vellore,Perambur,1202,3,3,2,1,0,0,Fully,Good,2010,14,6.75,1.4,9.58,6.68,49.52
TN3504,Salem,Saibaba Colony,1618,3,2,1,1,0,1,Fully,Good,2014,10,3.14,0.83,12,4.41,67.06
TN3505,Chennai,Perambur,1833,4,3,2,1,1,0,Fully,Excellent,1993,31,6.59,2.19,1.25,3.38,158.65
TN3506,Hosur,Ramanathapuram,2026,3,3,2,0,0,0,Unfurnished,Average,2010,14,3.99,5.56,5.61,5.66,81.66
TN3507,Vellore,RS Puram,1331,3,3,3,0,0,0,Unfurnished,Average,1986,38,2.35,1.72,1.09,6.13,41.45
TN3508,Hosur,Anna Nagar,639,3,3,2,1,1,0,Semi,Fair,1987,37,0.31,1.7,5.35,6.79,29.21
TN3509,Salem,Saibaba Colony,1570,1,1,3,1,0,0,Semi,Good,1988,36,0.86,7.07,6.39,4.43,54.25
TN3510,Trichy,Mylapore,1508,3,2,2,0,0,1,Unfurnished,Good,2009,15,8.67,2.58,1.14,,62.02
TN3511,Coimbatore,Adyar,1294,3,3,2,1,0,1,Fully,Average,1997,27,0.96,2.51,5.03,6.08,59.07
TN3512,Hosur,Alwarpet,1390,4,3,3,1,1,1,Semi,Poor,2019,5,0.24,0.91,6.69,4.86,55.92
TN3513,Tirunelveli,Tambaram,1515,4,4,2,1,0,1,Semi,Good,2007,17,3.07,2.81,1.78,7.14,63.75
TN3514,Chennai,Besant Nagar,,3,2,1,1,1,1,Unfurnished,Poor,1993,31,3.31,2.57,0.73,,65.44
TN3515,Chennai,Kodambakkam,1594,2,1,2,1,0,0,Unfurnished,Good,1986,38,0.84,1.52,0.5,8.27,100.58
TN3516,Coimbatore,Perambur,1352,2,1,3,1,0,0,Fully,Excellent,2015,9,0.88,14.03,3.43,6.34,90.62
TN3517,Vellore,Singanallur,1623,3,2,2,1,0,1,Unfurnished,Average,1986,38,1.58,6.41,15.28,0.65,51.64
TN3518,Thanjavur,Velachery,1322,3,2,2,2,0,0,Unfurnished,Average,2016,8,0.2,4.15,6.93,3.7,40.94
TN3519,Chennai,RS Puram,1739,2,2,2,1,0,0,Fully,Good,2002,22,3.89,2.31,2.29,1.26,116.86
TN3520,Madurai,Besant Nagar,1168,3,3,3,1,0,0,Semi,Good,1997,27,0.95,1.86,3.08,3.22,52.94
TN3521,Coimbatore,Peelamedu,1483,2,1,1,0,0,0,Semi,Average,1989,35,4.81,0.61,1.31,3.76,62.42
TN3522,Thanjavur,Mylapore,719,5,5,2,0,0,0,Unfurnished,Excellent,1994,30,4.06,1.09,0.71,6.24,37.12
TN3523,Vellore,Chromepet,1284,2,2,1,1,0,0,Fully,Fair,2009,15,2.71,4.46,2.63,3.62,39.54
TN3524,Vellore,Mylapore,1705,4,4,2,2,0,0,Unfurnished,Average,2018,6,0.98,1.81,2.49,7.29,62.68
TN3525,Coimbatore,Mylapore,,4,4,2,1,0,1,Semi,Good,2021,3,1.82,6.42,2.95,3.16,64.54
TN3526,Coimbatore,RS Puram,1306,3,3,1,0,0,0,Unfurnished,Excellent,2014,10,1.47,0.48,12.21,3.92,83.46
TN3527,Chennai,Tambaram,400,3,3,1,0,0,1,Semi,Fair,1991,33,1.03,2.13,3.7,2.02,23.35
TN3528,Chennai,Tambaram,834,3,3,2,1,0,0,Semi,Good,1990,34,4.71,3.12,3.72,7.39,55.47
TN3529,Tirunelveli,Ashok Nagar,952,3,2,1,0,0,0,Unfurnished,Good,1987,37,1.65,2.18,0.55,7.66,34.96
TN3530,Vellore,Perambur,1496,3,3,1,0,0,0,Unfurnished,Average,1997,27,4.47,6.6,22.61,4.24,42.09
TN3531,Thanjavur,Pallavaram,1600,3,3,2,1,0,0,Unfurnished,Fair,1987,37,0.28,13.69,5.93,1.54,44.15
TN3532,Thanjavur,Porur,1425,3,3,1,0,0,1,Fully,Excellent,2010,14,0.38,0.37,8.39,4.08,65.08
TN3533,Madurai,Peelamedu,1278,3,2,2,1,1,1,Unfurnished,Fair,2008,16,9.47,0.42,2.14,4.96,41.75
TN3534,Erode,KK Nagar,1279,3,2,3,1,0,1,Fully,Average,1990,34,2.22,0.42,2.79,3.23,46.44
TN3535,Hosur,Alwarpet,1772,2,2,1,0,0,1,Semi,Average,1996,28,1.78,3.43,2.95,9.2,72.57
TN3536,Vellore,Perambur,1546,3,2,1,1,0,0,Semi,Excellent,2020,4,1.85,1.4,0.86,8.15,76.64
TN3537,Chennai,Perambur,1300,2,1,2,1,0,0,Semi,Good,1986,38,0.61,3.97,4.68,,83.72
TN3538,Coimbatore,Sholinganallur,2032,2,2,2,1,0,0,Semi,Good,1995,29,3.17,1.56,9.33,2.19,104.64
TN3539,Chennai,T Nagar,2327,2,1,3,1,0,0,Unfurnished,Average,2018,6,0.22,2.96,0.72,5.42,124.58
TN3540,Hosur,Peelamedu,889,2,2,3,1,0,0,Fully,Good,2010,14,2.13,4.41,0.5,2.36,54.53
TN3541,Trichy,Nungambakkam,1685,2,1,2,1,0,0,Unfurnished,Good,2002,22,2.11,2.38,5.36,4.87,68.5
TN3542,Chennai,Adyar,2840,4,4,1,1,0,0,Semi,Good,2005,19,6.14,2.33,1.28,4.52,184.71
TN3543,Trichy,Alwarpet,1576,1,1,1,1,0,0,Fully,Excellent,2020,4,1.87,0.3,3.91,4.42,79.47
TN3544,Trichy,Velachery,1502,3,3,1,0,0,0,Fully,Poor,2006,18,0.37,1.59,4.76,6.54,37.77
TN3545,Coimbatore,Velachery,1425,2,2,1,0,0,1,Unfurnished,Good,2014,10,2.13,2.37,1.55,8.11,73.88
TN3546,Chennai,Singanallur,1671,4,3,2,0,0,1,Unfurnished,Fair,2014,10,0.24,1.86,6.75,5.29,77.89
TN3547,Trichy,Sholinganallur,1790,3,3,2,1,0,1,Unfurnished,Average,1992,32,0.57,6.93,3.19,2.08,64.18
TN3548,Madurai,Sholinganallur,890,3,3,1,0,0,1,Unfurnished,Average,2018,6,0.2,7.11,8.13,4.79,34.17
TN3549,Erode,Ramanathapuram,1438,3,2,2,1,0,0,Fully,Average,1993,31,1.8,5.18,5.76,3.33,48.94
TN3550,Madurai,Nungambakkam,429,3,3,1,1,0,0,Semi,Average,2004,20,0.22,1.41,8.12,8.48,18.4
TN3551,Vellore,Pallavaram,1356,3,3,2,0,0,0,Unfurnished,Good,2009,15,1.58,3.79,0.5,5.89,56.43
TN3552,Madurai,Kodambakkam,1044,2,1,2,1,0,1,Semi,Average,2003,21,6.76,1.51,1.12,5.31,39.64
TN3553,Madurai,Velachery,1603,5,5,2,1,0,1,Semi,Good,1989,35,3.18,0.79,0.5,5.8,81.06
TN3554,Tirunelveli,Gandhipuram,705,3,2,2,0,0,0,Semi,Average,1995,29,0.2,1.26,2.33,4.42,26.44
TN3555,Coimbatore,Perambur,1219,3,3,1,1,0,0,Semi,Fair,1999,25,0.63,0.3,8.83,7,45.93
TN3556,Chennai,T Nagar,1885,3,2,2,1,0,1,Semi,Good,1992,32,2.8,1.21,2.52,3.36,126.01
TN3557,Chennai,Ashok Nagar,1146,3,2,2,1,0,0,Fully,Average,2003,21,5.63,1.85,7.58,6.42,61.26
TN3558,Erode,Saibaba Colony,593,4,4,3,0,0,1,Semi,Average,2007,17,0.2,9.34,1.59,7.68,23.41
TN3559,Trichy,Kodambakkam,1566,3,2,2,1,0,0,Semi,Good,2011,13,4.18,1.13,1.66,2.87,70.42
TN3560,Salem,KK Nagar,1186,3,3,2,2,0,0,Semi,Average,2016,8,2.06,6.98,9.04,5.18,44.3
TN3561,Chennai,T Nagar,1366,2,2,2,1,0,1,Fully,Fair,2010,14,1.97,0.78,2.22,5.33,67.95
TN3562,Chennai,RS Puram,1122,4,3,3,0,0,1,Unfurnished,Average,2011,13,7.91,0.64,6.24,2.35,62.49
TN3563,Chennai,Pallavaram,2338,3,3,1,1,0,1,Fully,Excellent,2003,21,3.44,2.2,1.08,1.76,186.54
TN3564,Coimbatore,Peelamedu,749,2,2,2,1,0,0,Semi,Good,2013,11,4.74,3.35,11.89,2.67,40.99
TN3565,Madurai,Alwarpet,2725,2,1,2,1,0,0,Unfurnished,Good,2017,7,1.09,0.3,3.42,4.4,114.42
TN3566,Coimbatore,Perambur,1274,3,3,2,1,1,1,Semi,Good,2003,21,2.02,0.75,5.7,5.34,79.55
TN3567,Coimbatore,Nungambakkam,1533,5,5,1,1,0,0,Semi,Fair,2021,3,2.39,1.82,0.5,3.76,64.7
TN3568,Tirunelveli,Ramanathapuram,1191,2,1,2,1,0,0,Unfurnished,Average,2003,21,,1.21,2.71,8.36,35.26
TN3569,Coimbatore,Sholinganallur,1173,3,3,1,1,0,1,Semi,Good,2017,7,2.11,3.74,9.25,6.55,62.23
TN3570,Madurai,Perambur,1097,1,1,2,1,0,0,Unfurnished,Fair,2000,24,0.68,2.15,8.38,5.41,32.96
TN3571,Erode,Singanallur,1721,3,2,2,0,1,0,Unfurnished,Average,2007,17,0.39,0.52,0.5,3.64,59.8
TN3572,Coimbatore,Nungambakkam,815,3,3,3,1,0,1,Semi,Average,1991,33,1.17,6.75,1.45,4.64,36.7
TN3573,Trichy,Ashok Nagar,1614,5,5,2,2,1,1,Semi,Average,2010,14,3.36,1.04,2.34,6.7,69.88
TN3574,Tirunelveli,Besant Nagar,467,3,2,1,0,0,0,Fully,Excellent,2016,8,6.2,3.94,0.76,6.34,23.92
TN3575,Hosur,Besant Nagar,1573,4,4,1,1,0,0,Semi,Fair,1996,28,1.53,4.54,5.24,6.32,60.36
TN3576,Chennai,Kodambakkam,1832,3,3,3,0,0,1,Semi,Average,1992,32,2.57,9.9,0.82,3.89,100.36
TN3577,Hosur,Gandhipuram,876,1,1,1,1,0,1,Semi,Fair,1989,35,0.27,2.07,1.7,3.45,30.1
TN3578,Coimbatore,Mylapore,1755,3,2,2,1,0,1,Semi,Excellent,2012,12,5.87,2.87,4.35,1.65,118.84
TN3579,Chennai,Singanallur,1473,3,3,1,0,0,0,Semi,Fair,1989,35,2.1,1.22,2.63,5.56,70
TN3580,Coimbatore,Alwarpet,2169,5,5,2,2,0,0,Fully,Average,2010,14,3.79,3.4,5.37,1.46,104.76
TN3581,Thanjavur,Kodambakkam,1065,4,3,2,0,0,1,Semi,Good,1989,35,3.96,1.87,13,4.47,39.81
TN3582,Coimbatore,Adyar,2717,2,2,1,,1,1,Semi,Good,2006,18,0.74,1.73,0.5,3.66,148.72
TN3583,Coimbatore,Ramanathapuram,400,2,2,1,1,0,1,Unfurnished,Average,1999,25,1.88,5.8,4.95,,15.35
TN3584,Trichy,Chromepet,1302,2,2,3,1,0,0,Fully,Average,1997,27,,0.3,1.05,6.83,49.67
TN3585,Chennai,Alwarpet,686,4,3,2,0,0,0,Semi,Average,2012,12,0.23,6.41,2.14,7.21,41.29
TN3586,Chennai,Gandhipuram,2283,4,4,2,0,0,0,Unfurnished,Average,2017,7,2.87,5.73,0.5,5.9,127.57
TN3587,Chennai,Sholinganallur,1332,4,4,3,1,0,1,Fully,Average,2007,17,8.19,2.12,0.58,2.97,82.7
TN3588,Chennai,Peelamedu,1373,3,2,3,1,0,1,Semi,Average,2017,7,0.89,2.02,1.54,4.46,81.38
TN3589,Chennai,Nungambakkam,1649,3,2,1,0,1,0,Fully,Average,2002,22,4.94,1.35,1.67,2.75,96.35
TN3590,Chennai,Kodambakkam,1448,3,2,3,0,1,0,Semi,Average,2014,10,6.78,15.44,9.19,3.19,85.84
TN3591,Trichy,Saibaba Colony,1183,2,2,1,0,0,0,Semi,Good,2010,14,3.44,0.35,5.42,5.46,46.9
TN3592,Chennai,Kodambakkam,885,3,3,1,1,0,0,Semi,Excellent,2000,24,0.66,2.68,14.33,2.55,74.47
TN3593,Coimbatore,Perambur,1526,1,1,3,1,0,1,Semi,Good,1997,27,1.02,3.43,3.66,3.59,80.41
TN3594,Tirunelveli,Singanallur,1620,2,2,1,0,0,1,Unfurnished,Fair,2017,7,0.2,8.17,1.11,2.36,46.3
TN3595,Coimbatore,Perambur,1763,4,4,1,1,0,0,Fully,Fair,2010,14,4.45,4.55,1.59,5.82,70.73
TN3596,Trichy,Singanallur,2311,4,4,1,0,0,0,Fully,Excellent,1985,39,4.74,3.1,1.54,3.78,118.85
TN3597,Chennai,Chromepet,472,3,3,2,2,1,1,Unfurnished,Average,2022,2,2.5,0.37,1.58,0.5,44.38
TN3598,Chennai,Ramanathapuram,1420,3,2,2,2,0,0,Semi,Fair,1986,38,1.09,1.4,4.47,7.77,67.63
TN3599,Chennai,Gandhipuram,1986,3,2,2,1,0,0,Unfurnished,Good,1990,34,0.2,0.45,3.03,6.53,129.71
TN3600,Chennai,RS Puram,1394,3,3,3,2,0,1,Semi,Good,2022,2,,6.39,1.95,0.5,102.19
TN3601,Chennai,Ashok Nagar,400,4,3,2,1,0,1,Unfurnished,Good,2008,16,3.24,4.15,0.65,5.97,34.88
TN3602,Chennai,Ashok Nagar,869,4,4,1,1,1,1,Semi,Average,2002,22,6.09,4.25,0.5,7.55,59.75
TN3603,Chennai,RS Puram,1598,3,3,3,1,0,0,Unfurnished,Poor,2011,13,3.28,3.17,0.99,4.13,58.14
TN3604,Chennai,Ashok Nagar,1581,2,1,1,1,0,0,Unfurnished,Excellent,1992,32,4.41,2.12,0.5,4.8,116.49
TN3605,Coimbatore,Saibaba Colony,1753,3,2,1,0,0,0,Semi,Average,2012,12,3.43,0.49,6.16,3.86,75.44
TN3606,Chennai,Nungambakkam,1099,3,3,1,1,0,0,Fully,Good,1994,30,2.49,1.2,0.5,5.54,81.14
TN3607,Coimbatore,T Nagar,1567,3,3,2,1,0,1,Semi,Good,2001,23,1.39,0.44,5.15,6.57,86.04
TN3608,Madurai,Kodambakkam,1024,4,4,1,0,0,0,Fully,Good,2013,11,5.81,3.87,1.95,,51.56
TN3609,Salem,Peelamedu,1567,3,3,1,0,0,1,Fully,Average,1990,34,2.63,0.52,0.5,3.09,51.26
TN3610,Chennai,Besant Nagar,1474,2,1,1,1,0,0,Semi,Average,1998,26,1.27,3.63,6.7,4.7,77.06
TN3611,Erode,Nungambakkam,1081,3,2,1,0,0,0,Semi,Good,2006,18,0.22,3.54,3.47,5.12,44.7
TN3612,Trichy,Peelamedu,2151,5,5,2,1,0,1,Semi,Excellent,1990,34,0.86,1.84,1.08,5.31,121.75
TN3613,Chennai,Mylapore,682,2,2,2,2,0,0,Semi,Excellent,2010,14,1.96,0.44,9,4.11,57.43
TN3614,Tirunelveli,Ramanathapuram,1386,3,2,2,1,0,0,Semi,Fair,1996,28,0.81,1.13,0.5,2.74,35.66
TN3615,Hosur,Gandhipuram,1071,3,3,1,1,0,0,Fully,Fair,2019,5,0.63,1.16,0.9,6.47,42.52
TN3616,Chennai,Saibaba Colony,2275,2,1,1,1,1,0,Fully,Excellent,1998,26,1.87,3.62,5.58,,182.27
TN3617,Chennai,Ashok Nagar,1719,3,3,3,1,0,0,Fully,Good,2006,18,0.47,0.36,4.94,,116.04
TN3618,Erode,RS Puram,1158,3,2,1,0,0,0,Semi,Excellent,2007,17,4.03,5.3,1.37,4.54,56.33
TN3619,Salem,Tambaram,1324,3,3,3,2,0,1,Fully,Average,1991,33,1.66,4.29,0.5,5.47,50.27
TN3620,Chennai,Anna Nagar,2288,4,4,1,0,0,1,Semi,Good,2009,15,2.13,0.62,7.81,,147.92
TN3621,Chennai,Adyar,1024,2,2,3,0,0,0,Semi,Good,1997,27,0.4,3.81,1.51,6.01,69.21
TN3622,Coimbatore,Ashok Nagar,656,2,1,1,1,1,0,Unfurnished,Good,2005,19,0.98,3.31,0.87,7,44.82
TN3623,Coimbatore,Mylapore,1581,4,3,2,0,1,1,Fully,Average,1994,30,1.32,4.14,2.9,3.25,76.36
TN3624,Trichy,Ramanathapuram,1591,3,3,2,1,0,0,Semi,Poor,1993,31,4.13,0.63,9.64,5.28,42.01
TN3625,Coimbatore,Chromepet,1750,3,3,2,0,0,1,Unfurnished,Good,1999,25,3.68,0.51,0.5,4.99,91.77
TN3626,Coimbatore,Gandhipuram,1753,4,4,1,0,1,1,Unfurnished,Average,1986,38,0.63,0.81,5.81,3.82,81.07
TN3627,Salem,Peelamedu,,3,3,2,0,0,0,Unfurnished,Average,2009,15,2.39,1.37,3.4,0.69,70.64
TN3628,Chennai,Tambaram,677,3,2,2,0,1,1,Fully,Excellent,1997,27,0.7,4.73,2.22,5.21,67.44
TN3629,Chennai,Peelamedu,909,2,1,1,1,0,1,Fully,Average,2018,6,11.11,4.02,5.45,5.43,48.62
TN3630,Salem,Perambur,1748,2,1,1,1,0,1,Unfurnished,Good,2018,6,7.6,7.79,13.5,6.67,64.59
TN3631,Tirunelveli,Pallavaram,952,2,2,2,1,0,0,Semi,Fair,2019,5,2.07,0.3,1.04,,32.58
TN3632,Madurai,KK Nagar,795,4,4,1,2,0,0,Semi,Good,2022,2,3,0.3,0.62,3.17,43.39
TN3633,Madurai,Perambur,2290,2,1,2,0,0,1,Unfurnished,Excellent,1987,37,4.04,3.6,9.76,2.67,108.5
TN3634,Chennai,Anna Nagar,721,3,3,1,1,0,0,Unfurnished,Fair,1990,34,3.19,0.98,4.42,0.5,34.74
TN3635,Coimbatore,Gandhipuram,1292,4,3,2,0,0,1,Unfurnished,Poor,2003,21,3.01,1.22,2.3,3.69,43.74
TN3636,Madurai,Tambaram,1423,3,2,1,1,1,0,Unfurnished,Average,1987,37,7.96,2.37,3.41,10,51.38
TN3637,Chennai,Adyar,2039,3,2,2,1,0,0,Unfurnished,Fair,2002,22,2.27,0.32,5.48,7.04,92.7
TN3638,Chennai,Anna Nagar,609,3,2,1,1,0,1,Semi,Good,1993,31,2.53,3.09,5.93,2.52,44.1
TN3639,Coimbatore,Velachery,1637,3,3,1,1,0,1,Unfurnished,Excellent,1996,28,4.73,1.18,10.1,3.47,103.04
TN3640,Chennai,Perambur,1049,3,2,1,1,0,1,Fully,Average,1989,35,2.77,3,2.23,3.46,64.07
TN3641,Coimbatore,Adyar,1732,3,3,3,1,0,1,Fully,Average,1987,37,3.3,5.39,1.39,7.3,77.36
TN3642,Chennai,Pallavaram,1042,5,4,1,2,0,0,Unfurnished,Average,1995,29,0.67,0.56,4.08,8.95,60.43
TN3643,Coimbatore,T Nagar,2158,4,3,2,0,0,0,Semi,Good,2014,10,1.16,8.02,2.15,4.68,114.89
TN3644,Chennai,RS Puram,,4,3,1,1,0,1,Fully,Poor,1988,36,0.4,2.27,3.61,5.03,45.74
TN3645,Tirunelveli,Pallavaram,400,4,3,1,1,0,0,Fully,Good,1989,35,1.76,7.69,2.18,5.54,20.95
TN3646,Madurai,Kodambakkam,1095,3,3,2,,0,1,Unfurnished,Good,1985,39,1.52,0.7,0.66,4.47,51.03
TN3647,Trichy,Singanallur,1332,3,3,2,0,0,0,Semi,Good,2011,13,,2.78,2.54,5.06,55.08
TN3648,Erode,Chromepet,1937,4,4,3,1,1,0,Unfurnished,Average,2012,12,2.36,1.55,4.7,4.6,68.2
TN3649,Coimbatore,T Nagar,884,3,3,3,,1,0,Fully,Good,2013,11,3.86,4.46,6.42,5.46,60.19
TN3650,Chennai,Sholinganallur,893,5,4,2,1,1,0,Unfurnished,Fair,2002,22,1.02,2.79,2.72,0.5,58.39
TN3651,Madurai,KK Nagar,1882,3,3,2,0,1,1,Unfurnished,Fair,1996,28,,2.05,0.72,3.54,58.69
TN3652,Madurai,Saibaba Colony,831,3,3,2,2,0,1,Semi,Excellent,1997,27,2.39,7.33,2.14,2.13,49.97
TN3653,Salem,Sholinganallur,1369,3,2,1,1,0,1,Semi,Good,1986,38,2.98,1.42,6.17,5.88,53.97
TN3654,Coimbatore,Besant Nagar,1379,5,5,3,1,0,0,Fully,Poor,2021,3,0.87,0.75,2.13,2.93,56.07
TN3655,Chennai,Velachery,1548,2,2,2,1,0,0,Unfurnished,Average,2000,24,1.99,2.81,4.77,1.37,80.94
TN3656,Chennai,Ashok Nagar,1113,3,3,2,2,1,0,Semi,Average,2008,16,2.51,2.93,2.83,0.92,75.12
TN3657,Coimbatore,Pallavaram,1033,3,3,1,0,1,0,Unfurnished,Average,2019,5,2.22,1.73,1.1,5.4,51
TN3658,Trichy,Ashok Nagar,1601,2,1,1,0,0,0,Semi,Average,2006,18,6.17,2,6.36,2.64,54.65
TN3659,Madurai,Gandhipuram,1047,4,3,3,1,0,0,Unfurnished,Fair,2020,4,5.71,9.62,0.5,4.22,31.73
TN3660,Coimbatore,Alwarpet,838,3,3,1,1,0,0,Unfurnished,Average,1995,29,,3.96,2.98,7.67,33.58
TN3661,Thanjavur,Singanallur,,3,2,2,0,0,0,Unfurnished,Good,2013,11,2.75,0.35,0.94,5.25,73.64
TN3662,Trichy,Singanallur,1670,3,3,1,2,0,0,Unfurnished,Good,2019,5,8.93,0.72,0.5,3.48,73.08
TN3663,Chennai,T Nagar,2245,3,3,2,1,0,0,Semi,Good,1999,25,4.47,11.14,2.8,2.15,144.98
TN3664,Chennai,Kodambakkam,1803,3,3,1,1,1,0,Fully,Fair,2015,9,,3.89,2.77,5.37,92.91
TN3665,Chennai,Besant Nagar,879,3,2,2,0,0,0,Unfurnished,Excellent,2000,24,1.39,7.4,4.91,4.24,68.54
TN3666,Chennai,RS Puram,1493,2,1,1,0,1,1,Unfurnished,Good,1994,30,0.68,1.09,5.46,5.66,99.74
TN3667,Chennai,KK Nagar,993,5,4,3,1,0,0,Semi,Good,2016,8,0.2,4.06,5.2,0.5,75.2
TN3668,Chennai,Mylapore,707,3,2,2,2,0,1,Fully,Good,1986,38,0.52,3.76,2.11,6.77,51.54
TN3669,Chennai,Ramanathapuram,1249,3,2,1,1,0,0,Semi,Excellent,2008,16,0.2,1.05,4,1.07,101.79
TN3670,Chennai,Porur,1892,3,2,2,2,1,1,Semi,Average,2007,17,3.18,2.4,3.44,3.53,114.8
TN3671,Tirunelveli,Mylapore,1574,3,3,1,1,0,0,Semi,Average,1986,38,1.39,2.96,2.19,7.28,49.69
TN3672,Chennai,Tambaram,824,3,2,1,1,1,1,Semi,Good,2022,2,0.94,1.97,3.64,0.5,74.1
TN3673,Madurai,Velachery,1233,3,3,3,1,0,0,Unfurnished,Good,2015,9,3.59,5.27,11.77,4.33,56.29
TN3674,Coimbatore,Peelamedu,1386,3,3,2,1,0,1,Fully,Good,2010,14,4.47,5.37,0.86,3.95,79.36
TN3675,Thanjavur,Velachery,690,3,2,1,1,0,0,Semi,Average,2013,11,9.25,5.7,9.45,4.44,21.66
TN3676,Chennai,Besant Nagar,1771,3,3,1,0,0,0,Semi,Fair,1987,37,2.57,4.88,0.5,5.21,82.73
TN3677,Coimbatore,Pallavaram,1347,2,2,1,1,0,1,Fully,Average,1998,26,1.55,2.01,1.47,4.53,65.12
TN3678,Thanjavur,Ashok Nagar,824,3,3,3,0,0,0,Unfurnished,Excellent,2009,15,0.91,1.44,1.36,1.82,39.57
TN3679,Tirunelveli,Adyar,799,2,1,1,1,0,1,Unfurnished,Good,1985,39,0.63,5.34,3.94,4.69,26.94
TN3680,Vellore,Tambaram,1945,2,1,3,1,0,0,Semi,Average,1987,37,0.6,2.02,0.56,4.46,61.52
TN3681,Chennai,Porur,1279,4,4,3,0,1,0,Unfurnished,Average,2010,14,1.32,0.85,8.56,4.38,74.94
TN3682,Chennai,Kodambakkam,1986,3,2,1,1,0,1,Unfurnished,Average,2002,22,12,2.12,7.05,8.67,101.79
TN3683,Trichy,Ashok Nagar,2157,3,3,1,1,1,0,Unfurnished,Excellent,1993,31,0.2,0.46,4.22,7.17,115.03
TN3684,Hosur,Perambur,1910,3,2,3,1,0,0,Fully,Good,2022,2,0.55,3.53,2.45,8.15,99.36
TN3685,Madurai,Chromepet,1210,4,4,1,0,0,1,Unfurnished,Good,2007,17,0.52,1.23,10.81,5.19,56.68
TN3686,Madurai,Kodambakkam,400,3,3,1,1,0,1,Semi,Average,2005,19,3.16,0.91,7.11,8.07,17.15
TN3687,Chennai,Pallavaram,1591,4,3,1,0,0,1,Semi,Good,1985,39,1.09,9.41,2.77,2.79,104.29
TN3688,Erode,Porur,2391,3,2,2,0,0,0,Fully,Average,2005,19,1.53,4.5,4.84,3.78,79.79
TN3689,Chennai,Singanallur,1434,5,4,2,0,0,0,Semi,Good,2011,13,0.4,4.64,3.35,3.34,103.82
TN3690,Coimbatore,Velachery,555,4,3,1,0,0,0,Fully,Average,1990,34,1.3,2.93,3.55,3.51,29.28
TN3691,Coimbatore,Saibaba Colony,1146,4,3,1,1,0,0,Fully,Average,2020,4,0.27,5.48,1.61,4.58,59.77
TN3692,Madurai,Besant Nagar,1367,2,2,3,2,0,1,Semi,Good,2012,12,1.9,4.27,2.48,4.91,65.26
TN3693,Chennai,Alwarpet,956,2,2,2,1,0,0,Unfurnished,Excellent,2001,23,0.26,2.74,0.5,5.36,81.11
TN3694,Chennai,Ramanathapuram,,2,2,2,1,0,0,Unfurnished,Fair,1987,37,3.91,9.74,1.77,7.99,16.96
TN3695,Trichy,Chromepet,1406,2,1,2,0,1,0,Semi,Good,1996,28,2.09,0.64,4.76,1.45,60.89
TN3696,Chennai,Velachery,1097,4,3,2,1,0,1,Unfurnished,Average,1996,28,3.22,8.61,12.25,2.09,63.44
TN3697,Madurai,Singanallur,2248,1,1,2,0,0,1,Unfurnished,Average,1986,38,1.36,1.54,13.19,0.5,74.87
TN3698,Chennai,Adyar,1495,2,2,1,1,0,1,Unfurnished,Poor,2006,18,1.2,2.25,3.25,2.82,57.28
TN3699,Coimbatore,Tambaram,1661,2,2,1,2,0,0,Fully,Average,2007,17,0.26,0.39,3.73,3.61,77.04
TN3700,Madurai,KK Nagar,1396,2,2,2,0,0,1,Unfurnished,Average,2014,10,1.86,2.33,0.82,3.1,47.66
TN3701,Chennai,Ramanathapuram,1492,2,1,2,1,0,1,Unfurnished,Fair,1989,35,1.81,2.83,4.75,2.22,67.45
TN3702,Coimbatore,Besant Nagar,706,4,4,3,0,1,0,Unfurnished,Average,1993,31,1.58,18.23,0.5,4.68,39.93
TN3703,Chennai,Velachery,982,3,2,1,1,0,0,Semi,Excellent,2005,19,,11.09,1.34,3.73,80.68
TN3704,Chennai,T Nagar,1940,1,1,3,0,0,0,Semi,Fair,1995,29,4.47,10.18,4.41,2.73,83.42
TN3705,Thanjavur,Nungambakkam,1544,3,2,3,1,0,0,Semi,Good,1989,35,3.47,1.28,1.49,4.8,56.74
TN3706,Coimbatore,Mylapore,1271,3,2,1,0,0,1,Semi,Average,2019,5,0.39,14.22,0.5,3.35,60.54
TN3707,Erode,Mylapore,1669,2,1,2,1,0,0,Fully,Good,2011,13,2.43,1.82,7.13,6.81,64.39
TN3708,Chennai,Alwarpet,1678,3,2,2,1,0,0,Semi,Average,1986,38,0.21,5.73,1.49,4.17,94.02
TN3709,Salem,Singanallur,2346,3,3,3,1,0,1,Unfurnished,Fair,2008,16,2.97,0.73,0.5,3.8,68.21
TN3710,Erode,Mylapore,1523,3,3,2,1,0,1,Unfurnished,Fair,2015,9,1.2,2.11,0.5,5.02,43.75
TN3711,Madurai,Ashok Nagar,972,3,3,2,2,0,1,Fully,Fair,2017,7,0.36,10.15,1.16,0.5,36.66
TN3712,Coimbatore,Saibaba Colony,1398,1,1,2,1,0,0,Unfurnished,Fair,2014,10,4.95,8.81,0.78,6.93,51.04
TN3713,Coimbatore,Gandhipuram,1723,5,5,1,0,0,0,Semi,Good,2021,3,2.38,3.45,5.95,6.07,96.08
TN3714,Coimbatore,Porur,1898,4,4,1,0,0,0,Unfurnished,Excellent,2012,12,1.1,4.8,1.55,2.91,124.4
TN3715,Hosur,Kodambakkam,723,4,4,2,2,0,0,Unfurnished,Good,2015,9,0.2,0.58,6.53,2.24,43.64
TN3716,Vellore,Velachery,1564,1,1,2,1,0,0,Unfurnished,Good,1995,29,1.93,3.84,0.76,2.48,62.27
TN3717,Thanjavur,Mylapore,1046,4,3,2,1,0,0,Unfurnished,Fair,2007,17,6.42,2.89,2.72,1.68,34.15
TN3718,Chennai,KK Nagar,1195,4,3,2,0,0,0,Semi,Average,1986,38,2.27,0.3,4.66,1.11,66.28
TN3719,Salem,Saibaba Colony,1831,4,4,1,1,0,0,Unfurnished,Average,2011,13,8.91,0.36,4.22,1.62,62.73
TN3720,Hosur,Velachery,1786,2,2,2,0,0,0,Fully,Average,2019,5,0.37,0.34,3.68,0.5,80.56
TN3721,Chennai,Ramanathapuram,1145,3,3,1,2,0,1,Unfurnished,Average,1986,38,2.1,3.87,10.35,3.77,62.46
TN3722,Chennai,Alwarpet,1379,5,4,2,2,0,1,Unfurnished,Average,2021,3,4,0.46,1.04,4.23,81.12
TN3723,Salem,Ramanathapuram,1209,3,3,3,0,0,0,Unfurnished,Average,2005,19,1.86,1.89,2.72,7.06,41.4
TN3724,Madurai,Anna Nagar,2751,3,2,2,1,0,0,Semi,Average,1989,35,0.24,1.32,8.62,6.47,96.8
TN3725,Vellore,Nungambakkam,1575,4,3,1,,0,0,Unfurnished,Good,2005,19,2.19,2.4,0.5,3.03,66.39
TN3726,Chennai,Besant Nagar,1072,3,2,1,1,0,0,Fully,Good,2013,11,2.37,3.68,0.5,4,76.27
TN3727,Erode,Alwarpet,,3,2,2,2,0,0,Fully,Average,2004,20,3.26,3.46,1.06,6.71,71.14
TN3728,Chennai,Peelamedu,2061,3,3,2,1,0,1,Unfurnished,Excellent,2022,2,3.58,2.17,4.01,3.6,165.57
TN3729,Chennai,RS Puram,2256,4,4,2,1,0,1,Semi,Excellent,2004,20,3.68,1.87,1.2,4.84,187.53
TN3730,Chennai,Ashok Nagar,2390,2,1,1,0,0,1,Unfurnished,Average,2009,15,2.72,1.52,0.84,3.29,125.98
TN3731,Vellore,Saibaba Colony,1768,3,3,2,1,0,1,Semi,Average,1986,38,0.61,5.94,2.46,4.58,64.23
TN3732,Trichy,Anna Nagar,1293,3,2,2,1,0,1,Fully,Average,2016,8,1.29,1.21,3.8,,50.98
TN3733,Madurai,Alwarpet,1359,4,4,1,1,1,0,Unfurnished,Excellent,2010,14,3.74,0.9,1.14,3.8,83.12
TN3734,Coimbatore,Porur,1319,3,3,2,0,0,1,Semi,Excellent,1990,34,7.67,4.08,1.43,6.63,79.48
TN3735,Tirunelveli,Velachery,1268,4,3,1,1,0,0,Fully,Fair,1987,37,0.21,1.34,3.8,2.77,36.84
TN3736,Coimbatore,Besant Nagar,2008,4,3,2,2,0,1,Unfurnished,Average,2017,7,1.92,5.63,11.66,4.73,94.02
TN3737,Vellore,KK Nagar,1450,2,1,3,1,0,0,Semi,Good,1985,39,0.94,1.19,4.49,8.07,57.08
TN3738,Coimbatore,Peelamedu,1887,3,2,2,1,0,0,Semi,Average,1989,35,0.64,3.63,6.11,5.12,80.31
TN3739,Coimbatore,Peelamedu,1754,1,1,2,1,1,1,Semi,Fair,1997,27,1.76,0.3,1.83,2.91,68.49
TN3740,Coimbatore,Porur,956,3,2,2,1,1,0,Unfurnished,Excellent,2003,21,2.33,1.46,1.27,5.2,70.31
TN3741,Coimbatore,Peelamedu,677,3,3,1,1,0,0,Unfurnished,Good,1996,28,0.2,1.26,2.42,9.36,37.07
TN3742,Salem,Singanallur,894,4,3,2,0,0,0,Unfurnished,Good,2009,15,3.79,5.09,6.58,4.58,35.07
TN3743,Madurai,RS Puram,1258,4,4,2,1,0,0,Fully,Excellent,2019,5,4.29,10.24,2.44,6.09,76.99
TN3744,Chennai,Chromepet,1510,2,1,1,1,0,1,Unfurnished,Good,1996,28,8.42,1.85,7.5,4.51,91.43
TN3745,Tirunelveli,Sholinganallur,1158,2,2,1,1,0,1,Unfurnished,Average,2014,10,0.5,5.23,17.96,5.05,32.13
TN3746,Coimbatore,KK Nagar,1766,3,3,2,2,0,0,Unfurnished,Good,1989,35,2.26,3.61,0.5,4.34,98.56
TN3747,Madurai,Tambaram,1213,3,3,1,1,0,0,Semi,Fair,2018,6,1.39,10.27,0.5,2.46,41.52
TN3748,Tirunelveli,Besant Nagar,1566,2,1,1,0,0,1,Unfurnished,Good,2006,18,1.02,5,0.65,5.25,57.74
TN3749,Trichy,Pallavaram,1503,4,3,2,2,0,0,Unfurnished,Fair,1997,27,2.08,0.3,1.94,2.05,48.96
TN3750,Chennai,Nungambakkam,2230,4,3,1,1,1,0,Fully,Good,1987,37,3.81,3.75,0.56,3.88,155.71
TN3751,Hosur,Adyar,1011,3,2,3,1,0,0,Semi,Average,2004,20,0.2,2.3,8.18,8.32,43.69
TN3752,Trichy,Saibaba Colony,2444,4,4,1,1,1,1,Unfurnished,Fair,2015,9,8.72,0.3,0.5,4.36,78.73
TN3753,Coimbatore,RS Puram,1183,3,3,2,1,0,0,Fully,Fair,1989,35,4.15,0.87,1.52,2.65,48.07
TN3754,Chennai,Alwarpet,847,3,3,2,0,0,0,Unfurnished,Poor,2008,16,3.48,7.64,0.82,4.98,34.16
TN3755,Erode,Ashok Nagar,1352,3,2,2,1,0,0,Unfurnished,Good,2017,7,3.57,7.81,10.73,3.39,51.91
TN3756,Trichy,Saibaba Colony,2908,2,2,1,1,0,0,Semi,Good,1992,32,1.23,4.81,4.43,4.72,118.49
TN3757,Madurai,Porur,1853,4,4,3,1,0,0,Semi,Average,2008,16,3.48,12.02,9.72,2.15,67.58
TN3758,Tirunelveli,Alwarpet,1721,3,2,2,1,1,0,Fully,Fair,2004,20,1.22,4.93,14.35,6.06,50.4
TN3759,Erode,Saibaba Colony,1808,3,2,2,0,1,0,Unfurnished,Fair,2000,24,5.72,0.3,2.75,4.75,51.16
TN3760,Chennai,Mylapore,1104,3,3,1,0,0,0,Semi,Poor,1996,28,0.49,1.02,1.07,2.5,47.84
TN3761,Coimbatore,Kodambakkam,1597,1,1,1,1,0,0,Unfurnished,Fair,1997,27,0.86,0.3,0.86,5.22,57.59
TN3762,Chennai,Mylapore,1451,2,1,2,1,0,1,Semi,Excellent,2009,15,2,0.3,1.01,8.37,112.07
TN3763,Salem,Pallavaram,,3,2,1,2,0,1,Fully,Average,2016,8,0.96,0.74,4.93,2.91,77.06
TN3764,Chennai,Adyar,1401,3,2,2,1,0,0,Fully,Average,2008,16,1.38,2.1,0.5,6.02,81.03
TN3765,Madurai,Singanallur,1280,3,3,1,1,0,0,Semi,Fair,1993,31,,5.64,0.5,,39.82
TN3766,Erode,Mylapore,926,3,3,2,1,0,0,Unfurnished,Average,2007,17,,5.94,3.75,5.31,29.88
TN3767,Tirunelveli,Tambaram,1513,3,3,3,0,0,1,Semi,Average,1997,27,1.85,2.87,4.11,6.3,47.16
TN3768,Coimbatore,Tambaram,1582,3,3,2,2,0,1,Semi,Good,2016,8,1.13,7.9,4.38,3.95,90.51
TN3769,Vellore,Besant Nagar,909,3,3,2,1,0,0,Semi,Average,1999,25,0.71,2.08,1.86,4.8,36.17
TN3770,Chennai,Alwarpet,1654,4,3,2,0,0,1,Semi,Fair,2020,4,1.31,6.6,6.56,4.7,76.1
TN3771,Vellore,Kodambakkam,1555,3,3,2,1,1,1,Semi,Average,1989,35,1.81,1.82,3.05,2.79,62.48
TN3772,Chennai,Pallavaram,1906,3,3,3,2,0,1,Unfurnished,Average,2006,18,3.43,0.97,0.5,5.42,107.19
TN3773,Coimbatore,Tambaram,1996,2,1,3,2,1,0,Semi,Average,2000,24,0.32,7.45,6.38,3.78,92.78
TN3774,Erode,Velachery,1492,3,2,2,0,0,0,Semi,Excellent,1994,30,0.63,1.47,12.24,8.16,67.59
TN3775,Chennai,Porur,984,1,1,1,2,1,0,Fully,Good,2008,16,,2.1,0.5,3.48,75.76
TN3776,Chennai,Velachery,1076,3,3,2,0,0,1,Unfurnished,Good,2002,22,1.12,1.2,1.99,1.86,71.93
TN3777,Salem,Chromepet,2243,2,1,1,0,0,1,Fully,Average,2002,22,1.24,3.26,2.67,6.74,69.74
TN3778,Salem,Chromepet,1524,3,2,2,1,1,0,Fully,Average,1991,33,3.94,15.91,0.63,3.01,58.48
TN3779,Trichy,Nungambakkam,2236,4,3,2,2,0,0,Unfurnished,Average,1988,36,0.98,0.3,8.09,2.07,81.43
TN3780,Salem,Adyar,1674,3,3,2,1,0,0,Semi,Good,2010,14,1.74,6.9,1.34,5.28,68.28
TN3781,Madurai,Anna Nagar,1789,2,1,3,1,1,0,Semi,Good,1989,35,2.44,0.3,6.11,7.16,82.34
TN3782,Chennai,Velachery,1872,2,1,2,1,0,0,Semi,Fair,2000,24,0.66,1.36,4.45,5.97,84.27
TN3783,Coimbatore,Porur,900,4,4,1,1,1,0,Unfurnished,Average,2019,5,3.17,0.55,3.65,3.36,53.55
TN3784,Chennai,Sholinganallur,1588,2,1,3,2,0,0,Fully,Average,2010,14,1.98,4.25,0.85,,88.61
TN3785,Tirunelveli,Ashok Nagar,893,3,3,1,1,1,1,Unfurnished,Excellent,2002,22,1.48,0.3,1,3.93,47.86
TN3786,Madurai,Singanallur,1322,3,3,2,,0,0,Semi,Good,2013,11,4.15,2.42,0.5,7.82,60.82
TN3787,Coimbatore,Gandhipuram,1738,3,2,1,2,0,0,Semi,Average,2007,17,0.7,1.05,1.1,3.63,79.79
TN3788,Coimbatore,Besant Nagar,989,3,3,1,0,0,0,Semi,Fair,1998,26,5.37,0.43,1.7,4.7,40.18
TN3789,Hosur,Velachery,1702,4,3,3,1,1,1,Semi,Good,1999,25,2.06,4.43,7.16,4.84,96.94
TN3790,Chennai,Kodambakkam,776,1,1,1,1,0,0,Unfurnished,Fair,2017,7,2.35,0.74,1.83,2.18,34.42
TN3791,Madurai,Gandhipuram,1964,2,1,2,1,0,1,Semi,Average,2009,15,,0.76,5.62,4.11,70.17
TN3792,Madurai,Pallavaram,1151,2,1,1,1,0,0,Semi,Fair,2005,19,4.25,0.97,2.32,4.15,34.8
TN3793,Trichy,Ashok Nagar,988,2,2,3,0,0,1,Semi,Good,2001,23,2.3,2.65,6.15,7.25,40.05
TN3794,Chennai,Chromepet,804,2,1,3,1,0,1,Unfurnished,Average,2007,17,3.5,3.23,14.96,4.89,41.5
TN3795,Tirunelveli,Adyar,1189,3,2,1,2,1,0,Semi,Average,2001,23,1.42,0.3,1.1,3.74,44.29
TN3796,Hosur,Ramanathapuram,592,3,2,1,,0,1,Unfurnished,Excellent,1998,26,1.98,0.83,7.93,4.21,34.36
TN3797,Madurai,Singanallur,1203,3,3,2,1,0,0,Semi,Average,2013,11,0.2,1.69,3.89,4.37,46.02
TN3798,Salem,Pallavaram,1945,3,3,1,2,0,0,Fully,Average,2004,20,0.24,1.21,6.8,4.42,69.46
TN3799,Hosur,KK Nagar,1365,3,2,2,1,0,0,Fully,Average,2014,10,4.42,6.47,4.22,6.35,61.51
TN3800,Salem,KK Nagar,920,3,3,1,1,0,0,Semi,Poor,2003,21,0.2,4.65,2.21,6.46,25.69
TN3801,Chennai,Ashok Nagar,1552,2,2,1,1,0,1,Fully,Good,1997,27,0.46,2.95,1.04,2.52,103.74
TN3802,Madurai,Pallavaram,1512,3,2,2,1,0,1,Fully,Fair,2002,22,3.97,1.24,0.5,6.64,47.57
TN3803,Trichy,Saibaba Colony,2330,1,1,1,1,0,0,Unfurnished,Average,2007,17,0.2,3.62,3.07,6,76.92
TN3804,Coimbatore,Porur,1806,2,1,3,1,0,0,Unfurnished,Good,2017,7,0.83,5.57,18.55,4.39,93.18
TN3805,Salem,Gandhipuram,1588,3,2,1,1,0,0,Unfurnished,Good,2002,22,2.19,2.71,5.36,1.55,59.48
TN3806,Hosur,Sholinganallur,1857,4,3,1,1,0,1,Fully,Good,1993,31,2.26,4.6,1.59,4.93,101.3
TN3807,Hosur,Saibaba Colony,1390,3,3,3,1,0,0,Fully,Average,2017,7,3.75,4.15,7.02,3.79,61.45
TN3808,Coimbatore,Velachery,1416,2,1,2,1,0,1,Fully,Poor,2016,8,1.76,2.54,5.86,5.61,47.97
TN3809,Chennai,RS Puram,2197,4,3,2,1,0,0,Unfurnished,Good,2001,23,1.78,1.12,1.32,5.79,141.98
TN3810,Thanjavur,Besant Nagar,714,3,2,1,1,0,0,Unfurnished,Average,2003,21,3.23,4.11,0.5,7.14,21.01
TN3811,Vellore,Nungambakkam,1886,3,2,2,1,1,1,Semi,Good,2011,13,1.73,0.7,0.5,2.38,81.92
TN3812,Chennai,RS Puram,1400,4,3,2,0,0,0,Fully,Good,1990,34,2.34,4.54,8.39,8.78,93.84
TN3813,Hosur,Kodambakkam,1319,3,3,1,0,0,0,Semi,Good,2019,5,5.7,4.9,7.25,6.29,67.49
TN3814,Tirunelveli,Velachery,1201,2,1,2,0,0,0,Semi,Average,2021,3,,5.18,1.4,5.93,39.6
TN3815,Madurai,Nungambakkam,1519,3,3,2,0,0,0,Semi,Average,2018,6,,1.92,1.34,8.33,55.57
TN3816,Madurai,Anna Nagar,1430,3,2,1,1,0,1,Semi,Good,2004,20,0.2,0.64,6.3,5.14,62.16
TN3817,Coimbatore,Chromepet,1263,3,2,2,0,0,0,Unfurnished,Average,2009,15,2.38,0.32,11.11,6.57,54.58
TN3818,Chennai,Porur,1134,3,2,2,1,0,0,Fully,Fair,1988,36,0.2,4.08,6.04,4.84,52.46
TN3819,Coimbatore,Peelamedu,593,4,4,1,0,0,0,Fully,Excellent,1994,30,1.75,6.52,3.72,6.18,43.5
TN3820,Erode,Nungambakkam,1124,4,3,2,1,0,0,Unfurnished,Excellent,1994,30,4.08,3.16,1.11,6.82,51.7
TN3821,Chennai,RS Puram,1219,4,3,1,1,0,1,Fully,Average,2008,16,2,0.47,2.98,6.62,73.39
TN3822,Coimbatore,Besant Nagar,1518,4,3,2,0,0,1,Fully,Fair,2005,19,0.79,8.2,1.06,1.48,59.3
TN3823,Coimbatore,Peelamedu,2333,4,3,2,2,0,1,Fully,Average,1995,29,3.86,13.56,6.6,3.67,104.48
TN3824,Madurai,KK Nagar,,2,1,2,0,0,0,Fully,Good,2011,13,0.79,1.7,1.96,6.84,49.98
TN3825,Hosur,Chromepet,989,2,1,3,1,0,0,Semi,Excellent,2000,24,3.3,2.71,7.18,5.5,60.51
TN3826,Coimbatore,Kodambakkam,1128,3,2,1,1,0,0,Unfurnished,Average,2010,14,2.36,4.5,1.92,4.4,50.25
TN3827,Coimbatore,Pallavaram,1519,4,4,2,1,0,1,Semi,Fair,2014,10,0.47,4,6.95,5.52,64.3
TN3828,Salem,Gandhipuram,,3,2,2,0,0,0,Semi,Excellent,2000,24,5.89,10.31,1.62,2.29,84.12
TN3829,Coimbatore,Singanallur,1778,3,2,2,1,0,0,Unfurnished,Average,1991,33,0.56,0.37,2.32,,76.6
TN3830,Chennai,Tambaram,1822,2,1,2,1,0,1,Semi,Average,2000,24,11.41,2.61,3.82,5.24,91.19
TN3831,Coimbatore,Kodambakkam,1886,2,2,1,,0,0,Unfurnished,Excellent,2019,5,0.2,3.53,0.5,4.67,125.09
TN3832,Chennai,Nungambakkam,1325,3,3,1,2,0,0,Unfurnished,Fair,2000,24,0.76,6.62,11.84,,59.03
TN3833,Chennai,Tambaram,2374,2,1,1,1,1,0,Fully,Good,1996,28,0.56,6.22,3.41,,156.49
TN3834,Coimbatore,Adyar,1290,3,3,3,2,0,0,Unfurnished,Fair,2019,5,,11.45,2.84,3.95,50.19
TN3835,Coimbatore,Ramanathapuram,1499,2,1,1,,1,0,Semi,Average,2005,19,3.3,2.15,7.32,3.85,70.19
TN3836,Hosur,Tambaram,2033,3,2,3,0,0,0,Unfurnished,Good,2020,4,2.96,5.33,8.03,8.08,100.51
TN3837,Coimbatore,Alwarpet,1705,3,3,2,1,0,0,Semi,Average,2001,23,3.93,1.67,2.95,1.33,81.16
TN3838,Madurai,Mylapore,,3,2,1,0,0,0,Unfurnished,Excellent,2016,8,0.74,1.65,10.48,1.37,24.13
TN3839,Trichy,Mylapore,1453,3,3,2,0,0,1,Unfurnished,Good,1990,34,1.47,0.88,0.5,6.06,59.61
TN3840,Chennai,Kodambakkam,1838,2,2,2,0,0,0,Fully,Average,2008,16,2.69,5.12,0.5,2.06,99.38
TN3841,Trichy,Gandhipuram,845,4,4,3,1,0,1,Semi,Average,2011,13,1.45,12.77,3.63,0.5,35.47
TN3842,Chennai,Sholinganallur,1788,3,2,1,1,0,0,Unfurnished,Average,2004,20,2.99,0.89,1.75,6.53,98.02
TN3843,Thanjavur,Anna Nagar,1626,3,2,1,1,0,0,Unfurnished,Average,2009,15,2.51,0.3,2.5,7.02,55.17
TN3844,Chennai,Nungambakkam,1983,3,2,1,0,0,1,Fully,Fair,1986,38,0.3,5.07,1.59,1.88,90.89
TN3845,Coimbatore,Kodambakkam,1139,2,1,1,1,1,0,Unfurnished,Average,1993,31,3.8,2.9,2.07,0.91,55.49
TN3846,Chennai,Velachery,1898,4,3,2,2,1,0,Semi,Average,2012,12,3.19,9.63,6.92,2.06,115.35
TN3847,Thanjavur,Pallavaram,1522,3,2,3,1,0,1,Fully,Good,2022,2,2.67,0.87,3.6,3.1,61.81
TN3848,Madurai,Chromepet,2245,3,2,1,1,1,0,Semi,Good,1987,37,0.42,0.3,23.72,8.33,97.8
TN3849,Madurai,Ashok Nagar,2704,2,2,2,2,1,0,Fully,Good,2004,20,0.78,2.03,6.18,3.64,121.27
TN3850,Chennai,Ramanathapuram,2142,4,3,2,1,0,0,Unfurnished,Poor,1990,34,1.25,0.3,1.28,6.16,80.27
TN3851,Salem,Anna Nagar,1666,4,3,1,0,0,1,Semi,Average,2017,7,0.82,0.91,1.23,5.94,60.5
TN3852,Chennai,Alwarpet,2494,2,1,1,0,0,1,Unfurnished,Good,1985,39,0.65,0.4,1.64,7.14,152.52
TN3853,Tirunelveli,T Nagar,1722,3,3,2,0,0,0,Fully,Average,2021,3,4.09,0.76,7.41,3.25,57.25
TN3854,Chennai,RS Puram,1041,4,4,3,1,0,0,Semi,Poor,1990,34,2.54,0.34,0.5,4.48,45.76
TN3855,Chennai,Sholinganallur,1432,3,3,2,0,0,0,Fully,Good,2018,6,2.08,9.23,1.05,4.06,99.78
TN3856,Chennai,Chromepet,1793,4,3,1,1,0,0,Fully,Good,1999,25,0.64,0.98,9.41,5.58,121.34
TN3857,Coimbatore,Ashok Nagar,1822,3,3,1,0,0,0,Fully,Average,2010,14,6.25,1.76,4.09,6.93,81.68
TN3858,Madurai,Alwarpet,944,3,3,1,2,0,0,Fully,Fair,1998,26,0.53,6.87,1.03,8.86,33.72
TN3859,Chennai,Alwarpet,958,3,2,2,1,0,0,Semi,Good,1991,33,3.96,3.39,0.99,3.72,65.65
TN3860,Erode,T Nagar,1296,2,1,2,2,0,0,Semi,Good,2015,9,8.5,2.89,7.94,4.78,49.92
TN3861,Coimbatore,Porur,1691,3,2,1,2,1,1,Semi,Good,2008,16,3.25,3.67,8.97,6.23,96.37
TN3862,Madurai,Singanallur,1748,5,5,2,0,0,0,Semi,Good,2015,9,12.35,5.3,1.18,5.72,78.79
TN3863,Coimbatore,Porur,1514,3,2,2,1,0,0,Unfurnished,Good,2013,11,2.63,6.3,2.18,7.93,80.13
TN3864,Coimbatore,T Nagar,1075,3,2,2,0,1,0,Unfurnished,Average,2016,8,0.61,3.09,7.2,4.28,49.99
TN3865,Madurai,Anna Nagar,2232,3,2,3,2,1,1,Semi,Fair,2001,23,0.57,6.62,5.9,3.71,76.52
TN3866,Chennai,Pallavaram,968,3,2,1,1,0,1,Semi,Good,1998,26,0.98,2.3,6.73,7.25,66.47
TN3867,Chennai,Kodambakkam,2036,4,3,3,0,0,1,Fully,Good,2020,4,0.2,0.97,2.92,5.11,140.78
TN3868,Tirunelveli,Tambaram,1782,4,3,1,0,1,0,Unfurnished,Good,2008,16,2.86,6.36,9.7,5.58,71.79
TN3869,Hosur,T Nagar,2026,2,2,1,1,0,1,Fully,Fair,2011,13,0.78,2.34,1.58,4.35,74.88
TN3870,Coimbatore,Ashok Nagar,1250,5,4,3,2,0,0,Semi,Fair,2009,15,4.22,7.1,0.68,6.35,53.68
TN3871,Chennai,KK Nagar,1386,4,4,3,1,0,0,Semi,Excellent,2016,8,1.11,0.3,4.93,2.77,122.68
TN3872,Trichy,T Nagar,1475,4,4,2,2,0,0,Semi,Good,2002,22,1.63,1.52,3.1,3.58,67.17
TN3873,Coimbatore,Pallavaram,1236,3,2,2,1,0,1,Fully,Excellent,2002,22,8.43,8.86,7.71,0.5,80.42
TN3874,Chennai,T Nagar,1551,4,4,2,0,0,1,Unfurnished,Good,2021,3,0.69,0.86,0.5,3.24,109.85
TN3875,Chennai,KK Nagar,2161,2,2,2,2,1,1,Fully,Good,2010,14,3.19,8.52,7.42,6.36,150.63
TN3876,Salem,KK Nagar,866,3,3,1,0,0,1,Semi,Good,1993,31,3.52,9.23,1.39,4.59,37.99
TN3877,Trichy,Mylapore,1154,4,3,2,2,0,0,Fully,Excellent,2019,5,0.62,6.41,4.26,2.65,67.02
TN3878,Chennai,Chromepet,1105,2,2,2,1,0,0,Fully,Good,1992,32,1.74,2.49,0.5,7.36,72.77
TN3879,Chennai,Ashok Nagar,1408,2,2,2,0,1,0,Unfurnished,Good,2004,20,1.08,3.12,3.76,4.78,94.05
TN3880,Chennai,Gandhipuram,1389,4,4,2,1,0,1,Fully,Fair,2006,18,3.69,6.11,5.05,7.89,71.66
TN3881,Trichy,Peelamedu,1798,4,4,2,2,0,0,Unfurnished,Average,2003,21,2.44,4.49,1.84,6.21,69.37
TN3882,Chennai,Perambur,1465,2,1,3,2,1,1,Semi,Good,2014,10,1.62,2.98,0.97,4.88,109.93
TN3883,Chennai,Porur,1586,4,3,2,0,0,0,Fully,Average,2012,12,,12.1,3.09,8.17,87.6
TN3884,Erode,Pallavaram,1629,3,3,3,0,0,0,Unfurnished,Average,2019,5,0.67,3.47,7.16,3.75,51.52
TN3885,Chennai,Adyar,1560,3,2,1,1,1,0,Fully,Average,1995,29,3.5,11.13,1.56,2.31,93
TN3886,Trichy,Mylapore,1766,4,3,2,1,1,0,Unfurnished,Average,2015,9,5.01,0.3,1.16,7.7,66.34
TN3887,Chennai,Alwarpet,1395,3,3,2,1,0,1,Fully,Average,2020,4,5.27,0.45,1.31,5.71,81.92
TN3888,Chennai,Chromepet,2191,2,1,2,0,1,0,Unfurnished,Average,2014,10,3.83,1.8,11.91,7.29,114.78
TN3889,Chennai,Kodambakkam,2594,2,1,2,2,0,0,Fully,Excellent,2007,17,1.31,1.46,1.78,6.26,199.61
TN3890,Salem,Besant Nagar,1768,3,3,2,1,0,0,Semi,Average,2003,21,10.02,4.58,0.5,7.79,58.89
TN3891,Vellore,Velachery,1553,3,3,3,1,1,0,Unfurnished,Fair,1996,28,1.19,0.53,6.09,3.48,50.2
TN3892,Vellore,Singanallur,1731,4,3,2,,1,0,Unfurnished,Fair,1999,25,2.54,11.2,4.81,4.12,58.05
TN3893,Coimbatore,Besant Nagar,955,4,3,1,1,0,0,Unfurnished,Good,2015,9,0.44,1.14,0.55,4.1,56.32
TN3894,Trichy,Ashok Nagar,1531,3,2,2,2,0,1,Unfurnished,Average,2021,3,9.84,1.68,16.77,4.13,49.8
TN3895,Chennai,Peelamedu,1121,4,3,2,1,0,0,Unfurnished,Good,2021,3,3.04,0.96,3.75,1.37,82.85
TN3896,Chennai,Perambur,1679,2,2,1,2,0,0,Fully,Good,1999,25,3.5,2.6,2.78,4.83,112.46
TN3897,Tirunelveli,Kodambakkam,1123,2,2,3,2,0,0,Semi,Good,2013,11,0.2,0.3,1.93,6.08,48.74
TN3898,Chennai,Peelamedu,1295,4,4,2,1,0,0,Semi,Average,2010,14,3.6,0.49,9.16,3.14,78.58
TN3899,Chennai,Ashok Nagar,608,2,2,2,1,0,0,Semi,Good,1986,38,,4.11,1.12,2.67,44.33
TN3900,Chennai,Besant Nagar,922,2,2,1,0,0,0,Semi,Average,2004,20,2.79,0.62,1.35,4.23,47.74
TN3901,Chennai,Singanallur,1610,3,2,1,0,0,0,Semi,Excellent,1999,25,0.86,0.81,0.52,6.07,127.41
TN3902,Chennai,Sholinganallur,1059,3,2,2,0,0,1,Fully,Good,1988,36,1.68,4.72,5.69,2.35,70.54
TN3903,Madurai,Perambur,1929,4,4,1,0,0,0,Unfurnished,Average,2006,18,0.29,0.3,3.62,9.17,70.73
TN3904,Coimbatore,Alwarpet,1021,2,2,2,0,0,1,Fully,Average,2022,2,1.59,1.73,3.76,1.9,50.51
TN3905,Tirunelveli,T Nagar,1654,1,1,1,1,1,1,Semi,Fair,2007,17,0.7,0.3,0.99,3.36,45.91
TN3906,Vellore,Adyar,1107,3,2,2,1,0,0,Semi,Good,2010,14,1.07,1.28,4.21,6.77,50.24
TN3907,Coimbatore,Perambur,1623,3,2,1,1,0,0,Unfurnished,Average,1995,29,0.44,3.6,5.8,6.44,68.77
TN3908,Chennai,Gandhipuram,759,3,2,1,0,0,0,Unfurnished,Good,2012,12,0.65,0.3,1.77,6.26,54.24
TN3909,Coimbatore,Anna Nagar,1246,3,3,2,0,0,0,Semi,Average,1986,38,0.2,6.58,6.46,3.13,53.9
TN3910,Madurai,Pallavaram,1069,4,4,1,1,0,1,Fully,Good,1992,32,6.31,7.21,1.72,3.51,50.55
TN3911,Chennai,Besant Nagar,1847,4,4,2,1,0,1,Semi,Good,2013,11,1.89,0.33,5.68,2.79,126.79
TN3912,Trichy,Adyar,1658,2,2,3,1,0,0,Fully,Good,1995,29,1.26,14.04,0.5,3.86,75.8
TN3913,Coimbatore,Porur,895,3,3,2,1,0,0,Semi,Good,2021,3,1.91,1.06,3.2,5.27,50.6
TN3914,Madurai,Chromepet,1359,3,2,2,1,0,0,Semi,Fair,2002,22,2.47,0.3,13.96,2.78,44.13
TN3915,Coimbatore,Besant Nagar,1102,4,4,1,1,0,0,Fully,Fair,1998,26,,0.3,15.91,1,48.48
TN3916,Chennai,Ramanathapuram,1878,5,4,1,1,1,1,Semi,Good,1994,30,0.49,1.58,1.32,6.84,136.47
TN3917,Hosur,Nungambakkam,2022,2,1,3,2,0,0,Unfurnished,Average,2019,5,0.88,2.98,2.33,,85.53
TN3918,Erode,RS Puram,801,3,2,2,1,0,0,Unfurnished,Average,1993,31,9.3,1.21,0.5,6,25.31
TN3919,Chennai,Mylapore,1822,3,2,2,1,0,1,Semi,Poor,2019,5,1.16,5.44,8.27,3.88,69.4
TN3920,Tirunelveli,Tambaram,1080,1,1,2,1,0,0,Fully,Average,1995,29,0.2,3.78,3.36,5.59,40.14
TN3921,Coimbatore,Mylapore,1336,1,1,2,0,1,0,Fully,Poor,1996,28,0.4,1.29,1.95,9.15,45.38
TN3922,Tirunelveli,RS Puram,1465,3,3,1,1,0,0,Semi,Excellent,1987,37,0.2,3.98,0.5,2.21,66.8
TN3923,Erode,Gandhipuram,2267,3,3,2,2,1,0,Unfurnished,Average,1998,26,11.49,8.46,11.73,2.94,72.76
TN3924,Coimbatore,Pallavaram,998,1,1,2,1,0,1,Fully,Good,2012,12,0.82,0.3,3.02,2.7,57.01
TN3925,Chennai,Perambur,1826,3,2,2,2,1,1,Unfurnished,Poor,1995,29,6.43,1.1,1.33,8.71,70.73
TN3926,Chennai,Sholinganallur,923,2,1,3,1,0,0,Fully,Good,2009,15,,1.87,1.72,4.46,56.63
TN3927,Madurai,Velachery,892,3,2,1,,0,1,Unfurnished,Average,2005,19,2.29,2.07,1.26,6.27,35.84
TN3928,Trichy,Tambaram,1463,3,2,1,1,0,0,Semi,Excellent,1994,30,0.2,2.34,3.68,0.5,79.38
TN3929,Chennai,Kodambakkam,1460,2,1,3,,0,1,Unfurnished,Excellent,1999,25,0.21,1.07,10.63,5.25,109.94
TN3930,Chennai,Perambur,400,3,3,2,1,0,1,Semi,Average,2003,21,1.64,3.3,7.77,3.78,28.01
TN3931,Vellore,Ramanathapuram,1972,2,1,2,0,0,0,Semi,Excellent,2006,18,1.3,3.11,2.47,7.28,93.01
TN3932,Thanjavur,Sholinganallur,487,3,2,1,0,0,1,Fully,Excellent,2005,19,2.33,2.59,7.01,5.82,24.59
TN3933,Madurai,Peelamedu,1384,2,2,1,1,1,0,Fully,Good,2016,8,1.44,0.36,2.2,3.66,70.92
TN3934,Chennai,Peelamedu,2047,3,2,2,0,0,0,Unfurnished,Good,2007,17,6.8,1.94,1.16,7.66,124.49
TN3935,Chennai,KK Nagar,2444,2,2,1,,0,1,Unfurnished,Average,1997,27,1.91,1.32,16.4,7.84,121.84
TN3936,Chennai,Singanallur,1287,3,3,2,0,1,1,Unfurnished,Good,1989,35,2.96,2.03,1.45,7.51,89.35
TN3937,Hosur,Perambur,805,4,4,3,0,1,1,Semi,Fair,1988,36,5.67,7.65,1.56,6.02,36.25
TN3938,Chennai,Nungambakkam,2031,2,1,2,2,0,1,Unfurnished,Fair,2012,12,0.4,1.96,18.3,3.95,90.86
TN3939,Madurai,Pallavaram,1839,3,3,1,1,0,0,Fully,Excellent,1998,26,0.65,0.3,0.58,4.96,99.57
TN3940,Chennai,Besant Nagar,1230,2,2,2,1,0,0,Semi,Average,1992,32,0.28,1.73,5.72,3.67,68.14
TN3941,Madurai,Porur,1173,3,2,1,1,0,1,Semi,Good,1993,31,0.38,5.16,10.98,4.94,48
TN3942,Trichy,Gandhipuram,1127,2,2,1,1,0,0,Semi,Good,2019,5,1.8,4.54,2.87,3.31,47.31
TN3943,Vellore,T Nagar,1295,3,2,1,,0,1,Semi,Excellent,2021,3,0.97,2.16,0.5,4.16,70.27
TN3944,Chennai,Chromepet,1592,3,2,1,1,0,0,Fully,Excellent,2005,19,1.38,0.86,1.88,8.79,127.69
TN3945,Chennai,KK Nagar,1195,4,4,3,1,0,1,Semi,Average,2002,22,,1.88,0.5,5.12,69.43
TN3946,Chennai,Adyar,1252,3,2,1,2,1,0,Unfurnished,Poor,2017,7,0.43,2.49,2.15,3.64,55.75
TN3947,Tirunelveli,Saibaba Colony,1739,3,2,1,0,0,1,Semi,Average,1992,32,1.95,20,6.24,2.3,54.48
TN3948,Tirunelveli,Adyar,783,3,3,3,1,0,0,Fully,Fair,2001,23,0.26,3.1,2.31,4.3,26.9
TN3949,Madurai,Nungambakkam,1281,4,4,1,2,0,1,Fully,Poor,2015,9,0.96,3.56,2.26,5.99,42.52
TN3950,Trichy,RS Puram,696,4,4,2,1,0,0,Fully,Average,2018,6,1.87,2.03,3.25,4.77,34.24
TN3951,Trichy,Perambur,1499,2,2,1,1,0,0,Semi,Good,1990,34,7.33,1.31,3.49,4.39,63.05
TN3952,Chennai,Porur,577,4,3,1,1,0,1,Semi,Good,2006,18,1.24,5.03,7.76,5.35,45.02
TN3953,Hosur,Anna Nagar,1851,3,3,3,1,1,1,Semi,Average,1998,26,0.2,2.05,1.47,5.29,89.63
TN3954,Coimbatore,Anna Nagar,858,4,4,1,2,0,1,Unfurnished,Good,1987,37,1.23,15.71,6.9,5.91,50.94
TN3955,Coimbatore,Ramanathapuram,652,4,4,2,0,0,0,Semi,Average,1996,28,0.39,1.83,3.34,5.96,29.47
TN3956,Madurai,Perambur,1286,2,1,1,0,0,0,Unfurnished,Poor,2020,4,0.65,0.3,1.43,4.32,36.73
TN3957,Chennai,Tambaram,2220,3,2,1,1,0,0,Fully,Good,1996,28,,3.44,1.4,4.22,144.31
TN3958,Chennai,KK Nagar,1770,2,1,1,1,0,0,Semi,Good,1986,38,,0.3,1.79,4.5,112.17
TN3959,Salem,RS Puram,585,2,1,1,0,0,1,Unfurnished,Good,1986,38,1.56,0.87,3.9,5.62,18.36
TN3960,Chennai,Tambaram,846,2,1,1,0,0,0,Fully,Poor,1999,25,2.35,1.31,1.05,6.74,36.72
TN3961,Trichy,Velachery,1272,3,3,2,1,0,0,Fully,Good,2007,17,1.37,4.04,10.12,3.83,56.28
TN3962,Chennai,Porur,2457,2,1,2,2,0,0,Unfurnished,Good,2013,11,0.2,2.05,3.42,4.17,157.51
TN3963,Coimbatore,Singanallur,1027,1,1,1,1,0,0,Semi,Good,2001,23,10.59,0.3,10.1,2.87,45.51
TN3964,Chennai,Ashok Nagar,1031,3,2,2,1,0,0,Unfurnished,Good,2016,8,1.14,2.88,0.5,1.51,74.28
TN3965,Coimbatore,Mylapore,2137,2,2,3,0,0,0,Fully,Excellent,1991,33,3.77,1.59,1.68,2.02,133.52
TN3966,Salem,Sholinganallur,1538,2,2,3,1,0,0,Unfurnished,Good,2014,10,0.99,7.65,0.5,2.49,59.45
TN3967,Chennai,Gandhipuram,1924,2,1,2,,0,0,Semi,Good,2012,12,1.61,2.08,1.27,3.17,122.45
TN3968,Madurai,RS Puram,1123,3,3,3,0,1,1,Fully,Excellent,1998,26,1.23,3.7,7.92,5.42,68.93
TN3969,Coimbatore,Singanallur,1404,3,2,1,2,0,0,Semi,Good,2014,10,1.05,0.74,0.5,2.36,80.44
TN3970,Trichy,Ramanathapuram,2042,1,1,1,2,0,0,Fully,Average,2001,23,0.2,4.29,2.29,4.54,69.22
TN3971,Hosur,KK Nagar,1385,5,5,2,0,0,1,Semi,Good,2016,8,1.12,3.83,0.5,6.18,79.64
TN3972,Salem,Anna Nagar,1955,3,2,2,0,0,1,Fully,Average,1990,34,5.51,7.03,2.16,2.84,62.71
TN3973,Chennai,Saibaba Colony,1624,3,3,2,1,0,1,Fully,Average,2008,16,2.93,0.3,7.3,3.52,94.53
TN3974,Chennai,Ramanathapuram,982,3,2,2,1,0,1,Semi,Good,1990,34,0.39,1.78,3.9,1.86,67.88
TN3975,Chennai,Kodambakkam,1443,3,2,3,0,0,0,Fully,Excellent,2011,13,2.24,3.41,5.34,,118.56
TN3976,Madurai,Kodambakkam,1892,3,2,2,1,0,1,Unfurnished,Excellent,2002,22,5.57,0.3,1.72,7.24,97.55
TN3977,Chennai,Saibaba Colony,1751,2,2,2,0,0,0,Fully,Average,2008,16,3.01,1.59,11.56,5.51,91.61
TN3978,Coimbatore,T Nagar,1432,2,2,2,1,0,0,Semi,Average,2021,3,0.4,8.55,4.94,8.8,66.7
TN3979,Madurai,Velachery,599,4,3,1,1,0,1,Fully,Average,2008,16,5.06,1.72,2.19,3.03,27.35
TN3980,Coimbatore,Porur,642,2,1,1,1,0,0,Semi,Excellent,2022,2,0.9,12.68,2.22,7.52,41.59
TN3981,Erode,Ramanathapuram,738,3,3,1,1,1,1,Unfurnished,Excellent,2018,6,1.51,0.3,10.04,3.04,45.27
TN3982,Chennai,Tambaram,1220,4,3,2,2,1,1,Fully,Good,1999,25,1.87,3.8,3.44,3.5,96.2
TN3983,Chennai,Adyar,1280,3,3,1,2,0,0,Unfurnished,Good,1995,29,4.75,2.61,4.9,9.94,80.49
TN3984,Salem,Anna Nagar,786,3,3,2,0,0,1,Fully,Good,2006,18,6.71,2.08,2.16,2.83,32.58
TN3985,Coimbatore,Velachery,1910,3,3,1,0,0,0,Unfurnished,Good,2008,16,6.64,10.61,1.01,7.67,99.5
TN3986,Salem,Besant Nagar,881,1,1,2,1,1,0,Semi,Fair,1985,39,0.2,0.42,5.14,4.44,25.6
TN3987,Coimbatore,T Nagar,833,3,2,1,0,0,1,Unfurnished,Average,2002,22,6.37,6.79,3.74,2.35,35.37
TN3988,Chennai,Tambaram,1490,3,3,1,1,1,0,Semi,Good,1996,28,0.2,3.53,2.78,1.64,106.3
TN3989,Vellore,Adyar,1888,4,3,3,1,0,1,Semi,Good,2012,12,0.77,0.9,3.91,4.71,81.71
TN3990,Erode,Sholinganallur,2375,5,4,2,1,0,0,Fully,Average,1991,33,1.81,6.96,0.93,2.25,81.11
TN3991,Salem,Besant Nagar,1712,4,4,3,1,1,0,Fully,Excellent,2007,17,1.63,1.68,6.32,3.91,96.03
TN3992,Chennai,Porur,2161,4,4,3,1,0,1,Unfurnished,Fair,2005,19,2.32,5.05,11.84,0.69,99.76
TN3993,Madurai,Nungambakkam,905,3,2,1,2,0,0,Semi,Average,2018,6,1.63,1.48,8.87,5.21,35.28
TN3994,Coimbatore,Porur,2422,3,3,1,0,0,0,Semi,Good,1995,29,6.81,5.71,1.55,1.42,128.13
TN3995,Chennai,Mylapore,612,3,2,3,1,0,0,Unfurnished,Good,2006,18,,3.04,2.08,4.38,47.63
TN3996,Hosur,Gandhipuram,1223,3,3,3,0,0,1,Semi,Good,2019,5,0.8,0.46,6.61,1.73,66.08
TN3997,Chennai,RS Puram,1702,4,4,2,0,0,0,Unfurnished,Average,2013,11,6.34,3.15,3.62,6.95,92.24
TN3998,Hosur,T Nagar,728,2,1,2,1,0,1,Unfurnished,Fair,2012,12,0.2,0.64,3.18,0.5,32.82
TN3999,Coimbatore,Peelamedu,1033,4,3,2,0,0,0,Semi,Good,2002,22,2.35,1.59,10.45,,54.34
TN4000,Chennai,Gandhipuram,961,4,3,1,0,0,1,Unfurnished,Good,1998,26,2.86,0.56,3.07,5.62,60.83
TN4001,Madurai,Gandhipuram,1310,5,4,2,0,1,1,Fully,Fair,2002,22,1.76,0.3,2.89,5.22,48.93
TN4002,Tirunelveli,Sholinganallur,,4,3,2,1,0,0,Semi,Good,2012,12,2.96,0.71,0.5,2.01,82.5
TN4003,Salem,Kodambakkam,1458,2,2,2,1,0,0,Semi,Average,2008,16,0.47,2.31,0.5,1.02,49.18
TN4004,Erode,T Nagar,1242,2,2,1,0,0,1,Fully,Good,1992,32,4.79,1.97,0.5,6.06,49.9
TN4005,Trichy,Ashok Nagar,400,2,1,1,1,0,1,Unfurnished,Good,1992,32,0.38,2.09,9.78,4.25,16.59
TN4006,Salem,Adyar,1660,2,2,1,0,1,0,Unfurnished,Fair,1988,36,1.28,0.85,2.1,2.36,46.36
TN4007,Vellore,Gandhipuram,1806,3,2,1,1,0,1,Semi,Poor,2011,13,,3.47,2.53,6.14,43.97
TN4008,Chennai,KK Nagar,685,4,4,3,1,0,1,Semi,Good,2020,4,1.97,3.65,7.47,3.37,55.92
TN4009,Coimbatore,Kodambakkam,1420,4,4,1,1,0,1,Unfurnished,Good,1989,35,2.77,1.33,3.76,3.19,80.28
TN4010,Chennai,Anna Nagar,1537,3,2,1,2,0,1,Semi,Good,2017,7,7.08,6.39,3.76,2.77,104.22
TN4011,Thanjavur,Kodambakkam,1884,1,1,1,2,1,0,Semi,Good,2018,6,3.36,3.1,1.41,2.98,70.75
TN4012,Hosur,Adyar,1124,2,1,2,0,1,1,Semi,Good,2014,10,1.95,3.75,7.18,2.91,65.31
TN4013,Chennai,Besant Nagar,1056,2,2,2,2,0,0,Unfurnished,Excellent,1992,32,6.74,0.97,0.73,5.16,82.03
TN4014,Salem,T Nagar,1245,3,2,1,0,1,0,Semi,Average,2010,14,1.63,0.3,0.5,7.6,43.14
TN4015,Hosur,Sholinganallur,2028,3,2,1,2,0,0,Unfurnished,Average,2021,3,2.06,6.02,0.85,1.71,91.97
TN4016,Chennai,Mylapore,,1,1,1,0,0,0,Unfurnished,Average,2018,6,2.27,5.19,1.25,3.82,99.79
TN4017,Madurai,Peelamedu,1440,3,2,2,1,0,0,Semi,Fair,1991,33,1.32,0.39,1.33,4.17,45.91
TN4018,Hosur,Nungambakkam,1909,2,1,1,0,0,0,Semi,Good,2012,12,4.56,1.41,4.44,5.43,91.32
TN4019,Chennai,RS Puram,400,3,2,3,0,0,0,Unfurnished,Average,2012,12,0.51,3.25,0.98,6.48,24.65
TN4020,Salem,Ramanathapuram,1806,3,3,2,1,1,1,Semi,Excellent,1998,26,2.02,3.17,4.52,4.18,93.86
TN4021,Chennai,KK Nagar,947,3,3,1,2,0,0,Unfurnished,Good,2022,2,3.2,5.91,0.5,3.23,69.85
TN4022,Hosur,Ashok Nagar,2245,3,3,2,1,0,0,Unfurnished,Good,1988,36,,0.45,0.64,5.66,109.25
TN4023,Thanjavur,Alwarpet,971,5,5,1,1,0,0,Semi,Average,2002,22,5.38,1.69,2.84,1.22,34.94
TN4024,Hosur,Tambaram,1066,2,1,2,1,0,0,Unfurnished,Fair,2009,15,1.78,0.31,10.2,0.5,36.6
TN4025,Coimbatore,Gandhipuram,,3,2,1,0,0,0,Unfurnished,Poor,1991,33,2.58,1.48,7.85,9.68,48.69
TN4026,Tirunelveli,RS Puram,1747,3,3,2,0,0,0,Unfurnished,Average,2022,2,1.25,0.3,13.86,2.88,53.99
TN4027,Vellore,Peelamedu,1249,3,3,2,0,0,1,Semi,Fair,2012,12,1.58,6.86,4.2,3.67,37.64
TN4028,Coimbatore,Adyar,1617,4,4,3,1,0,1,Fully,Good,1989,35,5.92,2.25,4.51,5.59,90.46
TN4029,Vellore,Anna Nagar,1673,3,2,1,0,0,1,Semi,Excellent,1987,37,6.67,5.69,3.92,5.19,80.36
TN4030,Chennai,Besant Nagar,1627,3,2,1,0,1,0,Unfurnished,Excellent,2015,9,,0.3,3.9,6.27,128.08
TN4031,Madurai,KK Nagar,1268,2,1,2,0,0,0,Semi,Good,2004,20,0.37,0.77,0.64,6.38,55.2
TN4032,Chennai,T Nagar,1677,3,3,3,0,0,0,Unfurnished,Average,2003,21,4.74,0.9,3.14,1.62,88.33
TN4033,Chennai,T Nagar,2083,2,2,3,2,0,1,Semi,Excellent,1995,29,7.41,1.47,1.95,7.04,160.67
TN4034,Chennai,Adyar,899,2,2,1,0,0,0,Semi,Excellent,1987,37,1.12,4.87,2.34,5.52,61.02
TN4035,Salem,Perambur,1072,3,3,1,1,1,0,Fully,Fair,2007,17,1.83,1.47,2.97,5.26,38.8
TN4036,Coimbatore,Peelamedu,1462,3,3,2,1,0,0,Unfurnished,Good,1991,33,3.78,0.69,0.55,5.35,76.08
TN4037,Salem,Chromepet,975,2,1,1,1,0,0,Semi,Average,2007,17,2.06,0.3,1.78,0.5,33.19
TN4038,Chennai,Porur,638,3,2,1,0,1,1,Fully,Good,1991,33,12.58,0.3,0.5,4.08,49.57
TN4039,Coimbatore,Sholinganallur,1942,3,2,1,1,0,1,Semi,Excellent,2018,6,1.52,4.28,15.58,2.57,120.45
TN4040,Madurai,Besant Nagar,447,2,1,2,0,0,1,Unfurnished,Poor,2003,21,3.13,1.77,0.5,2.28,11.93
TN4041,Erode,Anna Nagar,1269,3,2,3,1,0,0,Semi,Excellent,1993,31,3.93,3.89,1.2,3.52,62.73
TN4042,Coimbatore,Perambur,1792,3,3,3,0,0,1,Fully,Good,2002,22,1.7,3.44,8.88,6.15,96.53
TN4043,Trichy,Ramanathapuram,1570,3,2,1,1,0,1,Unfurnished,Excellent,2009,15,4.86,0.44,2.64,5.07,79.85
TN4044,Tirunelveli,Ramanathapuram,1276,3,3,2,,0,1,Unfurnished,Average,1998,26,1.97,0.46,0.58,5.37,41.8
TN4045,Trichy,Adyar,956,3,2,3,1,1,0,Unfurnished,Good,2009,15,1.33,4.22,1.94,3.61,48.98
TN4046,Chennai,Velachery,1605,3,3,1,1,0,0,Semi,Fair,2003,21,0.29,3.83,0.5,5.25,78.25
TN4047,Chennai,Peelamedu,1005,4,4,2,1,0,1,Semi,Average,1999,25,1.25,1.42,0.89,4.1,65.8
TN4048,Tirunelveli,Porur,1570,3,3,2,1,0,0,Unfurnished,Fair,2000,24,3.31,0.3,0.5,6.4,41.21
TN4049,Chennai,Peelamedu,1513,2,2,1,0,0,1,Semi,Excellent,2011,13,6.35,0.3,2.31,5.89,115.38
TN4050,Tirunelveli,Kodambakkam,1518,3,3,2,1,0,1,Unfurnished,Good,1994,30,0.72,1.02,6.57,4.82,56.36
TN4051,Madurai,Adyar,1162,4,4,1,1,0,0,Semi,Excellent,1988,36,1.1,0.3,3.53,2.9,66.83
TN4052,Hosur,Kodambakkam,2366,2,1,2,1,0,0,Semi,Excellent,2003,21,0.42,0.78,3.73,5.05,141.82
TN4053,Erode,Kodambakkam,1611,5,5,1,0,0,0,Fully,Fair,2012,12,2.93,1.63,0.9,4.98,49.15
TN4054,Thanjavur,Singanallur,1325,4,4,1,1,0,1,Fully,Average,2005,19,,0.39,1.69,4.74,45.93
TN4055,Coimbatore,Besant Nagar,1569,2,1,1,0,0,1,Fully,Fair,1998,26,2.56,0.33,7.46,3.55,58.03
TN4056,Erode,Singanallur,1101,4,4,3,0,0,0,Fully,Average,2017,7,2.4,6.8,0.5,3.19,42.2
TN4057,Coimbatore,Velachery,1276,3,2,2,0,0,0,Unfurnished,Average,1994,30,2.02,2.64,7.81,5.14,51.79
TN4058,Coimbatore,Gandhipuram,2526,4,3,2,0,0,0,Fully,Average,2003,21,0.23,8.18,2.64,2.78,114.54
TN4059,Trichy,Alwarpet,1105,3,3,2,1,0,1,Unfurnished,Average,2014,10,3.27,1.27,7.26,4,40.22
TN4060,Tirunelveli,Chromepet,,3,3,2,1,0,0,Unfurnished,Fair,2006,18,2.3,3.39,1.53,,40.36
TN4061,Thanjavur,Sholinganallur,1245,3,2,1,0,1,0,Semi,Fair,1987,37,2.71,0.69,1.66,5.38,33.24
TN4062,Erode,Adyar,,4,4,2,2,0,1,Fully,Fair,2021,3,5.73,2.89,5.57,,35.27
TN4063,Coimbatore,Saibaba Colony,,1,1,1,2,0,0,Unfurnished,Excellent,2002,22,3.83,0.42,6.15,5.1,98.85
TN4064,Coimbatore,Peelamedu,1466,3,3,1,2,0,0,Semi,Good,1995,29,3.8,0.3,1.04,8.56,80.13
TN4065,Salem,Nungambakkam,1860,2,1,2,1,0,0,Unfurnished,Excellent,1986,38,6.55,8.04,14.43,5.85,79.62
TN4066,Chennai,Mylapore,1815,3,3,1,1,0,0,Unfurnished,Average,1996,28,11.5,2.43,0.5,3.95,93.63
TN4067,Chennai,Anna Nagar,1855,3,3,1,0,0,0,Unfurnished,Average,1990,34,2.18,7.85,0.5,7.11,98.7
TN4068,Coimbatore,Porur,1037,3,2,2,1,0,1,Semi,Good,2013,11,0.29,1.22,3.62,8.9,57.22
TN4069,Chennai,Ramanathapuram,1738,3,2,2,1,0,1,Semi,Average,2014,10,1.54,1.19,5.13,,97.91
TN4070,Chennai,T Nagar,1749,2,1,2,1,0,1,Semi,Average,1986,38,3.87,1.54,12.97,1.04,87.27
TN4071,Chennai,Singanallur,991,2,1,2,2,0,1,Fully,Average,1993,31,0.2,3.67,2.08,5.73,57.76
TN4072,Chennai,Porur,1307,1,1,2,1,0,0,Unfurnished,Fair,1986,38,0.2,2.5,0.5,7.2,59.07
TN4073,Chennai,Singanallur,795,3,2,2,1,0,0,Fully,Average,2013,11,0.2,7.79,3.69,0.5,51.17
TN4074,Thanjavur,Velachery,1751,5,4,1,0,1,0,Semi,Average,2017,7,3.28,0.3,1.37,6.37,59.95
TN4075,Coimbatore,Kodambakkam,1749,2,2,1,0,0,1,Unfurnished,Good,1994,30,1.74,3.7,2.27,4.09,91.97
TN4076,Coimbatore,Perambur,2094,4,4,2,1,0,1,Semi,Fair,2018,6,1.15,1.2,2.68,7.13,82.96
TN4077,Trichy,Adyar,1347,3,2,1,1,0,0,Semi,Average,1992,32,0.28,0.6,0.5,4.36,49.84
TN4078,Chennai,Mylapore,1653,3,3,3,1,0,0,Semi,Good,2021,3,3.29,2.14,2.66,5.19,113.94
TN4079,Hosur,Singanallur,,3,2,2,1,0,0,Unfurnished,Fair,2017,7,,2.11,2.22,5.22,65.84
TN4080,Erode,Besant Nagar,1111,4,4,1,2,0,0,Semi,Average,1990,34,0.77,0.44,4.99,5.93,38.95
TN4081,Chennai,Alwarpet,1042,2,1,1,1,0,1,Unfurnished,Excellent,2003,21,2.64,0.68,4.15,5.39,80.14
TN4082,Coimbatore,Perambur,1125,3,3,1,,0,0,Fully,Fair,2016,8,2.05,1.57,0.82,2.7,45.27
TN4083,Tirunelveli,Singanallur,,3,2,1,0,0,1,Unfurnished,Fair,2011,13,1.13,1.58,0.92,3.97,37.84
TN4084,Hosur,Porur,1058,3,2,1,2,0,0,Unfurnished,Average,1985,39,,1.15,1.16,4.49,47.26
TN4085,Coimbatore,Ramanathapuram,1144,4,4,2,1,0,1,Fully,Average,2017,7,0.79,0.48,0.79,6.96,61.16
TN4086,Trichy,Ashok Nagar,1846,2,2,3,0,1,1,Semi,Good,2016,8,,0.3,4.28,5.47,85.79
TN4087,Chennai,KK Nagar,1407,3,2,2,0,0,1,Fully,Good,1989,35,0.65,10.54,20.76,3.18,89.33
TN4088,Thanjavur,Mylapore,1588,3,2,1,2,0,0,Unfurnished,Fair,2001,23,0.43,8.62,4.22,2.66,41.27
TN4089,Chennai,Singanallur,1202,3,3,1,0,0,0,Semi,Good,1992,32,3.81,1.98,3.73,5.81,73.04
TN4090,Hosur,Mylapore,1173,3,3,2,1,0,0,Semi,Average,2018,6,3.08,15.93,2.11,,52.99
TN4091,Trichy,Adyar,1579,3,3,2,1,0,0,Fully,Fair,1993,31,0.5,3.36,1.5,6.01,49.41
TN4092,Trichy,Pallavaram,1507,4,4,2,1,0,1,Fully,Good,2007,17,0.31,0.3,9.68,4.39,71.69
TN4093,Madurai,Mylapore,1800,3,3,3,1,0,1,Fully,Average,2019,5,4.56,0.38,13.9,7.42,67.65
TN4094,Chennai,Sholinganallur,2036,4,4,2,1,1,0,Semi,Average,1991,33,3.75,7.43,2.75,3.03,116.94
TN4095,Chennai,Besant Nagar,1139,3,3,2,1,0,0,Semi,Fair,1999,25,0.99,2.98,1.37,7.38,57.22
TN4096,Chennai,Saibaba Colony,1838,2,2,1,,0,0,Unfurnished,Average,2004,20,2.68,5.56,5.88,6.47,99.8
TN4097,Chennai,Chromepet,964,2,2,2,1,0,1,Unfurnished,Average,2009,15,0.33,6.86,0.57,3.62,58.91
TN4098,Erode,Singanallur,2383,2,1,1,2,0,1,Semi,Good,1987,37,1.77,1.78,5.8,2.74,88.2
TN4099,Coimbatore,Sholinganallur,1096,3,3,2,1,0,0,Unfurnished,Fair,2008,16,0.2,0.3,6.84,8.36,42.66
TN4100,Chennai,Ramanathapuram,,3,3,2,0,0,0,Unfurnished,Average,2018,6,1.24,0.63,0.53,2.69,95.48
TN4101,Thanjavur,Mylapore,961,3,2,1,1,0,1,Unfurnished,Average,2006,18,0.2,0.3,15.07,5.11,32.74
TN4102,Tirunelveli,Peelamedu,1382,3,2,1,1,0,1,Semi,Good,1995,29,1.61,0.63,16.94,5.19,51.03
TN4103,Hosur,Besant Nagar,2146,2,1,1,0,1,0,Semi,Good,1992,32,,1.59,11.04,4.52,106.32
TN4104,Thanjavur,Singanallur,1082,2,1,1,,0,1,Fully,Good,2019,5,1.47,0.38,2.74,6.06,40.13
TN4105,Chennai,Porur,2442,2,1,1,0,0,1,Unfurnished,Good,2022,2,0.2,0.55,1.13,2.64,156.3
TN4106,Coimbatore,Kodambakkam,1448,3,2,1,1,0,0,Fully,Excellent,1992,32,1.12,1.77,3.49,8.37,93.63
TN4107,Erode,Velachery,1889,2,2,1,1,0,0,Semi,Average,2021,3,3.53,1.25,2.18,2.85,58.5
TN4108,Salem,Perambur,1631,2,1,1,0,0,0,Semi,Average,2011,13,1.15,1.89,0.92,4.21,55.87
TN4109,Chennai,Alwarpet,1656,4,3,3,1,0,0,Semi,Good,2012,12,3.14,1.68,2.2,1.62,116.58
TN4110,Vellore,Sholinganallur,808,4,3,1,2,0,0,Semi,Excellent,2018,6,1.15,3.1,4.36,6.59,50.85
TN4111,Chennai,Anna Nagar,1237,2,2,1,0,0,0,Fully,Excellent,2016,8,1.38,8.3,0.5,8.28,100.26
TN4112,Chennai,Besant Nagar,1988,3,2,2,1,0,0,Semi,Average,1999,25,2.07,0.34,1.62,8.52,106.39
TN4113,Madurai,Singanallur,1295,3,3,3,2,0,0,Semi,Fair,2001,23,,0.31,0.5,6.77,44.42
TN4114,Madurai,RS Puram,1512,4,3,2,2,0,0,Unfurnished,Average,2017,7,0.29,5.75,5.54,3.76,58.06
TN4115,Madurai,Kodambakkam,754,3,2,1,0,1,0,Unfurnished,Good,2000,24,0.2,2.12,4.09,4.5,37.1
TN4116,Chennai,Adyar,1208,2,2,2,0,0,1,Unfurnished,Average,2013,11,2.34,4.36,0.5,3.85,69.27
TN4117,Tirunelveli,Sholinganallur,1955,3,3,2,0,0,1,Unfurnished,Average,1993,31,7.44,0.73,13.38,2.07,56.6
TN4118,Chennai,Singanallur,873,3,2,2,1,0,0,Semi,Good,2017,7,11.44,5.3,0.5,3.91,60.51
TN4119,Chennai,Sholinganallur,1773,2,2,2,1,1,0,Fully,Average,2013,11,1.65,7.73,3.57,6.32,102.4
TN4120,Tirunelveli,Velachery,1530,3,3,3,1,0,1,Unfurnished,Excellent,1997,27,1.58,3.03,5.99,2.77,70.34
TN4121,Hosur,Velachery,1344,3,2,3,,0,0,Semi,Average,2005,19,2.59,0.34,6.2,0.5,58.99
TN4122,Tirunelveli,Perambur,1324,3,2,2,0,0,1,Semi,Average,2005,19,2.03,6.77,0.5,1.99,46.97
TN4123,Erode,T Nagar,1229,2,1,2,1,0,0,Semi,Average,1989,35,2.51,4.72,9.48,6.14,38.72
TN4124,Trichy,Sholinganallur,1269,3,3,2,1,0,1,Semi,Good,1994,30,5.18,4.17,10.03,1.06,57.57
TN4125,Madurai,Singanallur,1868,1,1,2,1,0,0,Semi,Fair,1990,34,3.43,0.3,3.3,3.56,51.57
TN4126,Chennai,Ashok Nagar,1256,4,3,1,1,0,1,Semi,Fair,1997,27,1.72,4.81,2.63,3.73,62.95
TN4127,Coimbatore,Sholinganallur,2263,2,2,3,1,0,1,Fully,Excellent,1985,39,1.55,0.45,0.5,5.02,143.68
TN4128,Coimbatore,Ramanathapuram,1585,1,1,1,,0,1,Unfurnished,Fair,2004,20,2.55,0.75,3.3,4.97,56.28
TN4129,Chennai,KK Nagar,1191,3,2,2,0,0,1,Fully,Good,1992,32,1.52,2.58,2.11,5.3,84.45
TN4130,Salem,Alwarpet,1888,4,4,3,0,0,0,Fully,Good,1994,30,1.53,0.92,5.93,4.2,73.02
TN4131,Coimbatore,KK Nagar,1731,4,3,1,0,1,0,Semi,Average,1993,31,0.2,3.25,2.07,2.61,84.52
TN4132,Chennai,Gandhipuram,706,3,3,2,1,1,0,Unfurnished,Good,1987,37,0.48,2.81,4.6,6.3,60.2
TN4133,Chennai,Adyar,984,2,1,1,0,0,0,Semi,Average,1995,29,1.68,0.34,0.5,0.97,51.73
TN4134,Salem,RS Puram,1398,3,3,1,0,0,0,Semi,Good,1996,28,4.32,3.2,0.57,6.06,55.3
TN4135,Chennai,Singanallur,737,3,3,1,1,0,1,Semi,Average,1994,30,0.82,7.73,0.6,6.79,46.11
TN4136,Vellore,Nungambakkam,2391,2,2,1,1,0,1,Semi,Good,2009,15,1.85,0.53,0.5,9.17,92.2
TN4137,Coimbatore,Kodambakkam,1820,4,4,1,1,0,0,Unfurnished,Fair,2009,15,1.06,2.73,3.12,2.99,71.76
TN4138,Coimbatore,Kodambakkam,1444,2,1,3,1,0,0,Unfurnished,Good,1995,29,0.28,1.26,6.32,3.38,72.87
TN4139,Madurai,Tambaram,1296,5,5,3,1,1,0,Semi,Fair,2020,4,7.94,1.85,3.77,4.61,53.64
TN4140,Vellore,KK Nagar,1180,4,3,1,2,1,1,Semi,Average,2010,14,4.82,1.01,3.42,4.46,49.53
TN4141,Coimbatore,Besant Nagar,566,3,3,2,0,0,0,Unfurnished,Average,1998,26,0.2,1.31,4.57,6.17,24.55
TN4142,Trichy,Tambaram,670,4,4,1,1,0,1,Fully,Fair,1985,39,3.18,0.3,1.66,5.54,27.4
TN4143,Madurai,Adyar,2306,3,2,1,2,1,1,Semi,Good,1988,36,1.07,11.98,1.8,3.8,107.75
TN4144,Chennai,Gandhipuram,2158,2,2,1,2,1,1,Semi,Average,2014,10,13.17,2.94,1.51,4.3,124.28
TN4145,Tirunelveli,Anna Nagar,1191,3,3,3,,1,0,Unfurnished,Excellent,1996,28,0.9,2.08,4.98,6.37,63.07
TN4146,Erode,Kodambakkam,1859,2,1,3,1,0,0,Fully,Excellent,2019,5,0.68,1.45,0.71,1.97,89.45
TN4147,Trichy,Sholinganallur,1678,3,3,1,0,0,1,Semi,Good,1997,27,2.1,2.33,0.5,4.03,75.76
TN4148,Vellore,Sholinganallur,1731,3,2,1,1,0,1,Unfurnished,Fair,2015,9,4.51,1.43,3.63,5.61,53.98
TN4149,Tirunelveli,Velachery,809,3,3,1,1,0,1,Semi,Average,2022,2,0.53,1.34,11.42,2.37,28.24
TN4150,Salem,Adyar,636,3,3,2,1,0,0,Fully,Good,2007,17,3.09,1.87,3.76,0.5,30.82
TN4151,Vellore,Alwarpet,1982,3,3,2,1,0,1,Unfurnished,Average,1988,36,0.2,0.97,6.11,7.39,66.6
TN4152,Salem,T Nagar,559,4,3,1,1,1,0,Semi,Fair,2000,24,6.28,0.6,4.47,4.46,21.82
TN4153,Salem,Anna Nagar,1383,1,1,2,1,1,1,Semi,Good,1991,33,0.21,2.44,2.75,1.98,62.99
TN4154,Trichy,Perambur,1285,3,3,1,2,0,1,Fully,Good,2006,18,6.14,5.55,5.07,6.34,57.49
TN4155,Erode,Saibaba Colony,1243,2,2,3,1,1,1,Semi,Good,2013,11,1.69,0.5,6.95,4.08,55.86
TN4156,Chennai,Ramanathapuram,1592,3,3,2,0,0,1,Semi,Fair,1995,29,1.49,0.3,1.02,2.43,74.18
TN4157,Tirunelveli,Peelamedu,1145,2,2,2,1,0,0,Fully,Good,2017,7,,0.85,1.64,5.24,45.6
TN4158,Tirunelveli,Perambur,1628,3,3,2,0,0,1,Fully,Average,2013,11,11.61,11.69,1.01,4.6,57.44
TN4159,Chennai,Gandhipuram,1514,2,2,2,1,0,1,Unfurnished,Average,1996,28,2.63,5.29,2.41,3.27,85.28
TN4160,Vellore,Ashok Nagar,2394,2,2,1,2,0,0,Fully,Excellent,1991,33,0.34,2.72,8.65,,118.54
TN4161,Chennai,Gandhipuram,827,4,4,1,2,0,1,Fully,Average,2010,14,1.76,7.95,1.69,2.45,59.74
TN4162,Coimbatore,Singanallur,1463,1,1,3,1,0,0,Semi,Average,1993,31,1.88,1.77,1.88,5.97,63.47
TN4163,Salem,Peelamedu,1644,3,3,1,0,0,1,Unfurnished,Poor,2018,6,1.81,12.27,7.87,2,37.66
TN4164,Chennai,Peelamedu,1335,1,1,1,0,1,0,Fully,Excellent,1997,27,2.11,1.05,2.9,2.9,112.72
TN4165,Vellore,Sholinganallur,848,3,2,2,1,0,1,Semi,Good,2020,4,0.2,0.82,3.07,4.7,43.24
TN4166,Vellore,Mylapore,2016,3,2,2,0,0,0,Fully,Good,2009,15,,3.05,7.89,7.42,82.04
TN4167,Madurai,Besant Nagar,1602,3,3,2,1,0,0,Fully,Good,2008,16,3.12,1.43,2.7,4.77,73.14
TN4168,Chennai,Ashok Nagar,880,2,1,3,0,0,0,Fully,Fair,2001,23,0.31,2.95,4.58,5.68,41.25
TN4169,Chennai,Perambur,1647,3,2,2,,0,0,Unfurnished,Average,1986,38,2.11,1.09,0.5,4.7,88.71
TN4170,Trichy,Kodambakkam,2216,3,2,1,0,0,1,Fully,Average,1997,27,2.1,2.89,0.79,6.31,78.59
TN4171,Thanjavur,Mylapore,1434,4,4,2,2,0,0,Fully,Fair,2015,9,,0.97,2.07,8.38,44.88
TN4172,Trichy,Porur,1449,3,2,2,1,0,1,Semi,Average,2013,11,0.22,0.3,2.73,3.62,56.13
TN4173,Chennai,Besant Nagar,2156,3,3,1,1,0,1,Unfurnished,Excellent,2012,12,2.46,7.3,13.49,4.53,164.67
TN4174,Trichy,Mylapore,1013,2,1,1,0,0,1,Semi,Poor,2011,13,0.82,6.44,14.11,4.85,22.29
TN4175,Madurai,Velachery,2227,2,1,1,1,0,1,Semi,Average,1999,25,1.77,10.6,7.62,5.56,79.97
TN4176,Erode,Ramanathapuram,1888,2,2,2,0,1,0,Fully,Average,2015,9,3.71,3.78,1.52,4.76,63.38
TN4177,Chennai,Chromepet,1034,2,2,3,1,0,0,Semi,Average,1999,25,,3.44,13.3,3.41,54.59
TN4178,Erode,Velachery,1149,2,1,2,1,0,0,Semi,Excellent,2017,7,0.32,2.46,4.68,4.49,54.49
TN4179,Madurai,Ashok Nagar,1214,3,2,3,1,1,0,Semi,Average,2004,20,2.24,0.4,2,9.36,47.59
TN4180,Thanjavur,Gandhipuram,625,3,2,1,1,0,1,Semi,Average,1996,28,8.69,0.63,4.84,5.13,20.74
TN4181,Coimbatore,Saibaba Colony,1567,4,4,3,1,0,0,Semi,Good,2021,3,0.43,1.03,0.5,0.68,93.51
TN4182,Trichy,Adyar,1054,2,2,2,2,1,1,Fully,Fair,1993,31,4.79,6.63,0.63,3.71,38.33
TN4183,Hosur,Ashok Nagar,1583,3,2,1,2,0,0,Semi,Average,2007,17,3.03,0.57,7.08,4.53,72.83
TN4184,Chennai,Gandhipuram,869,4,3,3,1,0,1,Fully,Average,1992,32,3.72,7.69,4.15,4.22,50.03
TN4185,Hosur,T Nagar,1865,3,3,1,1,1,0,Unfurnished,Good,2016,8,0.83,2.22,1.81,4.36,100.78
TN4186,Salem,T Nagar,1782,2,2,3,1,1,0,Unfurnished,Excellent,1998,26,0.85,3.77,2.78,5.07,88.43
TN4187,Chennai,Ramanathapuram,1132,2,1,3,0,0,1,Unfurnished,Good,2011,13,5.91,0.35,9.42,5.52,66.07
TN4188,Coimbatore,Sholinganallur,1612,1,1,2,1,0,0,Unfurnished,Average,2009,15,1.12,0.94,3.99,5.02,72.69
TN4189,Salem,Anna Nagar,1487,3,2,2,1,0,1,Semi,Good,1997,27,0.2,9.55,2.03,6.4,65.5
TN4190,Chennai,Perambur,2117,3,3,1,0,0,0,Unfurnished,Fair,2005,19,2.29,0.93,0.51,1.51,95.36
TN4191,Madurai,Ramanathapuram,985,1,1,2,0,0,0,Semi,Poor,2015,9,0.33,1.06,1.39,3.99,28.07
TN4192,Coimbatore,Porur,1381,2,1,1,1,0,1,Semi,Average,2021,3,3.98,0.66,15.33,5.37,60.52
TN4193,Trichy,Porur,1162,3,2,2,2,0,0,Semi,Average,1989,35,2.57,0.41,2.3,5.01,47.01
TN4194,Chennai,Ashok Nagar,1470,4,4,2,1,1,1,Semi,Average,1997,27,5.19,0.8,2.55,3.2,92.05
TN4195,Tirunelveli,Nungambakkam,1690,3,2,3,1,1,0,Unfurnished,Good,2012,12,,3.08,2.76,3.44,70.05
TN4196,Thanjavur,Alwarpet,1157,3,2,1,1,1,1,Semi,Excellent,2009,15,0.3,1.82,8.62,2.82,62.07
TN4197,Thanjavur,Gandhipuram,1286,3,3,2,1,1,0,Semi,Average,2019,5,1.2,2.42,3.7,6.45,48.24
TN4198,Salem,Porur,1885,2,1,3,1,0,0,Unfurnished,Average,1991,33,3.72,0.39,4.73,,60.22
TN4199,Chennai,Perambur,2061,3,2,2,1,0,0,Fully,Fair,2022,2,1.35,4.86,1.97,1.94,98.13
TN4200,Erode,Mylapore,1672,3,2,1,0,0,0,Semi,Poor,2016,8,8.97,4.6,0.5,5.34,36.18
TN4201,Chennai,Pallavaram,1388,4,4,1,1,0,0,Unfurnished,Good,1987,37,3.33,0.3,10.69,5.59,85.62
TN4202,Chennai,Anna Nagar,1345,2,2,1,0,0,1,Semi,Average,2021,3,0.2,1.45,11.91,1.33,75.08
TN4203,Coimbatore,Saibaba Colony,1697,3,3,2,1,0,1,Semi,Good,2006,18,5.3,0.3,11.92,5.75,90.25
TN4204,Coimbatore,Alwarpet,1552,3,3,2,2,1,0,Fully,Fair,1992,32,0.27,4.71,11.51,4.86,66.77
TN4205,Erode,Adyar,,3,2,3,0,0,0,Semi,Poor,2001,23,0.38,4.01,6.75,5.53,17.5
TN4206,Salem,Perambur,1708,1,1,1,1,0,0,Unfurnished,Average,2011,13,3.32,6.97,4.62,4.64,50.78
TN4207,Coimbatore,Singanallur,1063,3,3,1,1,0,0,Semi,Average,2017,7,5.01,0.81,7.44,5.35,49.96
TN4208,Chennai,Adyar,812,4,4,2,2,0,0,Semi,Poor,2001,23,1.92,1.83,3.67,5.42,38.79
TN4209,Thanjavur,KK Nagar,,3,2,2,1,0,0,Fully,Good,1996,28,0.85,0.61,0.58,5.44,28.32
TN4210,Coimbatore,Saibaba Colony,1353,3,2,3,1,0,1,Fully,Fair,2011,13,1.08,1.39,1.99,4.99,56.43
TN4211,Coimbatore,Besant Nagar,993,2,1,2,,0,1,Unfurnished,Good,1992,32,1.05,2.22,14.2,4.33,49.88
TN4212,Chennai,Alwarpet,403,2,2,2,1,0,0,Semi,Average,2007,17,0.99,0.3,1.73,4.34,26.12
TN4213,Erode,Saibaba Colony,1289,3,2,2,1,0,0,Semi,Fair,2013,11,0.7,3.76,8.09,4.96,34.94
TN4214,Salem,Porur,,4,3,3,1,0,1,Fully,Average,2004,20,2.35,2.35,0.5,6.15,46.39
TN4215,Chennai,Alwarpet,1383,5,5,2,1,1,0,Unfurnished,Good,2000,24,5.77,5.3,1.63,8.43,106.67
TN4216,Chennai,Singanallur,1167,3,2,1,0,0,1,Unfurnished,Average,2001,23,0.92,0.95,1.73,5.56,62.12
TN4217,Salem,Alwarpet,2273,3,3,1,1,1,1,Semi,Good,2000,24,0.52,7.01,0.5,5.25,95.04
TN4218,Trichy,Perambur,1683,4,4,1,1,0,0,Fully,Fair,2003,21,4.56,19.92,0.51,6.93,53.34
TN4219,Chennai,RS Puram,1225,3,2,2,1,0,0,Semi,Good,1992,32,3.38,7.55,0.86,5.29,80.64
TN4220,Hosur,Besant Nagar,1421,3,3,1,1,0,1,Unfurnished,Average,2022,2,6.68,4.51,7.28,2.38,65.32
TN4221,Chennai,Anna Nagar,2087,2,2,1,,0,1,Semi,Good,2022,2,0.45,5.02,0.5,3.03,141.73
TN4222,Coimbatore,Chromepet,1880,3,3,1,,0,0,Unfurnished,Good,2013,11,0.39,2.56,1.42,8.16,97.7
TN4223,Hosur,Kodambakkam,822,3,3,2,1,0,1,Semi,Excellent,2020,4,1.95,0.63,0.5,3.07,59.15
TN4224,Coimbatore,Kodambakkam,1012,4,4,1,1,1,0,Unfurnished,Average,2010,14,2.38,3.39,4.76,5.64,50.48
TN4225,Trichy,Alwarpet,1098,4,4,2,2,0,0,Semi,Fair,2015,9,1.64,3.74,3.87,2.52,37.87
TN4226,Coimbatore,Pallavaram,1252,2,1,1,0,0,1,Fully,Poor,1996,28,2.28,12.68,4.14,7.07,34.72
TN4227,Chennai,RS Puram,,3,3,1,2,0,1,Semi,Good,2001,23,0.5,2.34,1.88,3.58,86.9
TN4228,Thanjavur,Ashok Nagar,1465,4,4,2,1,0,1,Fully,Average,1999,25,1.63,0.95,0.93,4.67,52.9
TN4229,Coimbatore,Sholinganallur,1781,3,3,1,0,0,1,Unfurnished,Good,1993,31,2.68,3.45,5.1,4.04,91.12
TN4230,Tirunelveli,Sholinganallur,1856,2,2,1,1,0,0,Unfurnished,Average,1996,28,1.42,11.64,6.67,5.51,56.11
TN4231,Chennai,Tambaram,1303,1,1,1,0,0,0,Unfurnished,Average,2016,8,2.84,0.59,0.6,4.84,64.1
TN4232,Chennai,Alwarpet,714,3,2,3,2,0,0,Semi,Poor,2009,15,1.5,1.18,2.67,6.32,28.64
TN4233,Chennai,Sholinganallur,982,3,3,2,2,0,0,Fully,Excellent,2002,22,1.01,2.34,1.14,5.81,87.93
TN4234,Trichy,Alwarpet,1216,3,2,1,0,0,1,Unfurnished,Good,1999,25,0.9,0.56,0.74,5.06,52.32
TN4235,Coimbatore,Kodambakkam,890,2,2,1,0,0,0,Semi,Excellent,2016,8,1.32,0.3,5.3,5.8,60.02
TN4236,Tirunelveli,Mylapore,1963,4,4,3,1,0,1,Fully,Average,1990,34,0.2,1.23,3.09,5.9,70.49
TN4237,Coimbatore,Chromepet,919,2,2,2,1,0,1,Semi,Good,2019,5,2.76,6.02,0.97,3.71,53.51
TN4238,Thanjavur,Ramanathapuram,,2,2,2,1,0,0,Fully,Good,2018,6,4.66,0.3,1.48,3.55,67.07
TN4239,Chennai,Sholinganallur,693,3,2,2,1,0,0,Semi,Average,2022,2,1.09,1.68,13.6,7.6,40.74
TN4240,Tirunelveli,Chromepet,1746,3,2,2,1,0,1,Semi,Good,1989,35,0.2,4.31,7.55,5.91,65.82
TN4241,Erode,Saibaba Colony,1387,2,2,2,0,0,1,Fully,Excellent,2002,22,10.81,9.18,8.48,,61.8
TN4242,Erode,RS Puram,2131,2,2,2,1,0,1,Unfurnished,Excellent,2000,24,0.77,12.7,2.46,2.9,98.08
TN4243,Vellore,Singanallur,941,2,1,2,1,0,0,Fully,Good,1992,32,0.34,1.64,3.91,0.92,41.31
TN4244,Erode,Mylapore,1196,3,2,1,1,0,0,Fully,Average,2009,15,1.15,9.01,1.89,3.91,46
TN4245,Trichy,RS Puram,1283,4,4,3,2,0,0,Fully,Average,2016,8,3.35,0.3,0.5,3.59,55
TN4246,Chennai,Saibaba Colony,1381,3,2,2,0,0,0,Unfurnished,Excellent,2010,14,0.87,4.11,2.05,3.88,112.65
TN4247,Chennai,Singanallur,1294,3,3,1,0,0,1,Semi,Poor,2006,18,2.14,3.09,3.61,6.21,48.76
TN4248,Hosur,Saibaba Colony,1303,3,2,3,1,0,1,Semi,Good,2015,9,1.34,0.86,1.35,7.55,65.04
TN4249,Trichy,Anna Nagar,1296,2,1,3,1,0,0,Fully,Good,1994,30,0.31,2.12,7.53,6.72,54.29
TN4250,Erode,Perambur,518,5,4,3,1,0,0,Fully,Good,1996,28,1,0.42,0.66,3.29,28.47
TN4251,Coimbatore,Gandhipuram,1897,4,3,3,2,0,0,Semi,Excellent,2012,12,3.23,6.16,1.83,5.58,126.08
TN4252,Chennai,Mylapore,2738,2,2,3,2,0,1,Unfurnished,Average,1990,34,2.37,1.33,0.53,3.53,149.57
TN4253,Chennai,Gandhipuram,1584,2,2,1,1,0,0,Unfurnished,Average,2004,20,0.32,2.95,2.08,0.82,83.52
TN4254,Salem,Perambur,939,2,1,2,1,0,1,Fully,Fair,1989,35,0.45,0.52,0.5,4.35,30.56
TN4255,Coimbatore,Perambur,984,2,2,2,0,0,0,Semi,Average,2007,17,2.56,0.69,1.27,7.02,47.36
TN4256,Chennai,Kodambakkam,1726,3,2,1,,0,1,Unfurnished,Average,1993,31,4.2,14.47,2.05,3.83,88.15
TN4257,Coimbatore,Saibaba Colony,1623,3,2,1,1,0,0,Semi,Average,2013,11,1.07,4.2,2.6,6.17,72.93
TN4258,Chennai,Gandhipuram,,4,4,3,1,0,0,Unfurnished,Good,2000,24,2.26,9.81,3.14,3.17,95.32
TN4259,Madurai,KK Nagar,1789,3,3,1,1,0,1,Fully,Excellent,2006,18,0.47,1.05,1.29,5.88,97.7
TN4260,Chennai,Anna Nagar,521,3,3,3,1,0,0,Unfurnished,Fair,1992,32,0.93,0.54,2.96,4.01,28.45
TN4261,Erode,Saibaba Colony,1789,3,2,1,1,0,0,Unfurnished,Average,2004,20,0.2,2.1,2.85,7.55,57.84
TN4262,Coimbatore,Chromepet,1557,1,1,1,0,1,0,Unfurnished,Excellent,1998,26,3.66,2.05,1.52,3.87,99.57
TN4263,Coimbatore,Tambaram,1002,3,3,2,1,0,0,Unfurnished,Fair,2021,3,1.28,0.58,7.09,3.42,39.84
TN4264,Chennai,Perambur,805,3,3,1,0,0,0,Semi,Fair,2018,6,4.23,3.96,3.16,7.44,37.45
TN4265,Chennai,Singanallur,1505,1,1,2,0,0,1,Unfurnished,Fair,1995,29,3.08,1.35,1.62,3.35,62.73
TN4266,Coimbatore,Ramanathapuram,2083,1,1,2,1,0,1,Semi,Good,2017,7,4.41,0.62,11.78,4.93,106.92
TN4267,Coimbatore,Saibaba Colony,1347,4,3,1,0,0,0,Semi,Fair,2015,9,0.84,1.21,7.46,3.36,52.04
TN4268,Trichy,Peelamedu,1066,3,2,1,2,0,0,Unfurnished,Excellent,2018,6,0.51,2.49,16.2,6.35,57.84
TN4269,Chennai,Ramanathapuram,1536,2,1,1,0,0,0,Unfurnished,Average,1991,33,8.93,3.89,4.71,7.09,76.25
TN4270,Salem,Alwarpet,2269,3,2,1,0,1,0,Unfurnished,Average,2007,17,3.16,1.97,1.9,3.15,74.31
TN4271,Tirunelveli,Peelamedu,1644,4,3,2,1,0,0,Fully,Average,1991,33,4.49,2.24,1.32,5.59,56.32
TN4272,Erode,Besant Nagar,1693,3,2,2,,0,1,Unfurnished,Average,2009,15,0.2,0.45,4.35,5.78,59.3
TN4273,Chennai,Nungambakkam,2000,1,1,1,0,0,0,Unfurnished,Good,1987,37,1.09,7.38,15.81,,112.79
TN4274,Coimbatore,Nungambakkam,1663,4,3,2,0,0,0,Fully,Good,2022,2,3.39,7.92,3.94,7.55,94.28
TN4275,Chennai,T Nagar,1099,3,2,1,2,0,1,Semi,Good,2004,20,0.2,3.45,8.54,7.54,76.56
TN4276,Chennai,Velachery,665,2,1,1,1,0,1,Semi,Good,2018,6,2.09,0.3,1.6,2.79,50.58
TN4277,Thanjavur,Anna Nagar,1035,3,2,1,1,0,1,Semi,Excellent,2014,10,1.4,2.31,2.09,6.92,47.5
TN4278,Chennai,Velachery,953,4,4,3,1,0,1,Unfurnished,Good,2001,23,0.2,2.98,9.47,5.51,72.79
TN4279,Coimbatore,Nungambakkam,1747,2,1,3,,0,1,Semi,Good,1994,30,,15.69,5.66,4.99,88.19
TN4280,Trichy,Tambaram,1809,2,1,2,1,0,0,Unfurnished,Fair,2019,5,0.84,16.62,15.94,4.04,53.22
TN4281,Salem,Mylapore,1529,2,2,1,1,0,0,Unfurnished,Poor,2004,20,0.3,5.85,5.96,1.54,34.76
TN4282,Madurai,Peelamedu,879,5,4,1,2,0,0,Semi,Average,2002,22,2.5,0.3,2.38,5.07,40.12
TN4283,Chennai,Perambur,2254,2,1,2,0,0,1,Unfurnished,Good,2011,13,0.69,9.19,3.03,5.12,139.46
TN4284,Coimbatore,Besant Nagar,1263,3,2,2,1,0,1,Semi,Average,2020,4,0.81,2.85,9.23,8.49,55.78
TN4285,Madurai,Alwarpet,1722,4,3,3,0,0,0,Unfurnished,Average,2007,17,5.71,4.84,3.21,3.15,63.36
TN4286,Chennai,Anna Nagar,,2,1,1,0,0,1,Fully,Excellent,2016,8,1.57,1.57,1.18,1.29,117.33
TN4287,Coimbatore,Gandhipuram,1544,5,4,1,0,0,1,Unfurnished,Excellent,1994,30,1.24,1.16,2.29,2.14,103.45
TN4288,Chennai,Mylapore,1706,4,3,2,,0,1,Fully,Excellent,1995,29,3.22,1.87,2.91,7.68,136.84
TN4289,Chennai,Peelamedu,1137,4,4,2,2,0,1,Semi,Average,2022,2,6.01,0.48,0.5,3.6,70.28
TN4290,Coimbatore,Sholinganallur,2037,2,2,2,1,0,1,Unfurnished,Good,1990,34,0.2,1.33,5.45,7.23,106.27
TN4291,Chennai,Chromepet,739,3,2,2,0,0,0,Semi,Average,2018,6,1.49,5.85,0.5,4.51,44.91
TN4292,Madurai,T Nagar,983,4,4,3,2,1,0,Semi,Fair,2020,4,,0.3,2.08,2.55,43.39
TN4293,Salem,Sholinganallur,2032,5,4,2,2,0,0,Semi,Fair,2021,3,0.96,0.49,6.53,8.5,62.55
TN4294,Erode,Pallavaram,1716,2,2,3,1,0,0,Unfurnished,Average,2001,23,3.7,0.4,2.52,7.14,54.6
TN4295,Chennai,T Nagar,2593,4,3,3,2,0,0,Fully,Average,1996,28,8.89,1.55,7.38,4.14,139.73
TN4296,Chennai,Mylapore,1481,3,3,2,0,0,1,Fully,Good,2005,19,7.18,17.41,1.67,6.49,100.07
TN4297,Chennai,RS Puram,2215,2,1,1,1,0,1,Semi,Fair,2003,21,0.77,0.57,12.65,4.75,98.83
TN4298,Trichy,Saibaba Colony,614,3,3,1,1,0,1,Semi,Good,1987,37,0.64,0.47,0.94,5.38,29.28
TN4299,Salem,Pallavaram,814,4,4,2,2,0,0,Fully,Average,2002,22,7.9,7.4,0.5,8.02,32.84
TN4300,Chennai,Singanallur,1853,3,2,2,1,1,0,Semi,Average,2003,21,1.53,6.41,8.24,1.46,108.83
TN4301,Hosur,Nungambakkam,,3,2,3,1,0,0,Semi,Average,1990,34,0.58,0.3,5.58,3.78,31.71
TN4302,Chennai,Mylapore,1361,5,5,1,1,0,0,Fully,Average,2000,24,3.07,4.18,1.06,4.56,84.45
TN4303,Madurai,Ashok Nagar,1975,3,3,1,0,1,0,Semi,Good,1992,32,0.84,3.2,16.73,5.17,90
TN4304,Salem,Sholinganallur,1676,3,2,2,1,1,0,Unfurnished,Average,2002,22,0.78,4.38,2.79,2,58.01
TN4305,Tirunelveli,Chromepet,1455,3,3,1,0,0,0,Fully,Fair,1996,28,5.29,2.05,12.07,6.33,40.25
TN4306,Salem,Adyar,1248,3,2,1,2,0,1,Semi,Fair,1994,30,0.44,14.26,2.81,,38.36
TN4307,Erode,Besant Nagar,1541,3,3,1,0,0,0,Unfurnished,Average,1991,33,0.2,0.3,2.55,,51.29
TN4308,Coimbatore,Porur,1710,4,4,2,1,0,1,Semi,Excellent,1985,39,0.78,0.8,2.39,4,118.45
TN4309,Vellore,Kodambakkam,1153,3,2,1,1,0,0,Unfurnished,Average,2020,4,2.33,1.52,1.63,8.29,40.6
TN4310,Chennai,T Nagar,1617,4,3,3,2,0,1,Semi,Good,2005,19,0.33,1.79,3.05,9.58,114.29
TN4311,Tirunelveli,Porur,1935,2,1,2,1,0,0,Semi,Good,2021,3,1.59,7.63,2.41,5.48,75.5
TN4312,Madurai,Adyar,1350,2,2,3,1,0,0,Fully,Excellent,2008,16,2.47,2.46,0.5,4.02,76.9
TN4313,Vellore,KK Nagar,1481,3,3,2,2,0,0,Unfurnished,Good,2009,15,4.72,0.3,1.21,4.81,65.97
TN4314,Coimbatore,Perambur,1668,1,1,1,1,0,1,Unfurnished,Good,1991,33,0.65,1.57,0.96,5.17,83.41
TN4315,Trichy,T Nagar,1698,2,1,1,1,0,0,Fully,Good,2001,23,4.25,1.62,8.08,7.43,68.47
TN4316,Madurai,Alwarpet,1845,3,3,1,1,0,0,Semi,Excellent,2013,11,0.67,10.1,3.65,2.06,98.04
TN4317,Salem,Sholinganallur,994,1,1,2,2,0,1,Unfurnished,Average,2014,10,2.82,2.74,5.77,6.89,32.28
TN4318,Chennai,Gandhipuram,1212,2,1,1,,0,0,Semi,Average,1991,33,,3.03,12.57,1.65,62.43
TN4319,Chennai,Adyar,1229,3,3,1,0,0,0,Semi,Poor,2017,7,0.3,3.75,4.13,3.54,49.1
TN4320,Chennai,RS Puram,1043,3,3,2,2,0,0,Unfurnished,Good,1991,33,3.13,4.41,16.21,4.49,68.41
TN4321,Chennai,Anna Nagar,641,4,3,1,1,0,1,Unfurnished,Good,2008,16,0.61,3.02,1.49,5.32,51.31
TN4322,Tirunelveli,Ramanathapuram,400,3,2,1,1,0,0,Semi,Fair,1995,29,0.49,0.81,0.82,,13.6
TN4323,Chennai,Saibaba Colony,1988,3,2,2,1,0,0,Unfurnished,Good,1993,31,1.11,6.22,2.07,4.85,128.05
TN4324,Thanjavur,Peelamedu,751,4,3,3,0,0,0,Unfurnished,Average,1996,28,2.65,3.95,2.55,4.58,25.99
TN4325,Coimbatore,Tambaram,2155,4,3,1,1,0,0,Semi,Fair,2019,5,0.67,4.06,9.03,1.46,82.44
TN4326,Chennai,Kodambakkam,1783,2,1,1,1,0,1,Semi,Excellent,1988,36,0.51,17.01,3.28,5.65,137.25
TN4327,Erode,Alwarpet,1267,2,1,3,2,0,0,Semi,Average,2020,4,0.2,4.87,1.38,6.12,42.97
TN4328,Trichy,Ramanathapuram,1727,3,2,1,0,0,0,Unfurnished,Fair,2012,12,1.59,5.3,5.43,7.19,52.79
TN4329,Coimbatore,Porur,1641,3,2,3,1,0,0,Unfurnished,Good,1997,27,1.4,9.07,2.82,8.19,86.17
TN4330,Madurai,Kodambakkam,954,4,4,1,1,0,0,Fully,Good,2007,17,0.67,0.49,0.71,5.32,49.55
TN4331,Salem,Ashok Nagar,1443,3,2,3,0,0,0,Unfurnished,Poor,2003,21,0.2,2.07,3.44,7.32,29.09
TN4332,Chennai,RS Puram,1009,3,2,1,0,0,0,Semi,Good,2021,3,,2.61,9.69,4.54,67.86
TN4333,Thanjavur,Nungambakkam,1744,5,5,3,2,0,0,Fully,Average,2008,16,3.88,1.2,7.4,1.6,60.61
TN4334,Thanjavur,Velachery,1128,3,2,1,0,0,1,Semi,Fair,2000,24,3.14,5.49,3.54,6.42,29.91
TN4335,Trichy,Adyar,1407,2,2,2,2,0,0,Semi,Fair,2017,7,4.93,4.31,1.89,5.98,44.32
TN4336,Chennai,Saibaba Colony,1387,4,4,1,0,1,0,Unfurnished,Good,1996,28,0.2,3.83,0.5,4.5,102.45
TN4337,Salem,Ramanathapuram,1505,2,1,1,1,1,0,Fully,Average,2018,6,8.48,17.58,2.54,4.38,56.28
TN4338,Chennai,Sholinganallur,2198,4,4,2,1,0,0,Unfurnished,Excellent,1991,33,1.04,0.9,5.58,5.46,173.95
TN4339,Chennai,Kodambakkam,1342,5,4,2,1,0,1,Semi,Good,1995,29,11.61,3.99,1.79,3.82,96.1
TN4340,Chennai,Porur,1998,3,2,3,1,0,0,Fully,Excellent,2015,9,0.73,2.4,1.07,5.38,160.89
TN4341,Coimbatore,Gandhipuram,1666,3,3,2,,1,0,Unfurnished,Average,2013,11,1.59,1.13,10.72,2.66,78.66
TN4342,Tirunelveli,T Nagar,2088,3,3,3,1,0,1,Semi,Excellent,1997,27,1.09,0.53,6.89,2.88,97.85
TN4343,Salem,Adyar,1298,3,3,2,0,0,0,Semi,Average,2015,9,1.1,6.79,4.07,1.86,47.07
TN4344,Salem,Adyar,1763,3,2,3,1,0,0,Semi,Average,1986,38,4.62,2.71,0.59,8.99,58.44
TN4345,Coimbatore,Gandhipuram,1423,3,2,3,0,0,0,Unfurnished,Fair,1999,25,3.43,5.23,0.63,4.65,50.15
TN4346,Coimbatore,Peelamedu,400,4,4,1,1,0,0,Semi,Fair,1995,29,12.12,2.36,0.5,6.92,15.62
TN4347,Coimbatore,Sholinganallur,960,3,2,3,0,0,1,Fully,Good,2018,6,2.38,0.75,3.83,2.31,57.34
TN4348,Thanjavur,Ramanathapuram,1712,2,1,2,1,0,0,Fully,Average,1988,36,1.56,1.24,0.5,4.14,49.03
TN4349,Chennai,Perambur,1682,3,3,1,1,0,0,Semi,Average,1995,29,0.24,1.44,7.4,5.6,91.63
TN4350,Tirunelveli,RS Puram,867,4,4,2,0,1,0,Unfurnished,Good,2013,11,14.18,10.83,19.83,7.44,33.85
TN4351,Madurai,KK Nagar,1549,3,3,1,0,0,0,Semi,Average,1986,38,2,0.3,1.83,3.3,54.09
TN4352,Coimbatore,Ashok Nagar,1676,3,3,2,1,0,1,Fully,Good,2000,24,3.01,12.74,2.42,,92.61
TN4353,Salem,Velachery,1434,4,4,1,1,0,0,Fully,Average,1997,27,1.31,11.81,4.97,2.92,52.53
TN4354,Coimbatore,Anna Nagar,1778,3,3,1,2,0,1,Semi,Good,2021,3,1.98,16.68,11.07,4.26,95.71
TN4355,Tirunelveli,Chromepet,1717,3,3,2,1,0,0,Unfurnished,Good,2001,23,7.14,1.94,8.98,2.46,62.05
TN4356,Tirunelveli,T Nagar,1434,4,4,2,0,0,1,Semi,Average,2005,19,0.46,9.96,0.5,1.63,49.39
TN4357,Coimbatore,Tambaram,1220,2,2,3,,0,0,Unfurnished,Average,2003,21,0.86,1.51,0.74,5.02,54.19
TN4358,Chennai,Chromepet,1919,5,5,3,0,0,0,Semi,Average,1991,33,0.41,0.3,5.62,5.84,107.34
TN4359,Madurai,Velachery,1658,2,1,2,,0,1,Fully,Good,2022,2,3.93,0.76,4.67,2.22,77.82
TN4360,Hosur,Tambaram,828,1,1,1,2,1,1,Unfurnished,Average,1992,32,0.2,8.72,0.57,3.15,42.95
TN4361,Chennai,Anna Nagar,1549,4,4,2,1,0,0,Semi,Average,1997,27,0.21,0.3,2.79,4.3,88.37
TN4362,Trichy,Anna Nagar,932,2,1,2,1,0,0,Unfurnished,Fair,2021,3,0.89,2.37,6.07,7.91,25.65
TN4363,Trichy,Peelamedu,,3,2,2,0,0,0,Unfurnished,Average,1986,38,,0.3,0.99,0.5,35.23
TN4364,Salem,Besant Nagar,1157,4,3,1,1,0,1,Fully,Average,1995,29,1.3,1.01,8.2,5.39,44.87
TN4365,Chennai,Mylapore,1470,4,3,2,2,0,0,Fully,Good,2008,16,0.2,0.3,0.5,5.86,102.22
TN4366,Salem,Pallavaram,1619,5,4,1,0,0,1,Unfurnished,Average,1990,34,7.9,5.89,6.1,3.08,53.62
TN4367,Tirunelveli,Nungambakkam,1266,2,1,2,,0,1,Semi,Average,2010,14,7.64,2.68,3.83,3.8,38.46
TN4368,Chennai,Adyar,1286,3,3,2,1,0,1,Fully,Good,1991,33,0.82,6.97,1.51,5.17,92.02
TN4369,Chennai,RS Puram,1224,2,2,3,1,0,0,Fully,Good,2003,21,3.29,3.5,5.11,4.44,83.78
TN4370,Thanjavur,Peelamedu,1921,3,2,2,1,0,0,Fully,Average,1990,34,2.16,10.62,6.1,,55.45
TN4371,Chennai,RS Puram,400,4,3,1,2,1,1,Unfurnished,Average,2013,11,0.68,2.14,10.87,4.71,38.93
TN4372,Vellore,Alwarpet,1311,3,3,3,,0,1,Fully,Average,1986,38,0.76,3.05,1.83,6.22,43.09
TN4373,Coimbatore,Alwarpet,2145,3,2,2,1,0,1,Semi,Excellent,2003,21,1.69,2.58,4.63,5.4,138.88
TN4374,Chennai,Porur,1683,3,2,1,1,0,0,Semi,Fair,1988,36,1.36,1.99,3.69,,77.98
TN4375,Tirunelveli,Tambaram,2020,3,2,2,0,0,1,Semi,Excellent,1990,34,0.86,5.61,2.98,2.95,94.61
TN4376,Coimbatore,Perambur,535,5,4,1,1,0,0,Fully,Good,2021,3,4.12,3.1,8.84,4.9,39.12
TN4377,Madurai,T Nagar,891,2,1,2,0,1,0,Unfurnished,Average,2012,12,1.64,4.85,0.5,4.37,34.92
TN4378,Coimbatore,KK Nagar,1681,3,3,2,0,0,1,Fully,Poor,2014,10,2.66,4.63,1.33,3.07,54.13
TN4379,Madurai,Besant Nagar,2148,4,4,2,0,0,0,Unfurnished,Average,1991,33,0.52,0.64,3.09,6.35,79.72
TN4380,Chennai,Gandhipuram,,3,2,1,2,0,1,Unfurnished,Average,1993,31,1.91,3.15,0.79,0.5,59.83
TN4381,Coimbatore,Porur,1276,2,2,1,,0,0,Semi,Fair,2009,15,0.96,0.67,9.54,7.19,46.4
TN4382,Thanjavur,Anna Nagar,1631,3,2,3,1,0,0,Semi,Good,2017,7,1.87,2.63,4.17,0.5,62.89
TN4383,Chennai,Velachery,796,3,2,2,1,0,0,Semi,Excellent,1985,39,3.79,3.39,2.6,4.19,67.07
TN4384,Trichy,Alwarpet,1685,2,1,1,1,0,0,Semi,Good,1990,34,3.66,17.67,6.74,6.38,68.86
TN4385,Coimbatore,Saibaba Colony,400,4,3,1,1,1,0,Unfurnished,Good,2002,22,1.09,0.3,2.4,2.12,34.28
TN4386,Erode,Nungambakkam,1672,3,2,1,2,0,1,Unfurnished,Fair,1994,30,2.96,0.3,3.27,5.35,44.47
TN4387,Chennai,Tambaram,1002,4,3,2,1,0,1,Semi,Average,2012,12,7.09,0.3,0.5,5.13,59.49
TN4388,Thanjavur,Adyar,1249,4,3,2,1,0,0,Semi,Fair,1995,29,2.46,1.52,1.82,,36.76
TN4389,Coimbatore,RS Puram,1743,3,2,2,0,0,0,Unfurnished,Good,2017,7,0.4,5.17,0.6,3.8,92.34
TN4390,Chennai,Saibaba Colony,1651,1,1,2,1,0,1,Unfurnished,Excellent,1985,39,2.85,5.57,4.68,3.57,120.94
TN4391,Chennai,Velachery,1446,3,3,2,1,0,1,Semi,Good,1997,27,0.28,4.01,2.61,1.36,101.69
TN4392,Chennai,Singanallur,1886,2,1,2,2,0,1,Semi,Fair,2021,3,,6.82,1.44,4.29,89.52
TN4393,Madurai,Ashok Nagar,685,4,4,1,0,0,1,Semi,Average,2004,20,1.82,1.17,2.52,6.34,30.06
TN4394,Coimbatore,RS Puram,1542,2,2,2,0,0,0,Unfurnished,Good,1985,39,1.22,0.3,0.94,3.59,77.11
TN4395,Vellore,Pallavaram,1094,2,1,3,1,0,0,Fully,Average,1987,37,0.2,0.3,10.37,3.69,37.61
TN4396,Coimbatore,Mylapore,1863,3,3,2,0,0,0,Semi,Good,2002,22,1.2,5.73,0.5,7.68,96.83
TN4397,Chennai,Nungambakkam,,2,1,2,0,1,0,Semi,Good,1998,26,5.84,3.93,8.02,4.17,115.75
TN4398,Trichy,Porur,1776,2,1,2,2,0,1,Semi,Good,2015,9,0.2,3.6,2.86,5.2,78.32
TN4399,Salem,Peelamedu,2190,3,2,3,1,0,0,Semi,Average,2011,13,1.61,1.25,3.86,,73.86
TN4400,Chennai,Kodambakkam,1957,2,1,2,2,0,1,Unfurnished,Average,2001,23,6.69,1.43,1.44,4.17,102.34
TN4401,Chennai,Pallavaram,1379,2,2,1,1,0,1,Fully,Fair,2013,11,1.26,9.52,13.61,5.86,65.81
TN4402,Chennai,Tambaram,1449,3,3,3,0,0,1,Semi,Average,2020,4,1.4,0.3,1.32,6.48,83.78
TN4403,Salem,Tambaram,1720,3,2,3,1,0,1,Fully,Average,2021,3,2.16,4.46,3.56,6.31,62.66
TN4404,Trichy,Pallavaram,1511,3,3,1,0,1,0,Fully,Good,2010,14,1.55,1.11,20.09,,68.56
TN4405,Coimbatore,Tambaram,1767,3,3,2,,1,1,Semi,Good,2001,23,0.46,0.3,8.52,0.5,106.53
TN4406,Vellore,Adyar,446,3,3,2,1,0,0,Semi,Fair,2006,18,0.2,4.07,3.07,2.16,14.26
TN4407,Erode,Ramanathapuram,2296,3,2,1,1,0,0,Semi,Average,2009,15,2.35,1.21,18.57,3.47,74.1
TN4408,Madurai,Porur,1477,4,4,3,1,0,1,Semi,Fair,1986,38,6.34,3.84,4.83,2.91,45.88
TN4409,Tirunelveli,Velachery,720,2,2,2,1,0,0,Fully,Fair,2006,18,0.28,3.69,0.94,3.06,25.79
TN4410,Chennai,Nungambakkam,1039,3,3,3,0,0,1,Semi,Good,1989,35,0.59,2.3,2.08,6.28,70.26
TN4411,Chennai,Sholinganallur,492,4,3,1,1,0,1,Unfurnished,Poor,1988,36,1.16,4.51,1.63,4.71,19.27
TN4412,Chennai,Alwarpet,959,4,4,2,1,0,1,Unfurnished,Average,2020,4,4.14,2.61,1.69,4.23,60.28
TN4413,Chennai,Saibaba Colony,1386,2,2,1,1,0,0,Semi,Fair,1990,34,0.78,1.01,5.72,4.05,59.77
TN4414,Madurai,Peelamedu,2132,2,1,2,,0,1,Semi,Excellent,2005,19,5.34,3.97,3.51,3.7,111.83
TN4415,Hosur,Besant Nagar,1635,3,3,2,1,0,0,Unfurnished,Good,1997,27,0.2,2.67,0.5,4.02,83.53
TN4416,Chennai,Alwarpet,1555,2,1,2,2,0,1,Fully,Average,2021,3,7.07,0.3,8.4,7.28,83.56
TN4417,Chennai,Saibaba Colony,939,4,3,1,0,0,0,Unfurnished,Average,2009,15,2.06,6.96,1.41,0.97,56.8
TN4418,Coimbatore,KK Nagar,1079,3,2,1,2,0,1,Unfurnished,Good,2010,14,2.69,2.37,23.34,7.05,55.26
TN4419,Hosur,Ashok Nagar,1114,3,2,1,0,0,0,Fully,Excellent,2004,20,1.15,6.09,12.33,9.09,66.39
TN4420,Coimbatore,Velachery,1132,2,1,1,1,0,0,Fully,Average,2017,7,3.81,6.43,11.29,7.03,49.34
TN4421,Madurai,Tambaram,1292,3,2,2,1,0,0,Unfurnished,Excellent,1998,26,0.46,1.77,6.67,2.52,70.84
TN4422,Chennai,Tambaram,1326,3,3,2,1,0,0,Semi,Excellent,2020,4,0.2,2.13,1,3.53,112.78
TN4423,Chennai,Sholinganallur,1297,4,3,2,2,0,1,Fully,Excellent,2001,23,1.26,1.61,3.04,6.57,110.55
TN4424,Thanjavur,Alwarpet,1148,1,1,2,0,0,0,Semi,Good,2005,19,4.81,1.79,1.02,4,37.56
TN4425,Thanjavur,Saibaba Colony,1511,1,1,1,1,0,0,Semi,Good,2000,24,3.52,6.77,1.2,3.49,53.97
TN4426,Chennai,T Nagar,1309,3,2,1,1,0,0,Unfurnished,Average,2000,24,1.82,4.66,3.78,4.3,69.59
TN4427,Hosur,Saibaba Colony,732,2,2,1,1,1,0,Unfurnished,Good,2004,20,2.12,0.41,0.5,2.26,47.81
TN4428,Trichy,Ashok Nagar,1465,3,3,2,0,0,0,Unfurnished,Average,2013,11,0.35,2.83,13.95,4.24,48.38
TN4429,Tirunelveli,Kodambakkam,1397,4,4,2,1,1,1,Semi,Good,2012,12,4.59,16.5,10.04,2.09,64.04
TN4430,Coimbatore,Ramanathapuram,739,3,2,1,1,0,0,Semi,Average,1992,32,3.87,2.72,1.92,5.94,33.18
TN4431,Madurai,Mylapore,1184,4,4,1,0,0,0,Semi,Good,2008,16,2.67,4.62,2.9,2.81,58.25
TN4432,Coimbatore,Adyar,1719,1,1,3,1,0,0,Semi,Good,1987,37,1.57,4.4,2.51,4.6,88.43
TN4433,Trichy,Pallavaram,939,2,1,2,0,0,0,Fully,Fair,2009,15,8.34,1.29,8.56,3.61,28.67
TN4434,Chennai,T Nagar,891,1,1,2,1,0,0,Unfurnished,Good,2003,21,5.28,1.39,4.67,5.26,54.54
TN4435,Chennai,Saibaba Colony,1304,3,3,2,0,0,0,Unfurnished,Average,2017,7,2.59,3.86,1.3,6.14,74.33
TN4436,Coimbatore,Mylapore,1730,4,4,1,1,0,1,Semi,Good,1986,38,1.16,2.08,2.37,5.07,95.4
TN4437,Salem,Alwarpet,2265,2,1,3,1,0,0,Semi,Average,1999,25,2.41,2.54,2.24,,70.14
TN4438,Chennai,Kodambakkam,1747,3,3,2,1,0,0,Fully,Average,2006,18,2.14,3.74,12.81,3.37,99.01
TN4439,Trichy,Singanallur,1938,3,3,1,1,0,0,Semi,Excellent,1994,30,1.25,4.51,0.77,9.22,97.95
TN4440,Thanjavur,Gandhipuram,1606,4,3,2,1,1,1,Unfurnished,Average,2002,22,0.92,0.95,0.5,6.4,59.51
TN4441,Chennai,Kodambakkam,,2,1,2,0,0,1,Semi,Good,2006,18,1.31,0.48,8.5,4.1,71.09
TN4442,Trichy,Gandhipuram,1743,2,1,1,1,0,0,Unfurnished,Average,2011,13,,1.04,9.08,3.35,58.23
TN4443,Coimbatore,RS Puram,1411,1,1,2,2,0,1,Semi,Average,1997,27,1.4,2.13,8.21,1.62,64.35
TN4444,Tirunelveli,Chromepet,1620,3,2,1,2,0,0,Semi,Average,2017,7,0.76,1.26,2.86,6.76,55.21
TN4445,Chennai,Velachery,1024,2,1,1,0,0,0,Unfurnished,Good,1989,35,3.58,2.52,4.31,3.08,61
TN4446,Salem,Mylapore,1660,4,3,2,0,1,0,Fully,Average,2010,14,1.9,0.3,3.31,6.61,60.95
TN4447,Vellore,Anna Nagar,1396,3,3,1,2,0,0,Semi,Poor,1997,27,0.2,2.14,0.5,6.15,33.92
TN4448,Hosur,Adyar,1554,3,2,2,1,1,0,Semi,Average,2011,13,1.15,1.38,3.62,7.21,71.06
TN4449,Salem,Saibaba Colony,1412,3,2,3,1,0,0,Semi,Poor,1998,26,5.41,2.3,0.5,6.02,30.91
TN4450,Coimbatore,Peelamedu,1325,2,1,1,1,0,0,Unfurnished,Excellent,2008,16,3.52,1.65,1.57,4.08,86.83
TN4451,Trichy,T Nagar,1668,3,2,2,1,0,0,Semi,Excellent,1987,37,0.98,1,10.77,4.53,81.58
TN4452,Tirunelveli,RS Puram,1267,5,4,2,1,0,0,Unfurnished,Average,2014,10,6.96,7.03,1.45,4.55,42.82
TN4453,Madurai,Velachery,735,4,4,2,2,1,0,Semi,Good,2019,5,0.2,0.61,11.24,3.96,47.21
TN4454,Chennai,Mylapore,607,4,4,2,,0,1,Semi,Average,1998,26,8.13,3.43,1.15,1.25,41.54
TN4455,Hosur,Alwarpet,,4,3,1,0,0,0,Unfurnished,Good,1996,28,0.7,7.76,1.51,0.5,78.31
TN4456,Salem,Adyar,1249,2,1,2,0,0,1,Fully,Good,2012,12,0.2,2.32,3.96,6.02,50.78
TN4457,Trichy,Nungambakkam,672,2,1,2,0,0,1,Fully,Excellent,2013,11,1.42,6.27,5.74,4.14,36.12
TN4458,Chennai,Perambur,1498,1,1,3,1,0,0,Semi,Average,2001,23,1.11,0.4,2.78,6.42,78.38
TN4459,Trichy,Ashok Nagar,1408,3,3,1,0,0,0,Semi,Good,2005,19,1.94,2.04,8.55,3.74,60.54
