Invoice ID,Branch,City,Customer type,Gender,Product line,Unit price,Quantity,Tax 5%,Total,Date,Time,Payment,cogs,gross margin percentage,gross income,Rating
365-93-8991,A,Yangon,Member,Male,Food and beverages,77.05,10,38.525,809.025,1/1/2019,1:00,Ewallet,770.5,4.761904762,38.525,9
179-46-9592,A,Yangon,Member,Male,Home and lifestyle,76.17,2,7.617,159.957,1/1/2019,3:00,Ewallet,152.34,4.761904762,7.617,8.5
915-93-3329,B,Mandalay,Normal,Male,Food and beverages,48.81,4,9.762,205.002,1/1/2019,4:00,Cash,195.24,4.761904762,9.762,4.9
211-92-8545,A,Yangon,Member,Male,Home and lifestyle,86.6,4,17.32,363.72,1/1/2019,5:00,Ewallet,346.4,4.761904762,17.32,8.6
850-21-1569,B,Mandalay,Member,Female,Electronic accessories,86.22,4,17.244,362.124,1/1/2019,9:00,Cash,344.88,4.761904762,17.244,6.8
608-63-9737,B,Mandalay,Member,Female,Home and lifestyle,10.94,6,3.282,68.922,1/1/2019,9:00,Credit card,65.64,4.761904762,3.282,5.7
874-44-1270,A,Yangon,Normal,Female,Fashion accessories,42.82,2,4.282,89.922,1/1/2019,10:00,Credit card,85.64,4.761904762,4.282,4
573-34-2257,C,Naypyitaw,Normal,Female,Electronic accessories,102.88,6,30.864,648.144,1/1/2019,11:00,Ewallet,617.28,4.761904762,30.864,6.6
158-88-5858,A,Yangon,Member,Male,Home and lifestyle,40.78,7,14.273,299.733,1/1/2019,16:00,Ewallet,285.46,4.761904762,14.273,7
489-61-9910,A,Yangon,Member,Male,Food and beverages,11.16,10,5.58,117.18,1/1/2019,19:00,Credit card,111.6,4.761904762,5.58,9.4
955-30-1120,C,Naypyitaw,Normal,Male,Food and beverages,64.95,3,9.7425,204.5925,1/1/2019,21:00,Credit card,194.85,4.761904762,9.7425,8.4
864-41-8236,B,Mandalay,Normal,Female,Food and beverages,69.17,8,27.668,581.028,1/2/2019,0:00,Cash,553.36,4.761904762,27.668,6.1
545-13-2109,C,Naypyitaw,Member,Female,Sports and travel,25.5,2,2.55,53.55,1/2/2019,3:00,Cash,51,4.761904762,2.55,7.6
885-90-9177,B,Mandalay,Member,Female,Health and beauty,63.6,8,25.44,534.24,1/2/2019,4:00,Ewallet,508.8,4.761904762,25.44,8.2
725-65-6911,A,Yangon,Member,Male,Food and beverages,23.02,5,5.755,120.855,1/2/2019,10:00,Credit card,115.1,4.761904762,5.755,7.1
421-22-6828,C,Naypyitaw,Normal,Female,Electronic accessories,88.81,2,8.881,186.501,1/2/2019,11:00,Cash,177.62,4.761904762,8.881,6.1
998-46-7436,C,Naypyitaw,Member,Male,Food and beverages,29.04,7,10.164,213.444,1/2/2019,12:00,Ewallet,203.28,4.761904762,10.164,6.2
584-12-8614,C,Naypyitaw,Member,Male,Sports and travel,40.05,2,4.005,84.105,1/2/2019,14:00,Ewallet,80.1,4.761904762,4.005,7.6
902-61-9150,A,Yangon,Normal,Male,Fashion accessories,80.94,6,24.282,509.922,1/2/2019,16:00,Credit card,485.64,4.761904762,24.282,7.6
991-37-8675,B,Mandalay,Normal,Male,Electronic accessories,62.87,10,31.435,660.135,1/2/2019,16:00,Ewallet,628.7,4.761904762,31.435,6.6
833-27-6539,B,Mandalay,Member,Male,Sports and travel,73.09,3,10.9635,230.2335,1/2/2019,18:00,Ewallet,219.27,4.761904762,10.9635,4
253-57-2151,A,Yangon,Normal,Male,Fashion accessories,43.52,9,19.584,411.264,1/2/2019,22:00,Cash,391.68,4.761904762,19.584,5.1
472-65-7302,C,Naypyitaw,Member,Female,Electronic accessories,43.82,3,6.573,138.033,1/2/2019,23:00,Ewallet,131.46,4.761904762,6.573,7.9
670-67-5747,A,Yangon,Normal,Male,Home and lifestyle,65.67,3,9.8505,206.8605,1/3/2019,2:00,Ewallet,197.01,4.761904762,9.8505,4
275-40-9402,C,Naypyitaw,Member,Male,Health and beauty,26.16,5,6.54,137.34,1/3/2019,2:00,Credit card,130.8,4.761904762,6.54,8.8
546-83-3507,B,Mandalay,Normal,Female,Health and beauty,47.52,7,16.632,349.272,1/3/2019,2:00,Credit card,332.64,4.761904762,16.632,8.6
456-57-8494,A,Yangon,Member,Male,Sports and travel,30.03,8,12.012,252.252,1/3/2019,6:00,Credit card,240.24,4.761904762,12.012,7.1
983-63-4705,B,Mandalay,Normal,Female,Fashion accessories,68.33,7,23.9155,502.2255,1/3/2019,6:00,Credit card,478.31,4.761904762,23.9155,7.9
433-84-5038,C,Naypyitaw,Normal,Female,Health and beauty,103.43,9,46.5435,977.4135,1/3/2019,6:00,Cash,930.87,4.761904762,46.5435,7.8
128-83-8260,C,Naypyitaw,Normal,Female,Fashion accessories,93.67,5,23.4175,491.7675,1/3/2019,7:00,Credit card,468.35,4.761904762,23.4175,6.8
940-57-9521,C,Naypyitaw,Normal,Male,Fashion accessories,47.57,10,23.785,499.485,1/3/2019,12:00,Cash,475.7,4.761904762,23.785,4.9
822-65-1784,B,Mandalay,Normal,Male,Sports and travel,34.1,3,5.115,107.415,1/3/2019,14:00,Cash,102.3,4.761904762,5.115,8.5
748-43-6036,C,Naypyitaw,Member,Female,Sports and travel,51.88,6,15.564,326.844,1/3/2019,14:00,Credit card,311.28,4.761904762,15.564,9.1
364-16-6775,C,Naypyitaw,Member,Male,Sports and travel,89.68,5,22.42,470.82,1/3/2019,16:00,Ewallet,448.4,4.761904762,22.42,5.2
118-15-1625,A,Yangon,Normal,Male,Health and beauty,31.16,4,6.232,130.872,1/3/2019,18:00,Cash,124.64,4.761904762,6.232,4.9
598-20-4708,B,Mandalay,Member,Female,Sports and travel,99.48,2,9.948,208.908,1/3/2019,20:00,Cash,198.96,4.761904762,9.948,6.8
815-70-9953,A,Yangon,Normal,Female,Health and beauty,44.47,7,15.5645,326.8545,1/4/2019,2:00,Ewallet,311.29,4.761904762,15.5645,6.1
909-22-7398,C,Naypyitaw,Normal,Male,Sports and travel,102.63,5,25.6575,538.8075,1/4/2019,2:00,Ewallet,513.15,4.761904762,25.6575,7.2
184-83-2555,C,Naypyitaw,Member,Female,Food and beverages,71.94,4,14.388,302.148,1/4/2019,3:00,Credit card,287.76,4.761904762,14.388,8.8
661-45-5187,A,Yangon,Normal,Female,Fashion accessories,77.86,8,31.144,654.024,1/4/2019,5:00,Credit card,622.88,4.761904762,31.144,4
699-78-1036,C,Naypyitaw,Member,Female,Sports and travel,40.2,9,18.09,379.89,1/4/2019,7:00,Cash,361.8,4.761904762,18.09,9.4
864-21-9060,C,Naypyitaw,Normal,Male,Electronic accessories,12.94,9,5.823,122.283,1/4/2019,9:00,Ewallet,116.46,4.761904762,5.823,6.4
779-63-9065,A,Yangon,Member,Male,Fashion accessories,41.81,3,6.2715,131.7015,1/4/2019,10:00,Ewallet,125.43,4.761904762,6.2715,7.8
277-50-6932,B,Mandalay,Member,Male,Fashion accessories,35.02,3,5.253,110.313,1/4/2019,17:00,Credit card,105.06,4.761904762,5.253,7.9
970-18-7333,C,Naypyitaw,Normal,Female,Sports and travel,14,5,3.5,73.5,1/4/2019,17:00,Cash,70,4.761904762,3.5,8.1
739-95-6067,A,Yangon,Normal,Male,Home and lifestyle,54.98,5,13.745,288.645,1/4/2019,18:00,Ewallet,274.9,4.761904762,13.745,7.1
356-53-1661,C,Naypyitaw,Normal,Female,Sports and travel,48.16,10,24.08,505.68,1/4/2019,20:00,Cash,481.6,4.761904762,24.08,7.4
905-28-8887,A,Yangon,Normal,Male,Fashion accessories,63.16,2,6.316,132.636,1/4/2019,22:00,Ewallet,126.32,4.761904762,6.316,7.4
514-76-9534,C,Naypyitaw,Member,Male,Electronic accessories,78.35,1,3.9175,82.2675,1/4/2019,23:00,Cash,78.35,4.761904762,3.9175,6.1
781-91-4897,C,Naypyitaw,Normal,Female,Fashion accessories,19.71,8,7.884,165.564,1/5/2019,1:00,Credit card,157.68,4.761904762,7.884,4.4
245-76-3169,C,Naypyitaw,Member,Male,Electronic accessories,116.34,3,17.451,366.471,1/5/2019,2:00,Cash,349.02,4.761904762,17.451,5.2
351-96-7454,B,Mandalay,Normal,Female,Health and beauty,29.3,1,1.465,30.765,1/5/2019,7:00,Credit card,29.3,4.761904762,1.465,6.8
700-67-2515,C,Naypyitaw,Normal,Male,Food and beverages,42.19,1,2.1095,44.2995,1/5/2019,10:00,Cash,42.19,4.761904762,2.1095,5.8
674-61-4544,C,Naypyitaw,Normal,Male,Fashion accessories,50.77,2,5.077,106.617,1/5/2019,14:00,Credit card,101.54,4.761904762,5.077,5.8
481-33-1071,A,Yangon,Normal,Female,Sports and travel,86.48,6,25.944,544.824,1/5/2019,16:00,Cash,518.88,4.761904762,25.944,9.7
620-46-6492,C,Naypyitaw,Member,Female,Health and beauty,20.71,6,6.213,130.473,1/5/2019,18:00,Ewallet,124.26,4.761904762,6.213,8.3
438-62-5759,A,Yangon,Normal,Female,Food and beverages,40.93,3,6.1395,128.9295,1/5/2019,20:00,Cash,122.79,4.761904762,6.1395,6.6
591-30-1039,B,Mandalay,Member,Male,Sports and travel,69.24,4,13.848,290.808,1/5/2019,20:00,Ewallet,276.96,4.761904762,13.848,8
458-71-6373,A,Yangon,Normal,Male,Home and lifestyle,29.15,2,2.915,61.215,1/5/2019,21:00,Credit card,58.3,4.761904762,2.915,6.4
680-23-2900,A,Yangon,Member,Male,Sports and travel,69.13,2,6.913,145.173,1/5/2019,23:00,Cash,138.26,4.761904762,6.913,7.2
269-59-5796,A,Yangon,Normal,Female,Electronic accessories,110.65,7,38.7275,813.2775,1/6/2019,2:00,Credit card,774.55,4.761904762,38.7275,7.7
610-13-9775,C,Naypyitaw,Normal,Female,Electronic accessories,118.54,1,5.927,124.467,1/6/2019,5:00,Ewallet,118.54,4.761904762,5.927,6.4
558-26-1815,A,Yangon,Member,Female,Home and lifestyle,12.89,7,4.5115,94.7415,1/6/2019,6:00,Credit card,90.23,4.761904762,4.5115,6
784-89-1246,C,Naypyitaw,Member,Male,Health and beauty,34.07,1,1.7035,35.7735,1/6/2019,7:00,Cash,34.07,4.761904762,1.7035,8.8
829-42-7702,A,Yangon,Normal,Male,Food and beverages,31.98,6,9.594,201.474,1/6/2019,7:00,Credit card,191.88,4.761904762,9.594,7.9
745-81-5513,A,Yangon,Member,Female,Sports and travel,47.8,3,7.17,150.57,1/6/2019,9:00,Ewallet,143.4,4.761904762,7.17,4
719-62-2421,B,Mandalay,Member,Male,Electronic accessories,37.87,8,15.148,318.108,1/6/2019,9:00,Cash,302.96,4.761904762,15.148,6
371-52-8283,C,Naypyitaw,Member,Female,Health and beauty,30.92,6,9.276,194.796,1/6/2019,10:00,Credit card,185.52,4.761904762,9.276,5.8
940-83-1255,A,Yangon,Member,Male,Home and lifestyle,94.96,2,9.496,199.416,1/6/2019,11:00,Ewallet,189.92,4.761904762,9.496,6.1
180-21-3962,B,Mandalay,Normal,Male,Fashion accessories,87.16,8,34.864,732.144,1/6/2019,13:00,Ewallet,697.28,4.761904762,34.864,8.3
334-50-9372,C,Naypyitaw,Normal,Female,Electronic accessories,17.02,5,4.255,89.355,1/6/2019,17:00,Cash,85.1,4.761904762,4.255,7
256-79-9762,B,Mandalay,Member,Male,Home and lifestyle,40.15,8,16.06,337.26,1/6/2019,18:00,Cash,321.2,4.761904762,16.06,4.9
956-73-6592,A,Yangon,Member,Male,Sports and travel,48.36,8,19.344,406.224,1/6/2019,23:00,Ewallet,386.88,4.761904762,19.344,6.4
499-61-1591,A,Yangon,Member,Female,Food and beverages,26.58,6,7.974,167.454,1/7/2019,2:00,Ewallet,159.48,4.761904762,7.974,7.8
233-46-3260,C,Naypyitaw,Member,Female,Electronic accessories,79.16,2,7.916,166.236,1/7/2019,2:00,Ewallet,158.32,4.761904762,7.916,6.7
581-47-6032,A,Yangon,Member,Male,Electronic accessories,80.39,8,32.156,675.276,1/7/2019,3:00,Credit card,643.12,4.761904762,32.156,6
447-90-9774,C,Naypyitaw,Member,Female,Sports and travel,89.97,6,26.991,566.811,1/7/2019,4:00,Cash,539.82,4.761904762,26.991,7.5
825-60-6696,B,Mandalay,Member,Male,Fashion accessories,72.14,6,21.642,454.482,1/7/2019,9:00,Credit card,432.84,4.761904762,21.642,9.4
320-61-4038,C,Naypyitaw,Normal,Female,Health and beauty,64.12,8,25.648,538.608,1/7/2019,10:00,Credit card,512.96,4.761904762,25.648,7.7
897-66-7609,C,Naypyitaw,Member,Male,Food and beverages,57.94,1,2.897,60.837,1/7/2019,16:00,Cash,57.94,4.761904762,2.897,9
198-39-3274,C,Naypyitaw,Normal,Male,Electronic accessories,41.27,2,4.127,86.667,1/7/2019,17:00,Ewallet,82.54,4.761904762,4.127,6.1
522-81-3577,B,Mandalay,Normal,Female,Food and beverages,53.36,9,24.012,504.252,1/7/2019,20:00,Ewallet,480.24,4.761904762,24.012,7
688-54-6591,C,Naypyitaw,Normal,Male,Electronic accessories,64.25,8,25.7,539.7,1/7/2019,21:00,Ewallet,514,4.761904762,25.7,7
470-96-5829,B,Mandalay,Normal,Male,Food and beverages,18.59,7,6.5065,136.6365,1/7/2019,23:00,Credit card,130.13,4.761904762,6.5065,7.2
191-31-6311,B,Mandalay,Normal,Female,Home and lifestyle,31.59,7,11.0565,232.1865,1/8/2019,4:00,Cash,221.13,4.761904762,11.0565,7.7
176-34-2387,B,Mandalay,Normal,Female,Electronic accessories,43.15,5,10.7875,226.5375,1/8/2019,12:00,Ewallet,215.75,4.761904762,10.7875,5.6
278-16-3924,C,Naypyitaw,Normal,Male,Food and beverages,78.42,2,7.842,164.682,1/8/2019,13:00,Cash,156.84,4.761904762,7.842,8
379-28-2618,C,Naypyitaw,Normal,Female,Health and beauty,33.55,6,10.065,211.365,1/8/2019,18:00,Cash,201.3,4.761904762,10.065,4.6
839-18-8843,C,Naypyitaw,Normal,Female,Home and lifestyle,35.74,10,17.87,375.27,1/8/2019,18:00,Cash,357.4,4.761904762,17.87,5
969-49-8063,B,Mandalay,Normal,Male,Home and lifestyle,42.87,3,6.4305,135.0405,1/8/2019,21:00,Ewallet,128.61,4.761904762,6.4305,10
403-72-2348,B,Mandalay,Member,Male,Health and beauty,75.98,4,15.196,319.116,1/8/2019,21:00,Credit card,303.92,4.761904762,15.196,6.2
536-63-6289,C,Naypyitaw,Member,Female,Food and beverages,17.44,10,8.72,183.12,1/8/2019,22:00,Cash,174.4,4.761904762,8.72,8.1
474-54-3428,A,Yangon,Member,Female,Sports and travel,99.65,2,9.965,209.265,1/9/2019,1:00,Ewallet,199.3,4.761904762,9.965,9.5
113-38-9691,A,Yangon,Normal,Female,Health and beauty,95.74,2,9.574,201.054,1/9/2019,1:00,Credit card,191.48,4.761904762,9.574,4
745-16-7708,B,Mandalay,Normal,Male,Food and beverages,52.16,8,20.864,438.144,1/9/2019,5:00,Ewallet,417.28,4.761904762,20.864,8.7
629-96-7635,A,Yangon,Normal,Male,Health and beauty,76.99,8,30.796,646.716,1/9/2019,5:00,Credit card,615.92,4.761904762,30.796,8
649-68-6315,A,Yangon,Normal,Male,Health and beauty,12.63,10,6.315,132.615,1/9/2019,8:00,Credit card,126.3,4.761904762,6.315,9.5
854-53-1726,A,Yangon,Member,Male,Electronic accessories,48.2,6,14.46,303.66,1/9/2019,9:00,Credit card,289.2,4.761904762,14.46,5.2
830-69-3649,A,Yangon,Member,Male,Food and beverages,68.69,5,17.1725,360.6225,1/9/2019,9:00,Credit card,343.45,4.761904762,17.1725,9.2
407-17-3815,A,Yangon,Normal,Male,Sports and travel,17.74,8,7.096,149.016,1/9/2019,10:00,Ewallet,141.92,4.761904762,7.096,5.9
974-89-3984,C,Naypyitaw,Normal,Male,Electronic accessories,42.16,4,8.432,177.072,1/9/2019,10:00,Credit card,168.64,4.761904762,8.432,8.6
230-78-7099,B,Mandalay,Normal,Female,Health and beauty,68.3,4,13.66,286.86,1/9/2019,12:00,Cash,273.2,4.761904762,13.66,6.9
753-35-8790,B,Mandalay,Member,Female,Fashion accessories,31.18,5,7.795,163.695,1/9/2019,14:00,Credit card,155.9,4.761904762,7.795,8.2
553-67-2074,C,Naypyitaw,Normal,Male,Health and beauty,102.43,1,5.1215,107.5515,1/10/2019,0:00,Credit card,102.43,4.761904762,5.1215,7.1
990-14-1588,A,Yangon,Normal,Male,Health and beauty,23.83,1,1.1915,25.0215,1/10/2019,7:00,Credit card,23.83,4.761904762,1.1915,4.2
259-89-4838,C,Naypyitaw,Normal,Male,Food and beverages,68.82,2,6.882,144.522,1/10/2019,8:00,Credit card,137.64,4.761904762,6.882,4
110-62-7103,C,Naypyitaw,Normal,Female,Food and beverages,46.93,8,18.772,394.212,1/10/2019,9:00,Ewallet,375.44,4.761904762,18.772,7.3
639-87-7783,A,Yangon,Normal,Male,Electronic accessories,92.14,7,32.249,677.229,1/10/2019,12:00,Credit card,644.98,4.761904762,32.249,6.6
866-93-4822,B,Mandalay,Member,Female,Sports and travel,39.53,10,19.765,415.065,1/10/2019,16:00,Cash,395.3,4.761904762,19.765,7.6
306-71-6914,C,Naypyitaw,Normal,Female,Electronic accessories,66.95,9,30.1275,632.6775,1/10/2019,18:00,Credit card,602.55,4.761904762,30.1275,6.6
856-54-4688,C,Naypyitaw,Normal,Female,Home and lifestyle,86.26,5,21.565,452.865,1/10/2019,19:00,Cash,431.3,4.761904762,21.565,10
447-34-8211,B,Mandalay,Normal,Female,Health and beauty,56.7,2,5.67,119.07,1/10/2019,19:00,Ewallet,113.4,4.761904762,5.67,7.3
836-55-7319,B,Mandalay,Normal,Female,Fashion accessories,39.92,7,13.972,293.412,1/10/2019,20:00,Cash,279.44,4.761904762,13.972,6.3
753-74-1081,A,Yangon,Member,Male,Health and beauty,63.49,8,25.396,533.316,1/11/2019,1:00,Cash,507.92,4.761904762,25.396,7.5
234-88-7999,C,Naypyitaw,Member,Male,Health and beauty,81.24,7,28.434,597.114,1/11/2019,2:00,Credit card,568.68,4.761904762,28.434,6.4
276-64-2480,A,Yangon,Normal,Female,Electronic accessories,59.38,7,20.783,436.443,1/11/2019,5:00,Ewallet,415.66,4.761904762,20.783,7.1
539-65-4598,C,Naypyitaw,Normal,Male,Fashion accessories,88.88,5,22.22,466.62,1/11/2019,8:00,Cash,444.4,4.761904762,22.22,5.2
796-67-5183,B,Mandalay,Normal,Female,Fashion accessories,34.44,2,3.444,72.324,1/11/2019,9:00,Ewallet,68.88,4.761904762,3.444,7
708-25-8644,B,Mandalay,Member,Female,Fashion accessories,49.7,6,14.91,313.11,1/11/2019,13:00,Credit card,298.2,4.761904762,14.91,6.3
314-54-2758,B,Mandalay,Normal,Male,Electronic accessories,92.84,4,18.568,389.928,1/11/2019,15:00,Cash,371.36,4.761904762,18.568,5.3
651-63-4853,A,Yangon,Normal,Male,Health and beauty,78.46,10,39.23,823.83,1/11/2019,20:00,Ewallet,784.6,4.761904762,39.23,10
798-62-9422,A,Yangon,Normal,Male,Electronic accessories,104.23,2,10.423,218.883,1/11/2019,22:00,Ewallet,208.46,4.761904762,10.423,5.4
482-36-7991,A,Yangon,Member,Male,Food and beverages,83.91,9,37.7595,792.9495,1/12/2019,0:00,Ewallet,755.19,4.761904762,37.7595,7
214-15-5406,A,Yangon,Normal,Male,Food and beverages,40.79,7,14.2765,299.8065,1/12/2019,3:00,Cash,285.53,4.761904762,14.2765,5.8
399-27-7927,C,Naypyitaw,Normal,Female,Electronic accessories,23.87,6,7.161,150.381,1/12/2019,4:00,Ewallet,143.22,4.761904762,7.161,7.4
111-29-8980,B,Mandalay,Member,Male,Fashion accessories,12.07,5,3.0175,63.3675,1/12/2019,16:00,Ewallet,60.35,4.761904762,3.0175,5.1
803-68-4676,A,Yangon,Normal,Male,Health and beauty,82.16,3,12.324,258.804,1/12/2019,20:00,Credit card,246.48,4.761904762,12.324,8.3
829-31-4065,C,Naypyitaw,Normal,Male,Electronic accessories,105.35,10,52.675,1106.175,1/12/2019,20:00,Credit card,1053.5,4.761904762,52.675,10
402-38-1076,C,Naypyitaw,Normal,Female,Electronic accessories,35.57,10,17.785,373.485,1/12/2019,21:00,Cash,355.7,4.761904762,17.785,5.7
620-33-6134,C,Naypyitaw,Member,Male,Electronic accessories,28.92,4,5.784,121.464,1/13/2019,5:00,Credit card,115.68,4.761904762,5.784,8.8
775-22-5267,C,Naypyitaw,Member,Female,Home and lifestyle,15.54,3,2.331,48.951,1/13/2019,13:00,Ewallet,46.62,4.761904762,2.331,6.4
968-80-8652,A,Yangon,Member,Male,Food and beverages,70.74,8,28.296,594.216,1/13/2019,14:00,Cash,565.92,4.761904762,28.296,9.3
588-87-4659,B,Mandalay,Member,Male,Fashion accessories,35.82,3,5.373,112.833,1/14/2019,0:00,Cash,107.46,4.761904762,5.373,10
263-70-8143,C,Naypyitaw,Member,Female,Sports and travel,48.04,7,16.814,353.094,1/14/2019,5:00,Cash,336.28,4.761904762,16.814,6.6
523-36-9448,C,Naypyitaw,Normal,Male,Fashion accessories,52,7,18.2,382.2,1/14/2019,7:00,Cash,364,4.761904762,18.2,4.7
855-43-7487,A,Yangon,Member,Male,Sports and travel,88.95,7,31.1325,653.7825,1/14/2019,8:00,Cash,622.65,4.761904762,31.1325,8.4
376-42-1258,C,Naypyitaw,Normal,Female,Home and lifestyle,67.92,7,23.772,499.212,1/14/2019,14:00,Cash,475.44,4.761904762,23.772,7.3
406-88-2118,A,Yangon,Normal,Male,Electronic accessories,77.69,2,7.769,163.149,1/14/2019,15:00,Credit card,155.38,4.761904762,7.769,7.8
563-83-5341,A,Yangon,Normal,Female,Home and lifestyle,25.63,10,12.815,269.115,1/14/2019,17:00,Ewallet,256.3,4.761904762,12.815,6.5
832-68-2797,B,Mandalay,Normal,Female,Home and lifestyle,55.67,3,8.3505,175.3605,1/14/2019,18:00,Ewallet,167.01,4.761904762,8.3505,5.7
884-69-4196,B,Mandalay,Normal,Female,Health and beauty,81.04,10,40.52,850.92,1/14/2019,21:00,Ewallet,810.4,4.761904762,40.52,8.7
436-94-1562,B,Mandalay,Normal,Female,Food and beverages,82.13,9,36.9585,776.1285,1/14/2019,23:00,Ewallet,739.17,4.761904762,36.9585,7.5
277-20-3999,A,Yangon,Member,Female,Sports and travel,29.33,3,4.3995,92.3895,1/15/2019,0:00,Cash,87.99,4.761904762,4.3995,4.8
938-51-1068,C,Naypyitaw,Member,Male,Electronic accessories,13.02,2,1.302,27.342,1/15/2019,1:00,Ewallet,26.04,4.761904762,1.302,8
335-57-3428,A,Yangon,Normal,Male,Sports and travel,17.54,9,7.893,165.753,1/15/2019,1:00,Credit card,157.86,4.761904762,7.893,7.7
156-30-7993,A,Yangon,Normal,Male,Fashion accessories,41.28,10,20.64,433.44,1/15/2019,5:00,Ewallet,412.8,4.761904762,20.64,6.5
198-29-4598,C,Naypyitaw,Member,Female,Sports and travel,87.18,9,39.231,823.851,1/15/2019,5:00,Ewallet,784.62,4.761904762,39.231,9.4
424-86-1573,C,Naypyitaw,Normal,Female,Fashion accessories,10.11,4,2.022,42.462,1/15/2019,9:00,Cash,40.44,4.761904762,2.022,6.1
218-94-2478,C,Naypyitaw,Normal,Female,Food and beverages,43.05,9,19.3725,406.8225,1/15/2019,19:00,Ewallet,387.45,4.761904762,19.3725,6.7
125-17-7676,C,Naypyitaw,Member,Female,Fashion accessories,37.33,3,5.5995,117.5895,1/15/2019,20:00,Cash,111.99,4.761904762,5.5995,8.2
248-34-9166,B,Mandalay,Normal,Male,Sports and travel,15.4,7,5.39,113.19,1/15/2019,21:00,Credit card,107.8,4.761904762,5.39,7.1
754-44-5650,B,Mandalay,Normal,Male,Sports and travel,52.57,7,18.3995,386.3895,1/15/2019,23:00,Ewallet,367.99,4.761904762,18.3995,4.9
524-46-5526,A,Yangon,Member,Female,Fashion accessories,31.04,8,12.416,260.736,1/16/2019,2:00,Ewallet,248.32,4.761904762,12.416,7.3
703-70-6443,B,Mandalay,Normal,Female,Home and lifestyle,41.32,10,20.66,433.86,1/16/2019,4:00,Cash,413.2,4.761904762,20.66,6.4
664-93-3593,B,Mandalay,Member,Male,Food and beverages,61.88,4,12.376,259.896,1/16/2019,9:00,Ewallet,247.52,4.761904762,12.376,8.3
175-33-7852,A,Yangon,Normal,Female,Health and beauty,62.06,3,9.309,195.489,1/16/2019,12:00,Ewallet,186.18,4.761904762,9.309,7.2
585-39-8971,C,Naypyitaw,Member,Female,Electronic accessories,25.31,3,3.7965,79.7265,1/16/2019,13:00,Ewallet,75.93,4.761904762,3.7965,7.1
649-89-8822,B,Mandalay,Member,Female,Sports and travel,100.35,5,25.0875,526.8375,1/16/2019,15:00,Ewallet,501.75,4.761904762,25.0875,5.4
495-53-4823,A,Yangon,Normal,Male,Electronic accessories,79.92,1,3.996,83.916,1/16/2019,18:00,Cash,79.92,4.761904762,3.996,6.7
242-58-8444,A,Yangon,Normal,Male,Health and beauty,85.98,10,42.99,902.79,1/16/2019,19:00,Cash,859.8,4.761904762,42.99,8.5
370-23-8147,C,Naypyitaw,Member,Female,Electronic accessories,20.46,3,3.069,64.449,1/17/2019,0:00,Cash,61.38,4.761904762,3.069,5.8
563-24-5329,A,Yangon,Member,Male,Health and beauty,15.61,6,4.683,98.343,1/17/2019,1:00,Ewallet,93.66,4.761904762,4.683,7
674-77-9218,C,Naypyitaw,Normal,Female,Fashion accessories,11.14,3,1.671,35.091,1/17/2019,4:00,Ewallet,33.42,4.761904762,1.671,5.6
570-62-1051,B,Mandalay,Member,Female,Home and lifestyle,26.8,5,6.7,140.7,1/17/2019,5:00,Credit card,134,4.761904762,6.7,5.2
418-82-6688,B,Mandalay,Member,Male,Sports and travel,49.22,9,22.149,465.129,1/17/2019,7:00,Cash,442.98,4.761904762,22.149,6.9
219-61-8018,B,Mandalay,Member,Female,Health and beauty,102.62,2,10.262,215.502,1/17/2019,8:00,Credit card,205.24,4.761904762,10.262,7.3
142-16-4956,C,Naypyitaw,Member,Female,Electronic accessories,60.82,2,6.082,127.722,1/17/2019,11:00,Cash,121.64,4.761904762,6.082,10
359-78-7875,B,Mandalay,Normal,Male,Sports and travel,37.62,6,11.286,237.006,1/17/2019,11:00,Cash,225.72,4.761904762,11.286,6.3
435-50-2525,C,Naypyitaw,Normal,Female,Home and lifestyle,60.01,6,18.003,378.063,1/17/2019,11:00,Cash,360.06,4.761904762,18.003,6.9
354-11-7125,B,Mandalay,Member,Female,Fashion accessories,18.96,8,7.584,159.264,1/17/2019,12:00,Ewallet,151.68,4.761904762,7.584,5.1
806-30-7900,A,Yangon,Normal,Female,Sports and travel,67.46,2,6.746,141.666,1/17/2019,13:00,Cash,134.92,4.761904762,6.746,7.9
949-78-4464,C,Naypyitaw,Member,Male,Health and beauty,66.65,9,29.9925,629.8425,1/17/2019,13:00,Cash,599.85,4.761904762,29.9925,7.6
311-37-8496,C,Naypyitaw,Normal,Female,Home and lifestyle,80.49,2,8.049,169.029,1/17/2019,15:00,Ewallet,160.98,4.761904762,8.049,9.2
711-58-6430,B,Mandalay,Normal,Male,Electronic accessories,117.38,1,5.869,123.249,1/17/2019,16:00,Ewallet,117.38,4.761904762,5.869,8.7
506-43-4176,C,Naypyitaw,Member,Female,Home and lifestyle,32.33,10,16.165,339.465,1/17/2019,16:00,Credit card,323.3,4.761904762,16.165,7.5
716-78-7158,C,Naypyitaw,Normal,Female,Home and lifestyle,55.36,2,5.536,116.256,1/17/2019,19:00,Credit card,110.72,4.761904762,5.536,6.3
786-12-1722,C,Naypyitaw,Normal,Female,Food and beverages,77.26,7,27.041,567.861,1/17/2019,20:00,Cash,540.82,4.761904762,27.041,7.3
511-12-1613,C,Naypyitaw,Member,Female,Home and lifestyle,79.88,8,31.952,670.992,1/17/2019,21:00,Ewallet,639.04,4.761904762,31.952,6.8
359-97-6790,C,Naypyitaw,Member,Male,Home and lifestyle,53.38,5,13.345,280.245,1/18/2019,4:00,Ewallet,266.9,4.761904762,13.345,8.4
144-68-1330,C,Naypyitaw,Member,Male,Sports and travel,98.85,6,29.655,622.755,1/18/2019,9:00,Cash,593.1,4.761904762,29.655,8.2
264-74-6493,B,Mandalay,Normal,Female,Electronic accessories,18.11,1,0.9055,19.0155,1/18/2019,9:00,Ewallet,18.11,4.761904762,0.9055,6.6
164-12-6614,C,Naypyitaw,Normal,Female,Sports and travel,97.5,6,29.25,614.25,1/18/2019,10:00,Credit card,585,4.761904762,29.25,4.8
893-62-6913,A,Yangon,Normal,Female,Sports and travel,15.23,8,6.092,127.932,1/18/2019,11:00,Ewallet,121.84,4.761904762,6.092,9
890-39-6611,C,Naypyitaw,Normal,Female,Health and beauty,64.58,3,9.687,203.427,1/18/2019,20:00,Cash,193.74,4.761904762,9.687,7.9
316-73-9085,C,Naypyitaw,Normal,Female,Sports and travel,93.71,1,4.6855,98.3955,1/19/2019,2:00,Cash,93.71,4.761904762,4.6855,6.5
498-65-1329,A,Yangon,Normal,Female,Food and beverages,28.37,4,5.674,119.154,1/19/2019,5:00,Credit card,113.48,4.761904762,5.674,7.8
759-56-7742,C,Naypyitaw,Normal,Female,Food and beverages,44.23,1,2.2115,46.4415,1/19/2019,9:00,Cash,44.23,4.761904762,2.2115,7.1
920-62-2793,A,Yangon,Member,Female,Health and beauty,42.76,8,17.104,359.184,1/19/2019,14:00,Cash,342.08,4.761904762,17.104,9
413-28-9125,A,Yangon,Normal,Male,Fashion accessories,90,5,22.5,472.5,1/19/2019,16:00,Credit card,450,4.761904762,22.5,4.1
561-81-7170,C,Naypyitaw,Normal,Male,Electronic accessories,99.96,1,4.998,104.958,1/19/2019,19:00,Ewallet,99.96,4.761904762,4.998,6.4
128-24-7644,A,Yangon,Member,Male,Electronic accessories,87.72,8,35.088,736.848,1/19/2019,20:00,Credit card,701.76,4.761904762,35.088,9.4
352-10-5155,C,Naypyitaw,Normal,Female,Sports and travel,65.42,9,29.439,618.219,1/19/2019,20:00,Ewallet,588.78,4.761904762,29.439,7.8
206-66-3611,C,Naypyitaw,Member,Female,Sports and travel,87.18,10,43.59,915.39,1/19/2019,20:00,Credit card,871.8,4.761904762,43.59,9.7
671-43-1095,B,Mandalay,Member,Female,Fashion accessories,42.66,2,4.266,89.586,1/19/2019,22:00,Cash,85.32,4.761904762,4.266,5.2
188-69-7041,A,Yangon,Normal,Male,Sports and travel,52.32,9,23.544,494.424,1/19/2019,23:00,Ewallet,470.88,4.761904762,23.544,8.6
330-81-9437,A,Yangon,Member,Female,Electronic accessories,89.96,8,35.984,755.664,1/19/2019,23:00,Credit card,719.68,4.761904762,35.984,8.5
210-31-8644,B,Mandalay,Member,Male,Home and lifestyle,41.84,7,14.644,307.524,1/20/2019,3:00,Ewallet,292.88,4.761904762,14.644,4.5
516-47-6247,C,Naypyitaw,Member,Female,Food and beverages,13.34,3,2.001,42.021,1/20/2019,3:00,Ewallet,40.02,4.761904762,2.001,6.6
336-44-2417,B,Mandalay,Normal,Male,Home and lifestyle,16.62,2,1.662,34.902,1/20/2019,10:00,Cash,33.24,4.761904762,1.662,6.8
574-24-1110,A,Yangon,Member,Male,Home and lifestyle,20.27,7,7.0945,148.9845,1/20/2019,11:00,Cash,141.89,4.761904762,7.0945,4.6
189-33-8391,B,Mandalay,Normal,Male,Electronic accessories,104.88,5,26.22,550.62,1/20/2019,13:00,Cash,524.4,4.761904762,26.22,6.6
200-13-6132,B,Mandalay,Member,Female,Home and lifestyle,52.03,6,15.609,327.789,1/20/2019,14:00,Ewallet,312.18,4.761904762,15.609,8.3
556-66-9289,C,Naypyitaw,Normal,Male,Fashion accessories,69.78,4,13.956,293.076,1/20/2019,14:00,Ewallet,279.12,4.761904762,13.956,6.4
219-46-2734,A,Yangon,Normal,Female,Health and beauty,49.47,2,4.947,103.887,1/20/2019,17:00,Ewallet,98.94,4.761904762,4.947,7.4
100-69-7393,C,Naypyitaw,Member,Female,Sports and travel,34.68,9,15.606,327.726,1/20/2019,18:00,Ewallet,312.12,4.761904762,15.606,7.4
751-30-4466,B,Mandalay,Member,Female,Health and beauty,44.99,3,6.7485,141.7185,1/20/2019,18:00,Cash,134.97,4.761904762,6.7485,7
143-67-2816,C,Naypyitaw,Member,Female,Food and beverages,68.58,7,24.003,504.063,1/20/2019,19:00,Credit card,480.06,4.761904762,24.003,5.9
352-13-6775,B,Mandalay,Normal,Female,Sports and travel,68.92,8,27.568,578.928,1/20/2019,21:00,Credit card,551.36,4.761904762,27.568,8
877-75-2058,B,Mandalay,Member,Male,Home and lifestyle,93.45,2,9.345,196.245,1/21/2019,4:00,Credit card,186.9,4.761904762,9.345,4.6
566-15-3322,C,Naypyitaw,Member,Female,Food and beverages,59.92,6,17.976,377.496,1/21/2019,7:00,Ewallet,359.52,4.761904762,17.976,7
286-62-9179,A,Yangon,Member,Female,Sports and travel,63.79,8,25.516,535.836,1/21/2019,7:00,Cash,510.32,4.761904762,25.516,9.1
342-17-6660,C,Naypyitaw,Member,Female,Fashion accessories,61.09,7,21.3815,449.0115,1/21/2019,8:00,Ewallet,427.63,4.761904762,21.3815,6.3
882-96-9401,C,Naypyitaw,Member,Female,Fashion accessories,89.18,3,13.377,280.917,1/21/2019,12:00,Ewallet,267.54,4.761904762,13.377,5.9
145-92-2563,A,Yangon,Normal,Female,Fashion accessories,76.14,1,3.807,79.947,1/21/2019,16:00,Cash,76.14,4.761904762,3.807,8.1
125-19-1174,A,Yangon,Normal,Male,Fashion accessories,11.53,6,3.459,72.639,1/21/2019,19:00,Ewallet,69.18,4.761904762,3.459,7.2
615-64-1321,C,Naypyitaw,Member,Male,Home and lifestyle,57.54,8,23.016,483.336,1/21/2019,22:00,Ewallet,460.32,4.761904762,23.016,8.1
678-16-6604,A,Yangon,Normal,Female,Health and beauty,78.39,6,23.517,493.857,1/21/2019,22:00,Credit card,470.34,4.761904762,23.517,7.1
698-29-8436,B,Mandalay,Member,Male,Sports and travel,80.46,5,20.115,422.415,1/21/2019,22:00,Cash,402.3,4.761904762,20.115,4
432-52-6002,B,Mandalay,Normal,Male,Home and lifestyle,28.97,8,11.588,243.348,1/22/2019,0:00,Cash,231.76,4.761904762,11.588,8.8
500-63-6425,B,Mandalay,Normal,Female,Fashion accessories,82.82,2,8.282,173.922,1/22/2019,6:00,Ewallet,165.64,4.761904762,8.282,10
127-92-8701,A,Yangon,Normal,Male,Health and beauty,104.58,1,5.229,109.809,1/22/2019,6:00,Ewallet,104.58,4.761904762,5.229,8.9
986-48-7945,C,Naypyitaw,Normal,Female,Food and beverages,26.41,1,1.3205,27.7305,1/22/2019,8:00,Credit card,26.41,4.761904762,1.3205,4
452-53-6801,C,Naypyitaw,Member,Male,Food and beverages,75.27,4,15.054,316.134,1/22/2019,9:00,Ewallet,301.08,4.761904762,15.054,7.7
395-21-2018,C,Naypyitaw,Normal,Male,Food and beverages,15.84,6,4.752,99.792,1/22/2019,11:00,Cash,95.04,4.761904762,4.752,6.3
255-83-4536,C,Naypyitaw,Normal,Male,Fashion accessories,14.21,9,6.3945,134.2845,1/22/2019,12:00,Ewallet,127.89,4.761904762,6.3945,5.4
189-76-3502,A,Yangon,Member,Female,Food and beverages,18.27,1,0.9135,19.1835,1/22/2019,13:00,Cash,18.27,4.761904762,0.9135,7.2
847-81-1979,C,Naypyitaw,Normal,Male,Electronic accessories,18.17,1,0.9085,19.0785,1/22/2019,16:00,Ewallet,18.17,4.761904762,0.9085,6.8
431-90-3280,A,Yangon,Member,Male,Sports and travel,89.47,5,22.3675,469.7175,1/22/2019,19:00,Credit card,447.35,4.761904762,22.3675,7.8
877-95-1107,A,Yangon,Normal,Female,Sports and travel,16.02,10,8.01,168.21,1/22/2019,20:00,Credit card,160.2,4.761904762,8.01,7.1
264-86-2626,A,Yangon,Member,Female,Fashion accessories,32.47,5,8.1175,170.4675,1/22/2019,21:00,Credit card,162.35,4.761904762,8.1175,5.3
803-88-7229,B,Mandalay,Member,Male,Electronic accessories,23.08,5,5.77,121.17,1/22/2019,21:00,Ewallet,115.4,4.761904762,5.77,6.1
833-49-4809,C,Naypyitaw,Normal,Female,Home and lifestyle,36.29,10,18.145,381.045,1/23/2019,3:00,Credit card,362.9,4.761904762,18.145,5.9
463-69-1559,C,Naypyitaw,Normal,Male,Home and lifestyle,18.06,6,5.418,113.778,1/23/2019,8:00,Cash,108.36,4.761904762,5.418,4.4
216-28-4046,B,Mandalay,Member,Male,Food and beverages,59.03,8,23.612,495.852,1/23/2019,8:00,Cash,472.24,4.761904762,23.612,4.9
644-53-1508,A,Yangon,Member,Female,Health and beauty,24.06,3,3.609,75.789,1/23/2019,9:00,Cash,72.18,4.761904762,3.609,6.7
264-98-6411,C,Naypyitaw,Normal,Female,Home and lifestyle,85.81,9,38.6145,810.9045,1/23/2019,11:00,Ewallet,772.29,4.761904762,38.6145,9.1
948-97-1916,B,Mandalay,Member,Female,Health and beauty,91,1,4.55,95.55,1/23/2019,12:00,Ewallet,91,4.761904762,4.55,6.2
997-40-5971,B,Mandalay,Member,Male,Sports and travel,11.78,4,2.356,49.476,1/23/2019,13:00,Credit card,47.12,4.761904762,2.356,5.9
836-39-4275,A,Yangon,Normal,Female,Health and beauty,98.69,9,44.4105,932.6205,1/23/2019,18:00,Ewallet,888.21,4.761904762,44.4105,5.2
783-21-1818,C,Naypyitaw,Normal,Male,Sports and travel,13.21,8,5.284,110.964,1/23/2019,22:00,Cash,105.68,4.761904762,5.284,7
220-58-4065,C,Naypyitaw,Member,Female,Electronic accessories,37.6,10,18.8,394.8,1/24/2019,6:00,Cash,376,4.761904762,18.8,8.8
287-20-1602,A,Yangon,Normal,Male,Electronic accessories,15.46,9,6.957,146.097,1/24/2019,7:00,Credit card,139.14,4.761904762,6.957,10
299-83-4527,A,Yangon,Normal,Female,Fashion accessories,37.9,1,1.895,39.795,1/24/2019,10:00,Credit card,37.9,4.761904762,1.895,7.4
547-29-8963,C,Naypyitaw,Normal,Male,Fashion accessories,52.94,9,23.823,500.283,1/24/2019,10:00,Credit card,476.46,4.761904762,23.823,7.2
229-52-5615,B,Mandalay,Normal,Female,Food and beverages,68.76,3,10.314,216.594,1/24/2019,11:00,Ewallet,206.28,4.761904762,10.314,6.2
112-94-7766,A,Yangon,Member,Male,Home and lifestyle,40.08,10,20.04,420.84,1/24/2019,11:00,Ewallet,400.8,4.761904762,20.04,6.4
902-32-7445,C,Naypyitaw,Member,Female,Food and beverages,61.87,9,27.8415,584.6715,1/24/2019,14:00,Cash,556.83,4.761904762,27.8415,7.9
865-24-2665,A,Yangon,Member,Female,Sports and travel,28.02,1,1.401,29.421,1/24/2019,17:00,Ewallet,28.02,4.761904762,1.401,6.5
672-85-7975,B,Mandalay,Normal,Male,Food and beverages,65.28,1,3.264,68.544,1/24/2019,22:00,Ewallet,65.28,4.761904762,3.264,6.8
604-61-3808,C,Naypyitaw,Member,Female,Health and beauty,34.1,9,15.345,322.245,1/24/2019,22:00,Cash,306.9,4.761904762,15.345,7
274-92-6633,B,Mandalay,Normal,Male,Sports and travel,23.92,6,7.176,150.696,1/24/2019,22:00,Cash,143.52,4.761904762,7.176,6.1
271-73-7096,B,Mandalay,Member,Male,Fashion accessories,25.17,4,5.034,105.714,1/25/2019,1:00,Credit card,100.68,4.761904762,5.034,6.9
433-37-9823,B,Mandalay,Member,Female,Electronic accessories,31.44,7,11.004,231.084,1/25/2019,4:00,Ewallet,220.08,4.761904762,11.004,4
802-34-6423,A,Yangon,Normal,Male,Fashion accessories,52.86,5,13.215,277.515,1/25/2019,10:00,Ewallet,264.3,4.761904762,13.215,7.8
658-30-3205,C,Naypyitaw,Member,Female,Home and lifestyle,85.19,10,42.595,894.495,1/25/2019,11:00,Ewallet,851.9,4.761904762,42.595,10
447-40-4955,B,Mandalay,Member,Female,Sports and travel,17.93,7,6.2755,131.7855,1/25/2019,16:00,Credit card,125.51,4.761904762,6.2755,6.2
334-31-1404,C,Naypyitaw,Normal,Male,Sports and travel,76.57,8,30.628,643.188,1/25/2019,19:00,Credit card,612.56,4.761904762,30.628,7.6
356-46-2620,A,Yangon,Member,Female,Health and beauty,75.06,8,30.024,630.504,1/26/2019,0:00,Credit card,600.48,4.761904762,30.024,8.3
657-18-9080,A,Yangon,Normal,Male,Home and lifestyle,87.65,1,4.3825,92.0325,1/26/2019,0:00,Credit card,87.65,4.761904762,4.3825,8.9
146-94-7630,A,Yangon,Normal,Male,Electronic accessories,38.08,8,15.232,319.872,1/26/2019,3:00,Cash,304.64,4.761904762,15.232,6.6
670-63-5799,B,Mandalay,Member,Female,Sports and travel,52.56,6,15.768,331.128,1/26/2019,3:00,Cash,315.36,4.761904762,15.768,4.3
602-15-3868,B,Mandalay,Normal,Female,Sports and travel,97.02,4,19.404,407.484,1/26/2019,6:00,Ewallet,388.08,4.761904762,19.404,7.4
243-14-9776,C,Naypyitaw,Member,Male,Health and beauty,75.61,8,30.244,635.124,1/26/2019,8:00,Cash,604.88,4.761904762,30.244,7.2
785-23-8614,B,Mandalay,Member,Male,Food and beverages,37.91,3,5.6865,119.4165,1/26/2019,9:00,Cash,113.73,4.761904762,5.6865,6.5
973-61-1537,C,Naypyitaw,Member,Female,Electronic accessories,26.04,4,5.208,109.368,1/26/2019,15:00,Cash,104.16,4.761904762,5.208,6.8
664-38-1814,A,Yangon,Member,Female,Fashion accessories,31.69,6,9.507,199.647,1/26/2019,16:00,Credit card,190.14,4.761904762,9.507,7.2
491-32-2652,C,Naypyitaw,Normal,Female,Home and lifestyle,61.73,7,21.6055,453.7155,1/26/2019,22:00,Credit card,432.11,4.761904762,21.6055,7.5
717-44-5062,C,Naypyitaw,Member,Female,Sports and travel,77.62,4,15.524,326.004,1/26/2019,23:00,Credit card,310.48,4.761904762,15.524,7.5
408-67-2551,C,Naypyitaw,Normal,Male,Sports and travel,22.12,4,4.424,92.904,1/26/2019,23:00,Credit card,88.48,4.761904762,4.424,6.7
372-41-8013,C,Naypyitaw,Normal,Female,Fashion accessories,60.19,7,21.0665,442.3965,1/27/2019,0:00,Cash,421.33,4.761904762,21.0665,7.6
861-61-7163,C,Naypyitaw,Normal,Male,Electronic accessories,70.78,6,21.234,445.914,1/27/2019,1:00,Ewallet,424.68,4.761904762,21.234,6.6
723-75-8635,B,Mandalay,Member,Male,Food and beverages,47.38,8,18.952,397.992,1/27/2019,3:00,Ewallet,379.04,4.761904762,18.952,8
722-91-2536,A,Yangon,Member,Female,Sports and travel,74.99,1,3.7495,78.7395,1/27/2019,9:00,Credit card,74.99,4.761904762,3.7495,6.1
157-92-8399,A,Yangon,Normal,Male,Electronic accessories,101.44,10,50.72,1065.12,1/27/2019,9:00,Credit card,1014.4,4.761904762,50.72,7.1
873-59-5717,C,Naypyitaw,Member,Female,Fashion accessories,36.81,7,12.8835,270.5535,1/27/2019,11:00,Ewallet,257.67,4.761904762,12.8835,4.6
555-97-8187,B,Mandalay,Member,Male,Health and beauty,98.03,7,34.3105,720.5205,1/27/2019,14:00,Credit card,686.21,4.761904762,34.3105,6.4
113-14-2960,C,Naypyitaw,Member,Female,Food and beverages,20.66,7,7.231,151.851,1/27/2019,15:00,Ewallet,144.62,4.761904762,7.231,7.9
907-43-8035,B,Mandalay,Member,Male,Home and lifestyle,25.4,7,8.89,186.69,1/27/2019,16:00,Ewallet,177.8,4.761904762,8.89,5.4
307-54-4270,A,Yangon,Normal,Male,Sports and travel,35.43,10,17.715,372.015,1/27/2019,17:00,Cash,354.3,4.761904762,17.715,6.5
691-80-1288,A,Yangon,Member,Female,Electronic accessories,24.77,10,12.385,260.085,1/27/2019,21:00,Ewallet,247.7,4.761904762,12.385,4
644-53-4859,C,Naypyitaw,Member,Female,Health and beauty,33.55,8,13.42,281.82,1/27/2019,21:00,Ewallet,268.4,4.761904762,13.42,4.9
978-45-2183,B,Mandalay,Member,Male,Home and lifestyle,19.47,9,8.7615,183.9915,1/27/2019,22:00,Ewallet,175.23,4.761904762,8.7615,5.3
339-76-2446,A,Yangon,Normal,Male,Electronic accessories,99.77,9,44.8965,942.8265,1/28/2019,0:00,Credit card,897.93,4.761904762,44.8965,7.2
635-95-7213,B,Mandalay,Normal,Female,Electronic accessories,26.84,2,2.684,56.364,1/28/2019,4:00,Cash,53.68,4.761904762,2.684,7.5
979-97-8894,A,Yangon,Member,Male,Home and lifestyle,76.51,7,26.7785,562.3485,1/28/2019,5:00,Cash,535.57,4.761904762,26.7785,6.9
153-47-3377,B,Mandalay,Normal,Female,Health and beauty,15.69,7,5.4915,115.3215,1/28/2019,8:00,Cash,109.83,4.761904762,5.4915,6.4
947-84-7341,A,Yangon,Normal,Male,Fashion accessories,89.7,4,17.94,376.74,1/28/2019,10:00,Ewallet,358.8,4.761904762,17.94,6.4
315-62-5791,C,Naypyitaw,Normal,Female,Health and beauty,80.62,9,36.279,761.859,1/28/2019,11:00,Credit card,725.58,4.761904762,36.279,8.1
126-47-3365,A,Yangon,Normal,Male,Food and beverages,9.01,8,3.604,75.684,1/28/2019,13:00,Ewallet,72.08,4.761904762,3.604,7.3
373-73-6622,B,Mandalay,Member,Female,Sports and travel,81.88,1,4.094,85.974,1/28/2019,15:00,Credit card,81.88,4.761904762,4.094,6.5
944-39-1244,A,Yangon,Member,Female,Home and lifestyle,55.75,2,5.575,117.075,1/28/2019,15:00,Cash,111.5,4.761904762,5.575,8.9
916-50-8795,A,Yangon,Member,Male,Fashion accessories,75.39,2,7.539,158.319,1/28/2019,18:00,Credit card,150.78,4.761904762,7.539,9.9
752-43-1124,B,Mandalay,Member,Female,Home and lifestyle,56.5,8,22.6,474.6,1/28/2019,19:00,Ewallet,452,4.761904762,22.6,5.1
636-75-2919,B,Mandalay,Normal,Male,Home and lifestyle,67.05,1,3.3525,70.4025,1/28/2019,23:00,Cash,67.05,4.761904762,3.3525,7.8
711-27-1530,B,Mandalay,Member,Female,Health and beauty,87.98,4,17.596,369.516,1/29/2019,1:00,Ewallet,351.92,4.761904762,17.596,10
781-27-5349,A,Yangon,Member,Female,Sports and travel,48.35,10,24.175,507.675,1/29/2019,3:00,Ewallet,483.5,4.761904762,24.175,7.4
220-41-5756,C,Naypyitaw,Normal,Female,Food and beverages,8.7,5,2.175,45.675,1/29/2019,9:00,Cash,43.5,4.761904762,2.175,7.2
877-46-8856,C,Naypyitaw,Normal,Male,Electronic accessories,102.78,9,46.251,971.271,1/29/2019,9:00,Ewallet,925.02,4.761904762,46.251,6.9
441-22-6302,C,Naypyitaw,Member,Female,Electronic accessories,52.68,7,18.438,387.198,1/29/2019,11:00,Cash,368.76,4.761904762,18.438,7.7
756-18-7189,A,Yangon,Member,Male,Home and lifestyle,54.15,8,21.66,454.86,1/29/2019,12:00,Ewallet,433.2,4.761904762,21.66,8.1
491-46-8614,B,Mandalay,Member,Female,Sports and travel,11.22,9,5.049,106.029,1/29/2019,12:00,Ewallet,100.98,4.761904762,5.049,5.1
831-55-5840,A,Yangon,Normal,Male,Fashion accessories,51.11,7,17.8885,375.6585,1/29/2019,12:00,Credit card,357.77,4.761904762,17.8885,7
705-80-1762,A,Yangon,Member,Male,Health and beauty,107.58,5,26.895,564.795,1/29/2019,16:00,Cash,537.9,4.761904762,26.895,4
861-35-5839,C,Naypyitaw,Member,Male,Sports and travel,36.51,5,9.1275,191.6775,1/29/2019,16:00,Cash,182.55,4.761904762,9.1275,6.7
145-55-5621,A,Yangon,Member,Female,Sports and travel,47.45,10,23.725,498.225,1/29/2019,17:00,Cash,474.5,4.761904762,23.725,5.6
696-72-1839,B,Mandalay,Member,Male,Health and beauty,78.28,6,23.484,493.164,1/29/2019,20:00,Credit card,469.68,4.761904762,23.484,7.5
102-37-9348,B,Mandalay,Normal,Female,Home and lifestyle,82.52,5,20.63,433.23,1/30/2019,2:00,Ewallet,412.6,4.761904762,20.63,4.5
954-27-1510,C,Naypyitaw,Member,Male,Sports and travel,49.51,9,22.2795,467.8695,1/30/2019,2:00,Cash,445.59,4.761904762,22.2795,6.2
432-85-2137,B,Mandalay,Member,Male,Electronic accessories,45.07,3,6.7605,141.9705,1/30/2019,3:00,Credit card,135.21,4.761904762,6.7605,8.4
488-84-5666,A,Yangon,Normal,Male,Health and beauty,102.82,3,15.423,323.883,1/30/2019,5:00,Credit card,308.46,4.761904762,15.423,6
814-68-7446,A,Yangon,Normal,Male,Fashion accessories,66.76,7,23.366,490.686,1/30/2019,6:00,Cash,467.32,4.761904762,23.366,4.1
706-22-3160,B,Mandalay,Member,Female,Food and beverages,17.5,7,6.125,128.625,1/30/2019,7:00,Cash,122.5,4.761904762,6.125,7.4
720-98-3063,A,Yangon,Normal,Male,Home and lifestyle,16.13,6,4.839,101.619,1/30/2019,10:00,Credit card,96.78,4.761904762,4.839,6.1
655-67-9567,B,Mandalay,Normal,Male,Health and beauty,58.34,3,8.751,183.771,1/30/2019,12:00,Cash,175.02,4.761904762,8.751,6.7
841-15-3667,A,Yangon,Normal,Female,Food and beverages,25.15,7,8.8025,184.8525,1/30/2019,13:00,Ewallet,176.05,4.761904762,8.8025,5.9
316-24-5919,A,Yangon,Member,Male,Food and beverages,27.71,5,6.9275,145.4775,1/30/2019,13:00,Ewallet,138.55,4.761904762,6.9275,10
419-77-9609,B,Mandalay,Normal,Male,Fashion accessories,83.7,7,29.295,615.195,1/30/2019,15:00,Credit card,585.9,4.761904762,29.295,4.7
574-65-1543,A,Yangon,Member,Male,Sports and travel,18.87,2,1.887,39.627,1/30/2019,17:00,Ewallet,37.74,4.761904762,1.887,10
330-18-5798,B,Mandalay,Member,Male,Fashion accessories,69.99,6,20.997,440.937,1/30/2019,17:00,Credit card,419.94,4.761904762,20.997,6.4
972-81-6718,C,Naypyitaw,Member,Female,Sports and travel,35.84,8,14.336,301.056,1/30/2019,17:00,Cash,286.72,4.761904762,14.336,7.3
120-64-9120,C,Naypyitaw,Member,Female,Sports and travel,81.55,1,4.0775,85.6275,1/30/2019,20:00,Cash,81.55,4.761904762,4.0775,6.1
997-22-2786,A,Yangon,Normal,Male,Health and beauty,81.72,4,16.344,343.224,1/30/2019,21:00,Ewallet,326.88,4.761904762,16.344,6.1
695-59-9269,A,Yangon,Member,Female,Health and beauty,11.73,1,0.5865,12.3165,1/31/2019,2:00,Ewallet,11.73,4.761904762,0.5865,5.8
641-38-9839,A,Yangon,Member,Female,Home and lifestyle,55.31,1,2.7655,58.0755,1/31/2019,3:00,Credit card,55.31,4.761904762,2.7655,7.9
239-50-9473,B,Mandalay,Normal,Male,Sports and travel,23.52,10,11.76,246.96,1/31/2019,4:00,Credit card,235.2,4.761904762,11.76,4.9
661-11-5861,C,Naypyitaw,Member,Female,Food and beverages,74.03,8,29.612,621.852,1/31/2019,5:00,Cash,592.24,4.761904762,29.612,7.5
194-90-3776,A,Yangon,Member,Male,Electronic accessories,105.08,7,36.778,772.338,1/31/2019,8:00,Cash,735.56,4.761904762,36.778,4
672-21-4312,C,Naypyitaw,Member,Female,Home and lifestyle,47.23,10,23.615,495.915,1/31/2019,8:00,Cash,472.3,4.761904762,23.615,7.4
112-28-8919,A,Yangon,Member,Female,Health and beauty,54.5,1,2.725,57.225,1/31/2019,10:00,Cash,54.5,4.761904762,2.725,8.3
700-68-3072,B,Mandalay,Member,Female,Fashion accessories,35.14,2,3.514,73.794,1/31/2019,12:00,Cash,70.28,4.761904762,3.514,5.1
371-47-1938,C,Naypyitaw,Normal,Male,Home and lifestyle,73.78,4,14.756,309.876,1/31/2019,15:00,Ewallet,295.12,4.761904762,14.756,8
861-96-2669,C,Naypyitaw,Member,Female,Home and lifestyle,41.92,1,2.096,44.016,1/31/2019,19:00,Cash,41.92,4.761904762,2.096,7.1
890-69-7634,C,Naypyitaw,Member,Male,Home and lifestyle,33.83,3,5.0745,106.5645,1/31/2019,20:00,Credit card,101.49,4.761904762,5.0745,9.4
240-15-7437,C,Naypyitaw,Normal,Male,Home and lifestyle,48.47,8,19.388,407.148,2/1/2019,1:00,Credit card,387.76,4.761904762,19.388,5.7
995-59-6373,A,Yangon,Normal,Female,Electronic accessories,21.77,8,8.708,182.868,2/1/2019,3:00,Ewallet,174.16,4.761904762,8.708,10
279-49-9711,C,Naypyitaw,Member,Male,Fashion accessories,72.63,8,29.052,610.092,2/1/2019,6:00,Credit card,581.04,4.761904762,29.052,4
715-43-3283,A,Yangon,Normal,Female,Fashion accessories,10.56,6,3.168,66.528,2/1/2019,9:00,Cash,63.36,4.761904762,3.168,6.5
562-69-6944,C,Naypyitaw,Member,Male,Fashion accessories,63.99,6,19.197,403.137,2/1/2019,9:00,Cash,383.94,4.761904762,19.197,4.5
582-55-4093,B,Mandalay,Member,Male,Sports and travel,27.58,5,6.895,144.795,2/1/2019,13:00,Ewallet,137.9,4.761904762,6.895,9.8
442-49-7227,C,Naypyitaw,Member,Female,Food and beverages,26.08,9,11.736,246.456,2/1/2019,14:00,Cash,234.72,4.761904762,11.736,6.6
563-71-8004,B,Mandalay,Member,Female,Fashion accessories,63.24,4,12.648,265.608,2/1/2019,14:00,Cash,252.96,4.761904762,12.648,6.7
442-33-3913,B,Mandalay,Normal,Female,Home and lifestyle,98.37,10,49.185,1032.885,2/1/2019,16:00,Ewallet,983.7,4.761904762,49.185,7.7
362-47-3340,B,Mandalay,Member,Female,Home and lifestyle,79.22,7,27.727,582.267,2/1/2019,18:00,Credit card,554.54,4.761904762,27.727,7
608-77-6289,C,Naypyitaw,Normal,Male,Fashion accessories,28.6,1,1.43,30.03,2/1/2019,18:00,Credit card,28.6,4.761904762,1.43,6.1
697-14-8145,A,Yangon,Member,Male,Fashion accessories,24.39,9,10.9755,230.4855,2/1/2019,19:00,Cash,219.51,4.761904762,10.9755,5.1
954-24-5830,A,Yangon,Normal,Male,Home and lifestyle,87.09,7,30.4815,640.1115,2/1/2019,19:00,Credit card,609.63,4.761904762,30.4815,7.3
478-82-3160,A,Yangon,Normal,Female,Sports and travel,52.01,10,26.005,546.105,2/1/2019,22:00,Ewallet,520.1,4.761904762,26.005,7.6
236-47-3922,A,Yangon,Normal,Male,Health and beauty,24.42,9,10.989,230.769,2/2/2019,0:00,Ewallet,219.78,4.761904762,10.989,8
442-58-9771,C,Naypyitaw,Member,Female,Health and beauty,95.41,7,33.3935,701.2635,2/2/2019,1:00,Cash,667.87,4.761904762,33.3935,9.9
832-24-3368,A,Yangon,Normal,Male,Fashion accessories,78.5,2,7.85,164.85,2/2/2019,2:00,Ewallet,157,4.761904762,7.85,4
921-39-4932,C,Naypyitaw,Member,Female,Electronic accessories,117.08,6,35.124,737.604,2/2/2019,5:00,Ewallet,702.48,4.761904762,35.124,6.9
631-42-6608,A,Yangon,Normal,Male,Fashion accessories,86.42,10,43.21,907.41,2/2/2019,6:00,Ewallet,864.2,4.761904762,43.21,8.8
591-95-6531,A,Yangon,Normal,Male,Fashion accessories,81.52,4,16.304,342.384,2/2/2019,7:00,Ewallet,326.08,4.761904762,16.304,6.8
272-82-9408,C,Naypyitaw,Normal,Female,Health and beauty,16.15,3,2.4225,50.8725,2/2/2019,7:00,Credit card,48.45,4.761904762,2.4225,4
475-89-2609,B,Mandalay,Member,Male,Home and lifestyle,19.29,2,1.929,40.509,2/2/2019,9:00,Ewallet,38.58,4.761904762,1.929,5.1
110-40-3939,B,Mandalay,Member,Female,Fashion accessories,57.61,6,17.283,362.943,2/2/2019,11:00,Cash,345.66,4.761904762,17.283,7.5
689-60-8851,B,Mandalay,Member,Male,Home and lifestyle,57.3,8,22.92,481.32,2/2/2019,16:00,Ewallet,458.4,4.761904762,22.92,7.4
707-59-8540,C,Naypyitaw,Member,Male,Home and lifestyle,50.76,6,15.228,319.788,2/2/2019,23:00,Credit card,304.56,4.761904762,15.228,8
372-44-4996,A,Yangon,Normal,Female,Electronic accessories,54.37,9,24.4665,513.7965,2/3/2019,1:00,Ewallet,489.33,4.761904762,24.4665,5.8
790-73-7998,C,Naypyitaw,Normal,Female,Home and lifestyle,48.38,5,12.095,253.995,2/3/2019,1:00,Credit card,241.9,4.761904762,12.095,7.4
883-72-7764,C,Naypyitaw,Normal,Male,Health and beauty,66.74,2,6.674,140.154,2/3/2019,3:00,Cash,133.48,4.761904762,6.674,5.6
884-49-2614,B,Mandalay,Member,Male,Sports and travel,10.69,8,4.276,89.796,2/3/2019,4:00,Ewallet,85.52,4.761904762,4.276,7.4
559-70-3416,A,Yangon,Normal,Male,Sports and travel,34.86,9,15.687,329.427,2/3/2019,5:00,Cash,313.74,4.761904762,15.687,7.1
220-88-4653,C,Naypyitaw,Normal,Male,Food and beverages,47.71,10,23.855,500.955,2/3/2019,5:00,Ewallet,477.1,4.761904762,23.855,5.8
116-29-6733,A,Yangon,Normal,Male,Fashion accessories,70.57,4,14.114,296.394,2/3/2019,7:00,Cash,282.28,4.761904762,14.114,9.3
987-87-4216,A,Yangon,Normal,Male,Health and beauty,28.05,6,8.415,176.715,2/3/2019,12:00,Ewallet,168.3,4.761904762,8.415,4.4
668-92-5364,A,Yangon,Member,Female,Home and lifestyle,58.67,10,29.335,616.035,2/3/2019,12:00,Credit card,586.7,4.761904762,29.335,6.8
553-68-5960,B,Mandalay,Normal,Female,Sports and travel,77.27,8,30.908,649.068,2/3/2019,12:00,Ewallet,618.16,4.761904762,30.908,5.7
449-32-9841,C,Naypyitaw,Member,Female,Health and beauty,54.53,9,24.5385,515.3085,2/3/2019,22:00,Credit card,490.77,4.761904762,24.5385,9.8
150-28-8730,C,Naypyitaw,Member,Male,Sports and travel,13.03,5,3.2575,68.4075,2/3/2019,22:00,Ewallet,65.15,4.761904762,3.2575,7.9
575-96-8235,C,Naypyitaw,Member,Male,Home and lifestyle,49.98,6,14.994,314.874,2/3/2019,22:00,Ewallet,299.88,4.761904762,14.994,6
695-92-1730,B,Mandalay,Normal,Male,Sports and travel,38.2,4,7.64,160.44,2/3/2019,23:00,Cash,152.8,4.761904762,7.64,6.6
156-77-6879,B,Mandalay,Normal,Female,Fashion accessories,88.1,5,22.025,462.525,2/3/2019,23:00,Credit card,440.5,4.761904762,22.025,9.8
777-71-2286,B,Mandalay,Normal,Female,Fashion accessories,20.04,7,7.014,147.294,2/3/2019,23:00,Ewallet,140.28,4.761904762,7.014,5.6
211-80-1947,C,Naypyitaw,Normal,Male,Food and beverages,57.86,9,26.037,546.777,2/4/2019,4:00,Ewallet,520.74,4.761904762,26.037,4.4
125-35-1757,A,Yangon,Member,Male,Food and beverages,12.49,10,6.245,131.145,2/4/2019,6:00,Ewallet,124.9,4.761904762,6.245,7.4
630-18-6651,C,Naypyitaw,Member,Female,Sports and travel,52.2,6,15.66,328.86,2/4/2019,7:00,Ewallet,313.2,4.761904762,15.66,7.5
205-59-4535,B,Mandalay,Member,Female,Health and beauty,65.23,6,19.569,410.949,2/4/2019,9:00,Ewallet,391.38,4.761904762,19.569,8
345-90-9853,B,Mandalay,Member,Female,Fashion accessories,34.69,8,13.876,291.396,2/4/2019,11:00,Cash,277.52,4.761904762,13.876,8
495-19-8069,C,Naypyitaw,Member,Male,Health and beauty,55.55,4,11.11,233.31,2/4/2019,12:00,Ewallet,222.2,4.761904762,11.11,9.7
363-30-1789,B,Mandalay,Member,Male,Health and beauty,27.02,3,4.053,85.113,2/4/2019,14:00,Ewallet,81.06,4.761904762,4.053,4.4
373-75-1171,C,Naypyitaw,Member,Male,Sports and travel,38.92,7,13.622,286.062,2/4/2019,14:00,Credit card,272.44,4.761904762,13.622,5.2
364-76-8989,C,Naypyitaw,Normal,Female,Health and beauty,71.81,5,17.9525,377.0025,2/4/2019,16:00,Cash,359.05,4.761904762,17.9525,8
125-94-2885,B,Mandalay,Member,Female,Fashion accessories,35.02,2,3.502,73.542,2/4/2019,17:00,Ewallet,70.04,4.761904762,3.502,5.3
575-35-5129,A,Yangon,Normal,Male,Home and lifestyle,90.08,2,9.008,189.168,2/4/2019,19:00,Ewallet,180.16,4.761904762,9.008,4.8
363-19-1815,B,Mandalay,Normal,Male,Food and beverages,56.04,6,16.812,353.052,2/4/2019,21:00,Cash,336.24,4.761904762,16.812,9.8
794-63-9653,C,Naypyitaw,Member,Female,Home and lifestyle,49.04,8,19.616,411.936,2/5/2019,6:00,Ewallet,392.32,4.761904762,19.616,4.6
267-24-9272,A,Yangon,Member,Male,Health and beauty,14.8,1,0.74,15.54,2/5/2019,8:00,Cash,14.8,4.761904762,0.74,6.5
856-27-9031,B,Mandalay,Member,Female,Home and lifestyle,54.46,6,16.338,343.098,2/5/2019,10:00,Ewallet,326.76,4.761904762,16.338,6.9
969-32-8741,B,Mandalay,Member,Female,Fashion accessories,74.17,2,7.417,155.757,2/5/2019,11:00,Cash,148.34,4.761904762,7.417,9
145-96-9998,C,Naypyitaw,Normal,Male,Fashion accessories,31.95,2,3.195,67.095,2/5/2019,12:00,Ewallet,63.9,4.761904762,3.195,4.2
152-97-1703,A,Yangon,Member,Female,Health and beauty,89.98,7,31.493,661.353,2/5/2019,13:00,Cash,629.86,4.761904762,31.493,7.6
575-89-7159,C,Naypyitaw,Member,Male,Sports and travel,34.03,10,17.015,357.315,2/5/2019,14:00,Credit card,340.3,4.761904762,17.015,5.7
459-79-2164,C,Naypyitaw,Member,Female,Home and lifestyle,83.31,1,4.1655,87.4755,2/5/2019,20:00,Cash,83.31,4.761904762,4.1655,7.9
719-56-4066,A,Yangon,Normal,Female,Sports and travel,18.47,6,5.541,116.361,2/5/2019,23:00,Ewallet,110.82,4.761904762,5.541,5.6
876-72-3337,A,Yangon,Normal,Male,Sports and travel,91.44,7,32.004,672.084,2/6/2019,4:00,Ewallet,640.08,4.761904762,32.004,9.4
308-38-7820,C,Naypyitaw,Normal,Female,Electronic accessories,65.32,8,26.128,548.688,2/6/2019,6:00,Ewallet,522.56,4.761904762,26.128,5.6
526-95-4442,A,Yangon,Member,Male,Health and beauty,40.03,7,14.0105,294.2205,2/6/2019,8:00,Ewallet,280.21,4.761904762,14.0105,4
931-33-2291,C,Naypyitaw,Normal,Male,Food and beverages,28.56,6,8.568,179.928,2/6/2019,8:00,Ewallet,171.36,4.761904762,8.568,5.8
250-88-6374,B,Mandalay,Normal,Female,Fashion accessories,46.03,9,20.7135,434.9835,2/6/2019,11:00,Credit card,414.27,4.761904762,20.7135,6.6
452-22-3655,A,Yangon,Normal,Male,Fashion accessories,93.97,3,14.0955,296.0055,2/6/2019,12:00,Cash,281.91,4.761904762,14.0955,8.6
469-74-1825,C,Naypyitaw,Normal,Male,Health and beauty,32.57,6,9.771,205.191,2/6/2019,12:00,Cash,195.42,4.761904762,9.771,5.1
488-86-5213,B,Mandalay,Member,Male,Food and beverages,16.31,4,3.262,68.502,2/6/2019,12:00,Cash,65.24,4.761904762,3.262,5.1
104-69-8519,B,Mandalay,Normal,Male,Fashion accessories,58.97,2,5.897,123.837,2/6/2019,13:00,Cash,117.94,4.761904762,5.897,8.4
854-30-5735,B,Mandalay,Normal,Male,Health and beauty,58.83,1,2.9415,61.7715,2/6/2019,14:00,Ewallet,58.83,4.761904762,2.9415,4.9
223-27-6396,B,Mandalay,Member,Male,Fashion accessories,53.82,1,2.691,56.511,2/6/2019,16:00,Credit card,53.82,4.761904762,2.691,6.7
921-19-3711,A,Yangon,Member,Female,Sports and travel,72.83,10,36.415,764.715,2/6/2019,16:00,Ewallet,728.3,4.761904762,36.415,6.8
459-94-7104,B,Mandalay,Normal,Male,Home and lifestyle,33.78,3,5.067,106.407,2/6/2019,18:00,Credit card,101.34,4.761904762,5.067,7.3
727-69-8224,C,Naypyitaw,Member,Female,Home and lifestyle,91.05,4,18.21,382.41,2/6/2019,20:00,Credit card,364.2,4.761904762,18.21,5.9
350-32-5215,A,Yangon,Normal,Female,Fashion accessories,46.33,2,4.633,97.293,2/7/2019,6:00,Credit card,92.66,4.761904762,4.633,5.6
681-37-4881,B,Mandalay,Normal,Male,Electronic accessories,25.79,1,1.2895,27.0795,2/7/2019,7:00,Cash,25.79,4.761904762,1.2895,7.5
762-79-2999,A,Yangon,Normal,Female,Food and beverages,64.65,4,12.93,271.53,2/7/2019,8:00,Ewallet,258.6,4.761904762,12.93,5.7
613-33-1400,C,Naypyitaw,Member,Female,Food and beverages,57.15,7,20.0025,420.0525,2/7/2019,11:00,Cash,400.05,4.761904762,20.0025,5
464-74-6445,A,Yangon,Normal,Male,Food and beverages,32.38,10,16.19,339.99,2/7/2019,13:00,Cash,323.8,4.761904762,16.19,8.8
680-69-1246,C,Naypyitaw,Member,Male,Sports and travel,68.59,6,20.577,432.117,2/7/2019,16:00,Cash,411.54,4.761904762,20.577,7.7
533-21-7758,B,Mandalay,Member,Male,Food and beverages,25.13,6,7.539,158.319,2/7/2019,21:00,Credit card,150.78,4.761904762,7.539,9.7
723-74-2839,A,Yangon,Member,Female,Home and lifestyle,49.59,9,22.3155,468.6255,2/8/2019,2:00,Ewallet,446.31,4.761904762,22.3155,8.2
955-71-5395,A,Yangon,Normal,Female,Sports and travel,94.55,2,9.455,198.555,2/8/2019,6:00,Ewallet,189.1,4.761904762,9.455,5.1
502-68-6767,A,Yangon,Member,Male,Health and beauty,24.07,4,4.814,101.094,2/8/2019,7:00,Ewallet,96.28,4.761904762,4.814,7.1
666-56-4841,B,Mandalay,Normal,Male,Food and beverages,37.76,5,9.44,198.24,2/8/2019,8:00,Ewallet,188.8,4.761904762,9.44,5.5
352-48-7060,A,Yangon,Normal,Female,Food and beverages,70.62,1,3.531,74.151,2/8/2019,10:00,Cash,70.62,4.761904762,3.531,4.5
259-74-5300,C,Naypyitaw,Normal,Female,Health and beauty,105.91,8,42.364,889.644,2/8/2019,12:00,Credit card,847.28,4.761904762,42.364,6.3
366-19-6487,B,Mandalay,Normal,Female,Food and beverages,42.84,8,17.136,359.856,2/8/2019,16:00,Cash,342.72,4.761904762,17.136,8.5
542-64-9621,A,Yangon,Member,Female,Health and beauty,60.63,6,18.189,381.969,2/8/2019,16:00,Credit card,363.78,4.761904762,18.189,7.4
407-19-3459,B,Mandalay,Normal,Male,Sports and travel,63.97,5,15.9925,335.8425,2/8/2019,21:00,Credit card,319.85,4.761904762,15.9925,4.9
196-52-6273,C,Naypyitaw,Member,Female,Home and lifestyle,92.98,8,37.192,781.032,2/8/2019,21:00,Credit card,743.84,4.761904762,37.192,6.3
794-57-2308,A,Yangon,Normal,Female,Health and beauty,95.02,3,14.253,299.313,2/8/2019,23:00,Ewallet,285.06,4.761904762,14.253,6.8
126-27-6479,A,Yangon,Member,Female,Electronic accessories,30.22,3,4.533,95.193,2/9/2019,0:00,Credit card,90.66,4.761904762,4.533,4.5
159-83-3809,A,Yangon,Member,Female,Health and beauty,53.76,2,5.376,112.896,2/9/2019,2:00,Ewallet,107.52,4.761904762,5.376,8.1
973-78-5041,C,Naypyitaw,Normal,Male,Food and beverages,43.6,5,10.9,228.9,2/9/2019,7:00,Ewallet,218,4.761904762,10.9,6.7
469-30-9167,B,Mandalay,Member,Male,Sports and travel,84.24,3,12.636,265.356,2/9/2019,10:00,Cash,252.72,4.761904762,12.636,4.9
706-71-8292,B,Mandalay,Member,Female,Fashion accessories,60.48,3,9.072,190.512,2/9/2019,10:00,Ewallet,181.44,4.761904762,9.072,4.8
869-75-8142,C,Naypyitaw,Normal,Female,Sports and travel,71.64,6,21.492,451.332,2/9/2019,14:00,Ewallet,429.84,4.761904762,21.492,8.7
980-51-5649,C,Naypyitaw,Normal,Male,Fashion accessories,93.9,8,37.56,788.76,2/9/2019,15:00,Ewallet,751.2,4.761904762,37.56,6.4
887-77-8849,B,Mandalay,Normal,Male,Health and beauty,18.34,2,1.834,38.514,2/9/2019,17:00,Ewallet,36.68,4.761904762,1.834,8.8
658-14-6936,C,Naypyitaw,Member,Female,Home and lifestyle,29.85,4,5.97,125.37,2/9/2019,18:00,Credit card,119.4,4.761904762,5.97,9.4
223-46-5370,A,Yangon,Normal,Female,Electronic accessories,55.56,7,19.446,408.366,2/9/2019,18:00,Ewallet,388.92,4.761904762,19.446,8.5
305-49-6819,A,Yangon,Member,Male,Sports and travel,43,1,2.15,45.15,2/9/2019,19:00,Ewallet,43,4.761904762,2.15,6.2
966-51-8632,A,Yangon,Normal,Male,Food and beverages,10.14,1,0.507,10.647,2/9/2019,20:00,Cash,10.14,4.761904762,0.507,4
478-81-7208,A,Yangon,Normal,Male,Fashion accessories,17.26,10,8.63,181.23,2/9/2019,20:00,Cash,172.6,4.761904762,8.63,7.5
464-62-4718,B,Mandalay,Normal,Male,Food and beverages,60.01,7,21.0035,441.0735,2/9/2019,21:00,Credit card,420.07,4.761904762,21.0035,10
123-37-6181,C,Naypyitaw,Member,Male,Home and lifestyle,88.26,7,30.891,648.711,2/9/2019,23:00,Ewallet,617.82,4.761904762,30.891,6.9
590-26-3276,A,Yangon,Member,Male,Fashion accessories,52.98,1,2.649,55.629,2/10/2019,0:00,Cash,52.98,4.761904762,2.649,4
119-12-1910,A,Yangon,Member,Female,Sports and travel,60.89,1,3.0445,63.9345,2/10/2019,6:00,Cash,60.89,4.761904762,3.0445,6
406-57-5231,B,Mandalay,Member,Male,Health and beauty,35.97,4,7.194,151.074,2/10/2019,7:00,Credit card,143.88,4.761904762,7.194,6.7
614-74-1872,C,Naypyitaw,Member,Male,Food and beverages,66.59,5,16.6475,349.5975,2/10/2019,11:00,Cash,332.95,4.761904762,16.6475,5.4
217-35-9400,A,Yangon,Normal,Male,Home and lifestyle,76.91,5,19.2275,403.7775,2/10/2019,12:00,Credit card,384.55,4.761904762,19.2275,4
133-18-5722,B,Mandalay,Member,Male,Sports and travel,65.48,4,13.096,275.016,2/10/2019,15:00,Ewallet,261.92,4.761904762,13.096,6.9
624-78-5008,A,Yangon,Normal,Female,Sports and travel,30.38,8,12.152,255.192,2/10/2019,17:00,Cash,243.04,4.761904762,12.152,5.8
944-10-7655,A,Yangon,Member,Female,Sports and travel,19.56,7,6.846,143.766,2/10/2019,20:00,Cash,136.92,4.761904762,6.846,9.7
146-13-5030,C,Naypyitaw,Normal,Male,Sports and travel,16.51,9,7.4295,156.0195,2/11/2019,0:00,Credit card,148.59,4.761904762,7.4295,7.2
791-19-4355,C,Naypyitaw,Normal,Female,Fashion accessories,59.61,7,20.8635,438.1335,2/11/2019,3:00,Ewallet,417.27,4.761904762,20.8635,7.7
476-15-4723,A,Yangon,Member,Female,Sports and travel,87.6,10,43.8,919.8,2/11/2019,5:00,Ewallet,876,4.761904762,43.8,6.8
417-61-4247,C,Naypyitaw,Member,Female,Food and beverages,73.43,1,3.6715,77.1015,2/11/2019,7:00,Ewallet,73.43,4.761904762,3.6715,7.1
934-55-5064,B,Mandalay,Normal,Female,Home and lifestyle,51.26,7,17.941,376.761,2/11/2019,8:00,Ewallet,358.82,4.761904762,17.941,4.5
685-24-6062,C,Naypyitaw,Member,Female,Fashion accessories,75.81,1,3.7905,79.6005,2/11/2019,8:00,Ewallet,75.81,4.761904762,3.7905,5.4
903-23-4695,B,Mandalay,Normal,Female,Sports and travel,98.98,7,34.643,727.503,2/11/2019,11:00,Credit card,692.86,4.761904762,34.643,8.6
817-12-3548,B,Mandalay,Normal,Male,Electronic accessories,41.39,10,20.695,434.595,2/11/2019,12:00,Cash,413.9,4.761904762,20.695,7.3
721-76-8549,B,Mandalay,Normal,Male,Electronic accessories,54.5,8,21.8,457.8,2/11/2019,18:00,Cash,436,4.761904762,21.8,6.4
185-28-1949,B,Mandalay,Member,Male,Home and lifestyle,92.9,9,41.805,877.905,2/12/2019,0:00,Credit card,836.1,4.761904762,41.805,7.7
424-19-7632,A,Yangon,Normal,Male,Health and beauty,44.11,3,6.6165,138.9465,2/12/2019,0:00,Cash,132.33,4.761904762,6.6165,7.8
496-60-2482,A,Yangon,Normal,Male,Health and beauty,100.46,4,20.092,421.932,2/12/2019,4:00,Ewallet,401.84,4.761904762,20.092,10
723-33-7994,A,Yangon,Normal,Female,Fashion accessories,92.44,4,18.488,388.248,2/12/2019,5:00,Ewallet,369.76,4.761904762,18.488,7.2
937-49-5716,C,Naypyitaw,Member,Male,Fashion accessories,65.46,9,29.457,618.597,2/12/2019,7:00,Ewallet,589.14,4.761904762,29.457,5.4
527-71-3537,A,Yangon,Normal,Male,Fashion accessories,78.56,7,27.496,577.416,2/12/2019,7:00,Cash,549.92,4.761904762,27.496,6.8
454-77-9736,C,Naypyitaw,Member,Female,Health and beauty,84.38,3,12.657,265.797,2/12/2019,8:00,Cash,253.14,4.761904762,12.657,7.9
816-65-8075,C,Naypyitaw,Normal,Female,Electronic accessories,86.71,10,43.355,910.455,2/12/2019,8:00,Ewallet,867.1,4.761904762,43.355,8.5
793-28-8082,A,Yangon,Member,Male,Health and beauty,41.05,5,10.2625,215.5125,2/12/2019,11:00,Cash,205.25,4.761904762,10.2625,4.6
879-20-8749,C,Naypyitaw,Normal,Female,Food and beverages,12.82,7,4.487,94.227,2/12/2019,12:00,Credit card,89.74,4.761904762,4.487,7.4
355-21-1730,B,Mandalay,Member,Female,Sports and travel,42.56,8,17.024,357.504,2/12/2019,13:00,Credit card,340.48,4.761904762,17.024,5.7
908-34-7505,C,Naypyitaw,Normal,Female,Fashion accessories,65.89,1,3.2945,69.1845,2/12/2019,18:00,Credit card,65.89,4.761904762,3.2945,6.2
358-12-5179,A,Yangon,Normal,Female,Electronic accessories,22.96,2,2.296,48.216,2/12/2019,20:00,Credit card,45.92,4.761904762,2.296,8.3
255-32-5802,C,Naypyitaw,Normal,Male,Home and lifestyle,11.06,7,3.871,81.291,2/12/2019,20:00,Ewallet,77.42,4.761904762,3.871,8.1
571-49-9325,C,Naypyitaw,Member,Female,Home and lifestyle,22.43,2,2.243,47.103,2/12/2019,20:00,Credit card,44.86,4.761904762,2.243,6
887-20-5959,C,Naypyitaw,Member,Male,Sports and travel,77.39,7,27.0865,568.8165,2/12/2019,22:00,Ewallet,541.73,4.761904762,27.0865,6.8
479-36-1276,C,Naypyitaw,Normal,Male,Electronic accessories,115.9,9,52.155,1095.255,2/12/2019,23:00,Cash,1043.1,4.761904762,52.155,6.2
335-22-3082,B,Mandalay,Member,Female,Health and beauty,107.24,2,10.724,225.204,2/13/2019,3:00,Cash,214.48,4.761904762,10.724,10
658-95-1158,B,Mandalay,Normal,Female,Health and beauty,59.36,7,20.776,436.296,2/13/2019,6:00,Ewallet,415.52,4.761904762,20.776,7.4
736-46-8956,C,Naypyitaw,Normal,Female,Food and beverages,74.26,4,14.852,311.892,2/13/2019,13:00,Credit card,297.04,4.761904762,14.852,5.7
625-98-8514,B,Mandalay,Normal,Male,Food and beverages,64.24,2,6.424,134.904,2/13/2019,14:00,Credit card,128.48,4.761904762,6.424,9
843-69-8803,A,Yangon,Member,Female,Health and beauty,60.05,7,21.0175,441.3675,2/13/2019,17:00,Ewallet,420.35,4.761904762,21.0175,9
378-38-7574,C,Naypyitaw,Normal,Female,Home and lifestyle,60.98,5,15.245,320.145,2/13/2019,19:00,Credit card,304.9,4.761904762,15.245,9.7
641-93-8762,C,Naypyitaw,Normal,Female,Fashion accessories,21.1,1,1.055,22.155,2/14/2019,3:00,Ewallet,21.1,4.761904762,1.055,10
638-98-3419,C,Naypyitaw,Member,Female,Home and lifestyle,93.45,5,23.3625,490.6125,2/14/2019,4:00,Cash,467.25,4.761904762,23.3625,8.1
314-24-3306,A,Yangon,Normal,Female,Food and beverages,35.12,3,5.268,110.628,2/14/2019,6:00,Cash,105.36,4.761904762,5.268,6.5
877-88-7263,B,Mandalay,Member,Male,Sports and travel,52.2,7,18.27,383.67,2/14/2019,6:00,Cash,365.4,4.761904762,18.27,6.7
227-92-3570,B,Mandalay,Member,Female,Health and beauty,76.76,6,23.028,483.588,2/14/2019,7:00,Credit card,460.56,4.761904762,23.028,6.6
787-14-1324,B,Mandalay,Member,Female,Food and beverages,33.76,8,13.504,283.584,2/14/2019,9:00,Credit card,270.08,4.761904762,13.504,6.4
419-23-2945,A,Yangon,Member,Female,Food and beverages,27.74,5,6.935,145.635,2/14/2019,9:00,Credit card,138.7,4.761904762,6.935,8.9
683-78-5486,B,Mandalay,Normal,Male,Fashion accessories,62.85,2,6.285,131.985,2/14/2019,10:00,Ewallet,125.7,4.761904762,6.285,7
482-25-4510,C,Naypyitaw,Member,Female,Health and beauty,13.44,9,6.048,127.008,2/14/2019,13:00,Credit card,120.96,4.761904762,6.048,8.5
945-65-3179,A,Yangon,Member,Male,Fashion accessories,70.43,8,28.172,591.612,2/14/2019,20:00,Ewallet,563.44,4.761904762,28.172,8
659-26-2646,C,Naypyitaw,Member,Male,Health and beauty,61.32,6,18.396,386.316,2/14/2019,20:00,Credit card,367.92,4.761904762,18.396,5.4
937-89-4420,B,Mandalay,Normal,Female,Fashion accessories,60.71,10,30.355,637.455,2/14/2019,20:00,Ewallet,607.1,4.761904762,30.355,4.4
583-47-1356,C,Naypyitaw,Normal,Female,Home and lifestyle,66.24,7,23.184,486.864,2/14/2019,21:00,Ewallet,463.68,4.761904762,23.184,5.1
851-71-4081,C,Naypyitaw,Member,Female,Sports and travel,59.76,9,26.892,564.732,2/14/2019,21:00,Cash,537.84,4.761904762,26.892,6.4
332-45-6123,B,Mandalay,Member,Male,Sports and travel,64.94,7,22.729,477.309,2/14/2019,23:00,Ewallet,454.58,4.761904762,22.729,7.2
143-65-8422,C,Naypyitaw,Normal,Male,Health and beauty,77.95,3,11.6925,245.5425,2/15/2019,1:00,Ewallet,233.85,4.761904762,11.6925,6
839-22-1465,C,Naypyitaw,Member,Male,Electronic accessories,92.44,6,27.732,582.372,2/15/2019,1:00,Ewallet,554.64,4.761904762,27.732,8.1
376-89-5942,B,Mandalay,Member,Male,Food and beverages,63.53,7,22.2355,466.9455,2/15/2019,1:00,Ewallet,444.71,4.761904762,22.2355,6.2
601-66-1325,A,Yangon,Member,Male,Food and beverages,74.29,2,7.429,156.009,2/15/2019,2:00,Ewallet,148.58,4.761904762,7.429,7.4
841-76-1303,B,Mandalay,Normal,Male,Health and beauty,29.55,3,4.4325,93.0825,2/15/2019,6:00,Ewallet,88.65,4.761904762,4.4325,7.2
583-42-8715,C,Naypyitaw,Member,Female,Fashion accessories,43.42,4,8.684,182.364,2/15/2019,12:00,Cash,173.68,4.761904762,8.684,9.6
516-40-9340,C,Naypyitaw,Member,Female,Electronic accessories,113.22,10,56.61,1188.81,2/15/2019,15:00,Ewallet,1132.2,4.761904762,56.61,5.5
126-81-7391,C,Naypyitaw,Member,Male,Home and lifestyle,45.3,6,13.59,285.39,2/15/2019,21:00,Cash,271.8,4.761904762,13.59,10
200-71-9287,B,Mandalay,Normal,Female,Fashion accessories,20.05,1,1.0025,21.0525,2/16/2019,3:00,Ewallet,20.05,4.761904762,1.0025,6.1
483-35-3369,C,Naypyitaw,Member,Female,Fashion accessories,53.92,9,24.264,509.544,2/16/2019,7:00,Credit card,485.28,4.761904762,24.264,5
495-31-1528,A,Yangon,Normal,Male,Health and beauty,21.71,5,5.4275,113.9775,2/16/2019,11:00,Credit card,108.55,4.761904762,5.4275,6.7
362-77-2663,B,Mandalay,Member,Male,Health and beauty,30.86,7,10.801,226.821,2/16/2019,14:00,Ewallet,216.02,4.761904762,10.801,10
392-47-7656,A,Yangon,Member,Female,Food and beverages,84.02,9,37.809,793.989,2/16/2019,15:00,Credit card,756.18,4.761904762,37.809,8.3
909-61-9884,A,Yangon,Normal,Male,Health and beauty,64,9,28.8,604.8,2/16/2019,16:00,Credit card,576,4.761904762,28.8,7.9
334-65-6950,B,Mandalay,Member,Male,Health and beauty,38.81,1,1.9405,40.7505,2/16/2019,18:00,Credit card,38.81,4.761904762,1.9405,8.2
436-17-6562,B,Mandalay,Normal,Female,Health and beauty,108.38,1,5.419,113.799,2/16/2019,22:00,Cash,108.38,4.761904762,5.419,5.8
638-61-6777,C,Naypyitaw,Normal,Male,Food and beverages,81.62,3,12.243,257.103,2/17/2019,1:00,Ewallet,244.86,4.761904762,12.243,7.5
190-95-9463,B,Mandalay,Normal,Female,Home and lifestyle,49.23,6,14.769,310.149,2/17/2019,1:00,Cash,295.38,4.761904762,14.769,7
933-14-7018,B,Mandalay,Member,Female,Home and lifestyle,33.18,2,3.318,69.678,2/17/2019,2:00,Cash,66.36,4.761904762,3.318,9.7
318-90-8119,A,Yangon,Normal,Female,Health and beauty,93.08,10,46.54,977.34,2/17/2019,8:00,Cash,930.8,4.761904762,46.54,6.8
681-16-4377,B,Mandalay,Member,Female,Food and beverages,62.64,1,3.132,65.772,2/17/2019,8:00,Ewallet,62.64,4.761904762,3.132,6.4
753-47-5071,A,Yangon,Normal,Female,Home and lifestyle,71.14,1,3.557,74.697,2/17/2019,8:00,Credit card,71.14,4.761904762,3.557,5.3
306-56-2440,A,Yangon,Normal,Male,Fashion accessories,85.02,5,21.255,446.355,2/17/2019,11:00,Credit card,425.1,4.761904762,21.255,7.2
654-38-1184,B,Mandalay,Normal,Male,Home and lifestyle,71.36,4,14.272,299.712,2/17/2019,12:00,Ewallet,285.44,4.761904762,14.272,7.4
840-14-9412,B,Mandalay,Member,Male,Home and lifestyle,35.26,1,1.763,37.023,2/17/2019,13:00,Ewallet,35.26,4.761904762,1.763,5.2
963-69-4188,B,Mandalay,Normal,Male,Food and beverages,60.99,4,12.198,256.158,2/17/2019,13:00,Ewallet,243.96,4.761904762,12.198,7.7
169-11-7765,B,Mandalay,Member,Female,Fashion accessories,35.36,3,5.304,111.384,2/17/2019,13:00,Credit card,106.08,4.761904762,5.304,7.3
526-13-9792,B,Mandalay,Normal,Female,Food and beverages,65.93,2,6.593,138.453,2/17/2019,16:00,Cash,131.86,4.761904762,6.593,8.5
236-12-5313,C,Naypyitaw,Member,Male,Health and beauty,71.68,9,32.256,677.376,2/17/2019,17:00,Cash,645.12,4.761904762,32.256,8.8
787-52-2152,B,Mandalay,Member,Female,Sports and travel,17.73,1,0.8865,18.6165,2/17/2019,19:00,Cash,17.73,4.761904762,0.8865,7.1
156-62-1143,B,Mandalay,Normal,Male,Home and lifestyle,55.64,7,19.474,408.954,2/17/2019,20:00,Cash,389.48,4.761904762,19.474,5.4
150-84-7361,A,Yangon,Normal,Male,Sports and travel,42.58,4,8.516,178.836,2/17/2019,22:00,Ewallet,170.32,4.761904762,8.516,5.8
715-64-6977,B,Mandalay,Member,Male,Food and beverages,33.35,5,8.3375,175.0875,2/18/2019,0:00,Cash,166.75,4.761904762,8.3375,9.6
255-62-7984,B,Mandalay,Normal,Female,Food and beverages,54.06,10,27.03,567.63,2/18/2019,1:00,Credit card,540.6,4.761904762,27.03,7.2
798-31-1944,B,Mandalay,Member,Female,Food and beverages,32.89,5,8.2225,172.6725,2/18/2019,2:00,Credit card,164.45,4.761904762,8.2225,9.6
909-36-8078,B,Mandalay,Member,Female,Sports and travel,83.1,1,4.155,87.255,2/18/2019,3:00,Credit card,83.1,4.761904762,4.155,7.7
822-34-6783,B,Mandalay,Member,Female,Food and beverages,13.86,6,4.158,87.318,2/18/2019,4:00,Credit card,83.16,4.761904762,4.158,8.1
635-69-9625,B,Mandalay,Member,Male,Health and beauty,75.65,9,34.0425,714.8925,2/18/2019,6:00,Cash,680.85,4.761904762,34.0425,8.4
978-75-3957,C,Naypyitaw,Member,Female,Food and beverages,69.72,2,6.972,146.412,2/18/2019,8:00,Cash,139.44,4.761904762,6.972,5.2
664-41-7249,C,Naypyitaw,Normal,Female,Electronic accessories,83.86,7,29.351,616.371,2/18/2019,8:00,Credit card,587.02,4.761904762,29.351,7.5
195-57-8718,C,Naypyitaw,Member,Female,Sports and travel,56.96,6,17.088,358.848,2/18/2019,10:00,Credit card,341.76,4.761904762,17.088,5.1
267-51-2902,C,Naypyitaw,Member,Male,Electronic accessories,113.5,5,28.375,595.875,2/18/2019,14:00,Ewallet,567.5,4.761904762,28.375,6.6
203-86-3567,A,Yangon,Normal,Male,Food and beverages,31.19,4,6.238,130.998,2/18/2019,14:00,Ewallet,124.76,4.761904762,6.238,8
381-21-3994,A,Yangon,Member,Female,Health and beauty,12.88,4,2.576,54.096,2/18/2019,15:00,Ewallet,51.52,4.761904762,2.576,5.5
209-91-1830,A,Yangon,Member,Female,Home and lifestyle,48.45,6,14.535,305.235,2/18/2019,16:00,Cash,290.7,4.761904762,14.535,7.8
148-36-6768,B,Mandalay,Normal,Female,Fashion accessories,12.29,4,2.458,51.618,2/18/2019,17:00,Ewallet,49.16,4.761904762,2.458,4.8
602-48-8878,C,Naypyitaw,Normal,Female,Fashion accessories,90.16,5,22.54,473.34,2/18/2019,20:00,Ewallet,450.8,4.761904762,22.54,8.7
170-16-8879,A,Yangon,Normal,Male,Food and beverages,24.38,6,7.314,153.594,2/19/2019,4:00,Ewallet,146.28,4.761904762,7.314,6
435-76-6612,C,Naypyitaw,Normal,Female,Health and beauty,88.23,5,22.0575,463.2075,2/19/2019,7:00,Ewallet,441.15,4.761904762,22.0575,5.5
749-80-8380,A,Yangon,Normal,Female,Sports and travel,82.89,7,29.0115,609.2415,2/19/2019,7:00,Credit card,580.23,4.761904762,29.0115,4.8
280-96-9888,C,Naypyitaw,Member,Female,Electronic accessories,35.26,9,15.867,333.207,2/19/2019,8:00,Ewallet,317.34,4.761904762,15.867,6.1
702-95-3406,B,Mandalay,Normal,Male,Electronic accessories,78.35,10,39.175,822.675,2/19/2019,8:00,Credit card,783.5,4.761904762,39.175,4.1
348-36-1949,A,Yangon,Member,Male,Electronic accessories,17.14,7,5.999,125.979,2/19/2019,8:00,Cash,119.98,4.761904762,5.999,6.2
980-13-2111,B,Mandalay,Normal,Female,Sports and travel,55.69,7,19.4915,409.3215,2/19/2019,15:00,Credit card,389.83,4.761904762,19.4915,8.6
762-57-1722,A,Yangon,Member,Female,Fashion accessories,10.74,4,2.148,45.108,2/19/2019,15:00,Ewallet,42.96,4.761904762,2.148,6.7
525-12-4674,A,Yangon,Normal,Female,Health and beauty,101.18,1,5.059,106.239,2/19/2019,15:00,Credit card,101.18,4.761904762,5.059,5.2
870-37-1702,A,Yangon,Member,Female,Sports and travel,101.71,8,40.684,854.364,2/19/2019,21:00,Cash,813.68,4.761904762,40.684,7.3
180-40-5233,C,Naypyitaw,Normal,Female,Electronic accessories,35.74,4,7.148,150.108,2/20/2019,1:00,Credit card,142.96,4.761904762,7.148,7.2
532-95-2149,B,Mandalay,Member,Male,Food and beverages,24.24,1,1.212,25.452,2/20/2019,2:00,Credit card,24.24,4.761904762,1.212,9.9
980-30-2878,A,Yangon,Normal,Male,Home and lifestyle,77.08,5,19.27,404.67,2/20/2019,2:00,Ewallet,385.4,4.761904762,19.27,8.2
329-85-1309,B,Mandalay,Normal,Male,Sports and travel,34.18,8,13.672,287.112,2/20/2019,3:00,Ewallet,273.44,4.761904762,13.672,7.5
119-58-4049,C,Naypyitaw,Member,Female,Sports and travel,94.14,4,18.828,395.388,2/20/2019,5:00,Ewallet,376.56,4.761904762,18.828,8.4
746-38-7412,A,Yangon,Normal,Male,Health and beauty,67.19,8,26.876,564.396,2/20/2019,5:00,Cash,537.52,4.761904762,26.876,6.8
102-11-1015,B,Mandalay,Normal,Male,Health and beauty,45.34,8,18.136,380.856,2/20/2019,5:00,Ewallet,362.72,4.761904762,18.136,6.9
705-15-5908,A,Yangon,Normal,Male,Sports and travel,88.32,3,13.248,278.208,2/20/2019,9:00,Ewallet,264.96,4.761904762,13.248,9.5
938-14-7412,A,Yangon,Member,Female,Electronic accessories,64.69,9,29.1105,611.3205,2/20/2019,12:00,Cash,582.21,4.761904762,29.1105,4.5
513-34-9507,C,Naypyitaw,Member,Female,Home and lifestyle,91.14,3,13.671,287.091,2/20/2019,14:00,Ewallet,273.42,4.761904762,13.671,8.5
670-94-8835,A,Yangon,Member,Male,Health and beauty,101.85,1,5.0925,106.9425,2/20/2019,15:00,Ewallet,101.85,4.761904762,5.0925,6.8
925-29-2953,B,Mandalay,Member,Female,Electronic accessories,29.66,2,2.966,62.286,2/20/2019,15:00,Cash,59.32,4.761904762,2.966,6.6
488-91-4046,C,Naypyitaw,Normal,Male,Food and beverages,8.68,6,2.604,54.684,2/20/2019,15:00,Ewallet,52.08,4.761904762,2.604,6.2
526-66-7840,A,Yangon,Member,Male,Health and beauty,107.33,10,53.665,1126.965,2/20/2019,17:00,Cash,1073.3,4.761904762,53.665,7.2
665-90-3415,B,Mandalay,Normal,Male,Electronic accessories,108.78,2,10.878,228.438,2/20/2019,18:00,Cash,217.56,4.761904762,10.878,6.9
441-46-9495,A,Yangon,Member,Male,Electronic accessories,17.92,6,5.376,112.896,2/20/2019,19:00,Cash,107.52,4.761904762,5.376,6.4
863-63-1815,C,Naypyitaw,Normal,Female,Home and lifestyle,84.14,1,4.207,88.347,2/21/2019,0:00,Credit card,84.14,4.761904762,4.207,5.9
211-15-8073,B,Mandalay,Normal,Female,Home and lifestyle,50.74,1,2.537,53.277,2/21/2019,3:00,Cash,50.74,4.761904762,2.537,4.1
802-87-6039,C,Naypyitaw,Normal,Female,Food and beverages,28.09,5,7.0225,147.4725,2/21/2019,14:00,Cash,140.45,4.761904762,7.0225,5.9
378-93-7324,B,Mandalay,Member,Female,Electronic accessories,105.85,10,52.925,1111.425,2/21/2019,14:00,Cash,1058.5,4.761904762,52.925,6.2
625-61-3823,A,Yangon,Member,Male,Fashion accessories,26.12,9,11.754,246.834,2/21/2019,16:00,Credit card,235.08,4.761904762,11.754,7.2
267-95-8433,B,Mandalay,Member,Female,Electronic accessories,113.17,8,45.268,950.628,2/21/2019,19:00,Credit card,905.36,4.761904762,45.268,9.9
508-40-5826,C,Naypyitaw,Member,Male,Home and lifestyle,28.3,3,4.245,89.145,2/21/2019,19:00,Credit card,84.9,4.761904762,4.245,6.1
692-42-1497,B,Mandalay,Member,Female,Fashion accessories,61.39,3,9.2085,193.3785,2/21/2019,19:00,Cash,184.17,4.761904762,9.2085,5.5
845-30-5643,C,Naypyitaw,Member,Female,Health and beauty,32.84,1,1.642,34.482,2/21/2019,22:00,Ewallet,32.84,4.761904762,1.642,5.9
231-77-1857,C,Naypyitaw,Member,Female,Health and beauty,64.42,3,9.663,202.923,2/22/2019,0:00,Ewallet,193.26,4.761904762,9.663,7.2
231-18-9221,A,Yangon,Normal,Male,Sports and travel,74.41,1,3.7205,78.1305,2/22/2019,2:00,Ewallet,74.41,4.761904762,3.7205,7.9
726-54-7147,A,Yangon,Member,Male,Home and lifestyle,26.93,8,10.772,226.212,2/22/2019,2:00,Credit card,215.44,4.761904762,10.772,8.1
424-32-1015,B,Mandalay,Member,Male,Sports and travel,59.18,1,2.959,62.139,2/22/2019,4:00,Cash,59.18,4.761904762,2.959,8.2
633-81-6935,B,Mandalay,Member,Male,Fashion accessories,49.16,5,12.29,258.09,2/22/2019,4:00,Credit card,245.8,4.761904762,12.29,8.5
545-69-8274,C,Naypyitaw,Normal,Female,Home and lifestyle,16.32,9,7.344,154.224,2/22/2019,4:00,Ewallet,146.88,4.761904762,7.344,6.6
819-14-4791,C,Naypyitaw,Normal,Male,Food and beverages,70.41,7,24.6435,517.5135,2/22/2019,6:00,Credit card,492.87,4.761904762,24.6435,10
362-60-2088,B,Mandalay,Normal,Male,Electronic accessories,47.86,4,9.572,201.012,2/22/2019,6:00,Ewallet,191.44,4.761904762,9.572,6.5
364-91-5473,A,Yangon,Normal,Female,Food and beverages,51.97,9,23.3865,491.1165,2/22/2019,8:00,Ewallet,467.73,4.761904762,23.3865,7.2
274-76-8319,C,Naypyitaw,Member,Female,Fashion accessories,53.03,9,23.8635,501.1335,2/22/2019,9:00,Cash,477.27,4.761904762,23.8635,8.9
575-19-9520,A,Yangon,Normal,Male,Home and lifestyle,55.68,2,5.568,116.928,2/22/2019,14:00,Cash,111.36,4.761904762,5.568,7.8
915-44-4414,C,Naypyitaw,Member,Female,Fashion accessories,18.56,10,9.28,194.88,2/22/2019,19:00,Cash,185.6,4.761904762,9.28,4
466-90-2773,B,Mandalay,Member,Male,Electronic accessories,57.23,10,28.615,600.915,2/23/2019,3:00,Credit card,572.3,4.761904762,28.615,7
298-25-6415,B,Mandalay,Normal,Female,Health and beauty,55.29,6,16.587,348.327,2/23/2019,4:00,Ewallet,331.74,4.761904762,16.587,8.3
967-29-6079,A,Yangon,Normal,Male,Health and beauty,82.82,4,16.564,347.844,2/23/2019,5:00,Cash,331.28,4.761904762,16.564,5
338-78-6420,B,Mandalay,Member,Male,Fashion accessories,80.52,8,32.208,676.368,2/23/2019,7:00,Cash,644.16,4.761904762,32.208,8.1
105-78-4504,B,Mandalay,Normal,Male,Sports and travel,61.42,7,21.497,451.437,2/23/2019,8:00,Ewallet,429.94,4.761904762,21.497,7.6
906-11-3666,B,Mandalay,Normal,Male,Home and lifestyle,17.72,7,6.202,130.242,2/23/2019,10:00,Credit card,124.04,4.761904762,6.202,8.8
394-30-8140,A,Yangon,Member,Male,Home and lifestyle,31.08,10,15.54,326.34,2/23/2019,15:00,Credit card,310.8,4.761904762,15.54,6
862-91-7895,C,Naypyitaw,Member,Female,Health and beauty,27.15,9,12.2175,256.5675,2/23/2019,19:00,Credit card,244.35,4.761904762,12.2175,8.5
977-21-4280,C,Naypyitaw,Member,Male,Food and beverages,17.93,5,4.4825,94.1325,2/23/2019,19:00,Credit card,89.65,4.761904762,4.4825,7.2
264-47-9078,A,Yangon,Member,Male,Electronic accessories,51.08,6,15.324,321.804,2/23/2019,22:00,Credit card,306.48,4.761904762,15.324,9.6
618-87-8601,A,Yangon,Member,Male,Food and beverages,25.86,1,1.293,27.153,2/24/2019,0:00,Ewallet,25.86,4.761904762,1.293,10
676-76-1868,A,Yangon,Member,Male,Food and beverages,25.02,6,7.506,157.626,2/24/2019,0:00,Credit card,150.12,4.761904762,7.506,9.3
911-40-5862,B,Mandalay,Member,Male,Fashion accessories,14.13,2,1.413,29.673,2/24/2019,1:00,Ewallet,28.26,4.761904762,1.413,7.7
181-90-3256,B,Mandalay,Normal,Female,Health and beauty,12.73,6,3.819,80.199,2/24/2019,4:00,Ewallet,76.38,4.761904762,3.819,10
544-84-9713,B,Mandalay,Normal,Female,Health and beauty,21.06,9,9.477,199.017,2/24/2019,5:00,Ewallet,189.54,4.761904762,9.477,7.9
128-57-6089,A,Yangon,Normal,Male,Health and beauty,27.86,8,11.144,234.024,2/24/2019,7:00,Credit card,222.88,4.761904762,11.144,5.6
564-71-3675,B,Mandalay,Member,Female,Fashion accessories,45.94,9,20.673,434.133,2/24/2019,8:00,Credit card,413.46,4.761904762,20.673,6.9
589-22-2451,B,Mandalay,Normal,Male,Sports and travel,58.21,10,29.105,611.205,2/24/2019,9:00,Ewallet,582.1,4.761904762,29.105,8.1
658-73-4124,B,Mandalay,Normal,Female,Food and beverages,19.13,8,7.652,160.692,2/24/2019,10:00,Credit card,153.04,4.761904762,7.652,8.2
829-86-4275,C,Naypyitaw,Normal,Female,Fashion accessories,45.42,3,6.813,143.073,2/24/2019,12:00,Credit card,136.26,4.761904762,6.813,5.3
655-37-3049,A,Yangon,Member,Male,Home and lifestyle,40.42,8,16.168,339.528,2/24/2019,15:00,Ewallet,323.36,4.761904762,16.168,5.4
456-66-4030,C,Naypyitaw,Normal,Female,Electronic accessories,31.58,6,9.474,198.954,2/24/2019,16:00,Ewallet,189.48,4.761904762,9.474,6.5
157-61-1492,B,Mandalay,Member,Female,Sports and travel,11.14,6,3.342,70.182,2/24/2019,16:00,Credit card,66.84,4.761904762,3.342,7.8
768-44-9266,B,Mandalay,Member,Male,Home and lifestyle,51.56,6,15.468,324.828,2/24/2019,16:00,Ewallet,309.36,4.761904762,15.468,8
388-84-1328,C,Naypyitaw,Normal,Male,Food and beverages,60.37,3,9.0555,190.1655,2/24/2019,16:00,Cash,181.11,4.761904762,9.0555,7.2
689-18-5674,C,Naypyitaw,Normal,Female,Health and beauty,33.15,10,16.575,348.075,2/24/2019,18:00,Ewallet,331.5,4.761904762,16.575,5.7
320-92-6803,C,Naypyitaw,Member,Female,Food and beverages,18.47,1,0.9235,19.3935,2/24/2019,22:00,Cash,18.47,4.761904762,0.9235,9.6
353-91-9379,A,Yangon,Normal,Female,Fashion accessories,84.5,4,16.9,354.9,2/24/2019,23:00,Credit card,338,4.761904762,16.9,5.4
290-14-9722,A,Yangon,Normal,Male,Electronic accessories,41.38,10,20.69,434.49,2/24/2019,23:00,Cash,413.8,4.761904762,20.69,9
146-74-7618,C,Naypyitaw,Member,Female,Fashion accessories,28.4,6,8.52,178.92,2/25/2019,4:00,Credit card,170.4,4.761904762,8.52,8.1
245-59-8965,B,Mandalay,Normal,Female,Sports and travel,90.59,10,45.295,951.195,2/25/2019,7:00,Credit card,905.9,4.761904762,45.295,8.9
481-75-9708,A,Yangon,Member,Female,Sports and travel,86.86,2,8.686,182.406,2/25/2019,9:00,Credit card,173.72,4.761904762,8.686,6.3
192-51-2491,A,Yangon,Normal,Male,Electronic accessories,59.88,7,20.958,440.118,2/25/2019,11:00,Cash,419.16,4.761904762,20.958,6.8
193-14-8508,A,Yangon,Member,Male,Home and lifestyle,53.54,7,18.739,393.519,2/25/2019,12:00,Ewallet,374.78,4.761904762,18.739,7.1
413-88-8379,C,Naypyitaw,Member,Male,Home and lifestyle,29.38,4,5.876,123.396,2/25/2019,13:00,Cash,117.52,4.761904762,5.876,6.3
619-40-3708,A,Yangon,Normal,Male,Sports and travel,17.82,4,3.564,74.844,2/25/2019,15:00,Ewallet,71.28,4.761904762,3.564,7.3
961-71-6722,A,Yangon,Normal,Female,Sports and travel,64.09,1,3.2045,67.2945,2/25/2019,22:00,Credit card,64.09,4.761904762,3.2045,9.4
847-42-7553,A,Yangon,Normal,Male,Health and beauty,20.62,2,2.062,43.302,2/26/2019,2:00,Ewallet,41.24,4.761904762,2.062,5.1
573-49-8360,B,Mandalay,Normal,Female,Home and lifestyle,49.99,9,22.4955,472.4055,2/26/2019,3:00,Cash,449.91,4.761904762,22.4955,6
798-24-2546,A,Yangon,Normal,Female,Electronic accessories,112.44,10,56.22,1180.62,2/26/2019,4:00,Ewallet,1124.4,4.761904762,56.22,5.9
154-11-7208,B,Mandalay,Normal,Female,Home and lifestyle,94.8,8,37.92,796.32,2/26/2019,9:00,Credit card,758.4,4.761904762,37.92,6.9
783-25-2385,A,Yangon,Normal,Female,Health and beauty,34.43,8,13.772,289.212,2/26/2019,9:00,Credit card,275.44,4.761904762,13.772,6.8
245-56-4280,C,Naypyitaw,Normal,Male,Fashion accessories,62.27,9,28.0215,588.4515,2/26/2019,10:00,Cash,560.43,4.761904762,28.0215,8.2
385-19-3786,A,Yangon,Member,Male,Sports and travel,54.8,7,19.18,402.78,2/26/2019,14:00,Credit card,383.6,4.761904762,19.18,7.1
285-71-2620,B,Mandalay,Normal,Male,Sports and travel,92.34,9,41.553,872.613,2/26/2019,14:00,Ewallet,831.06,4.761904762,41.553,7.5
563-15-3882,C,Naypyitaw,Member,Male,Health and beauty,37.58,10,18.79,394.59,2/26/2019,19:00,Cash,375.8,4.761904762,18.79,7.6
908-52-9140,B,Mandalay,Normal,Male,Electronic accessories,12.4,2,1.24,26.04,2/26/2019,19:00,Credit card,24.8,4.761904762,1.24,7.4
629-67-5122,B,Mandalay,Normal,Female,Sports and travel,25.69,6,7.707,161.847,2/26/2019,21:00,Ewallet,154.14,4.761904762,7.707,8.1
167-31-9599,A,Yangon,Normal,Male,Food and beverages,34.94,3,5.241,110.061,2/26/2019,21:00,Credit card,104.82,4.761904762,5.241,6.8
651-83-7721,A,Yangon,Normal,Male,Sports and travel,40.01,6,12.003,252.063,2/26/2019,23:00,Ewallet,240.06,4.761904762,12.003,9.5
779-15-6487,B,Mandalay,Normal,Male,Food and beverages,68.37,3,10.2555,215.3655,2/27/2019,1:00,Ewallet,205.11,4.761904762,10.2555,10
885-90-1236,C,Naypyitaw,Member,Male,Health and beauty,77.63,8,31.052,652.092,2/27/2019,1:00,Credit card,621.04,4.761904762,31.052,8.1
826-39-7804,B,Mandalay,Normal,Female,Health and beauty,40.33,4,8.066,169.386,2/27/2019,3:00,Ewallet,161.32,4.761904762,8.066,7.3
929-19-3423,B,Mandalay,Member,Female,Sports and travel,53.28,10,26.64,559.44,2/27/2019,4:00,Credit card,532.8,4.761904762,26.64,7.9
718-22-2032,C,Naypyitaw,Member,Female,Home and lifestyle,18.5,6,5.55,116.55,2/27/2019,11:00,Credit card,111,4.761904762,5.55,5.3
295-48-3940,B,Mandalay,Member,Female,Food and beverages,76.45,9,34.4025,722.4525,2/27/2019,15:00,Ewallet,688.05,4.761904762,34.4025,7.3
729-43-4132,A,Yangon,Normal,Female,Electronic accessories,111.9,2,11.19,234.99,2/27/2019,16:00,Cash,223.8,4.761904762,11.19,5.9
488-88-7961,B,Mandalay,Member,Male,Sports and travel,102.06,2,10.206,214.326,2/27/2019,18:00,Ewallet,204.12,4.761904762,10.206,7.8
662-61-1633,C,Naypyitaw,Normal,Female,Electronic accessories,104.76,7,36.666,769.986,2/27/2019,19:00,Cash,733.32,4.761904762,36.666,5.9
778-17-7487,A,Yangon,Member,Female,Sports and travel,26.75,2,2.675,56.175,2/27/2019,20:00,Ewallet,53.5,4.761904762,2.675,6.5
856-37-4446,C,Naypyitaw,Member,Female,Home and lifestyle,14.11,2,1.411,29.631,2/27/2019,22:00,Ewallet,28.22,4.761904762,1.411,4.2
718-36-9097,A,Yangon,Member,Male,Home and lifestyle,61.58,4,12.316,258.636,2/27/2019,22:00,Cash,246.32,4.761904762,12.316,5.2
948-71-6181,B,Mandalay,Member,Male,Home and lifestyle,91.22,9,41.049,862.029,2/28/2019,2:00,Cash,820.98,4.761904762,41.049,7.5
521-35-9824,A,Yangon,Normal,Female,Fashion accessories,24.49,8,9.796,205.716,2/28/2019,2:00,Credit card,195.92,4.761904762,9.796,5.7
891-48-3653,B,Mandalay,Member,Male,Home and lifestyle,10.63,2,1.063,22.323,2/28/2019,4:00,Credit card,21.26,4.761904762,1.063,8.6
530-57-4192,C,Naypyitaw,Member,Male,Health and beauty,89.86,8,35.944,754.824,2/28/2019,8:00,Credit card,718.88,4.761904762,35.944,5.6
624-12-4759,B,Mandalay,Member,Female,Health and beauty,18.51,4,3.702,77.742,2/28/2019,9:00,Cash,74.04,4.761904762,3.702,7.7
436-77-6095,B,Mandalay,Member,Male,Fashion accessories,44.48,2,4.448,93.408,2/28/2019,16:00,Credit card,88.96,4.761904762,4.448,5.9
886-73-2345,C,Naypyitaw,Member,Male,Food and beverages,59.86,10,29.93,628.53,2/28/2019,17:00,Ewallet,598.6,4.761904762,29.93,7.6
165-84-9649,C,Naypyitaw,Member,Male,Electronic accessories,37.28,7,13.048,274.008,2/28/2019,17:00,Credit card,260.96,4.761904762,13.048,4.7
678-78-4330,A,Yangon,Normal,Female,Sports and travel,18.34,6,5.502,115.542,2/28/2019,23:00,Credit card,110.04,4.761904762,5.502,6.3
816-51-7055,B,Mandalay,Normal,Female,Sports and travel,82.46,10,41.23,865.83,2/28/2019,23:00,Ewallet,824.6,4.761904762,41.23,5.7
277-44-1279,A,Yangon,Normal,Female,Fashion accessories,62.79,5,15.6975,329.6475,3/1/2019,0:00,Cash,313.95,4.761904762,15.6975,8.3
443-26-7439,C,Naypyitaw,Normal,Male,Health and beauty,107.78,1,5.389,113.169,3/1/2019,12:00,Credit card,107.78,4.761904762,5.389,7.7
301-75-7827,C,Naypyitaw,Member,Female,Sports and travel,42.67,2,4.267,89.607,3/1/2019,14:00,Credit card,85.34,4.761904762,4.267,5.2
873-75-9566,B,Mandalay,Member,Male,Health and beauty,17.05,8,6.82,143.22,3/1/2019,17:00,Credit card,136.4,4.761904762,6.82,6.7
987-44-2392,C,Naypyitaw,Normal,Male,Food and beverages,64.06,1,3.203,67.263,3/1/2019,18:00,Ewallet,64.06,4.761904762,3.203,5.8
128-16-5316,B,Mandalay,Member,Male,Electronic accessories,67.72,3,10.158,213.318,3/1/2019,22:00,Ewallet,203.16,4.761904762,10.158,8.4
152-46-5589,B,Mandalay,Normal,Female,Food and beverages,24.63,2,2.463,51.723,3/1/2019,23:00,Ewallet,49.26,4.761904762,2.463,8.9
787-19-9142,A,Yangon,Member,Female,Fashion accessories,75.59,5,18.8975,396.8475,3/2/2019,0:00,Credit card,377.95,4.761904762,18.8975,4.8
216-33-8897,C,Naypyitaw,Member,Female,Home and lifestyle,28.13,4,5.626,118.146,3/2/2019,3:00,Ewallet,112.52,4.761904762,5.626,8.2
274-62-8161,A,Yangon,Member,Female,Home and lifestyle,33.2,7,11.62,244.02,3/2/2019,5:00,Credit card,232.4,4.761904762,11.62,5.8
550-75-2059,C,Naypyitaw,Normal,Male,Home and lifestyle,18.24,5,4.56,95.76,3/2/2019,5:00,Ewallet,91.2,4.761904762,4.56,6.6
606-12-7101,C,Naypyitaw,Normal,Female,Food and beverages,38.72,8,15.488,325.248,3/2/2019,18:00,Ewallet,309.76,4.761904762,15.488,7
596-87-3473,C,Naypyitaw,Normal,Male,Sports and travel,49.64,4,9.928,208.488,3/2/2019,20:00,Cash,198.56,4.761904762,9.928,9.7
143-42-7748,A,Yangon,Member,Female,Electronic accessories,66.96,6,20.088,421.848,3/2/2019,20:00,Credit card,401.76,4.761904762,20.088,5.5
566-92-5549,A,Yangon,Member,Female,Home and lifestyle,73.1,4,14.62,307.02,3/3/2019,0:00,Ewallet,292.4,4.761904762,14.62,8.3
694-86-1506,A,Yangon,Member,Female,Fashion accessories,86.11,2,8.611,180.831,3/3/2019,5:00,Cash,172.22,4.761904762,8.611,5.2
893-95-9212,B,Mandalay,Member,Male,Fashion accessories,21.15,1,1.0575,22.2075,3/3/2019,6:00,Cash,21.15,4.761904762,1.0575,5.1
327-11-8854,A,Yangon,Normal,Male,Home and lifestyle,14.84,1,0.742,15.582,3/3/2019,7:00,Ewallet,14.84,4.761904762,0.742,7
719-39-8962,C,Naypyitaw,Member,Male,Home and lifestyle,11.65,8,4.66,97.86,3/3/2019,9:00,Ewallet,93.2,4.761904762,4.66,7
170-29-6681,B,Mandalay,Normal,Male,Electronic accessories,27.34,4,5.468,114.828,3/3/2019,14:00,Credit card,109.36,4.761904762,5.468,4
706-32-1336,A,Yangon,Normal,Male,Home and lifestyle,68.56,5,17.14,359.94,3/3/2019,15:00,Cash,342.8,4.761904762,17.14,8.7
743-23-9467,B,Mandalay,Member,Female,Electronic accessories,89.7,8,35.88,753.48,3/3/2019,17:00,Ewallet,717.6,4.761904762,35.88,4
991-22-6122,B,Mandalay,Normal,Male,Fashion accessories,76,7,26.6,558.6,3/3/2019,18:00,Credit card,532,4.761904762,26.6,6.8
323-87-5270,B,Mandalay,Member,Male,Home and lifestyle,31.69,8,12.676,266.196,3/3/2019,20:00,Credit card,253.52,4.761904762,12.676,9
998-10-3288,B,Mandalay,Member,Male,Food and beverages,31.64,8,12.656,265.776,3/3/2019,20:00,Cash,253.12,4.761904762,12.656,10
646-23-2218,C,Naypyitaw,Member,Male,Food and beverages,45.05,6,13.515,283.815,3/3/2019,21:00,Cash,270.3,4.761904762,13.515,6.5
496-56-4377,B,Mandalay,Normal,Female,Fashion accessories,14.84,10,7.42,155.82,3/4/2019,1:00,Credit card,148.4,4.761904762,7.42,4.9
433-94-5098,C,Naypyitaw,Member,Male,Electronic accessories,77.27,2,7.727,162.267,3/4/2019,4:00,Credit card,154.54,4.761904762,7.727,8.9
790-49-8619,C,Naypyitaw,Normal,Female,Food and beverages,82.92,6,24.876,522.396,3/4/2019,4:00,Credit card,497.52,4.761904762,24.876,8.3
775-60-9938,A,Yangon,Normal,Female,Electronic accessories,50.53,1,2.5265,53.0565,3/4/2019,5:00,Cash,50.53,4.761904762,2.5265,6.3
868-42-6510,C,Naypyitaw,Member,Female,Food and beverages,65.45,1,3.2725,68.7225,3/4/2019,7:00,Cash,65.45,4.761904762,3.2725,6.1
472-61-8543,A,Yangon,Normal,Male,Food and beverages,46.32,3,6.948,145.908,3/4/2019,7:00,Credit card,138.96,4.761904762,6.948,5.9
494-36-8253,C,Naypyitaw,Normal,Female,Electronic accessories,25.66,3,3.849,80.829,3/4/2019,8:00,Ewallet,76.98,4.761904762,3.849,6.5
563-55-3057,B,Mandalay,Member,Male,Sports and travel,64.91,5,16.2275,340.7775,3/4/2019,8:00,Cash,324.55,4.761904762,16.2275,7.5
763-70-3029,C,Naypyitaw,Member,Male,Food and beverages,31.19,1,1.5595,32.7495,3/4/2019,12:00,Credit card,31.19,4.761904762,1.5595,6.2
629-95-3696,C,Naypyitaw,Normal,Male,Home and lifestyle,13.06,10,6.53,137.13,3/4/2019,12:00,Cash,130.6,4.761904762,6.53,6.3
841-67-6004,C,Naypyitaw,Member,Male,Fashion accessories,63.18,6,18.954,398.034,3/4/2019,12:00,Cash,379.08,4.761904762,18.954,8
277-15-5948,C,Naypyitaw,Normal,Male,Sports and travel,90.76,7,31.766,667.086,3/4/2019,16:00,Cash,635.32,4.761904762,31.766,4.8
406-45-4427,A,Yangon,Member,Female,Electronic accessories,48.82,10,24.41,512.61,3/5/2019,3:00,Ewallet,488.2,4.761904762,24.41,6.4
892-20-4597,A,Yangon,Member,Female,Sports and travel,46.98,3,7.047,147.987,3/5/2019,4:00,Cash,140.94,4.761904762,7.047,4.5
848-38-1329,B,Mandalay,Member,Male,Health and beauty,98.23,4,19.646,412.566,3/5/2019,7:00,Credit card,392.92,4.761904762,19.646,7.2
149-14-9135,A,Yangon,Member,Female,Health and beauty,90.65,10,45.325,951.825,3/5/2019,8:00,Ewallet,906.5,4.761904762,45.325,4.1
721-78-2787,C,Naypyitaw,Normal,Male,Food and beverages,62.59,10,31.295,657.195,3/5/2019,10:00,Ewallet,625.9,4.761904762,31.295,8.3
699-66-2561,B,Mandalay,Member,Female,Food and beverages,27.32,10,13.66,286.86,3/5/2019,11:00,Credit card,273.2,4.761904762,13.66,5
873-25-6179,C,Naypyitaw,Normal,Female,Home and lifestyle,91.01,10,45.505,955.605,3/5/2019,11:00,Ewallet,910.1,4.761904762,45.505,4.3
967-21-3050,B,Mandalay,Normal,Female,Fashion accessories,22.55,10,11.275,236.775,3/5/2019,14:00,Ewallet,225.5,4.761904762,11.275,6.5
674-73-9125,C,Naypyitaw,Normal,Female,Sports and travel,69.07,3,10.3605,217.5705,3/5/2019,15:00,Credit card,207.21,4.761904762,10.3605,9.6
840-15-2615,A,Yangon,Normal,Female,Health and beauty,13.82,1,0.691,14.511,3/5/2019,16:00,Credit card,13.82,4.761904762,0.691,8.1
314-52-6506,C,Naypyitaw,Member,Male,Food and beverages,57.2,8,22.88,480.48,3/5/2019,17:00,Credit card,457.6,4.761904762,22.88,4.1
225-81-6291,C,Naypyitaw,Member,Male,Fashion accessories,32.94,10,16.47,345.87,3/5/2019,17:00,Credit card,329.4,4.761904762,16.47,5
834-98-2359,B,Mandalay,Normal,Female,Sports and travel,52.52,10,26.26,551.46,3/5/2019,19:00,Ewallet,525.2,4.761904762,26.26,6.4
802-51-5927,B,Mandalay,Member,Male,Food and beverages,34.62,2,3.462,72.702,3/5/2019,19:00,Credit card,69.24,4.761904762,3.462,10
281-87-5606,C,Naypyitaw,Normal,Female,Food and beverages,21.57,1,1.0785,22.6485,3/5/2019,22:00,Cash,21.57,4.761904762,1.0785,5.6
482-86-2896,A,Yangon,Member,Male,Health and beauty,71.9,8,28.76,603.96,3/6/2019,4:00,Credit card,575.2,4.761904762,28.76,5.6
298-85-6361,B,Mandalay,Normal,Female,Health and beauty,97.35,7,34.0725,715.5225,3/6/2019,5:00,Cash,681.45,4.761904762,34.0725,9.3
741-53-7594,B,Mandalay,Normal,Female,Food and beverages,81.06,7,28.371,595.791,3/6/2019,6:00,Cash,567.42,4.761904762,28.371,7.3
295-85-5050,A,Yangon,Normal,Female,Electronic accessories,32.54,4,6.508,136.668,3/6/2019,12:00,Cash,130.16,4.761904762,6.508,8.6
557-71-3304,B,Mandalay,Normal,Male,Food and beverages,62.77,9,28.2465,593.1765,3/6/2019,13:00,Cash,564.93,4.761904762,28.2465,5.9
628-25-3056,A,Yangon,Normal,Male,Fashion accessories,65.67,6,19.701,413.721,3/6/2019,19:00,Credit card,394.02,4.761904762,19.701,6.8
860-62-8226,A,Yangon,Normal,Female,Food and beverages,34.48,2,3.448,72.408,3/6/2019,19:00,Cash,68.96,4.761904762,3.448,9
986-18-8720,A,Yangon,Normal,Female,Home and lifestyle,11.7,1,0.585,12.285,3/7/2019,8:00,Cash,11.7,4.761904762,0.585,6.8
498-75-7474,C,Naypyitaw,Member,Male,Home and lifestyle,71.39,1,3.5695,74.9595,3/7/2019,10:00,Cash,71.39,4.761904762,3.5695,8.7
366-17-3181,B,Mandalay,Member,Male,Home and lifestyle,94.15,9,42.3675,889.7175,3/7/2019,10:00,Cash,847.35,4.761904762,42.3675,7.6
792-29-6030,C,Naypyitaw,Member,Male,Electronic accessories,79.51,4,15.902,333.942,3/7/2019,11:00,Credit card,318.04,4.761904762,15.902,5.4
454-81-2521,B,Mandalay,Normal,Male,Electronic accessories,58.49,5,14.6225,307.0725,3/7/2019,11:00,Credit card,292.45,4.761904762,14.6225,7
724-43-7968,A,Yangon,Member,Male,Food and beverages,48.23,3,7.2345,151.9245,3/7/2019,13:00,Credit card,144.69,4.761904762,7.2345,8.5
728-28-5422,B,Mandalay,Normal,Female,Home and lifestyle,27.77,4,5.554,116.634,3/7/2019,14:00,Credit card,111.08,4.761904762,5.554,8
514-91-8463,B,Mandalay,Normal,Male,Electronic accessories,92.16,8,36.864,774.144,3/7/2019,19:00,Credit card,737.28,4.761904762,36.864,6.9
497-90-7571,A,Yangon,Normal,Female,Health and beauty,84.07,4,16.814,353.094,3/7/2019,21:00,Cash,336.28,4.761904762,16.814,4.2
492-67-8276,B,Mandalay,Normal,Female,Food and beverages,19.51,9,8.7795,184.3695,3/8/2019,1:00,Cash,175.59,4.761904762,8.7795,4.3
988-59-8059,A,Yangon,Member,Male,Fashion accessories,83.73,9,37.6785,791.2485,3/8/2019,5:00,Credit card,753.57,4.761904762,37.6785,4.6
204-45-6492,B,Mandalay,Normal,Male,Sports and travel,35.66,6,10.698,224.658,3/8/2019,11:00,Cash,213.96,4.761904762,10.698,6.2
126-81-7792,B,Mandalay,Normal,Female,Food and beverages,82.81,2,8.281,173.901,3/8/2019,13:00,Credit card,165.62,4.761904762,8.281,6.4
439-54-4551,A,Yangon,Member,Male,Sports and travel,46.28,10,23.14,485.94,3/8/2019,15:00,Cash,462.8,4.761904762,23.14,4.8
933-41-4628,A,Yangon,Member,Female,Home and lifestyle,25.83,7,9.0405,189.8505,3/8/2019,19:00,Cash,180.81,4.761904762,9.0405,8.5
364-39-4667,C,Naypyitaw,Normal,Male,Sports and travel,43.36,9,19.512,409.752,3/8/2019,19:00,Ewallet,390.24,4.761904762,19.512,5.1
265-69-5096,B,Mandalay,Normal,Male,Home and lifestyle,49.18,6,14.754,309.834,3/8/2019,20:00,Cash,295.08,4.761904762,14.754,4.9
860-14-9254,A,Yangon,Member,Male,Health and beauty,17.79,3,2.6685,56.0385,3/8/2019,21:00,Credit card,53.37,4.761904762,2.6685,7.1
582-45-6965,C,Naypyitaw,Normal,Female,Sports and travel,64.53,7,22.5855,474.2955,3/9/2019,9:00,Cash,451.71,4.761904762,22.5855,8.5
300-33-9835,A,Yangon,Normal,Male,Food and beverages,53.71,5,13.4275,281.9775,3/9/2019,11:00,Cash,268.55,4.761904762,13.4275,10
725-87-9408,C,Naypyitaw,Member,Female,Home and lifestyle,75.76,1,3.788,79.548,3/9/2019,14:00,Credit card,75.76,4.761904762,3.788,7.9
295-34-4273,C,Naypyitaw,Normal,Male,Food and beverages,10.71,3,1.6065,33.7365,3/9/2019,17:00,Cash,32.13,4.761904762,1.6065,9.4
746-22-3755,A,Yangon,Normal,Female,Electronic accessories,69.8,5,17.45,366.45,3/9/2019,17:00,Cash,349,4.761904762,17.45,5.2
597-52-2080,A,Yangon,Normal,Male,Home and lifestyle,14.71,7,5.1485,108.1185,3/9/2019,21:00,Credit card,102.97,4.761904762,5.1485,10
603-23-1721,A,Yangon,Normal,Female,Sports and travel,76.02,3,11.403,239.463,3/9/2019,22:00,Credit card,228.06,4.761904762,11.403,4.2
683-36-1639,A,Yangon,Member,Female,Home and lifestyle,14.96,6,4.488,94.248,3/9/2019,22:00,Ewallet,89.76,4.761904762,4.488,6.2
205-46-6190,A,Yangon,Member,Female,Food and beverages,77.47,5,19.3675,406.7175,3/9/2019,23:00,Cash,387.35,4.761904762,19.3675,7.8
815-34-8746,C,Naypyitaw,Member,Female,Health and beauty,79.74,1,3.987,83.727,3/9/2019,23:00,Cash,79.74,4.761904762,3.987,4.6
189-13-2251,A,Yangon,Member,Female,Home and lifestyle,55.16,10,27.58,579.18,3/10/2019,1:00,Cash,551.6,4.761904762,27.58,5.6
178-83-5052,B,Mandalay,Member,Female,Sports and travel,51.75,6,15.525,326.025,3/10/2019,2:00,Cash,310.5,4.761904762,15.525,5.4
993-25-3030,C,Naypyitaw,Normal,Male,Electronic accessories,25.96,8,10.384,218.064,3/10/2019,3:00,Cash,207.68,4.761904762,10.384,6.5
502-38-8041,C,Naypyitaw,Normal,Female,Fashion accessories,34.1,1,1.705,35.805,3/10/2019,3:00,Ewallet,34.1,4.761904762,1.705,9.1
155-88-2126,B,Mandalay,Normal,Female,Health and beauty,96.07,2,9.607,201.747,3/10/2019,4:00,Cash,192.14,4.761904762,9.607,7
383-74-9708,A,Yangon,Normal,Female,Electronic accessories,108.6,4,21.72,456.12,3/10/2019,4:00,Ewallet,434.4,4.761904762,21.72,6.3
717-31-9052,B,Mandalay,Normal,Male,Home and lifestyle,10.07,2,1.007,21.147,3/10/2019,4:00,Cash,20.14,4.761904762,1.007,4
711-22-2856,B,Mandalay,Member,Male,Food and beverages,53.45,9,24.0525,505.1025,3/10/2019,4:00,Credit card,481.05,4.761904762,24.0525,7.7
499-95-9511,B,Mandalay,Member,Male,Food and beverages,62.92,10,31.46,660.66,3/10/2019,6:00,Credit card,629.2,4.761904762,31.46,8.2
131-89-3098,A,Yangon,Member,Female,Sports and travel,68.32,8,27.328,573.888,3/10/2019,7:00,Cash,546.56,4.761904762,27.328,4.4
178-67-1173,C,Naypyitaw,Normal,Male,Food and beverages,14.68,8,5.872,123.312,3/10/2019,11:00,Ewallet,117.44,4.761904762,5.872,6.9
717-72-7219,B,Mandalay,Member,Male,Health and beauty,32.32,4,6.464,135.744,3/10/2019,13:00,Ewallet,129.28,4.761904762,6.464,7.3
415-74-8540,A,Yangon,Normal,Female,Food and beverages,27.44,5,6.86,144.06,3/10/2019,14:00,Cash,137.2,4.761904762,6.86,8.4
180-64-2778,B,Mandalay,Member,Female,Sports and travel,88.22,4,17.644,370.524,3/10/2019,14:00,Ewallet,352.88,4.761904762,17.644,5.9
796-80-7997,B,Mandalay,Normal,Male,Fashion accessories,48.66,9,21.897,459.837,3/10/2019,16:00,Cash,437.94,4.761904762,21.897,5.7
765-21-1045,C,Naypyitaw,Normal,Female,Home and lifestyle,53.33,2,5.333,111.993,3/10/2019,17:00,Ewallet,106.66,4.761904762,5.333,6.3
146-88-8053,C,Naypyitaw,Normal,Female,Home and lifestyle,93.21,8,37.284,782.964,3/10/2019,22:00,Credit card,745.68,4.761904762,37.284,8.9
229-81-3924,C,Naypyitaw,Normal,Female,Food and beverages,56.7,2,5.67,119.07,3/11/2019,2:00,Cash,113.4,4.761904762,5.67,8.6
730-79-5964,A,Yangon,Normal,Female,Electronic accessories,107.98,1,5.399,113.379,3/11/2019,5:00,Ewallet,107.98,4.761904762,5.399,7
604-42-4071,B,Mandalay,Normal,Male,Home and lifestyle,50.63,10,25.315,531.615,3/11/2019,7:00,Credit card,506.3,4.761904762,25.315,8.5
873-46-6773,B,Mandalay,Normal,Female,Fashion accessories,22.14,3,3.321,69.741,3/11/2019,7:00,Ewallet,66.42,4.761904762,3.321,4
648-17-4404,A,Yangon,Normal,Male,Food and beverages,78.85,9,35.4825,745.1325,3/11/2019,8:00,Ewallet,709.65,4.761904762,35.4825,8.2
496-49-1106,A,Yangon,Normal,Male,Sports and travel,53.36,3,8.004,168.084,3/11/2019,12:00,Cash,160.08,4.761904762,8.004,5.3
959-67-4154,C,Naypyitaw,Member,Male,Fashion accessories,24.86,9,11.187,234.927,3/11/2019,12:00,Cash,223.74,4.761904762,11.187,9.7
387-95-5801,A,Yangon,Member,Male,Food and beverages,31.37,7,10.9795,230.5695,3/11/2019,13:00,Credit card,219.59,4.761904762,10.9795,5.4
560-96-6400,B,Mandalay,Normal,Female,Fashion accessories,13.79,10,6.895,144.795,3/11/2019,17:00,Ewallet,137.9,4.761904762,6.895,5.7
831-67-5289,A,Yangon,Member,Female,Home and lifestyle,51.68,1,2.584,54.264,3/11/2019,20:00,Cash,51.68,4.761904762,2.584,7.8
257-90-7247,A,Yangon,Member,Female,Sports and travel,90.23,10,45.115,947.415,3/11/2019,22:00,Ewallet,902.3,4.761904762,45.115,8
133-95-3372,A,Yangon,Normal,Male,Food and beverages,79.13,5,19.7825,415.4325,3/11/2019,23:00,Ewallet,395.65,4.761904762,19.7825,6.3
907-60-9783,C,Naypyitaw,Normal,Male,Health and beauty,102.3,9,46.035,966.735,3/12/2019,0:00,Credit card,920.7,4.761904762,46.035,7.6
240-40-9102,C,Naypyitaw,Normal,Male,Sports and travel,22.21,3,3.3315,69.9615,3/12/2019,2:00,Credit card,66.63,4.761904762,3.3315,7.7
162-57-6206,C,Naypyitaw,Member,Female,Health and beauty,48.4,9,21.78,457.38,3/12/2019,2:00,Ewallet,435.6,4.761904762,21.78,7.6
403-70-1333,B,Mandalay,Member,Male,Fashion accessories,11.88,5,2.97,62.37,3/12/2019,2:00,Cash,59.4,4.761904762,2.97,6.4
885-36-3331,A,Yangon,Member,Female,Electronic accessories,103.33,9,46.4985,976.4685,3/12/2019,3:00,Ewallet,929.97,4.761904762,46.4985,7.8
565-89-4763,B,Mandalay,Member,Female,Sports and travel,44.03,10,22.015,462.315,3/12/2019,3:00,Credit card,440.3,4.761904762,22.015,9.1
883-86-1732,B,Mandalay,Member,Female,Fashion accessories,62.86,6,18.858,396.018,3/12/2019,5:00,Ewallet,377.16,4.761904762,18.858,5.2
893-37-2384,C,Naypyitaw,Member,Female,Health and beauty,80.99,9,36.4455,765.3555,3/12/2019,6:00,Ewallet,728.91,4.761904762,36.4455,5.7
176-45-8176,A,Yangon,Normal,Male,Home and lifestyle,48.26,7,16.891,354.711,3/12/2019,7:00,Cash,337.82,4.761904762,16.891,7
274-87-6707,B,Mandalay,Normal,Female,Home and lifestyle,37.27,7,13.0445,273.9345,3/12/2019,7:00,Cash,260.89,4.761904762,13.0445,5.4
344-66-1997,A,Yangon,Member,Male,Electronic accessories,114.77,8,45.908,964.068,3/12/2019,12:00,Cash,918.16,4.761904762,45.908,4.3
861-66-3357,A,Yangon,Member,Female,Sports and travel,100.63,7,35.2205,739.6305,3/12/2019,13:00,Ewallet,704.41,4.761904762,35.2205,8.6
471-25-6715,C,Naypyitaw,Member,Male,Sports and travel,37.55,9,16.8975,354.8475,3/12/2019,13:00,Ewallet,337.95,4.761904762,16.8975,4
155-32-8440,B,Mandalay,Member,Male,Sports and travel,55.32,9,24.894,522.774,3/12/2019,15:00,Cash,497.88,4.761904762,24.894,6.4
563-47-4527,B,Mandalay,Normal,Female,Fashion accessories,91.75,6,27.525,578.025,3/12/2019,16:00,Ewallet,550.5,4.761904762,27.525,8.1
769-67-5090,B,Mandalay,Member,Female,Electronic accessories,12.52,7,4.382,92.022,3/12/2019,18:00,Credit card,87.64,4.761904762,4.382,7.4
114-57-4743,B,Mandalay,Member,Female,Sports and travel,49.07,2,4.907,103.047,3/12/2019,19:00,Ewallet,98.14,4.761904762,4.907,6.4
304-94-8008,C,Naypyitaw,Member,Male,Fashion accessories,17.99,9,8.0955,170.0055,3/12/2019,20:00,Cash,161.91,4.761904762,8.0955,5.4
352-66-4257,C,Naypyitaw,Member,Female,Home and lifestyle,55.32,1,2.766,58.086,3/12/2019,21:00,Credit card,55.32,4.761904762,2.766,7.5
958-25-3401,C,Naypyitaw,Normal,Female,Health and beauty,13.42,1,0.671,14.091,3/13/2019,0:00,Ewallet,13.42,4.761904762,0.671,5.5
722-10-6672,C,Naypyitaw,Normal,Male,Fashion accessories,43.9,3,6.585,138.285,3/13/2019,1:00,Cash,131.7,4.761904762,6.585,7.4
659-40-6280,A,Yangon,Normal,Female,Home and lifestyle,29.64,6,8.892,186.732,3/13/2019,3:00,Credit card,177.84,4.761904762,8.892,7.2
260-91-6270,C,Naypyitaw,Member,Male,Home and lifestyle,57.46,5,14.365,301.665,3/13/2019,4:00,Ewallet,287.3,4.761904762,14.365,7.2
543-96-8897,B,Mandalay,Normal,Female,Health and beauty,108.5,2,10.85,227.85,3/13/2019,11:00,Credit card,217,4.761904762,10.85,6
129-98-9271,A,Yangon,Normal,Male,Home and lifestyle,81.25,9,36.5625,767.8125,3/13/2019,11:00,Cash,731.25,4.761904762,36.5625,10
138-54-1589,C,Naypyitaw,Normal,Male,Electronic accessories,102.31,10,51.155,1074.255,3/13/2019,15:00,Ewallet,1023.1,4.761904762,51.155,7.5
436-21-2884,A,Yangon,Member,Female,Health and beauty,73.19,4,14.638,307.398,3/13/2019,18:00,Cash,292.76,4.761904762,14.638,6.6
899-65-6399,C,Naypyitaw,Member,Male,Home and lifestyle,13.7,4,2.74,57.54,3/13/2019,20:00,Ewallet,54.8,4.761904762,2.74,7.4
215-22-9503,B,Mandalay,Normal,Female,Food and beverages,24.14,5,6.035,126.735,3/14/2019,5:00,Credit card,120.7,4.761904762,6.035,5.8
152-77-7837,B,Mandalay,Normal,Female,Fashion accessories,87.71,8,35.084,736.764,3/14/2019,5:00,Credit card,701.68,4.761904762,35.084,6.4
133-37-2841,B,Mandalay,Member,Male,Home and lifestyle,42.58,10,21.29,447.09,3/14/2019,6:00,Credit card,425.8,4.761904762,21.29,10
485-35-6298,C,Naypyitaw,Member,Female,Electronic accessories,23.06,4,4.612,96.852,3/14/2019,23:00,Credit card,92.24,4.761904762,4.612,5.8
146-35-8017,B,Mandalay,Member,Male,Sports and travel,76.14,5,19.035,399.735,3/15/2019,1:00,Credit card,380.7,4.761904762,19.035,6.9
703-93-2913,B,Mandalay,Normal,Male,Home and lifestyle,36.65,4,7.33,153.93,3/15/2019,3:00,Cash,146.6,4.761904762,7.33,6.3
301-70-2942,A,Yangon,Member,Male,Sports and travel,35.63,6,10.689,224.469,3/15/2019,5:00,Ewallet,213.78,4.761904762,10.689,5.4
396-61-8890,B,Mandalay,Normal,Male,Food and beverages,84,3,12.6,264.6,3/15/2019,5:00,Cash,252,4.761904762,12.6,7.6
592-91-8066,A,Yangon,Member,Male,Home and lifestyle,86.37,8,34.548,725.508,3/15/2019,5:00,Ewallet,690.96,4.761904762,34.548,7.1
745-83-9983,C,Naypyitaw,Normal,Male,Health and beauty,50.94,6,15.282,320.922,3/15/2019,6:00,Credit card,305.64,4.761904762,15.282,8.4
521-37-4700,B,Mandalay,Normal,Male,Sports and travel,102.1,10,51.05,1072.05,3/15/2019,7:00,Cash,1021,4.761904762,51.05,8.2
592-75-3673,C,Naypyitaw,Member,Male,Food and beverages,57.68,5,14.42,302.82,3/15/2019,7:00,Ewallet,288.4,4.761904762,14.42,8.4
174-83-8082,A,Yangon,Normal,Female,Health and beauty,83.64,2,8.364,175.644,3/15/2019,9:00,Ewallet,167.28,4.761904762,8.364,5.6
158-11-3062,A,Yangon,Member,Female,Health and beauty,14.08,10,7.04,147.84,3/15/2019,16:00,Cash,140.8,4.761904762,7.04,8
330-46-7342,C,Naypyitaw,Normal,Male,Health and beauty,22.9,10,11.45,240.45,3/15/2019,16:00,Cash,229,4.761904762,11.45,8
453-44-5257,A,Yangon,Normal,Female,Health and beauty,72.97,7,25.5395,536.3295,3/15/2019,20:00,Cash,510.79,4.761904762,25.5395,5.5
856-95-3846,A,Yangon,Member,Female,Home and lifestyle,90.01,2,9.001,189.021,3/15/2019,20:00,Cash,180.02,4.761904762,9.001,6.5
994-96-5035,A,Yangon,Normal,Female,Fashion accessories,62.23,1,3.1115,65.3415,3/15/2019,21:00,Cash,62.23,4.761904762,3.1115,4.8
891-93-5443,C,Naypyitaw,Normal,Female,Home and lifestyle,21.93,7,7.6755,161.1855,3/15/2019,22:00,Cash,153.51,4.761904762,7.6755,8
793-48-1912,C,Naypyitaw,Member,Female,Home and lifestyle,20.3,5,5.075,106.575,3/16/2019,5:00,Ewallet,101.5,4.761904762,5.075,8
246-57-9866,B,Mandalay,Normal,Female,Food and beverages,72.36,1,3.618,75.978,3/16/2019,5:00,Ewallet,72.36,4.761904762,3.618,9.1
515-56-6613,A,Yangon,Normal,Male,Food and beverages,19.04,4,3.808,79.968,3/16/2019,6:00,Cash,76.16,4.761904762,3.808,6.7
658-73-9877,B,Mandalay,Normal,Female,Fashion accessories,53.48,4,10.696,224.616,3/16/2019,9:00,Cash,213.92,4.761904762,10.696,7.7
202-44-8824,C,Naypyitaw,Member,Female,Food and beverages,11.3,10,5.65,118.65,3/16/2019,9:00,Ewallet,113,4.761904762,5.65,8.5
141-38-1965,B,Mandalay,Member,Female,Electronic accessories,20.62,7,7.217,151.557,3/16/2019,11:00,Cash,144.34,4.761904762,7.217,5.9
991-26-7096,A,Yangon,Member,Female,Fashion accessories,66.35,9,29.8575,627.0075,3/16/2019,14:00,Ewallet,597.15,4.761904762,29.8575,5.6
113-33-9120,A,Yangon,Normal,Male,Food and beverages,60.64,2,6.064,127.344,3/16/2019,16:00,Cash,121.28,4.761904762,6.064,5.9
917-66-2508,A,Yangon,Member,Male,Fashion accessories,38.37,1,1.9185,40.2885,3/16/2019,16:00,Cash,38.37,4.761904762,1.9185,6.5
288-48-1863,B,Mandalay,Normal,Male,Home and lifestyle,29.19,2,2.919,61.299,3/16/2019,18:00,Cash,58.38,4.761904762,2.919,5.7
647-46-4055,C,Naypyitaw,Member,Male,Home and lifestyle,82.42,7,28.847,605.787,3/16/2019,20:00,Credit card,576.94,4.761904762,28.847,6
113-36-3682,A,Yangon,Normal,Female,Fashion accessories,27.85,10,13.925,292.425,3/16/2019,23:00,Ewallet,278.5,4.761904762,13.925,8.3
694-40-6448,A,Yangon,Member,Male,Electronic accessories,69.89,6,20.967,440.307,3/17/2019,2:00,Credit card,419.34,4.761904762,20.967,6.9
713-90-8723,A,Yangon,Member,Male,Electronic accessories,115.4,4,23.08,484.68,3/17/2019,2:00,Cash,461.6,4.761904762,23.08,7.5
679-57-8189,C,Naypyitaw,Member,Male,Fashion accessories,22,1,1.1,23.1,3/17/2019,6:00,Cash,22,4.761904762,1.1,6.2
231-90-6386,A,Yangon,Member,Male,Food and beverages,79.68,1,3.984,83.664,3/17/2019,10:00,Cash,79.68,4.761904762,3.984,6.1
898-20-9759,C,Naypyitaw,Normal,Female,Sports and travel,27.59,5,6.8975,144.8475,3/17/2019,10:00,Cash,137.95,4.761904762,6.8975,7.4
137-30-9585,B,Mandalay,Normal,Male,Electronic accessories,72.6,1,3.63,76.23,3/17/2019,10:00,Cash,72.6,4.761904762,3.63,7.2
509-17-4515,B,Mandalay,Normal,Female,Health and beauty,47.9,7,16.765,352.065,3/17/2019,16:00,Cash,335.3,4.761904762,16.765,8.2
427-43-6882,A,Yangon,Normal,Male,Home and lifestyle,95.88,1,4.794,100.674,3/17/2019,19:00,Ewallet,95.88,4.761904762,4.794,9
610-25-9552,A,Yangon,Normal,Female,Fashion accessories,32.63,1,1.6315,34.2615,3/17/2019,19:00,Ewallet,32.63,4.761904762,1.6315,6
698-85-5314,B,Mandalay,Normal,Female,Health and beauty,50.13,2,5.013,105.273,3/17/2019,21:00,Cash,100.26,4.761904762,5.013,8.3
505-36-9772,C,Naypyitaw,Normal,Male,Fashion accessories,92.6,10,46.3,972.3,3/17/2019,23:00,Ewallet,926,4.761904762,46.3,5.4
708-93-8453,B,Mandalay,Normal,Male,Home and lifestyle,57.75,3,8.6625,181.9125,3/17/2019,23:00,Cash,173.25,4.761904762,8.6625,10
848-17-3853,B,Mandalay,Member,Male,Home and lifestyle,54.73,1,2.7365,57.4665,3/17/2019,23:00,Ewallet,54.73,4.761904762,2.7365,5.8
288-90-3155,A,Yangon,Normal,Male,Electronic accessories,39.53,9,17.7885,373.5585,3/18/2019,0:00,Credit card,355.77,4.761904762,17.7885,8
420-76-7829,C,Naypyitaw,Member,Female,Electronic accessories,86.9,10,43.45,912.45,3/18/2019,3:00,Credit card,869,4.761904762,43.45,5.4
445-81-9746,C,Naypyitaw,Normal,Female,Health and beauty,12.41,8,4.964,104.244,3/18/2019,4:00,Credit card,99.28,4.761904762,4.964,6.8
798-55-9391,A,Yangon,Normal,Male,Fashion accessories,13.69,5,3.4225,71.8725,3/18/2019,10:00,Cash,68.45,4.761904762,3.4225,9.3
992-44-8899,C,Naypyitaw,Member,Male,Home and lifestyle,63.34,2,6.334,133.014,3/18/2019,12:00,Credit card,126.68,4.761904762,6.334,5.8
406-13-2656,B,Mandalay,Member,Female,Health and beauty,44.45,5,11.1125,233.3625,3/18/2019,14:00,Credit card,222.25,4.761904762,11.1125,10
947-86-7611,B,Mandalay,Normal,Male,Sports and travel,99.59,6,29.877,627.417,3/18/2019,17:00,Cash,597.54,4.761904762,29.877,7
278-14-2764,C,Naypyitaw,Normal,Female,Health and beauty,99.42,1,4.971,104.391,3/18/2019,19:00,Ewallet,99.42,4.761904762,4.971,8.5
375-33-8331,C,Naypyitaw,Member,Male,Food and beverages,62.49,4,12.498,262.458,3/18/2019,21:00,Credit card,249.96,4.761904762,12.498,7.6
389-63-6025,B,Mandalay,Normal,Female,Health and beauty,91.09,9,40.9905,860.8005,3/19/2019,0:00,Cash,819.81,4.761904762,40.9905,7.7
488-98-4835,A,Yangon,Normal,Female,Food and beverages,58.98,2,5.898,123.858,3/19/2019,3:00,Cash,117.96,4.761904762,5.898,4.9
282-62-1071,A,Yangon,Member,Female,Food and beverages,18,5,4.5,94.5,3/19/2019,4:00,Ewallet,90,4.761904762,4.5,6.3
318-88-8340,C,Naypyitaw,Normal,Female,Food and beverages,66.41,1,3.3205,69.7305,3/19/2019,5:00,Ewallet,66.41,4.761904762,3.3205,8.8
752-25-8635,A,Yangon,Normal,Female,Sports and travel,30.15,4,6.03,126.63,3/19/2019,5:00,Credit card,120.6,4.761904762,6.03,6.5
368-29-4042,B,Mandalay,Member,Male,Health and beauty,42.67,4,8.534,179.214,3/19/2019,6:00,Cash,170.68,4.761904762,8.534,7.2
914-28-8332,B,Mandalay,Normal,Female,Health and beauty,91.2,6,27.36,574.56,3/19/2019,7:00,Ewallet,547.2,4.761904762,27.36,4.7
989-63-7661,B,Mandalay,Normal,Male,Sports and travel,60.64,10,30.32,636.72,3/19/2019,8:00,Ewallet,606.4,4.761904762,30.32,6.2
113-13-2877,B,Mandalay,Member,Female,Home and lifestyle,86.53,9,38.9385,817.7085,3/19/2019,9:00,Cash,778.77,4.761904762,38.9385,8.7
854-64-7886,C,Naypyitaw,Member,Female,Electronic accessories,34.75,3,5.2125,109.4625,3/19/2019,10:00,Cash,104.25,4.761904762,5.2125,5.1
839-43-1794,A,Yangon,Member,Male,Health and beauty,70.5,9,31.725,666.225,3/19/2019,15:00,Ewallet,634.5,4.761904762,31.725,8.1
362-12-5014,A,Yangon,Normal,Male,Electronic accessories,20.95,6,6.285,131.985,3/19/2019,15:00,Credit card,125.7,4.761904762,6.285,7.3
324-11-6353,A,Yangon,Normal,Male,Fashion accessories,63.87,7,22.3545,469.4445,3/19/2019,15:00,Ewallet,447.09,4.761904762,22.3545,6.6
435-34-1974,C,Naypyitaw,Normal,Male,Fashion accessories,73.98,10,36.99,776.79,3/19/2019,17:00,Cash,739.8,4.761904762,36.99,6.6
123-24-5237,B,Mandalay,Normal,Female,Sports and travel,65.16,2,6.516,136.836,3/19/2019,17:00,Cash,130.32,4.761904762,6.516,6.3
793-87-8248,A,Yangon,Normal,Male,Fashion accessories,32.01,10,16.005,336.105,3/19/2019,22:00,Ewallet,320.1,4.761904762,16.005,6.4
373-29-9050,C,Naypyitaw,Member,Female,Fashion accessories,12.15,6,3.645,76.545,3/20/2019,3:00,Credit card,72.9,4.761904762,3.645,8.4
564-89-6415,C,Naypyitaw,Member,Male,Home and lifestyle,20.63,6,6.189,129.969,3/20/2019,7:00,Credit card,123.78,4.761904762,6.189,6.4
138-61-1287,C,Naypyitaw,Member,Male,Home and lifestyle,65.38,2,6.538,137.298,3/20/2019,9:00,Credit card,130.76,4.761904762,6.538,9.7
223-82-8450,C,Naypyitaw,Member,Female,Home and lifestyle,93.16,2,9.316,195.636,3/20/2019,9:00,Ewallet,186.32,4.761904762,9.316,7.4
977-61-2120,A,Yangon,Normal,Female,Fashion accessories,26.96,2,2.696,56.616,3/20/2019,12:00,Ewallet,53.92,4.761904762,2.696,6.1
290-83-1446,C,Naypyitaw,Normal,Male,Sports and travel,79.19,10,39.595,831.495,3/20/2019,15:00,Ewallet,791.9,4.761904762,39.595,8.5
884-58-7627,B,Mandalay,Member,Female,Food and beverages,74.04,1,3.702,77.742,3/20/2019,16:00,Cash,74.04,4.761904762,3.702,7.9
948-91-3163,C,Naypyitaw,Normal,Female,Food and beverages,47.91,5,11.9775,251.5275,3/20/2019,18:00,Credit card,239.55,4.761904762,11.9775,4.5
634-81-4980,C,Naypyitaw,Normal,Female,Electronic accessories,83.47,8,33.388,701.148,3/20/2019,18:00,Credit card,667.76,4.761904762,33.388,5.4
506-66-2725,C,Naypyitaw,Member,Female,Food and beverages,70.16,2,7.016,147.336,3/20/2019,18:00,Credit card,140.32,4.761904762,7.016,6.8
793-29-4413,B,Mandalay,Member,Female,Food and beverages,28.22,5,7.055,148.155,3/20/2019,20:00,Credit card,141.1,4.761904762,7.055,4.6
594-61-1022,A,Yangon,Member,Female,Home and lifestyle,36.42,8,14.568,305.928,3/20/2019,21:00,Credit card,291.36,4.761904762,14.568,10
204-44-1557,B,Mandalay,Member,Female,Home and lifestyle,10.06,10,5.03,105.63,3/20/2019,23:00,Ewallet,100.6,4.761904762,5.03,8.2
692-54-4730,C,Naypyitaw,Normal,Female,Fashion accessories,90.93,5,22.7325,477.3825,3/20/2019,23:00,Ewallet,454.65,4.761904762,22.7325,7
321-96-8182,C,Naypyitaw,Member,Male,Electronic accessories,109.99,2,10.999,230.979,3/21/2019,3:00,Credit card,219.98,4.761904762,10.999,6.5
990-87-6441,A,Yangon,Member,Female,Health and beauty,85.86,3,12.879,270.459,3/21/2019,4:00,Ewallet,257.58,4.761904762,12.879,6.1
906-27-9645,A,Yangon,Normal,Male,Electronic accessories,20.45,6,6.135,128.835,3/21/2019,5:00,Ewallet,122.7,4.761904762,6.135,4.1
542-41-3324,A,Yangon,Normal,Female,Electronic accessories,59.8,5,14.95,313.95,3/21/2019,5:00,Cash,299,4.761904762,14.95,4.4
523-36-6984,C,Naypyitaw,Member,Female,Sports and travel,20.02,4,4.004,84.084,3/21/2019,7:00,Credit card,80.08,4.761904762,4.004,9.9
563-48-1362,C,Naypyitaw,Member,Female,Fashion accessories,10.85,4,2.17,45.57,3/21/2019,10:00,Ewallet,43.4,4.761904762,2.17,9.4
482-22-4255,A,Yangon,Member,Female,Sports and travel,68.08,5,17.02,357.42,3/21/2019,10:00,Credit card,340.4,4.761904762,17.02,6.1
293-87-6349,B,Mandalay,Member,Male,Electronic accessories,114.61,2,11.461,240.681,3/21/2019,10:00,Credit card,229.22,4.761904762,11.461,8.4
588-37-8750,C,Naypyitaw,Member,Male,Electronic accessories,108.43,9,48.7935,1024.6635,3/21/2019,12:00,Cash,975.87,4.761904762,48.7935,7.8
821-73-9035,C,Naypyitaw,Normal,Female,Electronic accessories,86.41,2,8.641,181.461,3/21/2019,21:00,Ewallet,172.82,4.761904762,8.641,7.9
140-13-1925,B,Mandalay,Member,Male,Food and beverages,15.81,10,7.905,166.005,3/21/2019,23:00,Ewallet,158.1,4.761904762,7.905,4.9
955-93-7583,B,Mandalay,Member,Female,Sports and travel,36.12,2,3.612,75.852,3/21/2019,23:00,Credit card,72.24,4.761904762,3.612,4.3
770-97-1985,B,Mandalay,Normal,Female,Electronic accessories,46.19,10,23.095,484.995,3/22/2019,0:00,Credit card,461.9,4.761904762,23.095,8.8
944-63-5231,A,Yangon,Member,Male,Home and lifestyle,77.92,9,35.064,736.344,3/22/2019,0:00,Credit card,701.28,4.761904762,35.064,4
282-78-6291,B,Mandalay,Member,Male,Fashion accessories,77.33,3,11.5995,243.5895,3/22/2019,3:00,Cash,231.99,4.761904762,11.5995,6.8
960-29-6051,C,Naypyitaw,Member,Female,Fashion accessories,42.06,10,21.03,441.63,3/22/2019,8:00,Ewallet,420.6,4.761904762,21.03,6.4
789-36-2331,C,Naypyitaw,Normal,Female,Home and lifestyle,47.19,7,16.5165,346.8465,3/22/2019,10:00,Ewallet,330.33,4.761904762,16.5165,6.3
807-30-2806,B,Mandalay,Member,Male,Fashion accessories,13.26,4,2.652,55.692,3/22/2019,11:00,Credit card,53.04,4.761904762,2.652,7.5
152-47-5147,C,Naypyitaw,Normal,Female,Food and beverages,30.37,6,9.111,191.331,3/22/2019,11:00,Ewallet,182.22,4.761904762,9.111,6
827-81-1027,A,Yangon,Normal,Male,Food and beverages,42.64,4,8.528,179.088,3/22/2019,12:00,Ewallet,170.56,4.761904762,8.528,7.6
568-25-9955,B,Mandalay,Member,Female,Health and beauty,22.45,10,11.225,235.725,3/22/2019,14:00,Cash,224.5,4.761904762,11.225,7.2
985-25-7690,A,Yangon,Normal,Female,Health and beauty,55.37,7,19.3795,406.9695,3/22/2019,15:00,Ewallet,387.59,4.761904762,19.3795,10
500-82-4832,A,Yangon,Member,Male,Health and beauty,94.52,1,4.726,99.246,3/22/2019,19:00,Ewallet,94.52,4.761904762,4.726,4.9
710-61-1559,C,Naypyitaw,Member,Male,Fashion accessories,58.65,3,8.7975,184.7475,3/22/2019,22:00,Cash,175.95,4.761904762,8.7975,7
889-58-6171,C,Naypyitaw,Normal,Male,Food and beverages,14.47,3,2.1705,45.5805,3/22/2019,23:00,Ewallet,43.41,4.761904762,2.1705,7.6
178-10-5929,A,Yangon,Normal,Female,Food and beverages,23,1,1.15,24.15,3/23/2019,0:00,Ewallet,23,4.761904762,1.15,6.6
675-17-8381,B,Mandalay,Normal,Female,Food and beverages,44.4,6,13.32,279.72,3/23/2019,2:00,Credit card,266.4,4.761904762,13.32,5
124-75-7911,C,Naypyitaw,Member,Female,Home and lifestyle,42.17,9,18.9765,398.5065,3/23/2019,11:00,Credit card,379.53,4.761904762,18.9765,8.9
854-82-2484,A,Yangon,Member,Female,Food and beverages,35.64,8,14.256,299.376,3/23/2019,11:00,Ewallet,285.12,4.761904762,14.256,7.5
297-88-2550,B,Mandalay,Normal,Male,Home and lifestyle,57.1,7,19.985,419.685,3/23/2019,11:00,Credit card,399.7,4.761904762,19.985,5.1
789-80-6497,C,Naypyitaw,Member,Female,Health and beauty,68.21,10,34.105,716.205,3/23/2019,14:00,Cash,682.1,4.761904762,34.105,7.7
686-47-4751,B,Mandalay,Member,Female,Health and beauty,89.01,8,35.604,747.684,3/23/2019,15:00,Cash,712.08,4.761904762,35.604,9.6
726-48-7601,A,Yangon,Member,Female,Fashion accessories,38.33,6,11.499,241.479,3/24/2019,0:00,Credit card,229.98,4.761904762,11.499,6.9
463-26-7182,B,Mandalay,Member,Male,Health and beauty,89.86,9,40.437,849.177,3/24/2019,1:00,Credit card,808.74,4.761904762,40.437,7
902-60-3094,C,Naypyitaw,Normal,Female,Fashion accessories,38.13,3,5.7195,120.1095,3/24/2019,1:00,Credit card,114.39,4.761904762,5.7195,9.4
135-73-7238,B,Mandalay,Member,Female,Electronic accessories,17.92,10,8.96,188.16,3/24/2019,1:00,Ewallet,179.2,4.761904762,8.96,5.5
460-22-9559,A,Yangon,Normal,Male,Electronic accessories,71.18,10,35.59,747.39,3/24/2019,2:00,Ewallet,711.8,4.761904762,35.59,9.6
164-17-3035,C,Naypyitaw,Member,Female,Sports and travel,65.44,9,29.448,618.408,3/24/2019,6:00,Credit card,588.96,4.761904762,29.448,8.5
915-94-6674,A,Yangon,Normal,Female,Fashion accessories,88.51,4,17.702,371.742,3/24/2019,7:00,Cash,354.04,4.761904762,17.702,5.6
855-62-6620,C,Naypyitaw,Member,Male,Sports and travel,78.35,7,27.4225,575.8725,3/24/2019,8:00,Ewallet,548.45,4.761904762,27.4225,6
696-36-4606,A,Yangon,Member,Female,Sports and travel,96.26,9,43.317,909.657,3/24/2019,13:00,Credit card,866.34,4.761904762,43.317,6.2
726-59-4506,C,Naypyitaw,Member,Female,Electronic accessories,109.01,2,10.901,228.921,3/24/2019,13:00,Credit card,218.02,4.761904762,10.901,4.2
910-60-8529,B,Mandalay,Member,Female,Fashion accessories,60.62,2,6.062,127.302,3/24/2019,14:00,Credit card,121.24,4.761904762,6.062,7.4
211-78-8336,A,Yangon,Normal,Male,Electronic accessories,68.36,9,30.762,646.002,3/24/2019,16:00,Ewallet,615.24,4.761904762,30.762,5.7
683-20-6967,A,Yangon,Normal,Female,Sports and travel,62.59,3,9.3885,197.1585,3/24/2019,18:00,Credit card,187.77,4.761904762,9.3885,7.4
330-97-5348,A,Yangon,Normal,Female,Fashion accessories,92.22,9,41.499,871.479,3/24/2019,21:00,Ewallet,829.98,4.761904762,41.499,5.1
535-32-6422,C,Naypyitaw,Member,Male,Sports and travel,82.75,5,20.6875,434.4375,3/24/2019,22:00,Ewallet,413.75,4.761904762,20.6875,8.4
171-16-6196,C,Naypyitaw,Member,Male,Food and beverages,16.54,6,4.962,104.202,3/25/2019,2:00,Cash,99.24,4.761904762,4.962,8.1
161-96-2180,B,Mandalay,Member,Female,Fashion accessories,75.32,2,7.532,158.172,3/25/2019,2:00,Ewallet,150.64,4.761904762,7.532,5.9
905-93-5636,B,Mandalay,Normal,Female,Fashion accessories,23.92,8,9.568,200.928,3/25/2019,4:00,Ewallet,191.36,4.761904762,9.568,7.5
725-88-8702,C,Naypyitaw,Normal,Female,Sports and travel,52.3,9,23.535,494.235,3/25/2019,5:00,Cash,470.7,4.761904762,23.535,7.1
205-12-5087,C,Naypyitaw,Normal,Female,Food and beverages,24.42,2,2.442,51.282,3/25/2019,6:00,Ewallet,48.84,4.761904762,2.442,9.2
784-17-4925,B,Mandalay,Member,Male,Home and lifestyle,71.37,6,21.411,449.631,3/25/2019,8:00,Ewallet,428.22,4.761904762,21.411,5.5
984-38-3049,B,Mandalay,Normal,Female,Electronic accessories,105.7,6,31.71,665.91,3/25/2019,9:00,Ewallet,634.2,4.761904762,31.71,6.8
332-59-9172,B,Mandalay,Member,Male,Sports and travel,37.63,8,15.052,316.092,3/25/2019,14:00,Cash,301.04,4.761904762,15.052,6
932-29-4796,C,Naypyitaw,Normal,Male,Fashion accessories,16.43,10,8.215,172.515,3/25/2019,14:00,Cash,164.3,4.761904762,8.215,7.1
392-81-7266,A,Yangon,Normal,Female,Electronic accessories,43.88,5,10.97,230.37,3/25/2019,15:00,Credit card,219.4,4.761904762,10.97,7.8
326-15-5860,B,Mandalay,Normal,Female,Electronic accessories,83.81,9,37.7145,792.0045,3/26/2019,1:00,Credit card,754.29,4.761904762,37.7145,6
757-74-8962,B,Mandalay,Normal,Male,Electronic accessories,47.11,1,2.3555,49.4655,3/26/2019,5:00,Cash,47.11,4.761904762,2.3555,6.5
490-53-7761,C,Naypyitaw,Member,Male,Home and lifestyle,34.75,9,15.6375,328.3875,3/26/2019,10:00,Credit card,312.75,4.761904762,15.6375,8.4
911-45-5754,A,Yangon,Normal,Female,Health and beauty,29.05,10,14.525,305.025,3/26/2019,11:00,Ewallet,290.5,4.761904762,14.525,9
361-34-6278,B,Mandalay,Member,Male,Sports and travel,56.99,7,19.9465,418.8765,3/26/2019,19:00,Ewallet,398.93,4.761904762,19.9465,7.7
364-93-2225,B,Mandalay,Normal,Female,Health and beauty,38.02,4,7.604,159.684,3/26/2019,20:00,Credit card,152.08,4.761904762,7.604,6.8
254-22-1895,B,Mandalay,Member,Female,Health and beauty,82.57,3,12.3855,260.0955,3/26/2019,22:00,Cash,247.71,4.761904762,12.3855,6.7
933-94-6088,A,Yangon,Member,Male,Health and beauty,18.5,10,9.25,194.25,3/26/2019,22:00,Credit card,185,4.761904762,9.25,7.8
891-53-2385,B,Mandalay,Normal,Male,Electronic accessories,82.92,6,24.876,522.396,3/26/2019,23:00,Cash,497.52,4.761904762,24.876,7.3
453-69-3433,B,Mandalay,Normal,Female,Food and beverages,26.47,1,1.3235,27.7935,3/27/2019,0:00,Credit card,26.47,4.761904762,1.3235,4.5
858-65-2301,B,Mandalay,Normal,Male,Electronic accessories,64.26,3,9.639,202.419,3/27/2019,1:00,Cash,192.78,4.761904762,9.639,7.9
849-84-9950,B,Mandalay,Member,Female,Electronic accessories,42.55,2,4.255,89.355,3/27/2019,7:00,Cash,85.1,4.761904762,4.255,5.7
846-90-6644,C,Naypyitaw,Normal,Female,Fashion accessories,70.61,9,31.7745,667.2645,3/27/2019,8:00,Cash,635.49,4.761904762,31.7745,4.9
938-25-6088,C,Naypyitaw,Member,Female,Fashion accessories,89.42,3,13.413,281.673,3/27/2019,8:00,Credit card,268.26,4.761904762,13.413,4.5
144-74-8493,A,Yangon,Normal,Male,Health and beauty,100.78,2,10.078,211.638,3/27/2019,9:00,Cash,201.56,4.761904762,10.078,6.7
247-72-5708,C,Naypyitaw,Member,Female,Electronic accessories,74.3,4,14.86,312.06,3/27/2019,11:00,Credit card,297.2,4.761904762,14.86,5.5
204-21-4517,B,Mandalay,Normal,Female,Health and beauty,56.29,2,5.629,118.209,3/27/2019,12:00,Ewallet,112.58,4.761904762,5.629,4
705-51-5537,A,Yangon,Normal,Female,Fashion accessories,78.69,1,3.9345,82.6245,3/27/2019,14:00,Ewallet,78.69,4.761904762,3.9345,6.5
744-36-2051,A,Yangon,Normal,Female,Food and beverages,60.2,6,18.06,379.26,3/27/2019,15:00,Cash,361.2,4.761904762,18.06,6.3
893-58-8913,A,Yangon,Member,Female,Sports and travel,27.66,10,13.83,290.43,3/27/2019,16:00,Cash,276.6,4.761904762,13.83,6.8
504-10-9539,C,Naypyitaw,Member,Female,Health and beauty,91.37,8,36.548,767.508,3/27/2019,18:00,Credit card,730.96,4.761904762,36.548,6.1
339-67-9014,C,Naypyitaw,Normal,Female,Food and beverages,40.94,10,20.47,429.87,3/27/2019,20:00,Ewallet,409.4,4.761904762,20.47,9.7
794-90-2351,C,Naypyitaw,Member,Female,Sports and travel,28.16,10,14.08,295.68,3/27/2019,21:00,Cash,281.6,4.761904762,14.08,7.8
936-15-8190,B,Mandalay,Normal,Female,Home and lifestyle,35.08,2,3.508,73.668,3/27/2019,22:00,Cash,70.16,4.761904762,3.508,6.3
855-39-3646,B,Mandalay,Member,Female,Health and beauty,37.19,9,16.7355,351.4455,3/27/2019,22:00,Cash,334.71,4.761904762,16.7355,6.9
366-40-8434,A,Yangon,Member,Female,Health and beauty,61.83,3,9.2745,194.7645,3/28/2019,1:00,Credit card,185.49,4.761904762,9.2745,9.1
432-21-3037,A,Yangon,Normal,Male,Home and lifestyle,30.86,8,12.344,259.224,3/28/2019,1:00,Ewallet,246.88,4.761904762,12.344,8.4
549-62-8778,B,Mandalay,Normal,Female,Home and lifestyle,21,8,8.4,176.4,3/28/2019,4:00,Cash,168,4.761904762,8.4,4.9
346-45-2424,A,Yangon,Normal,Female,Health and beauty,23.11,3,3.4665,72.7965,3/28/2019,6:00,Credit card,69.33,4.761904762,3.4665,5.5
127-31-3318,A,Yangon,Normal,Female,Home and lifestyle,61.91,3,9.2865,195.0165,3/28/2019,6:00,Credit card,185.73,4.761904762,9.2865,5.8
835-20-9983,B,Mandalay,Member,Male,Electronic accessories,90.47,6,27.141,569.961,3/28/2019,8:00,Cash,542.82,4.761904762,27.141,6.3
610-76-2309,C,Naypyitaw,Normal,Female,Sports and travel,40.55,1,2.0275,42.5775,3/28/2019,10:00,Cash,40.55,4.761904762,2.0275,6.1
553-75-9702,C,Naypyitaw,Member,Male,Sports and travel,13.73,4,2.746,57.666,3/28/2019,10:00,Ewallet,54.92,4.761904762,2.746,7.1
624-21-2617,C,Naypyitaw,Normal,Female,Sports and travel,22.39,1,1.1195,23.5095,3/28/2019,11:00,Cash,22.39,4.761904762,1.1195,8.1
108-94-2583,B,Mandalay,Normal,Female,Electronic accessories,109.69,3,16.4535,345.5235,3/28/2019,12:00,Credit card,329.07,4.761904762,16.4535,8.4
660-62-7583,B,Mandalay,Member,Male,Home and lifestyle,53.93,9,24.2685,509.6385,3/28/2019,12:00,Cash,485.37,4.761904762,24.2685,6.5
651-33-7176,B,Mandalay,Normal,Female,Food and beverages,42.81,5,10.7025,224.7525,3/28/2019,15:00,Ewallet,214.05,4.761904762,10.7025,4.5
122-86-3613,C,Naypyitaw,Normal,Male,Home and lifestyle,13.39,5,3.3475,70.2975,3/28/2019,17:00,Ewallet,66.95,4.761904762,3.3475,5.4
920-58-9653,A,Yangon,Member,Male,Health and beauty,82.34,4,16.468,345.828,3/28/2019,17:00,Ewallet,329.36,4.761904762,16.468,6.2
689-89-9112,B,Mandalay,Normal,Female,Fashion accessories,54.15,3,8.1225,170.5725,3/28/2019,17:00,Ewallet,162.45,4.761904762,8.1225,5.1
457-69-5454,C,Naypyitaw,Member,Female,Sports and travel,29.39,5,7.3475,154.2975,3/28/2019,18:00,Ewallet,146.95,4.761904762,7.3475,8.7
701-74-4534,B,Mandalay,Member,Female,Home and lifestyle,19.8,4,3.96,83.16,3/28/2019,21:00,Cash,79.2,4.761904762,3.96,5.2
855-30-3525,B,Mandalay,Normal,Female,Food and beverages,37.5,8,15,315,3/29/2019,0:00,Ewallet,300,4.761904762,15,7.9
927-22-3333,B,Mandalay,Normal,Male,Health and beauty,92.96,4,18.592,390.432,3/29/2019,1:00,Ewallet,371.84,4.761904762,18.592,4.5
997-92-9302,A,Yangon,Normal,Male,Electronic accessories,104.41,8,41.764,877.044,3/29/2019,6:00,Cash,835.28,4.761904762,41.764,8
719-34-8181,B,Mandalay,Normal,Female,Electronic accessories,76.38,6,22.914,481.194,3/29/2019,6:00,Ewallet,458.28,4.761904762,22.914,6.8
233-85-4414,A,Yangon,Normal,Male,Food and beverages,63.54,5,15.885,333.585,3/29/2019,6:00,Ewallet,317.7,4.761904762,15.885,9.3
769-39-7457,A,Yangon,Normal,Male,Health and beauty,22.28,4,4.456,93.576,3/29/2019,12:00,Ewallet,89.12,4.761904762,4.456,5.3
705-50-1568,A,Yangon,Member,Female,Sports and travel,65.46,4,13.092,274.932,3/29/2019,13:00,Ewallet,261.84,4.761904762,13.092,6.2
263-73-8664,C,Naypyitaw,Member,Male,Home and lifestyle,69.36,4,13.872,291.312,3/29/2019,17:00,Cash,277.44,4.761904762,13.872,6.4
709-25-8511,A,Yangon,Member,Male,Health and beauty,30.65,9,13.7925,289.6425,3/29/2019,18:00,Ewallet,275.85,4.761904762,13.7925,6.8
177-81-5382,B,Mandalay,Member,Female,Electronic accessories,106,4,21.2,445.2,3/29/2019,21:00,Credit card,424,4.761904762,21.2,6.5
